ADEP,ADES,period,flight_count,delayed_over_15_count,median_arrival_delay_min,scope_id,route,delay_over_15_pct
BIKF,EKCH,2022-03,94,18,2.1667,all_flights,BIKF → EKCH,19.1489
BIKF,EKCH,2022-06,171,58,8.8833,all_flights,BIKF → EKCH,33.9181
BIKF,EKCH,2022-09,140,32,3.0833,all_flights,BIKF → EKCH,22.8571
BIKF,EKCH,2022-12,101,24,5.7833,all_flights,BIKF → EKCH,23.7624
CYUL,LFPG,2022-03,120,92,25.2167,all_flights,CYUL → LFPG,76.6667
CYUL,LFPG,2022-06,182,172,52.3083,all_flights,CYUL → LFPG,94.5055
CYUL,LFPG,2022-09,189,152,39.15,all_flights,CYUL → LFPG,80.4233
CYUL,LFPG,2022-12,156,147,42.5667,all_flights,CYUL → LFPG,94.2308
CYYZ,EGLL,2022-03,108,104,37.275,all_flights,CYYZ → EGLL,96.2963
CYYZ,EGLL,2022-06,131,128,67.3,all_flights,CYYZ → EGLL,97.7099
CYYZ,EGLL,2022-09,129,128,43.4,all_flights,CYYZ → EGLL,99.2248
CYYZ,EGLL,2022-12,153,153,65.0167,all_flights,CYYZ → EGLL,100.0
DAAG,LFPG,2022-03,82,15,5.875,all_flights,DAAG → LFPG,18.2927
DAAG,LFPG,2022-06,172,55,6.9917,all_flights,DAAG → LFPG,31.9767
DAAG,LFPG,2022-09,309,102,9.55,all_flights,DAAG → LFPG,33.0097
DAAG,LFPG,2022-12,312,67,6.25,all_flights,DAAG → LFPG,21.4744
DAAG,LFPO,2022-03,56,12,7.725,all_flights,DAAG → LFPO,21.4286
DAAG,LFPO,2022-06,153,50,8.7167,all_flights,DAAG → LFPO,32.6797
DAAG,LFPO,2022-09,168,62,10.6083,all_flights,DAAG → LFPO,36.9048
DAAG,LFPO,2022-12,251,53,6.9333,all_flights,DAAG → LFPO,21.1155
DTTA,LFPG,2022-03,132,26,8.6,all_flights,DTTA → LFPG,19.697
DTTA,LFPG,2022-06,183,53,8.75,all_flights,DTTA → LFPG,28.9617
DTTA,LFPG,2022-09,164,63,11.9167,all_flights,DTTA → LFPG,38.4146
DTTA,LFPG,2022-12,136,48,10.1333,all_flights,DTTA → LFPG,35.2941
DTTA,LFPO,2022-03,169,54,9.55,all_flights,DTTA → LFPO,31.9527
DTTA,LFPO,2022-06,154,62,12.1083,all_flights,DTTA → LFPO,40.2597
DTTA,LFPO,2022-09,189,69,11.7,all_flights,DTTA → LFPO,36.5079
DTTA,LFPO,2022-12,173,50,9.6167,all_flights,DTTA → LFPO,28.9017
DTTA,LTFM,2022-03,140,24,5.575,all_flights,DTTA → LTFM,17.1429
DTTA,LTFM,2022-06,149,18,4.95,all_flights,DTTA → LTFM,12.0805
DTTA,LTFM,2022-09,157,22,1.5833,all_flights,DTTA → LTFM,14.0127
DTTA,LTFM,2022-12,141,11,0.3833,all_flights,DTTA → LTFM,7.8014
EBBR,EDDF,2022-03,170,2,-11.4333,all_flights,EBBR → EDDF,1.1765
EBBR,EDDF,2022-06,173,3,-11.0,all_flights,EBBR → EDDF,1.7341
EBBR,EDDF,2022-09,193,0,-12.7,all_flights,EBBR → EDDF,0.0
EBBR,EDDF,2022-12,145,2,-11.0333,all_flights,EBBR → EDDF,1.3793
EBBR,EDDM,2022-03,138,1,-3.6833,all_flights,EBBR → EDDM,0.7246
EBBR,EDDM,2022-06,171,11,-1.2667,all_flights,EBBR → EDDM,6.4327
EBBR,EDDM,2022-09,189,9,1.0,all_flights,EBBR → EDDM,4.7619
EBBR,EDDM,2022-12,176,6,-1.7333,all_flights,EBBR → EDDM,3.4091
EBBR,EDDP,2022-03,135,1,-10.7333,all_flights,EBBR → EDDP,0.7407
EBBR,EDDP,2022-06,152,9,-3.7417,all_flights,EBBR → EDDP,5.9211
EBBR,EDDP,2022-09,140,1,-5.7,all_flights,EBBR → EDDP,0.7143
EBBR,EDDP,2022-12,146,9,-4.825,all_flights,EBBR → EDDP,6.1644
EBBR,EGLL,2022-03,158,15,6.075,all_flights,EBBR → EGLL,9.4937
EBBR,EGLL,2022-06,192,39,8.6,all_flights,EBBR → EGLL,20.3125
EBBR,EGLL,2022-09,155,29,8.15,all_flights,EBBR → EGLL,18.7097
EBBR,EGLL,2022-12,213,60,8.6167,all_flights,EBBR → EGLL,28.169
EBBR,EIDW,2022-03,131,5,-1.8,all_flights,EBBR → EIDW,3.8168
EBBR,EIDW,2022-06,127,11,3.4,all_flights,EBBR → EIDW,8.6614
EBBR,EIDW,2022-09,133,5,0.5667,all_flights,EBBR → EIDW,3.7594
EBBR,EIDW,2022-12,129,14,0.2833,all_flights,EBBR → EIDW,10.8527
EBBR,EKCH,2022-03,131,0,-3.1667,all_flights,EBBR → EKCH,0.0
EBBR,EKCH,2022-06,156,6,-2.0083,all_flights,EBBR → EKCH,3.8462
EBBR,EKCH,2022-09,181,5,-1.2667,all_flights,EBBR → EKCH,2.7624
EBBR,EKCH,2022-12,153,4,-8.2667,all_flights,EBBR → EKCH,2.6144
EBBR,LEBL,2022-03,172,3,1.2417,all_flights,EBBR → LEBL,1.7442
EBBR,LEBL,2022-06,212,42,6.0667,all_flights,EBBR → LEBL,19.8113
EBBR,LEBL,2022-09,221,38,4.7167,all_flights,EBBR → LEBL,17.1946
EBBR,LEBL,2022-12,164,11,1.0,all_flights,EBBR → LEBL,6.7073
EBBR,LEMD,2022-03,247,6,0.4667,all_flights,EBBR → LEMD,2.4291
EBBR,LEMD,2022-06,270,53,2.6167,all_flights,EBBR → LEMD,19.6296
EBBR,LEMD,2022-09,281,40,1.4833,all_flights,EBBR → LEMD,14.2349
EBBR,LEMD,2022-12,279,21,1.45,all_flights,EBBR → LEMD,7.5269
EBBR,LIML,2022-03,118,1,-1.9417,all_flights,EBBR → LIML,0.8475
EBBR,LIML,2022-06,142,24,2.8333,all_flights,EBBR → LIML,16.9014
EBBR,LIML,2022-09,155,13,2.1167,all_flights,EBBR → LIML,8.3871
EBBR,LIML,2022-12,139,11,0.4333,all_flights,EBBR → LIML,7.9137
EBBR,LIRF,2022-03,156,2,-8.1917,all_flights,EBBR → LIRF,1.2821
EBBR,LIRF,2022-06,176,25,-0.3917,all_flights,EBBR → LIRF,14.2045
EBBR,LIRF,2022-09,200,14,-7.1333,all_flights,EBBR → LIRF,7.0
EBBR,LIRF,2022-12,146,0,-8.8583,all_flights,EBBR → LIRF,0.0
EBBR,LOWW,2022-03,123,7,3.3333,all_flights,EBBR → LOWW,5.6911
EBBR,LOWW,2022-06,177,51,8.75,all_flights,EBBR → LOWW,28.8136
EBBR,LOWW,2022-09,213,33,6.0833,all_flights,EBBR → LOWW,15.493
EBBR,LOWW,2022-12,180,31,3.8667,all_flights,EBBR → LOWW,17.2222
EBBR,LPPT,2022-03,148,22,4.2,all_flights,EBBR → LPPT,14.8649
EBBR,LPPT,2022-06,180,53,9.0583,all_flights,EBBR → LPPT,29.4444
EBBR,LPPT,2022-09,194,49,7.5917,all_flights,EBBR → LPPT,25.2577
EBBR,LPPT,2022-12,137,52,10.4,all_flights,EBBR → LPPT,37.9562
EBBR,LSGG,2022-03,194,2,-11.3917,all_flights,EBBR → LSGG,1.0309
EBBR,LSGG,2022-06,131,8,-7.7,all_flights,EBBR → LSGG,6.1069
EBBR,LSGG,2022-09,172,8,-8.775,all_flights,EBBR → LSGG,4.6512
EBBR,LSGG,2022-12,186,5,-9.7917,all_flights,EBBR → LSGG,2.6882
EDDB,EDDF,2022-03,272,1,-6.9833,all_flights,EDDB → EDDF,0.3676
EDDB,EDDF,2022-06,348,19,-6.25,all_flights,EDDB → EDDF,5.4598
EDDB,EDDF,2022-09,382,11,-5.0083,all_flights,EDDB → EDDF,2.8796
EDDB,EDDF,2022-12,287,59,0.9167,all_flights,EDDB → EDDF,20.5575
EDDB,EDDK,2022-03,184,14,3.7917,all_flights,EDDB → EDDK,7.6087
EDDB,EDDK,2022-06,144,30,7.8333,all_flights,EDDB → EDDK,20.8333
EDDB,EDDK,2022-09,146,42,8.4167,all_flights,EDDB → EDDK,28.7671
EDDB,EDDK,2022-12,112,41,11.5083,all_flights,EDDB → EDDK,36.6071
EDDB,EDDM,2022-03,217,0,-8.0333,all_flights,EDDB → EDDM,0.0
EDDB,EDDM,2022-06,268,13,-4.1917,all_flights,EDDB → EDDM,4.8507
EDDB,EDDM,2022-09,253,11,-3.5667,all_flights,EDDB → EDDM,4.3478
EDDB,EDDM,2022-12,248,21,-4.8667,all_flights,EDDB → EDDM,8.4677
EDDB,EDDS,2022-03,144,10,-0.6167,all_flights,EDDB → EDDS,6.9444
EDDB,EDDS,2022-06,121,20,2.85,all_flights,EDDB → EDDS,16.5289
EDDB,EDDS,2022-09,153,31,4.3667,all_flights,EDDB → EDDS,20.2614
EDDB,EDDS,2022-12,116,15,1.7167,all_flights,EDDB → EDDS,12.931
EDDB,EHAM,2022-03,215,38,8.7833,all_flights,EDDB → EHAM,17.6744
EDDB,EHAM,2022-06,221,67,11.1167,all_flights,EDDB → EHAM,30.3167
EDDB,EHAM,2022-09,260,85,10.2333,all_flights,EDDB → EHAM,32.6923
EDDB,EHAM,2022-12,225,74,11.2167,all_flights,EDDB → EHAM,32.8889
EDDB,LEPA,2022-03,145,26,6.4833,all_flights,EDDB → LEPA,17.931
EDDB,LEPA,2022-06,278,77,7.9417,all_flights,EDDB → LEPA,27.6978
EDDB,LEPA,2022-09,258,76,8.2583,all_flights,EDDB → LEPA,29.4574
EDDB,LEPA,2022-12,84,26,7.05,all_flights,EDDB → LEPA,30.9524
EDDB,LFPG,2022-03,218,33,7.8417,all_flights,EDDB → LFPG,15.1376
EDDB,LFPG,2022-06,242,72,9.85,all_flights,EDDB → LFPG,29.7521
EDDB,LFPG,2022-09,228,82,11.4417,all_flights,EDDB → LFPG,35.9649
EDDB,LFPG,2022-12,241,97,13.3667,all_flights,EDDB → LFPG,40.249
EDDB,LOWW,2022-03,127,14,6.1833,all_flights,EDDB → LOWW,11.0236
EDDB,LOWW,2022-06,186,43,8.4667,all_flights,EDDB → LOWW,23.1183
EDDB,LOWW,2022-09,202,64,11.1,all_flights,EDDB → LOWW,31.6832
EDDB,LOWW,2022-12,169,59,9.2333,all_flights,EDDB → LOWW,34.9112
EDDB,LSZH,2022-03,147,5,-1.4333,all_flights,EDDB → LSZH,3.4014
EDDB,LSZH,2022-06,202,21,1.0583,all_flights,EDDB → LSZH,10.396
EDDB,LSZH,2022-09,218,32,2.125,all_flights,EDDB → LSZH,14.6789
EDDB,LSZH,2022-12,244,32,3.0333,all_flights,EDDB → LSZH,13.1148
EDDF,EBBR,2022-03,167,12,2.5167,all_flights,EDDF → EBBR,7.1856
EDDF,EBBR,2022-06,175,31,4.9833,all_flights,EDDF → EBBR,17.7143
EDDF,EBBR,2022-09,194,19,3.7417,all_flights,EDDF → EBBR,9.7938
EDDF,EBBR,2022-12,147,24,3.75,all_flights,EDDF → EBBR,16.3265
EDDF,EDDB,2022-03,281,28,0.3,all_flights,EDDF → EDDB,9.9644
EDDF,EDDB,2022-06,346,43,4.1917,all_flights,EDDF → EDDB,12.4277
EDDF,EDDB,2022-09,381,48,4.75,all_flights,EDDF → EDDB,12.5984
EDDF,EDDB,2022-12,282,47,4.4583,all_flights,EDDF → EDDB,16.6667
EDDF,EDDH,2022-03,255,9,-3.75,all_flights,EDDF → EDDH,3.5294
EDDF,EDDH,2022-06,304,17,-3.0667,all_flights,EDDF → EDDH,5.5921
EDDF,EDDH,2022-09,320,17,-3.7583,all_flights,EDDF → EDDH,5.3125
EDDF,EDDH,2022-12,266,26,-4.1333,all_flights,EDDF → EDDH,9.7744
EDDF,EDDM,2022-03,272,2,-4.075,all_flights,EDDF → EDDM,0.7353
EDDF,EDDM,2022-06,287,42,4.5,all_flights,EDDF → EDDM,14.6341
EDDF,EDDM,2022-09,318,39,4.225,all_flights,EDDF → EDDM,12.2642
EDDF,EDDM,2022-12,313,44,2.75,all_flights,EDDF → EDDM,14.0575
EDDF,EDDP,2022-03,134,4,-8.8083,all_flights,EDDF → EDDP,2.9851
EDDF,EDDP,2022-06,178,13,-1.8,all_flights,EDDF → EDDP,7.3034
EDDF,EDDP,2022-09,153,6,-4.0,all_flights,EDDF → EDDP,3.9216
EDDF,EDDP,2022-12,134,9,-3.2,all_flights,EDDF → EDDP,6.7164
EDDF,EFHK,2022-03,131,8,2.8667,all_flights,EDDF → EFHK,6.1069
EDDF,EFHK,2022-06,133,10,3.5,all_flights,EDDF → EFHK,7.5188
EDDF,EFHK,2022-09,123,24,6.3333,all_flights,EDDF → EFHK,19.5122
EDDF,EFHK,2022-12,137,59,11.7167,all_flights,EDDF → EFHK,43.0657
EDDF,EGLC,2022-03,119,14,2.9333,all_flights,EDDF → EGLC,11.7647
EDDF,EGLC,2022-06,144,22,4.85,all_flights,EDDF → EGLC,15.2778
EDDF,EGLC,2022-09,150,23,5.6083,all_flights,EDDF → EGLC,15.3333
EDDF,EGLC,2022-12,139,28,3.6167,all_flights,EDDF → EGLC,20.1439
EDDF,EGLL,2022-03,291,54,7.9333,all_flights,EDDF → EGLL,18.5567
EDDF,EGLL,2022-06,405,170,12.85,all_flights,EDDF → EGLL,41.9753
EDDF,EGLL,2022-09,337,146,12.95,all_flights,EDDF → EGLL,43.3234
EDDF,EGLL,2022-12,448,257,17.7583,all_flights,EDDF → EGLL,57.3661
EDDF,EHAM,2022-03,223,17,1.5333,all_flights,EDDF → EHAM,7.6233
EDDF,EHAM,2022-06,279,62,5.95,all_flights,EDDF → EHAM,22.2222
EDDF,EHAM,2022-09,212,39,6.4083,all_flights,EDDF → EHAM,18.3962
EDDF,EHAM,2022-12,290,54,5.125,all_flights,EDDF → EHAM,18.6207
EDDF,EIDW,2022-03,190,15,1.7083,all_flights,EDDF → EIDW,7.8947
EDDF,EIDW,2022-06,178,39,7.4333,all_flights,EDDF → EIDW,21.9101
EDDF,EIDW,2022-09,145,35,7.0667,all_flights,EDDF → EIDW,24.1379
EDDF,EIDW,2022-12,165,46,9.55,all_flights,EDDF → EIDW,27.8788
EDDF,EKCH,2022-03,136,6,3.725,all_flights,EDDF → EKCH,4.4118
EDDF,EKCH,2022-06,163,28,5.05,all_flights,EDDF → EKCH,17.1779
EDDF,EKCH,2022-09,144,28,7.05,all_flights,EDDF → EKCH,19.4444
EDDF,EKCH,2022-12,155,25,1.5333,all_flights,EDDF → EKCH,16.129
EDDF,ENGM,2022-03,109,6,2.4833,all_flights,EDDF → ENGM,5.5046
EDDF,ENGM,2022-06,152,14,4.0333,all_flights,EDDF → ENGM,9.2105
EDDF,ENGM,2022-09,116,20,5.9583,all_flights,EDDF → ENGM,17.2414
EDDF,ENGM,2022-12,131,29,5.3333,all_flights,EDDF → ENGM,22.1374
EDDF,EPWA,2022-03,135,5,-1.7,all_flights,EDDF → EPWA,3.7037
EDDF,EPWA,2022-06,195,15,-0.9667,all_flights,EDDF → EPWA,7.6923
EDDF,EPWA,2022-09,157,10,1.3333,all_flights,EDDF → EPWA,6.3694
EDDF,EPWA,2022-12,164,17,-0.45,all_flights,EDDF → EPWA,10.3659
EDDF,ESSA,2022-03,113,12,4.15,all_flights,EDDF → ESSA,10.6195
EDDF,ESSA,2022-06,176,33,6.275,all_flights,EDDF → ESSA,18.75
EDDF,ESSA,2022-09,137,24,7.0,all_flights,EDDF → ESSA,17.5182
EDDF,ESSA,2022-12,140,39,7.2333,all_flights,EDDF → ESSA,27.8571
EDDF,KJFK,2022-03,106,24,6.325,all_flights,EDDF → KJFK,22.6415
EDDF,KJFK,2022-06,166,68,11.5917,all_flights,EDDF → KJFK,40.9639
EDDF,KJFK,2022-09,156,70,13.3,all_flights,EDDF → KJFK,44.8718
EDDF,KJFK,2022-12,142,70,14.1,all_flights,EDDF → KJFK,49.2958
EDDF,KORD,2022-03,160,21,3.6,all_flights,EDDF → KORD,13.125
EDDF,KORD,2022-06,149,60,10.3667,all_flights,EDDF → KORD,40.2685
EDDF,KORD,2022-09,168,49,8.8667,all_flights,EDDF → KORD,29.1667
EDDF,KORD,2022-12,136,69,15.2,all_flights,EDDF → KORD,50.7353
EDDF,LDZA,2022-03,124,6,2.9417,all_flights,EDDF → LDZA,4.8387
EDDF,LDZA,2022-06,136,28,6.3917,all_flights,EDDF → LDZA,20.5882
EDDF,LDZA,2022-09,126,24,8.225,all_flights,EDDF → LDZA,19.0476
EDDF,LDZA,2022-12,134,38,8.575,all_flights,EDDF → LDZA,28.3582
EDDF,LEBL,2022-03,153,18,5.25,all_flights,EDDF → LEBL,11.7647
EDDF,LEBL,2022-06,236,54,6.2583,all_flights,EDDF → LEBL,22.8814
EDDF,LEBL,2022-09,197,38,7.55,all_flights,EDDF → LEBL,19.2893
EDDF,LEBL,2022-12,191,28,5.65,all_flights,EDDF → LEBL,14.6597
EDDF,LEMD,2022-03,234,19,3.1083,all_flights,EDDF → LEMD,8.1197
EDDF,LEMD,2022-06,285,61,6.55,all_flights,EDDF → LEMD,21.4035
EDDF,LEMD,2022-09,247,59,8.25,all_flights,EDDF → LEMD,23.8866
EDDF,LEMD,2022-12,268,83,8.4,all_flights,EDDF → LEMD,30.9701
EDDF,LEPA,2022-03,131,27,5.5833,all_flights,EDDF → LEPA,20.6107
EDDF,LEPA,2022-06,289,72,6.0333,all_flights,EDDF → LEPA,24.9135
EDDF,LEPA,2022-09,299,82,8.3833,all_flights,EDDF → LEPA,27.4247
EDDF,LEPA,2022-12,66,4,2.675,all_flights,EDDF → LEPA,6.0606
EDDF,LFPG,2022-03,310,30,2.6083,all_flights,EDDF → LFPG,9.6774
EDDF,LFPG,2022-06,314,118,11.5583,all_flights,EDDF → LFPG,37.5796
EDDF,LFPG,2022-09,300,93,9.75,all_flights,EDDF → LFPG,31.0
EDDF,LFPG,2022-12,303,90,9.55,all_flights,EDDF → LFPG,29.703
EDDF,LIMC,2022-03,133,0,-11.3,all_flights,EDDF → LIMC,0.0
EDDF,LIMC,2022-06,169,17,-2.4667,all_flights,EDDF → LIMC,10.0592
EDDF,LIMC,2022-09,162,8,-3.2833,all_flights,EDDF → LIMC,4.9383
EDDF,LIMC,2022-12,125,13,-1.85,all_flights,EDDF → LIMC,10.4
EDDF,LIML,2022-03,182,8,2.4333,all_flights,EDDF → LIML,4.3956
EDDF,LIML,2022-06,201,53,8.6833,all_flights,EDDF → LIML,26.3682
EDDF,LIML,2022-09,187,48,8.5833,all_flights,EDDF → LIML,25.6684
EDDF,LIML,2022-12,207,42,6.2833,all_flights,EDDF → LIML,20.2899
EDDF,LIRF,2022-03,128,2,-5.275,all_flights,EDDF → LIRF,1.5625
EDDF,LIRF,2022-06,177,23,0.1167,all_flights,EDDF → LIRF,12.9944
EDDF,LIRF,2022-09,147,14,-0.4667,all_flights,EDDF → LIRF,9.5238
EDDF,LIRF,2022-12,104,15,-0.3833,all_flights,EDDF → LIRF,14.4231
EDDF,LOWW,2022-03,225,15,3.8833,all_flights,EDDF → LOWW,6.6667
EDDF,LOWW,2022-06,261,63,7.5,all_flights,EDDF → LOWW,24.1379
EDDF,LOWW,2022-09,265,55,8.05,all_flights,EDDF → LOWW,20.7547
EDDF,LOWW,2022-12,259,78,8.75,all_flights,EDDF → LOWW,30.1158
EDDF,LPPT,2022-03,166,42,8.175,all_flights,EDDF → LPPT,25.3012
EDDF,LPPT,2022-06,209,91,13.0167,all_flights,EDDF → LPPT,43.5407
EDDF,LPPT,2022-09,188,76,12.3417,all_flights,EDDF → LPPT,40.4255
EDDF,LPPT,2022-12,164,68,11.9417,all_flights,EDDF → LPPT,41.4634
EDDF,LSGG,2022-03,160,10,2.1,all_flights,EDDF → LSGG,6.25
EDDF,LSGG,2022-06,151,17,4.1167,all_flights,EDDF → LSGG,11.2583
EDDF,LSGG,2022-09,162,9,3.6667,all_flights,EDDF → LSGG,5.5556
EDDF,LSGG,2022-12,157,19,2.5833,all_flights,EDDF → LSGG,12.1019
EDDF,LSZH,2022-03,211,12,-2.5333,all_flights,EDDF → LSZH,5.6872
EDDF,LSZH,2022-06,182,27,2.5833,all_flights,EDDF → LSZH,14.8352
EDDF,LSZH,2022-09,188,20,0.2583,all_flights,EDDF → LSZH,10.6383
EDDF,LSZH,2022-12,205,29,1.6333,all_flights,EDDF → LSZH,14.1463
EDDF,LTFM,2022-03,164,19,-0.8917,all_flights,EDDF → LTFM,11.5854
EDDF,LTFM,2022-06,262,44,4.3083,all_flights,EDDF → LTFM,16.7939
EDDF,LTFM,2022-09,240,38,4.8,all_flights,EDDF → LTFM,15.8333
EDDF,LTFM,2022-12,199,44,4.6333,all_flights,EDDF → LTFM,22.1106
EDDF,RKSI,2022-03,104,18,4.25,all_flights,EDDF → RKSI,17.3077
EDDF,RKSI,2022-06,147,52,9.4833,all_flights,EDDF → RKSI,35.3741
EDDF,RKSI,2022-09,164,50,9.9917,all_flights,EDDF → RKSI,30.4878
EDDF,RKSI,2022-12,144,52,10.5833,all_flights,EDDF → RKSI,36.1111
EDDH,EDDF,2022-03,250,2,-3.4333,all_flights,EDDH → EDDF,0.8
EDDH,EDDF,2022-06,304,7,-5.95,all_flights,EDDH → EDDF,2.3026
EDDH,EDDF,2022-09,318,9,-6.6333,all_flights,EDDH → EDDF,2.8302
EDDH,EDDF,2022-12,263,18,-3.1667,all_flights,EDDH → EDDF,6.8441
EDDH,EDDM,2022-03,313,9,-5.0167,all_flights,EDDH → EDDM,2.8754
EDDH,EDDM,2022-06,395,32,-1.1833,all_flights,EDDH → EDDM,8.1013
EDDH,EDDM,2022-09,377,23,1.5,all_flights,EDDH → EDDM,6.1008
EDDH,EDDM,2022-12,356,15,-3.175,all_flights,EDDH → EDDM,4.2135
EDDH,EGLL,2022-03,144,52,12.175,all_flights,EDDH → EGLL,36.1111
EDDH,EGLL,2022-06,153,99,19.4833,all_flights,EDDH → EGLL,64.7059
EDDH,EGLL,2022-09,135,92,20.6167,all_flights,EDDH → EGLL,68.1481
EDDH,EGLL,2022-12,182,132,19.2167,all_flights,EDDH → EGLL,72.5275
EDDH,EHAM,2022-03,129,15,6.0667,all_flights,EDDH → EHAM,11.6279
EDDH,EHAM,2022-06,157,40,7.7833,all_flights,EDDH → EHAM,25.4777
EDDH,EHAM,2022-09,169,24,5.6833,all_flights,EDDH → EHAM,14.2012
EDDH,EHAM,2022-12,117,12,6.8333,all_flights,EDDH → EHAM,10.2564
EDDH,LEPA,2022-03,126,17,5.3167,all_flights,EDDH → LEPA,13.4921
EDDH,LEPA,2022-06,277,75,7.8333,all_flights,EDDH → LEPA,27.0758
EDDH,LEPA,2022-09,286,94,8.6917,all_flights,EDDH → LEPA,32.8671
EDDH,LEPA,2022-12,64,6,2.55,all_flights,EDDH → LEPA,9.375
EDDH,LFPG,2022-03,110,11,3.9917,all_flights,EDDH → LFPG,10.0
EDDH,LFPG,2022-06,161,35,7.1,all_flights,EDDH → LFPG,21.7391
EDDH,LFPG,2022-09,175,24,5.6667,all_flights,EDDH → LFPG,13.7143
EDDH,LFPG,2022-12,142,23,6.2833,all_flights,EDDH → LFPG,16.1972
EDDH,LOWW,2022-03,112,16,5.3083,all_flights,EDDH → LOWW,14.2857
EDDH,LOWW,2022-06,158,62,11.75,all_flights,EDDH → LOWW,39.2405
EDDH,LOWW,2022-09,196,52,10.2833,all_flights,EDDH → LOWW,26.5306
EDDH,LOWW,2022-12,169,25,6.6333,all_flights,EDDH → LOWW,14.7929
EDDH,LSZH,2022-03,138,5,-3.0917,all_flights,EDDH → LSZH,3.6232
EDDH,LSZH,2022-06,161,27,1.15,all_flights,EDDH → LSZH,16.7702
EDDH,LSZH,2022-09,170,24,0.9417,all_flights,EDDH → LSZH,14.1176
EDDH,LSZH,2022-12,167,9,0.5667,all_flights,EDDH → LSZH,5.3892
EDDK,EDDB,2022-03,185,2,-8.6833,all_flights,EDDK → EDDB,1.0811
EDDK,EDDB,2022-06,143,29,5.6333,all_flights,EDDK → EDDB,20.2797
EDDK,EDDB,2022-09,145,44,3.6167,all_flights,EDDK → EDDB,30.3448
EDDK,EDDB,2022-12,111,12,0.1333,all_flights,EDDK → EDDB,10.8108
EDDK,EDDM,2022-03,183,1,-14.6833,all_flights,EDDK → EDDM,0.5464
EDDK,EDDM,2022-06,182,32,0.2833,all_flights,EDDK → EDDM,17.5824
EDDK,EDDM,2022-09,210,19,-1.6417,all_flights,EDDK → EDDM,9.0476
EDDK,EDDM,2022-12,206,12,-9.2667,all_flights,EDDK → EDDM,5.8252
EDDK,LEPA,2022-03,127,4,-7.6667,all_flights,EDDK → LEPA,3.1496
EDDK,LEPA,2022-06,328,119,9.9583,all_flights,EDDK → LEPA,36.2805
EDDK,LEPA,2022-09,332,87,6.3667,all_flights,EDDK → LEPA,26.2048
EDDK,LEPA,2022-12,83,8,-3.7167,all_flights,EDDK → LEPA,9.6386
EDDK,LOWW,2022-03,110,15,-0.75,all_flights,EDDK → LOWW,13.6364
EDDK,LOWW,2022-06,135,61,13.95,all_flights,EDDK → LOWW,45.1852
EDDK,LOWW,2022-09,156,40,6.3833,all_flights,EDDK → LOWW,25.641
EDDK,LOWW,2022-12,147,17,2.5167,all_flights,EDDK → LOWW,11.5646
EDDK,LTAI,2022-03,37,3,3.7333,all_flights,EDDK → LTAI,8.1081
EDDK,LTAI,2022-06,253,89,10.3333,all_flights,EDDK → LTAI,35.1779
EDDK,LTAI,2022-09,274,81,8.5667,all_flights,EDDK → LTAI,29.562
EDDK,LTAI,2022-12,33,2,2.8333,all_flights,EDDK → LTAI,6.0606
EDDK,LTFJ,2022-03,124,13,-5.0333,all_flights,EDDK → LTFJ,10.4839
EDDK,LTFJ,2022-06,135,43,6.1167,all_flights,EDDK → LTFJ,31.8519
EDDK,LTFJ,2022-09,136,26,3.0833,all_flights,EDDK → LTFJ,19.1176
EDDK,LTFJ,2022-12,146,10,-0.4583,all_flights,EDDK → LTFJ,6.8493
EDDK,LTFM,2022-03,95,9,-3.25,all_flights,EDDK → LTFM,9.4737
EDDK,LTFM,2022-06,147,45,6.9,all_flights,EDDK → LTFM,30.6122
EDDK,LTFM,2022-09,153,26,3.65,all_flights,EDDK → LTFM,16.9935
EDDK,LTFM,2022-12,113,5,-3.75,all_flights,EDDK → LTFM,4.4248
EDDL,EDDM,2022-03,329,1,-5.8167,all_flights,EDDL → EDDM,0.304
EDDL,EDDM,2022-06,345,51,1.0,all_flights,EDDL → EDDM,14.7826
EDDL,EDDM,2022-09,383,36,1.65,all_flights,EDDL → EDDM,9.3995
EDDL,EDDM,2022-12,300,13,-2.8667,all_flights,EDDL → EDDM,4.3333
EDDL,EGLL,2022-03,174,16,5.1583,all_flights,EDDL → EGLL,9.1954
EDDL,EGLL,2022-06,180,82,14.025,all_flights,EDDL → EGLL,45.5556
EDDL,EGLL,2022-09,170,91,16.3,all_flights,EDDL → EGLL,53.5294
EDDL,EGLL,2022-12,199,74,11.0833,all_flights,EDDL → EGLL,37.1859
EDDL,EKCH,2022-03,143,6,-0.3833,all_flights,EDDL → EKCH,4.1958
EDDL,EKCH,2022-06,125,23,6.4,all_flights,EDDL → EKCH,18.4
EDDL,EKCH,2022-09,154,27,4.9583,all_flights,EDDL → EKCH,17.5325
EDDL,EKCH,2022-12,115,5,-2.7833,all_flights,EDDL → EKCH,4.3478
EDDL,LEPA,2022-03,161,21,3.05,all_flights,EDDL → LEPA,13.0435
EDDL,LEPA,2022-06,487,168,8.5333,all_flights,EDDL → LEPA,34.4969
EDDL,LEPA,2022-09,495,154,8.65,all_flights,EDDL → LEPA,31.1111
EDDL,LEPA,2022-12,76,10,2.4167,all_flights,EDDL → LEPA,13.1579
EDDL,LFPG,2022-03,89,12,5.8333,all_flights,EDDL → LFPG,13.4831
EDDL,LFPG,2022-06,163,51,10.4833,all_flights,EDDL → LFPG,31.2883
EDDL,LFPG,2022-09,164,47,10.025,all_flights,EDDL → LFPG,28.6585
EDDL,LFPG,2022-12,137,36,8.9333,all_flights,EDDL → LFPG,26.2774
EDDL,LOWW,2022-03,124,6,4.0833,all_flights,EDDL → LOWW,4.8387
EDDL,LOWW,2022-06,159,64,10.6667,all_flights,EDDL → LOWW,40.2516
EDDL,LOWW,2022-09,191,56,8.5333,all_flights,EDDL → LOWW,29.3194
EDDL,LOWW,2022-12,166,27,4.4917,all_flights,EDDL → LOWW,16.2651
EDDL,LSZH,2022-03,129,2,-4.35,all_flights,EDDL → LSZH,1.5504
EDDL,LSZH,2022-06,138,13,0.9333,all_flights,EDDL → LSZH,9.4203
EDDL,LSZH,2022-09,162,19,0.375,all_flights,EDDL → LSZH,11.7284
EDDL,LSZH,2022-12,158,9,-1.8,all_flights,EDDL → LSZH,5.6962
EDDL,LTAI,2022-03,51,11,8.0167,all_flights,EDDL → LTAI,21.5686
EDDL,LTAI,2022-06,283,171,19.1833,all_flights,EDDL → LTAI,60.424
EDDL,LTAI,2022-09,319,122,11.1333,all_flights,EDDL → LTAI,38.2445
EDDL,LTAI,2022-12,78,16,6.9417,all_flights,EDDL → LTAI,20.5128
EDDL,LTFJ,2022-03,146,17,2.35,all_flights,EDDL → LTFJ,11.6438
EDDL,LTFJ,2022-06,149,64,10.3167,all_flights,EDDL → LTFJ,42.953
EDDL,LTFJ,2022-09,146,43,9.85,all_flights,EDDL → LTFJ,29.4521
EDDL,LTFJ,2022-12,140,35,7.9833,all_flights,EDDL → LTFJ,25.0
EDDM,EBBR,2022-03,138,8,2.625,all_flights,EDDM → EBBR,5.7971
EDDM,EBBR,2022-06,174,33,5.6167,all_flights,EDDM → EBBR,18.9655
EDDM,EBBR,2022-09,191,26,5.5167,all_flights,EDDM → EBBR,13.6126
EDDM,EBBR,2022-12,177,22,5.1,all_flights,EDDM → EBBR,12.4294
EDDM,EDDB,2022-03,225,6,0.1833,all_flights,EDDM → EDDB,2.6667
EDDM,EDDB,2022-06,267,39,5.2667,all_flights,EDDM → EDDB,14.6067
EDDM,EDDB,2022-09,255,49,5.5,all_flights,EDDM → EDDB,19.2157
EDDM,EDDB,2022-12,250,31,2.7917,all_flights,EDDM → EDDB,12.4
EDDM,EDDF,2022-03,267,0,-8.45,all_flights,EDDM → EDDF,0.0
EDDM,EDDF,2022-06,286,10,-5.5,all_flights,EDDM → EDDF,3.4965
EDDM,EDDF,2022-09,315,13,-6.1833,all_flights,EDDM → EDDF,4.127
EDDM,EDDF,2022-12,302,14,-6.1333,all_flights,EDDM → EDDF,4.6358
EDDM,EDDH,2022-03,332,4,-8.0667,all_flights,EDDM → EDDH,1.2048
EDDM,EDDH,2022-06,398,26,-4.6083,all_flights,EDDM → EDDH,6.5327
EDDM,EDDH,2022-09,380,32,-3.3167,all_flights,EDDM → EDDH,8.4211
EDDM,EDDH,2022-12,356,17,-5.4417,all_flights,EDDM → EDDH,4.7753
EDDM,EDDK,2022-03,174,12,-1.2083,all_flights,EDDM → EDDK,6.8966
EDDM,EDDK,2022-06,182,36,3.85,all_flights,EDDM → EDDK,19.7802
EDDM,EDDK,2022-09,211,38,3.8,all_flights,EDDM → EDDK,18.0095
EDDM,EDDK,2022-12,204,25,0.45,all_flights,EDDM → EDDK,12.2549
EDDM,EDDL,2022-03,341,2,-4.3,all_flights,EDDM → EDDL,0.5865
EDDM,EDDL,2022-06,341,45,2.2333,all_flights,EDDM → EDDL,13.1965
EDDM,EDDL,2022-09,387,49,2.9167,all_flights,EDDM → EDDL,12.6615
EDDM,EDDL,2022-12,302,25,0.4167,all_flights,EDDM → EDDL,8.2781
EDDM,EDDV,2022-03,149,3,-2.5167,all_flights,EDDM → EDDV,2.0134
EDDM,EDDV,2022-06,164,16,1.6667,all_flights,EDDM → EDDV,9.7561
EDDM,EDDV,2022-09,142,18,3.3917,all_flights,EDDM → EDDV,12.6761
EDDM,EDDV,2022-12,133,13,0.2833,all_flights,EDDM → EDDV,9.7744
EDDM,EDDW,2022-03,126,5,1.3833,all_flights,EDDM → EDDW,3.9683
EDDM,EDDW,2022-06,136,8,1.8417,all_flights,EDDM → EDDW,5.8824
EDDM,EDDW,2022-09,138,20,4.8417,all_flights,EDDM → EDDW,14.4928
EDDM,EDDW,2022-12,120,16,1.6667,all_flights,EDDM → EDDW,13.3333
EDDM,EFHK,2022-03,115,4,0.8333,all_flights,EDDM → EFHK,3.4783
EDDM,EFHK,2022-06,139,22,4.5,all_flights,EDDM → EFHK,15.8273
EDDM,EFHK,2022-09,141,20,6.1167,all_flights,EDDM → EFHK,14.1844
EDDM,EFHK,2022-12,123,17,4.2333,all_flights,EDDM → EFHK,13.8211
EDDM,EGLL,2022-03,229,49,8.2667,all_flights,EDDM → EGLL,21.3974
EDDM,EGLL,2022-06,332,154,14.275,all_flights,EDDM → EGLL,46.3855
EDDM,EGLL,2022-09,294,163,17.0167,all_flights,EDDM → EGLL,55.4422
EDDM,EGLL,2022-12,353,204,16.7833,all_flights,EDDM → EGLL,57.7904
EDDM,EHAM,2022-03,240,17,4.875,all_flights,EDDM → EHAM,7.0833
EDDM,EHAM,2022-06,267,76,10.6,all_flights,EDDM → EHAM,28.4644
EDDM,EHAM,2022-09,322,93,9.9917,all_flights,EDDM → EHAM,28.882
EDDM,EHAM,2022-12,284,68,9.2083,all_flights,EDDM → EHAM,23.9437
EDDM,EKCH,2022-03,124,0,0.925,all_flights,EDDM → EKCH,0.0
EDDM,EKCH,2022-06,152,14,2.7,all_flights,EDDM → EKCH,9.2105
EDDM,EKCH,2022-09,167,31,4.0167,all_flights,EDDM → EKCH,18.5629
EDDM,EKCH,2022-12,124,9,-2.8667,all_flights,EDDM → EKCH,7.2581
EDDM,EPWA,2022-03,124,5,-4.625,all_flights,EDDM → EPWA,4.0323
EDDM,EPWA,2022-06,179,15,-4.3167,all_flights,EDDM → EPWA,8.3799
EDDM,EPWA,2022-09,174,9,-1.45,all_flights,EDDM → EPWA,5.1724
EDDM,EPWA,2022-12,148,6,-5.9833,all_flights,EDDM → EPWA,4.0541
EDDM,LEBL,2022-03,142,4,2.45,all_flights,EDDM → LEBL,2.8169
EDDM,LEBL,2022-06,231,25,4.1333,all_flights,EDDM → LEBL,10.8225
EDDM,LEBL,2022-09,223,27,6.5,all_flights,EDDM → LEBL,12.1076
EDDM,LEBL,2022-12,151,33,7.0667,all_flights,EDDM → LEBL,21.8543
EDDM,LEMD,2022-03,222,10,2.4917,all_flights,EDDM → LEMD,4.5045
EDDM,LEMD,2022-06,261,40,4.6833,all_flights,EDDM → LEMD,15.3257
EDDM,LEMD,2022-09,249,40,4.85,all_flights,EDDM → LEMD,16.0643
EDDM,LEMD,2022-12,253,58,4.6667,all_flights,EDDM → LEMD,22.9249
EDDM,LEPA,2022-03,92,7,2.1,all_flights,EDDM → LEPA,7.6087
EDDM,LEPA,2022-06,265,54,5.3333,all_flights,EDDM → LEPA,20.3774
EDDM,LEPA,2022-09,253,51,5.65,all_flights,EDDM → LEPA,20.1581
EDDM,LEPA,2022-12,56,4,-0.1833,all_flights,EDDM → LEPA,7.1429
EDDM,LFPG,2022-03,229,9,0.9167,all_flights,EDDM → LFPG,3.9301
EDDM,LFPG,2022-06,292,64,6.625,all_flights,EDDM → LFPG,21.9178
EDDM,LFPG,2022-09,296,63,7.975,all_flights,EDDM → LFPG,21.2838
EDDM,LFPG,2022-12,281,47,4.55,all_flights,EDDM → LFPG,16.726
EDDM,LGAV,2022-03,129,1,1.0667,all_flights,EDDM → LGAV,0.7752
EDDM,LGAV,2022-06,175,40,6.6,all_flights,EDDM → LGAV,22.8571
EDDM,LGAV,2022-09,175,37,6.6167,all_flights,EDDM → LGAV,21.1429
EDDM,LGAV,2022-12,162,30,3.1167,all_flights,EDDM → LGAV,18.5185
EDDM,LIRF,2022-03,158,0,-8.2667,all_flights,EDDM → LIRF,0.0
EDDM,LIRF,2022-06,175,12,-2.25,all_flights,EDDM → LIRF,6.8571
EDDM,LIRF,2022-09,171,9,-4.85,all_flights,EDDM → LIRF,5.2632
EDDM,LIRF,2022-12,158,10,-5.9667,all_flights,EDDM → LIRF,6.3291
EDDM,LOWW,2022-03,139,3,-0.6167,all_flights,EDDM → LOWW,2.1583
EDDM,LOWW,2022-06,163,20,2.95,all_flights,EDDM → LOWW,12.2699
EDDM,LOWW,2022-09,180,17,3.5583,all_flights,EDDM → LOWW,9.4444
EDDM,LOWW,2022-12,160,17,0.5,all_flights,EDDM → LOWW,10.625
EDDM,LPPT,2022-03,131,21,6.2667,all_flights,EDDM → LPPT,16.0305
EDDM,LPPT,2022-06,150,58,12.0417,all_flights,EDDM → LPPT,38.6667
EDDM,LPPT,2022-09,140,51,11.9417,all_flights,EDDM → LPPT,36.4286
EDDM,LPPT,2022-12,136,48,10.5167,all_flights,EDDM → LPPT,35.2941
EDDM,LSZH,2022-03,158,8,-1.225,all_flights,EDDM → LSZH,5.0633
EDDM,LSZH,2022-06,166,29,4.925,all_flights,EDDM → LSZH,17.4699
EDDM,LSZH,2022-09,179,30,5.4667,all_flights,EDDM → LSZH,16.7598
EDDM,LSZH,2022-12,151,16,3.9,all_flights,EDDM → LSZH,10.596
EDDP,EDDF,2022-03,129,0,-14.8167,all_flights,EDDP → EDDF,0.0
EDDP,EDDF,2022-06,175,9,-12.3667,all_flights,EDDP → EDDF,5.1429
EDDP,EDDF,2022-09,147,2,-11.5167,all_flights,EDDP → EDDF,1.3605
EDDP,EDDF,2022-12,132,1,-14.8667,all_flights,EDDP → EDDF,0.7576
EDDP,EGNX,2022-03,210,11,-5.55,all_flights,EDDP → EGNX,5.2381
EDDP,EGNX,2022-06,177,15,-6.3333,all_flights,EDDP → EGNX,8.4746
EDDP,EGNX,2022-09,174,12,-5.2583,all_flights,EDDP → EGNX,6.8966
EDDP,EGNX,2022-12,172,10,-6.4583,all_flights,EDDP → EGNX,5.814
EDDP,LIMC,2022-03,175,1,-18.6333,all_flights,EDDP → LIMC,0.5714
EDDP,LIMC,2022-06,158,33,-3.4583,all_flights,EDDP → LIMC,20.8861
EDDP,LIMC,2022-09,166,11,-9.8667,all_flights,EDDP → LIMC,6.6265
EDDP,LIMC,2022-12,144,2,-13.3917,all_flights,EDDP → LIMC,1.3889
EDDS,EDDB,2022-03,149,5,1.1333,all_flights,EDDS → EDDB,3.3557
EDDS,EDDB,2022-06,123,22,7.2667,all_flights,EDDS → EDDB,17.8862
EDDS,EDDB,2022-09,153,40,7.1833,all_flights,EDDS → EDDB,26.1438
EDDS,EDDB,2022-12,117,8,3.4333,all_flights,EDDS → EDDB,6.8376
EDDS,EHAM,2022-03,114,3,4.1917,all_flights,EDDS → EHAM,2.6316
EDDS,EHAM,2022-06,126,25,6.9917,all_flights,EDDS → EHAM,19.8413
EDDS,EHAM,2022-09,134,32,8.5333,all_flights,EDDS → EHAM,23.8806
EDDS,EHAM,2022-12,133,38,8.85,all_flights,EDDS → EHAM,28.5714
EDDS,LEPA,2022-03,81,4,1.45,all_flights,EDDS → LEPA,4.9383
EDDS,LEPA,2022-06,228,40,4.1833,all_flights,EDDS → LEPA,17.5439
EDDS,LEPA,2022-09,242,53,7.225,all_flights,EDDS → LEPA,21.9008
EDDS,LEPA,2022-12,39,3,0.15,all_flights,EDDS → LEPA,7.6923
EDDV,EDDM,2022-03,139,1,-12.9833,all_flights,EDDV → EDDM,0.7194
EDDV,EDDM,2022-06,169,10,-5.2667,all_flights,EDDV → EDDM,5.9172
EDDV,EDDM,2022-09,142,2,-4.875,all_flights,EDDV → EDDM,1.4085
EDDV,EDDM,2022-12,137,6,-13.5333,all_flights,EDDV → EDDM,4.3796
EDDW,EDDM,2022-03,121,3,-6.5333,all_flights,EDDW → EDDM,2.4793
EDDW,EDDM,2022-06,135,11,-4.7167,all_flights,EDDW → EDDM,8.1481
EDDW,EDDM,2022-09,137,7,-4.35,all_flights,EDDW → EDDM,5.1095
EDDW,EDDM,2022-12,121,4,-8.1667,all_flights,EDDW → EDDM,3.3058
EETN,EFHK,2022-03,195,8,-0.2833,all_flights,EETN → EFHK,4.1026
EETN,EFHK,2022-06,255,20,2.8333,all_flights,EETN → EFHK,7.8431
EETN,EFHK,2022-09,278,5,-1.925,all_flights,EETN → EFHK,1.7986
EETN,EFHK,2022-12,241,26,3.3333,all_flights,EETN → EFHK,10.7884
EFHK,EDDF,2022-03,132,5,-1.975,all_flights,EFHK → EDDF,3.7879
EFHK,EDDF,2022-06,135,9,-1.4833,all_flights,EFHK → EDDF,6.6667
EFHK,EDDF,2022-09,123,2,-2.0333,all_flights,EFHK → EDDF,1.626
EFHK,EDDF,2022-12,137,33,4.4333,all_flights,EFHK → EDDF,24.0876
EFHK,EDDM,2022-03,115,6,0.7833,all_flights,EFHK → EDDM,5.2174
EFHK,EDDM,2022-06,139,11,-0.8667,all_flights,EFHK → EDDM,7.9137
EFHK,EDDM,2022-09,140,2,-0.9167,all_flights,EFHK → EDDM,1.4286
EFHK,EDDM,2022-12,125,26,6.05,all_flights,EFHK → EDDM,20.8
EFHK,EETN,2022-03,198,8,-1.7417,all_flights,EFHK → EETN,4.0404
EFHK,EETN,2022-06,270,18,2.275,all_flights,EFHK → EETN,6.6667
EFHK,EETN,2022-09,292,19,0.8583,all_flights,EFHK → EETN,6.5068
EFHK,EETN,2022-12,255,40,3.3333,all_flights,EFHK → EETN,15.6863
EFHK,EFOU,2022-03,208,7,1.0167,all_flights,EFHK → EFOU,3.3654
EFHK,EFOU,2022-06,254,14,1.75,all_flights,EFHK → EFOU,5.5118
EFHK,EFOU,2022-09,275,12,0.8667,all_flights,EFHK → EFOU,4.3636
EFHK,EFOU,2022-12,215,44,5.2167,all_flights,EFHK → EFOU,20.4651
EFHK,EFRO,2022-03,164,12,1.8167,all_flights,EFHK → EFRO,7.3171
EFHK,EFRO,2022-06,115,13,3.8167,all_flights,EFHK → EFRO,11.3043
EFHK,EFRO,2022-09,131,5,1.4167,all_flights,EFHK → EFRO,3.8168
EFHK,EFRO,2022-12,254,50,7.0417,all_flights,EFHK → EFRO,19.685
EFHK,EHAM,2022-03,161,28,8.05,all_flights,EFHK → EHAM,17.3913
EFHK,EHAM,2022-06,174,40,8.7917,all_flights,EFHK → EHAM,22.9885
EFHK,EHAM,2022-09,166,23,7.675,all_flights,EFHK → EHAM,13.8554
EFHK,EHAM,2022-12,144,72,15.0583,all_flights,EFHK → EHAM,50.0
EFHK,EKCH,2022-03,167,12,-0.3333,all_flights,EFHK → EKCH,7.1856
EFHK,EKCH,2022-06,160,5,0.9167,all_flights,EFHK → EKCH,3.125
EFHK,EKCH,2022-09,243,23,1.35,all_flights,EFHK → EKCH,9.465
EFHK,EKCH,2022-12,205,29,2.1167,all_flights,EFHK → EKCH,14.1463
EFHK,ENGM,2022-03,101,12,5.6,all_flights,EFHK → ENGM,11.8812
EFHK,ENGM,2022-06,135,18,5.2667,all_flights,EFHK → ENGM,13.3333
EFHK,ENGM,2022-09,130,10,3.35,all_flights,EFHK → ENGM,7.6923
EFHK,ENGM,2022-12,141,37,8.05,all_flights,EFHK → ENGM,26.2411
EFHK,ESSA,2022-03,285,14,1.4833,all_flights,EFHK → ESSA,4.9123
EFHK,ESSA,2022-06,347,21,2.9167,all_flights,EFHK → ESSA,6.0519
EFHK,ESSA,2022-09,425,19,2.4,all_flights,EFHK → ESSA,4.4706
EFHK,ESSA,2022-12,449,98,6.3667,all_flights,EFHK → ESSA,21.8263
EFHK,EVRA,2022-03,132,9,0.4,all_flights,EFHK → EVRA,6.8182
EFHK,EVRA,2022-06,173,18,4.0333,all_flights,EFHK → EVRA,10.4046
EFHK,EVRA,2022-09,188,11,2.95,all_flights,EFHK → EVRA,5.8511
EFHK,EVRA,2022-12,204,37,4.525,all_flights,EFHK → EVRA,18.1373
EFHK,LFPG,2022-03,172,15,3.4917,all_flights,EFHK → LFPG,8.7209
EFHK,LFPG,2022-06,213,36,7.5667,all_flights,EFHK → LFPG,16.9014
EFHK,LFPG,2022-09,197,33,7.0833,all_flights,EFHK → LFPG,16.7513
EFHK,LFPG,2022-12,195,61,9.9667,all_flights,EFHK → LFPG,31.2821
EFOU,EFHK,2022-03,208,5,-1.2917,all_flights,EFOU → EFHK,2.4038
EFOU,EFHK,2022-06,255,3,-0.2167,all_flights,EFOU → EFHK,1.1765
EFOU,EFHK,2022-09,275,7,-3.0,all_flights,EFOU → EFHK,2.5455
EFOU,EFHK,2022-12,215,23,4.2167,all_flights,EFOU → EFHK,10.6977
EFRO,EFHK,2022-03,163,6,-1.4,all_flights,EFRO → EFHK,3.681
EFRO,EFHK,2022-06,115,2,-1.2833,all_flights,EFRO → EFHK,1.7391
EFRO,EFHK,2022-09,131,2,-1.8,all_flights,EFRO → EFHK,1.5267
EFRO,EFHK,2022-12,253,44,7.45,all_flights,EFRO → EFHK,17.3913
EGAA,EGGP,2022-03,176,1,-7.2667,all_flights,EGAA → EGGP,0.5682
EGAA,EGGP,2022-06,144,9,-3.0417,all_flights,EGAA → EGGP,6.25
EGAA,EGGP,2022-09,127,3,-3.1667,all_flights,EGAA → EGGP,2.3622
EGAA,EGGP,2022-12,95,1,-3.7833,all_flights,EGAA → EGGP,1.0526
EGAA,EGKK,2022-03,156,5,-7.0333,all_flights,EGAA → EGKK,3.2051
EGAA,EGKK,2022-06,153,62,10.7167,all_flights,EGAA → EGKK,40.5229
EGAA,EGKK,2022-09,168,38,3.7667,all_flights,EGAA → EGKK,22.619
EGAA,EGKK,2022-12,132,24,3.0833,all_flights,EGAA → EGKK,18.1818
EGAA,EGNX,2022-03,133,3,-1.2,all_flights,EGAA → EGNX,2.2556
EGAA,EGNX,2022-06,105,7,0.0667,all_flights,EGAA → EGNX,6.6667
EGAA,EGNX,2022-09,97,8,1.05,all_flights,EGAA → EGNX,8.2474
EGAA,EGNX,2022-12,179,8,1.7333,all_flights,EGAA → EGNX,4.4693
EGAC,EGBB,2022-03,22,2,4.3583,all_flights,EGAC → EGBB,9.0909
EGAC,EGBB,2022-06,157,9,3.7,all_flights,EGAC → EGBB,5.7325
EGAC,EGBB,2022-09,189,27,4.6,all_flights,EGAC → EGBB,14.2857
EGAC,EGBB,2022-12,150,16,3.45,all_flights,EGAC → EGBB,10.6667
EGAC,EGLL,2022-03,211,22,0.55,all_flights,EGAC → EGLL,10.4265
EGAC,EGLL,2022-06,244,49,7.3417,all_flights,EGAC → EGLL,20.082
EGAC,EGLL,2022-09,232,69,7.175,all_flights,EGAC → EGLL,29.7414
EGAC,EGLL,2022-12,159,56,9.4833,all_flights,EGAC → EGLL,35.2201
EGBB,EGAC,2022-03,22,0,-2.7333,all_flights,EGBB → EGAC,0.0
EGBB,EGAC,2022-06,160,0,-4.3083,all_flights,EGBB → EGAC,0.0
EGBB,EGAC,2022-09,191,2,-4.2167,all_flights,EGBB → EGAC,1.0471
EGBB,EGAC,2022-12,153,1,-3.9833,all_flights,EGBB → EGAC,0.6536
EGBB,EHAM,2022-03,116,6,0.0833,all_flights,EGBB → EHAM,5.1724
EGBB,EHAM,2022-06,217,30,4.1833,all_flights,EGBB → EHAM,13.8249
EGBB,EHAM,2022-09,213,16,0.75,all_flights,EGBB → EHAM,7.5117
EGBB,EHAM,2022-12,140,15,0.3667,all_flights,EGBB → EHAM,10.7143
EGBB,EIDW,2022-03,264,0,-10.9083,all_flights,EGBB → EIDW,0.0
EGBB,EIDW,2022-06,273,4,-4.9667,all_flights,EGBB → EIDW,1.4652
EGBB,EIDW,2022-09,265,10,-4.4,all_flights,EGBB → EIDW,3.7736
EGBB,EIDW,2022-12,306,21,-3.6917,all_flights,EGBB → EIDW,6.8627
EGCC,EGLL,2022-03,150,17,1.4917,all_flights,EGCC → EGLL,11.3333
EGCC,EGLL,2022-06,143,15,1.8333,all_flights,EGCC → EGLL,10.4895
EGCC,EGLL,2022-09,79,17,4.2833,all_flights,EGCC → EGLL,21.519
EGCC,EGLL,2022-12,188,35,2.95,all_flights,EGCC → EGLL,18.617
EGCC,EHAM,2022-03,200,6,-4.1333,all_flights,EGCC → EHAM,3.0
EGCC,EHAM,2022-06,269,61,4.2167,all_flights,EGCC → EHAM,22.6766
EGCC,EHAM,2022-09,240,24,-0.5917,all_flights,EGCC → EHAM,10.0
EGCC,EHAM,2022-12,214,16,-1.7917,all_flights,EGCC → EHAM,7.4766
EGCC,EIDW,2022-03,265,3,-9.7667,all_flights,EGCC → EIDW,1.1321
EGCC,EIDW,2022-06,313,20,-4.95,all_flights,EGCC → EIDW,6.3898
EGCC,EIDW,2022-09,296,16,-4.5917,all_flights,EGCC → EIDW,5.4054
EGCC,EIDW,2022-12,310,27,-2.4083,all_flights,EGCC → EIDW,8.7097
EGCC,GCTS,2022-03,198,8,-5.775,all_flights,EGCC → GCTS,4.0404
EGCC,GCTS,2022-06,139,15,-2.4667,all_flights,EGCC → GCTS,10.7914
EGCC,GCTS,2022-09,168,20,-1.1667,all_flights,EGCC → GCTS,11.9048
EGCC,GCTS,2022-12,207,31,-0.25,all_flights,EGCC → GCTS,14.9758
EGCC,LEAL,2022-03,155,8,0.3833,all_flights,EGCC → LEAL,5.1613
EGCC,LEAL,2022-06,192,51,5.9583,all_flights,EGCC → LEAL,26.5625
EGCC,LEAL,2022-09,201,43,5.4667,all_flights,EGCC → LEAL,21.393
EGCC,LEAL,2022-12,141,11,1.1333,all_flights,EGCC → LEAL,7.8014
EGCC,LEMG,2022-03,108,11,1.3417,all_flights,EGCC → LEMG,10.1852
EGCC,LEMG,2022-06,157,24,4.0667,all_flights,EGCC → LEMG,15.2866
EGCC,LEMG,2022-09,162,23,3.6083,all_flights,EGCC → LEMG,14.1975
EGCC,LEMG,2022-12,94,10,2.775,all_flights,EGCC → LEMG,10.6383
EGCC,LEPA,2022-03,61,1,-3.1167,all_flights,EGCC → LEPA,1.6393
EGCC,LEPA,2022-06,267,61,3.6167,all_flights,EGCC → LEPA,22.8464
EGCC,LEPA,2022-09,262,78,6.3667,all_flights,EGCC → LEPA,29.771
EGCC,LEPA,2022-12,31,4,1.45,all_flights,EGCC → LEPA,12.9032
EGCC,LFPG,2022-03,170,6,-3.1,all_flights,EGCC → LFPG,3.5294
EGCC,LFPG,2022-06,153,29,2.9667,all_flights,EGCC → LFPG,18.9542
EGCC,LFPG,2022-09,152,26,1.7333,all_flights,EGCC → LFPG,17.1053
EGCC,LFPG,2022-12,179,16,-0.5,all_flights,EGCC → LFPG,8.9385
EGGD,EHAM,2022-03,146,5,-0.9333,all_flights,EGGD → EHAM,3.4247
EGGD,EHAM,2022-06,163,35,5.9167,all_flights,EGGD → EHAM,21.4724
EGGD,EHAM,2022-09,138,18,4.6917,all_flights,EGGD → EHAM,13.0435
EGGD,EHAM,2022-12,140,17,4.3833,all_flights,EGGD → EHAM,12.1429
EGGD,EIDW,2022-03,111,2,-4.4333,all_flights,EGGD → EIDW,1.8018
EGGD,EIDW,2022-06,162,1,-2.4,all_flights,EGGD → EIDW,0.6173
EGGD,EIDW,2022-09,155,5,-1.5333,all_flights,EGGD → EIDW,3.2258
EGGD,EIDW,2022-12,137,7,-3.8833,all_flights,EGGD → EIDW,5.1095
EGGP,EGAA,2022-03,176,4,-10.2,all_flights,EGGP → EGAA,2.2727
EGGP,EGAA,2022-06,144,12,-4.0,all_flights,EGGP → EGAA,8.3333
EGGP,EGAA,2022-09,127,6,-4.8833,all_flights,EGGP → EGAA,4.7244
EGGP,EGAA,2022-12,94,4,-6.85,all_flights,EGGP → EGAA,4.2553
EGGW,EHAM,2022-03,157,6,-9.7333,all_flights,EGGW → EHAM,3.8217
EGGW,EHAM,2022-06,158,24,1.95,all_flights,EGGW → EHAM,15.1899
EGGW,EHAM,2022-09,156,16,-1.7,all_flights,EGGW → EHAM,10.2564
EGGW,EHAM,2022-12,135,11,-2.5167,all_flights,EGGW → EHAM,8.1481
EGJB,EGKK,2022-03,109,2,-4.9333,all_flights,EGJB → EGKK,1.8349
EGJB,EGKK,2022-06,168,15,2.55,all_flights,EGJB → EGKK,8.9286
EGJB,EGKK,2022-09,169,36,4.4333,all_flights,EGJB → EGKK,21.3018
EGJB,EGKK,2022-12,160,19,1.775,all_flights,EGJB → EGKK,11.875
EGKK,EGAA,2022-03,156,0,-14.0083,all_flights,EGKK → EGAA,0.0
EGKK,EGAA,2022-06,152,10,-1.45,all_flights,EGKK → EGAA,6.5789
EGKK,EGAA,2022-09,170,8,-2.6917,all_flights,EGKK → EGAA,4.7059
EGKK,EGAA,2022-12,134,1,-6.3583,all_flights,EGKK → EGAA,0.7463
EGKK,EGJB,2022-03,110,2,-4.9583,all_flights,EGKK → EGJB,1.8182
EGKK,EGJB,2022-06,168,5,-9.1167,all_flights,EGKK → EGJB,2.9762
EGKK,EGJB,2022-09,169,6,-7.0,all_flights,EGKK → EGJB,3.5503
EGKK,EGJB,2022-12,159,6,-8.1333,all_flights,EGKK → EGJB,3.7736
EGKK,EGPF,2022-03,125,0,-11.0167,all_flights,EGKK → EGPF,0.0
EGKK,EGPF,2022-06,157,15,-1.95,all_flights,EGKK → EGPF,9.5541
EGKK,EGPF,2022-09,167,13,-3.1667,all_flights,EGKK → EGPF,7.7844
EGKK,EGPF,2022-12,113,5,-2.2667,all_flights,EGKK → EGPF,4.4248
EGKK,EGPH,2022-03,123,0,-16.6833,all_flights,EGKK → EGPH,0.0
EGKK,EGPH,2022-06,131,9,-3.65,all_flights,EGKK → EGPH,6.8702
EGKK,EGPH,2022-09,141,14,-1.2333,all_flights,EGKK → EGPH,9.9291
EGKK,EGPH,2022-12,125,4,-5.25,all_flights,EGKK → EGPH,3.2
EGKK,EHAM,2022-03,135,2,-13.3,all_flights,EGKK → EHAM,1.4815
EGKK,EHAM,2022-06,238,46,2.8917,all_flights,EGKK → EHAM,19.3277
EGKK,EHAM,2022-09,247,21,-1.1667,all_flights,EGKK → EHAM,8.502
EGKK,EHAM,2022-12,249,18,-1.5833,all_flights,EGKK → EHAM,7.2289
EGKK,EIDW,2022-03,353,1,-13.7333,all_flights,EGKK → EIDW,0.2833
EGKK,EIDW,2022-06,359,27,-3.6333,all_flights,EGKK → EIDW,7.5209
EGKK,EIDW,2022-09,360,11,-5.95,all_flights,EGKK → EIDW,3.0556
EGKK,EIDW,2022-12,379,14,-5.9167,all_flights,EGKK → EIDW,3.6939
EGKK,EKCH,2022-03,90,0,-11.8417,all_flights,EGKK → EKCH,0.0
EGKK,EKCH,2022-06,180,7,-7.0917,all_flights,EGKK → EKCH,3.8889
EGKK,EKCH,2022-09,179,7,-6.4167,all_flights,EGKK → EKCH,3.9106
EGKK,EKCH,2022-12,156,1,-11.6417,all_flights,EGKK → EKCH,0.641
EGKK,GCTS,2022-03,110,0,-6.1083,all_flights,EGKK → GCTS,0.0
EGKK,GCTS,2022-06,111,11,-3.7833,all_flights,EGKK → GCTS,9.9099
EGKK,GCTS,2022-09,119,14,-2.1167,all_flights,EGKK → GCTS,11.7647
EGKK,GCTS,2022-12,201,21,-0.7,all_flights,EGKK → GCTS,10.4478
EGKK,LEAL,2022-03,108,4,-1.9333,all_flights,EGKK → LEAL,3.7037
EGKK,LEAL,2022-06,172,21,2.3333,all_flights,EGKK → LEAL,12.2093
EGKK,LEAL,2022-09,184,23,4.85,all_flights,EGKK → LEAL,12.5
EGKK,LEAL,2022-12,134,7,0.4667,all_flights,EGKK → LEAL,5.2239
EGKK,LEBL,2022-03,154,3,-5.6917,all_flights,EGKK → LEBL,1.9481
EGKK,LEBL,2022-06,332,60,4.925,all_flights,EGKK → LEBL,18.0723
EGKK,LEBL,2022-09,352,67,5.3583,all_flights,EGKK → LEBL,19.0341
EGKK,LEBL,2022-12,264,16,-1.525,all_flights,EGKK → LEBL,6.0606
EGKK,LEMD,2022-03,140,3,-6.125,all_flights,EGKK → LEMD,2.1429
EGKK,LEMD,2022-06,210,17,-0.6333,all_flights,EGKK → LEMD,8.0952
EGKK,LEMD,2022-09,204,26,1.1417,all_flights,EGKK → LEMD,12.7451
EGKK,LEMD,2022-12,210,18,-1.6833,all_flights,EGKK → LEMD,8.5714
EGKK,LEMG,2022-03,125,8,-1.7333,all_flights,EGKK → LEMG,6.4
EGKK,LEMG,2022-06,293,53,3.8,all_flights,EGKK → LEMG,18.0887
EGKK,LEMG,2022-09,300,50,4.9083,all_flights,EGKK → LEMG,16.6667
EGKK,LEMG,2022-12,228,24,2.1667,all_flights,EGKK → LEMG,10.5263
EGKK,LEPA,2022-03,73,4,-7.6167,all_flights,EGKK → LEPA,5.4795
EGKK,LEPA,2022-06,235,29,3.0167,all_flights,EGKK → LEPA,12.3404
EGKK,LEPA,2022-09,237,38,4.2167,all_flights,EGKK → LEPA,16.0338
EGKK,LEPA,2022-12,93,3,-3.4333,all_flights,EGKK → LEPA,3.2258
EGKK,LFMN,2022-03,83,2,-5.5667,all_flights,EGKK → LFMN,2.4096
EGKK,LFMN,2022-06,156,44,7.8333,all_flights,EGKK → LFMN,28.2051
EGKK,LFMN,2022-09,198,36,5.45,all_flights,EGKK → LFMN,18.1818
EGKK,LFMN,2022-12,83,8,0.3333,all_flights,EGKK → LFMN,9.6386
EGKK,LIMC,2022-03,112,1,-25.4,all_flights,EGKK → LIMC,0.8929
EGKK,LIMC,2022-06,181,19,-7.7333,all_flights,EGKK → LIMC,10.4972
EGKK,LIMC,2022-09,207,9,-14.4333,all_flights,EGKK → LIMC,4.3478
EGKK,LIMC,2022-12,196,0,-21.0417,all_flights,EGKK → LIMC,0.0
EGKK,LIRF,2022-03,61,2,-8.9333,all_flights,EGKK → LIRF,3.2787
EGKK,LIRF,2022-06,186,21,-1.1333,all_flights,EGKK → LIRF,11.2903
EGKK,LIRF,2022-09,212,13,-4.1583,all_flights,EGKK → LIRF,6.1321
EGKK,LIRF,2022-12,164,1,-12.3333,all_flights,EGKK → LIRF,0.6098
EGKK,LPFR,2022-03,87,1,-2.5833,all_flights,EGKK → LPFR,1.1494
EGKK,LPFR,2022-06,220,17,2.7833,all_flights,EGKK → LPFR,7.7273
EGKK,LPFR,2022-09,216,21,3.35,all_flights,EGKK → LPFR,9.7222
EGKK,LPFR,2022-12,137,8,1.75,all_flights,EGKK → LPFR,5.8394
EGKK,LSGG,2022-03,226,8,-6.05,all_flights,EGKK → LSGG,3.5398
EGKK,LSGG,2022-06,143,16,-1.0667,all_flights,EGKK → LSGG,11.1888
EGKK,LSGG,2022-09,162,16,-1.6833,all_flights,EGKK → LSGG,9.8765
EGKK,LSGG,2022-12,314,13,-6.3417,all_flights,EGKK → LSGG,4.1401
EGLC,EDDF,2022-03,127,0,-13.6833,all_flights,EGLC → EDDF,0.0
EGLC,EDDF,2022-06,144,4,-3.8417,all_flights,EGLC → EDDF,2.7778
EGLC,EDDF,2022-09,153,6,-4.2167,all_flights,EGLC → EDDF,3.9216
EGLC,EDDF,2022-12,138,2,-8.225,all_flights,EGLC → EDDF,1.4493
EGLC,EGPH,2022-03,174,5,-1.0917,all_flights,EGLC → EGPH,2.8736
EGLC,EGPH,2022-06,187,37,5.45,all_flights,EGLC → EGPH,19.7861
EGLC,EGPH,2022-09,191,36,5.4833,all_flights,EGLC → EGPH,18.8482
EGLC,EGPH,2022-12,191,25,4.8,all_flights,EGLC → EGPH,13.089
EGLC,EHAM,2022-03,204,9,-1.525,all_flights,EGLC → EHAM,4.4118
EGLC,EHAM,2022-06,289,52,4.9167,all_flights,EGLC → EHAM,17.9931
EGLC,EHAM,2022-09,297,46,4.55,all_flights,EGLC → EHAM,15.4882
EGLC,EHAM,2022-12,250,34,4.25,all_flights,EGLC → EHAM,13.6
EGLC,EIDW,2022-03,144,2,-4.5833,all_flights,EGLC → EIDW,1.3889
EGLC,EIDW,2022-06,118,20,5.4083,all_flights,EGLC → EIDW,16.9492
EGLC,EIDW,2022-09,145,12,0.65,all_flights,EGLC → EIDW,8.2759
EGLC,EIDW,2022-12,128,13,-0.975,all_flights,EGLC → EIDW,10.1562
EGLC,ELLX,2022-03,138,1,-11.9583,all_flights,EGLC → ELLX,0.7246
EGLC,ELLX,2022-06,198,10,-2.2333,all_flights,EGLC → ELLX,5.0505
EGLC,ELLX,2022-09,194,13,-1.5667,all_flights,EGLC → ELLX,6.701
EGLC,ELLX,2022-12,140,5,-1.65,all_flights,EGLC → ELLX,3.5714
EGLC,LSZH,2022-03,144,12,0.9167,all_flights,EGLC → LSZH,8.3333
EGLC,LSZH,2022-06,153,15,3.4,all_flights,EGLC → LSZH,9.8039
EGLC,LSZH,2022-09,161,27,3.5333,all_flights,EGLC → LSZH,16.7702
EGLC,LSZH,2022-12,157,21,2.9833,all_flights,EGLC → LSZH,13.3758
EGLL,CYYZ,2022-03,107,28,10.0333,all_flights,EGLL → CYYZ,26.1682
EGLL,CYYZ,2022-06,131,61,14.1833,all_flights,EGLL → CYYZ,46.5649
EGLL,CYYZ,2022-09,131,28,6.3333,all_flights,EGLL → CYYZ,21.374
EGLL,CYYZ,2022-12,154,43,7.7333,all_flights,EGLL → CYYZ,27.9221
EGLL,EBBR,2022-03,173,30,5.0167,all_flights,EGLL → EBBR,17.341
EGLL,EBBR,2022-06,212,43,7.1917,all_flights,EGLL → EBBR,20.283
EGLL,EBBR,2022-09,172,48,9.0333,all_flights,EGLL → EBBR,27.907
EGLL,EBBR,2022-12,225,56,7.8667,all_flights,EGLL → EBBR,24.8889
EGLL,EDDF,2022-03,298,10,-5.75,all_flights,EGLL → EDDF,3.3557
EGLL,EDDF,2022-06,406,29,-3.375,all_flights,EGLL → EDDF,7.1429
EGLL,EDDF,2022-09,339,31,-2.6833,all_flights,EGLL → EDDF,9.1445
EGLL,EDDF,2022-12,451,23,-5.2167,all_flights,EGLL → EDDF,5.0998
EGLL,EDDH,2022-03,151,23,2.0667,all_flights,EGLL → EDDH,15.2318
EGLL,EDDH,2022-06,153,26,2.6667,all_flights,EGLL → EDDH,16.9935
EGLL,EDDH,2022-09,135,38,4.1167,all_flights,EGLL → EDDH,28.1481
EGLL,EDDH,2022-12,182,27,1.3417,all_flights,EGLL → EDDH,14.8352
EGLL,EDDL,2022-03,179,18,1.7667,all_flights,EGLL → EDDL,10.0559
EGLL,EDDL,2022-06,179,27,4.4833,all_flights,EGLL → EDDL,15.0838
EGLL,EDDL,2022-09,169,40,4.2,all_flights,EGLL → EDDL,23.6686
EGLL,EDDL,2022-12,198,24,1.6,all_flights,EGLL → EDDL,12.1212
EGLL,EDDM,2022-03,227,12,-2.8,all_flights,EGLL → EDDM,5.2863
EGLL,EDDM,2022-06,331,97,7.9,all_flights,EGLL → EDDM,29.3051
EGLL,EDDM,2022-09,294,60,4.0583,all_flights,EGLL → EDDM,20.4082
EGLL,EDDM,2022-12,351,55,2.0333,all_flights,EGLL → EDDM,15.6695
EGLL,EGAC,2022-03,211,22,2.7333,all_flights,EGLL → EGAC,10.4265
EGLL,EGAC,2022-06,242,40,3.5917,all_flights,EGLL → EGAC,16.5289
EGLL,EGAC,2022-09,232,56,5.6333,all_flights,EGLL → EGAC,24.1379
EGLL,EGAC,2022-12,160,35,6.5833,all_flights,EGLL → EGAC,21.875
EGLL,EGCC,2022-03,152,63,12.7917,all_flights,EGLL → EGCC,41.4474
EGLL,EGCC,2022-06,142,53,11.7,all_flights,EGLL → EGCC,37.3239
EGLL,EGCC,2022-09,79,41,15.6167,all_flights,EGLL → EGCC,51.8987
EGLL,EGCC,2022-12,190,68,12.0083,all_flights,EGLL → EGCC,35.7895
EGLL,EGPD,2022-03,159,49,9.1,all_flights,EGLL → EGPD,30.8176
EGLL,EGPD,2022-06,127,42,10.95,all_flights,EGLL → EGPD,33.0709
EGLL,EGPD,2022-09,93,39,12.75,all_flights,EGLL → EGPD,41.9355
EGLL,EGPD,2022-12,166,58,10.6417,all_flights,EGLL → EGPD,34.9398
EGLL,EGPF,2022-03,214,49,7.1833,all_flights,EGLL → EGPF,22.8972
EGLL,EGPF,2022-06,252,92,10.9583,all_flights,EGLL → EGPF,36.5079
EGLL,EGPF,2022-09,173,79,14.0833,all_flights,EGLL → EGPF,45.6647
EGLL,EGPF,2022-12,210,65,9.15,all_flights,EGLL → EGPF,30.9524
EGLL,EGPH,2022-03,219,54,8.3333,all_flights,EGLL → EGPH,24.6575
EGLL,EGPH,2022-06,234,72,10.4083,all_flights,EGLL → EGPH,30.7692
EGLL,EGPH,2022-09,184,83,13.65,all_flights,EGLL → EGPH,45.1087
EGLL,EGPH,2022-12,240,64,8.5333,all_flights,EGLL → EGPH,26.6667
EGLL,EHAM,2022-03,343,66,6.4333,all_flights,EGLL → EHAM,19.242
EGLL,EHAM,2022-06,483,147,8.6833,all_flights,EGLL → EHAM,30.4348
EGLL,EHAM,2022-09,443,127,8.35,all_flights,EGLL → EHAM,28.6682
EGLL,EHAM,2022-12,513,112,6.3,all_flights,EGLL → EHAM,21.8324
EGLL,EIDW,2022-03,411,49,0.1667,all_flights,EGLL → EIDW,11.9221
EGLL,EIDW,2022-06,475,99,5.25,all_flights,EGLL → EIDW,20.8421
EGLL,EIDW,2022-09,453,62,2.9667,all_flights,EGLL → EIDW,13.6865
EGLL,EIDW,2022-12,464,78,3.0333,all_flights,EGLL → EIDW,16.8103
EGLL,EKCH,2022-03,211,29,3.0,all_flights,EGLL → EKCH,13.7441
EGLL,EKCH,2022-06,251,36,3.35,all_flights,EGLL → EKCH,14.3426
EGLL,EKCH,2022-09,226,44,4.6167,all_flights,EGLL → EKCH,19.469
EGLL,EKCH,2022-12,258,19,-1.0667,all_flights,EGLL → EKCH,7.3643
EGLL,ENGM,2022-03,176,17,2.7,all_flights,EGLL → ENGM,9.6591
EGLL,ENGM,2022-06,198,33,5.1083,all_flights,EGLL → ENGM,16.6667
EGLL,ENGM,2022-09,142,25,3.6417,all_flights,EGLL → ENGM,17.6056
EGLL,ENGM,2022-12,197,25,2.3167,all_flights,EGLL → ENGM,12.6904
EGLL,EPWA,2022-03,95,21,4.9833,all_flights,EGLL → EPWA,22.1053
EGLL,EPWA,2022-06,159,28,2.7333,all_flights,EGLL → EPWA,17.6101
EGLL,EPWA,2022-09,155,31,3.7167,all_flights,EGLL → EPWA,20.0
EGLL,EPWA,2022-12,166,27,2.3417,all_flights,EGLL → EPWA,16.2651
EGLL,ESSA,2022-03,190,23,3.6333,all_flights,EGLL → ESSA,12.1053
EGLL,ESSA,2022-06,225,42,5.8333,all_flights,EGLL → ESSA,18.6667
EGLL,ESSA,2022-09,205,29,4.0667,all_flights,EGLL → ESSA,14.1463
EGLL,ESSA,2022-12,251,36,4.55,all_flights,EGLL → ESSA,14.3426
EGLL,KBOS,2022-03,127,18,3.4167,all_flights,EGLL → KBOS,14.1732
EGLL,KBOS,2022-06,203,35,6.7167,all_flights,EGLL → KBOS,17.2414
EGLL,KBOS,2022-09,205,28,2.8333,all_flights,EGLL → KBOS,13.6585
EGLL,KBOS,2022-12,216,42,6.075,all_flights,EGLL → KBOS,19.4444
EGLL,KEWR,2022-03,142,18,2.7417,all_flights,EGLL → KEWR,12.6761
EGLL,KEWR,2022-06,276,41,4.45,all_flights,EGLL → KEWR,14.8551
EGLL,KEWR,2022-09,232,30,2.65,all_flights,EGLL → KEWR,12.931
EGLL,KEWR,2022-12,254,52,5.2583,all_flights,EGLL → KEWR,20.4724
EGLL,KIAD,2022-03,138,14,4.075,all_flights,EGLL → KIAD,10.1449
EGLL,KIAD,2022-06,158,26,4.8833,all_flights,EGLL → KIAD,16.4557
EGLL,KIAD,2022-09,122,23,4.8083,all_flights,EGLL → KIAD,18.8525
EGLL,KIAD,2022-12,143,27,6.1167,all_flights,EGLL → KIAD,18.8811
EGLL,KJFK,2022-03,412,72,4.6083,all_flights,EGLL → KJFK,17.4757
EGLL,KJFK,2022-06,533,100,4.7667,all_flights,EGLL → KJFK,18.7617
EGLL,KJFK,2022-09,496,87,4.4583,all_flights,EGLL → KJFK,17.5403
EGLL,KJFK,2022-12,495,102,4.9833,all_flights,EGLL → KJFK,20.6061
EGLL,KLAX,2022-03,165,19,5.4167,all_flights,EGLL → KLAX,11.5152
EGLL,KLAX,2022-06,266,59,7.9083,all_flights,EGLL → KLAX,22.1805
EGLL,KLAX,2022-09,235,39,4.2,all_flights,EGLL → KLAX,16.5957
EGLL,KLAX,2022-12,212,40,5.6667,all_flights,EGLL → KLAX,18.8679
EGLL,KMIA,2022-03,123,23,6.5333,all_flights,EGLL → KMIA,18.6992
EGLL,KMIA,2022-06,118,28,6.1167,all_flights,EGLL → KMIA,23.7288
EGLL,KMIA,2022-09,120,28,6.1167,all_flights,EGLL → KMIA,23.3333
EGLL,KMIA,2022-12,183,37,6.6,all_flights,EGLL → KMIA,20.2186
EGLL,KORD,2022-03,150,17,4.3917,all_flights,EGLL → KORD,11.3333
EGLL,KORD,2022-06,254,58,7.3417,all_flights,EGLL → KORD,22.8346
EGLL,KORD,2022-09,229,39,2.7167,all_flights,EGLL → KORD,17.0306
EGLL,KORD,2022-12,170,40,7.6583,all_flights,EGLL → KORD,23.5294
EGLL,KSFO,2022-03,127,19,3.5,all_flights,EGLL → KSFO,14.9606
EGLL,KSFO,2022-06,200,37,6.9833,all_flights,EGLL → KSFO,18.5
EGLL,KSFO,2022-09,199,40,5.05,all_flights,EGLL → KSFO,20.1005
EGLL,KSFO,2022-12,149,39,7.8167,all_flights,EGLL → KSFO,26.1745
EGLL,LEBL,2022-03,156,56,11.5417,all_flights,EGLL → LEBL,35.8974
EGLL,LEBL,2022-06,178,60,10.175,all_flights,EGLL → LEBL,33.7079
EGLL,LEBL,2022-09,175,84,14.1167,all_flights,EGLL → LEBL,48.0
EGLL,LEBL,2022-12,202,64,10.2917,all_flights,EGLL → LEBL,31.6832
EGLL,LEMD,2022-03,289,45,2.5833,all_flights,EGLL → LEMD,15.5709
EGLL,LEMD,2022-06,335,75,4.7,all_flights,EGLL → LEMD,22.3881
EGLL,LEMD,2022-09,333,68,6.0,all_flights,EGLL → LEMD,20.4204
EGLL,LEMD,2022-12,374,57,1.3833,all_flights,EGLL → LEMD,15.2406
EGLL,LFMN,2022-03,124,31,7.1333,all_flights,EGLL → LFMN,25.0
EGLL,LFMN,2022-06,209,72,8.9333,all_flights,EGLL → LFMN,34.4498
EGLL,LFMN,2022-09,129,54,11.15,all_flights,EGLL → LFMN,41.8605
EGLL,LFMN,2022-12,157,40,8.2333,all_flights,EGLL → LFMN,25.4777
EGLL,LFPG,2022-03,314,38,3.4,all_flights,EGLL → LFPG,12.1019
EGLL,LFPG,2022-06,370,84,7.0667,all_flights,EGLL → LFPG,22.7027
EGLL,LFPG,2022-09,268,61,6.4583,all_flights,EGLL → LFPG,22.7612
EGLL,LFPG,2022-12,341,70,5.55,all_flights,EGLL → LFPG,20.5279
EGLL,LGAV,2022-03,189,17,0.6667,all_flights,EGLL → LGAV,8.9947
EGLL,LGAV,2022-06,234,73,8.3,all_flights,EGLL → LGAV,31.1966
EGLL,LGAV,2022-09,260,74,5.7,all_flights,EGLL → LGAV,28.4615
EGLL,LGAV,2022-12,178,17,0.0,all_flights,EGLL → LGAV,9.5506
EGLL,LIML,2022-03,178,34,4.6083,all_flights,EGLL → LIML,19.1011
EGLL,LIML,2022-06,135,25,5.3333,all_flights,EGLL → LIML,18.5185
EGLL,LIML,2022-09,180,55,6.0833,all_flights,EGLL → LIML,30.5556
EGLL,LIML,2022-12,192,34,4.8,all_flights,EGLL → LIML,17.7083
EGLL,LIRF,2022-03,180,10,-3.3667,all_flights,EGLL → LIRF,5.5556
EGLL,LIRF,2022-06,165,26,0.9833,all_flights,EGLL → LIRF,15.7576
EGLL,LIRF,2022-09,223,39,1.1,all_flights,EGLL → LIRF,17.4888
EGLL,LIRF,2022-12,192,12,-4.3583,all_flights,EGLL → LIRF,6.25
EGLL,LOWW,2022-03,132,31,6.75,all_flights,EGLL → LOWW,23.4848
EGLL,LOWW,2022-06,195,90,14.0167,all_flights,EGLL → LOWW,46.1538
EGLL,LOWW,2022-09,210,93,13.1917,all_flights,EGLL → LOWW,44.2857
EGLL,LOWW,2022-12,227,82,10.8167,all_flights,EGLL → LOWW,36.1233
EGLL,LPPT,2022-03,309,60,5.5333,all_flights,EGLL → LPPT,19.4175
EGLL,LPPT,2022-06,277,98,11.2,all_flights,EGLL → LPPT,35.3791
EGLL,LPPT,2022-09,299,106,10.5333,all_flights,EGLL → LPPT,35.4515
EGLL,LPPT,2022-12,304,122,11.0583,all_flights,EGLL → LPPT,40.1316
EGLL,LSGG,2022-03,453,110,6.8167,all_flights,EGLL → LSGG,24.2826
EGLL,LSGG,2022-06,251,48,2.4833,all_flights,EGLL → LSGG,19.1235
EGLL,LSGG,2022-09,267,42,2.5,all_flights,EGLL → LSGG,15.7303
EGLL,LSGG,2022-12,433,76,1.7,all_flights,EGLL → LSGG,17.552
EGLL,LSZH,2022-03,244,27,3.5333,all_flights,EGLL → LSZH,11.0656
EGLL,LSZH,2022-06,284,73,4.8167,all_flights,EGLL → LSZH,25.7042
EGLL,LSZH,2022-09,280,57,4.925,all_flights,EGLL → LSZH,20.3571
EGLL,LSZH,2022-12,368,77,3.6167,all_flights,EGLL → LSZH,20.9239
EGLL,LTFM,2022-03,182,31,1.75,all_flights,EGLL → LTFM,17.033
EGLL,LTFM,2022-06,237,96,11.8,all_flights,EGLL → LTFM,40.5063
EGLL,LTFM,2022-09,258,53,4.3583,all_flights,EGLL → LTFM,20.5426
EGLL,LTFM,2022-12,248,50,2.0917,all_flights,EGLL → LTFM,20.1613
EGLL,OMDB,2022-03,253,82,10.5,all_flights,EGLL → OMDB,32.4111
EGLL,OMDB,2022-06,213,105,14.7,all_flights,EGLL → OMDB,49.2958
EGLL,OMDB,2022-09,238,103,12.5667,all_flights,EGLL → OMDB,43.2773
EGLL,OMDB,2022-12,282,161,17.6333,all_flights,EGLL → OMDB,57.0922
EGLL,OTHH,2022-03,155,79,16.0,all_flights,EGLL → OTHH,50.9677
EGLL,OTHH,2022-06,166,98,18.625,all_flights,EGLL → OTHH,59.0361
EGLL,OTHH,2022-09,211,105,14.8333,all_flights,EGLL → OTHH,49.763
EGLL,OTHH,2022-12,203,89,13.1833,all_flights,EGLL → OTHH,43.8424
EGLL,VIDP,2022-03,83,9,1.7667,all_flights,EGLL → VIDP,10.8434
EGLL,VIDP,2022-06,168,91,17.575,all_flights,EGLL → VIDP,54.1667
EGLL,VIDP,2022-09,197,56,7.8,all_flights,EGLL → VIDP,28.4264
EGLL,VIDP,2022-12,214,55,5.0417,all_flights,EGLL → VIDP,25.7009
EGLL,WSSS,2022-03,113,17,2.3833,all_flights,EGLL → WSSS,15.0442
EGLL,WSSS,2022-06,160,65,11.9833,all_flights,EGLL → WSSS,40.625
EGLL,WSSS,2022-09,180,53,7.9083,all_flights,EGLL → WSSS,29.4444
EGLL,WSSS,2022-12,215,70,7.3,all_flights,EGLL → WSSS,32.5581
EGNX,EDDK,2022-03,172,9,-0.3417,all_flights,EGNX → EDDK,5.2326
EGNX,EDDK,2022-06,115,30,3.3833,all_flights,EGNX → EDDK,26.087
EGNX,EDDK,2022-09,115,34,6.6833,all_flights,EGNX → EDDK,29.5652
EGNX,EDDK,2022-12,114,12,1.7833,all_flights,EGNX → EDDK,10.5263
EGNX,EDDP,2022-03,250,7,-5.1417,all_flights,EGNX → EDDP,2.8
EGNX,EDDP,2022-06,181,16,-1.0333,all_flights,EGNX → EDDP,8.8398
EGNX,EDDP,2022-09,192,13,-1.3417,all_flights,EGNX → EDDP,6.7708
EGNX,EDDP,2022-12,200,10,-2.2,all_flights,EGNX → EDDP,5.0
EGNX,EGAA,2022-03,168,7,0.6167,all_flights,EGNX → EGAA,4.1667
EGNX,EGAA,2022-06,140,3,-3.6333,all_flights,EGNX → EGAA,2.1429
EGNX,EGAA,2022-09,132,2,-1.0583,all_flights,EGNX → EGAA,1.5152
EGNX,EGAA,2022-12,172,9,0.9917,all_flights,EGNX → EGAA,5.2326
EGPB,EGPD,2022-03,314,46,1.75,all_flights,EGPB → EGPD,14.6497
EGPB,EGPD,2022-06,332,47,0.5083,all_flights,EGPB → EGPD,14.1566
EGPB,EGPD,2022-09,320,53,3.3917,all_flights,EGPB → EGPD,16.5625
EGPB,EGPD,2022-12,239,49,4.75,all_flights,EGPB → EGPD,20.5021
EGPD,EGLL,2022-03,160,13,1.275,all_flights,EGPD → EGLL,8.125
EGPD,EGLL,2022-06,128,48,10.0917,all_flights,EGPD → EGLL,37.5
EGPD,EGLL,2022-09,93,48,15.3833,all_flights,EGPD → EGLL,51.6129
EGPD,EGLL,2022-12,166,75,12.3667,all_flights,EGPD → EGLL,45.1807
EGPD,EGPB,2022-03,342,56,5.1667,all_flights,EGPD → EGPB,16.3743
EGPD,EGPB,2022-06,333,41,2.2333,all_flights,EGPD → EGPB,12.3123
EGPD,EGPB,2022-09,318,58,4.4417,all_flights,EGPD → EGPB,18.239
EGPD,EGPB,2022-12,236,50,6.1167,all_flights,EGPD → EGPB,21.1864
EGPF,EGKK,2022-03,123,10,-5.15,all_flights,EGPF → EGKK,8.1301
EGPF,EGKK,2022-06,158,65,11.7333,all_flights,EGPF → EGKK,41.1392
EGPF,EGKK,2022-09,168,48,6.4917,all_flights,EGPF → EGKK,28.5714
EGPF,EGKK,2022-12,115,26,3.6667,all_flights,EGPF → EGKK,22.6087
EGPF,EGLL,2022-03,216,19,1.375,all_flights,EGPF → EGLL,8.7963
EGPF,EGLL,2022-06,252,55,6.7417,all_flights,EGPF → EGLL,21.8254
EGPF,EGLL,2022-09,173,52,8.6667,all_flights,EGPF → EGLL,30.0578
EGPF,EGLL,2022-12,209,43,6.7833,all_flights,EGPF → EGLL,20.5742
EGPF,EIDW,2022-03,147,6,-4.9,all_flights,EGPF → EIDW,4.0816
EGPF,EIDW,2022-06,198,9,0.725,all_flights,EGPF → EIDW,4.5455
EGPF,EIDW,2022-09,195,15,0.65,all_flights,EGPF → EIDW,7.6923
EGPF,EIDW,2022-12,175,11,-1.7333,all_flights,EGPF → EIDW,6.2857
EGPH,EGKK,2022-03,124,4,-10.5667,all_flights,EGPH → EGKK,3.2258
EGPH,EGKK,2022-06,131,48,9.6167,all_flights,EGPH → EGKK,36.6412
EGPH,EGKK,2022-09,140,42,5.8083,all_flights,EGPH → EGKK,30.0
EGPH,EGKK,2022-12,124,28,3.75,all_flights,EGPH → EGKK,22.5806
EGPH,EGLC,2022-03,172,2,-9.4333,all_flights,EGPH → EGLC,1.1628
EGPH,EGLC,2022-06,187,22,0.1333,all_flights,EGPH → EGLC,11.7647
EGPH,EGLC,2022-09,188,15,-3.45,all_flights,EGPH → EGLC,7.9787
EGPH,EGLC,2022-12,190,25,-4.3083,all_flights,EGPH → EGLC,13.1579
EGPH,EGLL,2022-03,218,37,1.5917,all_flights,EGPH → EGLL,16.9725
EGPH,EGLL,2022-06,232,86,9.9083,all_flights,EGPH → EGLL,37.069
EGPH,EGLL,2022-09,183,76,11.85,all_flights,EGPH → EGLL,41.5301
EGPH,EGLL,2022-12,236,85,10.3333,all_flights,EGPH → EGLL,36.0169
EGPH,EGSS,2022-03,130,0,-10.2083,all_flights,EGPH → EGSS,0.0
EGPH,EGSS,2022-06,137,5,-4.9667,all_flights,EGPH → EGSS,3.6496
EGPH,EGSS,2022-09,131,7,-6.05,all_flights,EGPH → EGSS,5.3435
EGPH,EGSS,2022-12,216,28,-2.0917,all_flights,EGPH → EGSS,12.963
EGPH,EHAM,2022-03,152,12,-1.475,all_flights,EGPH → EHAM,7.8947
EGPH,EHAM,2022-06,163,50,9.0667,all_flights,EGPH → EHAM,30.6748
EGPH,EHAM,2022-09,155,28,3.4667,all_flights,EGPH → EHAM,18.0645
EGPH,EHAM,2022-12,138,34,3.9917,all_flights,EGPH → EHAM,24.6377
EGPH,EIDW,2022-03,177,10,-7.1667,all_flights,EGPH → EIDW,5.6497
EGPH,EIDW,2022-06,237,30,0.2,all_flights,EGPH → EIDW,12.6582
EGPH,EIDW,2022-09,239,26,0.2333,all_flights,EGPH → EIDW,10.8787
EGPH,EIDW,2022-12,242,28,-1.9667,all_flights,EGPH → EIDW,11.5702
EGSS,EGPH,2022-03,131,1,-6.9167,all_flights,EGSS → EGPH,0.7634
EGSS,EGPH,2022-06,137,4,-3.8167,all_flights,EGSS → EGPH,2.9197
EGSS,EGPH,2022-09,132,4,-2.75,all_flights,EGSS → EGPH,3.0303
EGSS,EGPH,2022-12,213,20,2.5667,all_flights,EGSS → EGPH,9.3897
EGSS,EIDW,2022-03,237,7,-4.9833,all_flights,EGSS → EIDW,2.9536
EGSS,EIDW,2022-06,262,19,-0.875,all_flights,EGSS → EIDW,7.2519
EGSS,EIDW,2022-09,261,16,-1.0833,all_flights,EGSS → EIDW,6.1303
EGSS,EIDW,2022-12,253,25,-0.95,all_flights,EGSS → EIDW,9.8814
EGSS,LHBP,2022-03,115,7,0.5833,all_flights,EGSS → LHBP,6.087
EGSS,LHBP,2022-06,133,62,12.0667,all_flights,EGSS → LHBP,46.6165
EGSS,LHBP,2022-09,137,44,8.6167,all_flights,EGSS → LHBP,32.1168
EGSS,LHBP,2022-12,119,10,3.3333,all_flights,EGSS → LHBP,8.4034
EGSS,LIME,2022-03,124,2,-13.3333,all_flights,EGSS → LIME,1.6129
EGSS,LIME,2022-06,119,21,0.2167,all_flights,EGSS → LIME,17.6471
EGSS,LIME,2022-09,120,23,-0.375,all_flights,EGSS → LIME,19.1667
EGSS,LIME,2022-12,144,8,-2.2083,all_flights,EGSS → LIME,5.5556
EGSS,LTFJ,2022-03,163,20,-1.0833,all_flights,EGSS → LTFJ,12.2699
EGSS,LTFJ,2022-06,177,51,7.8167,all_flights,EGSS → LTFJ,28.8136
EGSS,LTFJ,2022-09,189,42,5.75,all_flights,EGSS → LTFJ,22.2222
EGSS,LTFJ,2022-12,167,19,0.7667,all_flights,EGSS → LTFJ,11.3772
EHAM,EDDB,2022-03,221,26,5.8667,all_flights,EHAM → EDDB,11.7647
EHAM,EDDB,2022-06,222,88,12.1,all_flights,EHAM → EDDB,39.6396
EHAM,EDDB,2022-09,261,102,12.75,all_flights,EHAM → EDDB,39.0805
EHAM,EDDB,2022-12,227,51,6.6833,all_flights,EHAM → EDDB,22.467
EHAM,EDDF,2022-03,255,7,-6.4,all_flights,EHAM → EDDF,2.7451
EHAM,EDDF,2022-06,324,66,1.225,all_flights,EHAM → EDDF,20.3704
EHAM,EDDF,2022-09,245,41,1.45,all_flights,EHAM → EDDF,16.7347
EHAM,EDDF,2022-12,317,26,-5.2333,all_flights,EHAM → EDDF,8.2019
EHAM,EDDH,2022-03,136,5,-5.5417,all_flights,EHAM → EDDH,3.6765
EHAM,EDDH,2022-06,157,20,-0.0333,all_flights,EHAM → EDDH,12.7389
EHAM,EDDH,2022-09,169,12,-1.6167,all_flights,EHAM → EDDH,7.1006
EHAM,EDDH,2022-12,117,5,-6.3833,all_flights,EHAM → EDDH,4.2735
EHAM,EDDM,2022-03,241,6,-0.4833,all_flights,EHAM → EDDM,2.4896
EHAM,EDDM,2022-06,269,79,7.15,all_flights,EHAM → EDDM,29.368
EHAM,EDDM,2022-09,324,88,8.5833,all_flights,EHAM → EDDM,27.1605
EHAM,EDDM,2022-12,286,53,5.2667,all_flights,EHAM → EDDM,18.5315
EHAM,EDDS,2022-03,121,6,0.5667,all_flights,EHAM → EDDS,4.9587
EHAM,EDDS,2022-06,126,13,3.125,all_flights,EHAM → EDDS,10.3175
EHAM,EDDS,2022-09,134,40,8.1167,all_flights,EHAM → EDDS,29.8507
EHAM,EDDS,2022-12,133,19,3.4667,all_flights,EHAM → EDDS,14.2857
EHAM,EFHK,2022-03,160,10,4.55,all_flights,EHAM → EFHK,6.25
EHAM,EFHK,2022-06,174,50,7.475,all_flights,EHAM → EFHK,28.7356
EHAM,EFHK,2022-09,166,53,8.475,all_flights,EHAM → EFHK,31.9277
EHAM,EFHK,2022-12,144,40,8.9167,all_flights,EHAM → EFHK,27.7778
EHAM,EGBB,2022-03,117,7,2.0667,all_flights,EHAM → EGBB,5.9829
EHAM,EGBB,2022-06,216,56,8.775,all_flights,EHAM → EGBB,25.9259
EHAM,EGBB,2022-09,213,64,7.8667,all_flights,EHAM → EGBB,30.0469
EHAM,EGBB,2022-12,136,19,3.35,all_flights,EHAM → EGBB,13.9706
EHAM,EGCC,2022-03,200,18,1.5167,all_flights,EHAM → EGCC,9.0
EHAM,EGCC,2022-06,269,49,4.8833,all_flights,EHAM → EGCC,18.2156
EHAM,EGCC,2022-09,238,54,5.2417,all_flights,EHAM → EGCC,22.6891
EHAM,EGCC,2022-12,214,26,1.15,all_flights,EHAM → EGCC,12.1495
EHAM,EGGD,2022-03,146,11,3.1,all_flights,EHAM → EGGD,7.5342
EHAM,EGGD,2022-06,161,45,10.3,all_flights,EHAM → EGGD,27.9503
EHAM,EGGD,2022-09,137,34,8.6167,all_flights,EHAM → EGGD,24.8175
EHAM,EGGD,2022-12,139,30,7.0167,all_flights,EHAM → EGGD,21.5827
EHAM,EGGW,2022-03,154,18,2.6917,all_flights,EHAM → EGGW,11.6883
EHAM,EGGW,2022-06,156,29,3.1083,all_flights,EHAM → EGGW,18.5897
EHAM,EGGW,2022-09,149,33,5.5833,all_flights,EHAM → EGGW,22.1477
EHAM,EGGW,2022-12,129,17,3.2,all_flights,EHAM → EGGW,13.1783
EHAM,EGKK,2022-03,135,18,3.3667,all_flights,EHAM → EGKK,13.3333
EHAM,EGKK,2022-06,238,111,13.8667,all_flights,EHAM → EGKK,46.6387
EHAM,EGKK,2022-09,246,103,11.1667,all_flights,EHAM → EGKK,41.8699
EHAM,EGKK,2022-12,249,81,8.8667,all_flights,EHAM → EGKK,32.5301
EHAM,EGLC,2022-03,205,17,3.7667,all_flights,EHAM → EGLC,8.2927
EHAM,EGLC,2022-06,290,79,8.7417,all_flights,EHAM → EGLC,27.2414
EHAM,EGLC,2022-09,297,90,8.7333,all_flights,EHAM → EGLC,30.303
EHAM,EGLC,2022-12,250,52,5.975,all_flights,EHAM → EGLC,20.8
EHAM,EGLL,2022-03,349,117,12.65,all_flights,EHAM → EGLL,33.5244
EHAM,EGLL,2022-06,474,323,20.7583,all_flights,EHAM → EGLL,68.1435
EHAM,EGLL,2022-09,434,297,20.3083,all_flights,EHAM → EGLL,68.4332
EHAM,EGLL,2022-12,523,325,18.2833,all_flights,EHAM → EGLL,62.1415
EHAM,EGPH,2022-03,153,14,4.6333,all_flights,EHAM → EGPH,9.1503
EHAM,EGPH,2022-06,163,44,8.85,all_flights,EHAM → EGPH,26.9939
EHAM,EGPH,2022-09,155,52,10.2333,all_flights,EHAM → EGPH,33.5484
EHAM,EGPH,2022-12,139,32,7.5667,all_flights,EHAM → EGPH,23.0216
EHAM,EIDW,2022-03,367,37,2.25,all_flights,EHAM → EIDW,10.0817
EHAM,EIDW,2022-06,376,143,11.3917,all_flights,EHAM → EIDW,38.0319
EHAM,EIDW,2022-09,360,128,10.55,all_flights,EHAM → EIDW,35.5556
EHAM,EIDW,2022-12,307,88,7.5833,all_flights,EHAM → EIDW,28.6645
EHAM,EKBI,2022-03,141,7,3.6167,all_flights,EHAM → EKBI,4.9645
EHAM,EKBI,2022-06,120,24,7.5833,all_flights,EHAM → EKBI,20.0
EHAM,EKBI,2022-09,132,28,7.95,all_flights,EHAM → EKBI,21.2121
EHAM,EKBI,2022-12,124,14,5.675,all_flights,EHAM → EKBI,11.2903
EHAM,EKCH,2022-03,311,33,3.4167,all_flights,EHAM → EKCH,10.6109
EHAM,EKCH,2022-06,387,116,8.25,all_flights,EHAM → EKCH,29.9742
EHAM,EKCH,2022-09,412,117,9.6917,all_flights,EHAM → EKCH,28.3981
EHAM,EKCH,2022-12,398,35,-0.2083,all_flights,EHAM → EKCH,8.794
EHAM,ENGM,2022-03,201,16,3.75,all_flights,EHAM → ENGM,7.9602
EHAM,ENGM,2022-06,242,65,9.125,all_flights,EHAM → ENGM,26.8595
EHAM,ENGM,2022-09,244,69,8.525,all_flights,EHAM → ENGM,28.2787
EHAM,ENGM,2022-12,195,50,7.0667,all_flights,EHAM → ENGM,25.641
EHAM,EPWA,2022-03,150,9,-1.4,all_flights,EHAM → EPWA,6.0
EHAM,EPWA,2022-06,196,35,4.175,all_flights,EHAM → EPWA,17.8571
EHAM,EPWA,2022-09,181,41,6.6833,all_flights,EHAM → EPWA,22.6519
EHAM,EPWA,2022-12,181,28,1.8833,all_flights,EHAM → EPWA,15.4696
EHAM,ESSA,2022-03,222,20,4.1417,all_flights,EHAM → ESSA,9.009
EHAM,ESSA,2022-06,233,80,8.8833,all_flights,EHAM → ESSA,34.3348
EHAM,ESSA,2022-09,247,68,8.7167,all_flights,EHAM → ESSA,27.5304
EHAM,ESSA,2022-12,230,47,7.1667,all_flights,EHAM → ESSA,20.4348
EHAM,LEBL,2022-03,322,55,8.0,all_flights,EHAM → LEBL,17.0807
EHAM,LEBL,2022-06,364,164,13.3167,all_flights,EHAM → LEBL,45.0549
EHAM,LEBL,2022-09,358,178,14.9167,all_flights,EHAM → LEBL,49.7207
EHAM,LEBL,2022-12,288,87,9.4417,all_flights,EHAM → LEBL,30.2083
EHAM,LEMD,2022-03,269,54,7.4,all_flights,EHAM → LEMD,20.0743
EHAM,LEMD,2022-06,250,91,12.175,all_flights,EHAM → LEMD,36.4
EHAM,LEMD,2022-09,263,96,11.0,all_flights,EHAM → LEMD,36.5019
EHAM,LEMD,2022-12,252,72,8.8333,all_flights,EHAM → LEMD,28.5714
EHAM,LEMG,2022-03,148,35,8.475,all_flights,EHAM → LEMG,23.6486
EHAM,LEMG,2022-06,187,98,15.3167,all_flights,EHAM → LEMG,52.4064
EHAM,LEMG,2022-09,160,78,14.1583,all_flights,EHAM → LEMG,48.75
EHAM,LEMG,2022-12,138,58,12.8917,all_flights,EHAM → LEMG,42.029
EHAM,LFPG,2022-03,327,31,3.7667,all_flights,EHAM → LFPG,9.4801
EHAM,LFPG,2022-06,293,113,10.75,all_flights,EHAM → LFPG,38.5666
EHAM,LFPG,2022-09,287,82,9.6833,all_flights,EHAM → LFPG,28.5714
EHAM,LFPG,2022-12,258,66,8.9167,all_flights,EHAM → LFPG,25.5814
EHAM,LGAV,2022-03,120,19,4.425,all_flights,EHAM → LGAV,15.8333
EHAM,LGAV,2022-06,149,80,15.95,all_flights,EHAM → LGAV,53.6913
EHAM,LGAV,2022-09,149,53,11.0167,all_flights,EHAM → LGAV,35.5705
EHAM,LGAV,2022-12,95,30,9.65,all_flights,EHAM → LGAV,31.5789
EHAM,LIMC,2022-03,146,1,-8.65,all_flights,EHAM → LIMC,0.6849
EHAM,LIMC,2022-06,180,31,-1.5833,all_flights,EHAM → LIMC,17.2222
EHAM,LIMC,2022-09,173,19,-2.4167,all_flights,EHAM → LIMC,10.9827
EHAM,LIMC,2022-12,113,15,-3.9,all_flights,EHAM → LIMC,13.2743
EHAM,LIML,2022-03,216,23,4.5083,all_flights,EHAM → LIML,10.6481
EHAM,LIML,2022-06,193,65,10.15,all_flights,EHAM → LIML,33.6788
EHAM,LIML,2022-09,202,76,11.8583,all_flights,EHAM → LIML,37.6238
EHAM,LIML,2022-12,192,51,9.875,all_flights,EHAM → LIML,26.5625
EHAM,LIRF,2022-03,225,6,-2.8833,all_flights,EHAM → LIRF,2.6667
EHAM,LIRF,2022-06,270,64,4.7583,all_flights,EHAM → LIRF,23.7037
EHAM,LIRF,2022-09,271,38,0.4833,all_flights,EHAM → LIRF,14.0221
EHAM,LIRF,2022-12,249,14,-2.9667,all_flights,EHAM → LIRF,5.6225
EHAM,LKPR,2022-03,147,7,1.6667,all_flights,EHAM → LKPR,4.7619
EHAM,LKPR,2022-06,145,50,9.8667,all_flights,EHAM → LKPR,34.4828
EHAM,LKPR,2022-09,158,31,5.2667,all_flights,EHAM → LKPR,19.6203
EHAM,LKPR,2022-12,128,15,2.5917,all_flights,EHAM → LKPR,11.7188
EHAM,LOWW,2022-03,178,26,6.9417,all_flights,EHAM → LOWW,14.6067
EHAM,LOWW,2022-06,216,101,14.2917,all_flights,EHAM → LOWW,46.7593
EHAM,LOWW,2022-09,225,98,13.6833,all_flights,EHAM → LOWW,43.5556
EHAM,LOWW,2022-12,193,74,12.1167,all_flights,EHAM → LOWW,38.342
EHAM,LPPT,2022-03,227,51,7.3333,all_flights,EHAM → LPPT,22.467
EHAM,LPPT,2022-06,312,161,15.375,all_flights,EHAM → LPPT,51.6026
EHAM,LPPT,2022-09,306,143,13.925,all_flights,EHAM → LPPT,46.732
EHAM,LPPT,2022-12,208,106,15.1833,all_flights,EHAM → LPPT,50.9615
EHAM,LROP,2022-03,132,8,-0.85,all_flights,EHAM → LROP,6.0606
EHAM,LROP,2022-06,162,44,4.7667,all_flights,EHAM → LROP,27.1605
EHAM,LROP,2022-09,139,38,6.9,all_flights,EHAM → LROP,27.3381
EHAM,LROP,2022-12,113,23,3.0,all_flights,EHAM → LROP,20.354
EHAM,LSGG,2022-03,246,19,2.2083,all_flights,EHAM → LSGG,7.7236
EHAM,LSGG,2022-06,197,51,6.1833,all_flights,EHAM → LSGG,25.8883
EHAM,LSGG,2022-09,220,46,6.5333,all_flights,EHAM → LSGG,20.9091
EHAM,LSGG,2022-12,230,32,1.5,all_flights,EHAM → LSGG,13.913
EHAM,LSZH,2022-03,235,29,4.05,all_flights,EHAM → LSZH,12.3404
EHAM,LSZH,2022-06,252,83,8.225,all_flights,EHAM → LSZH,32.9365
EHAM,LSZH,2022-09,268,83,9.7833,all_flights,EHAM → LSZH,30.9701
EHAM,LSZH,2022-12,258,59,6.3667,all_flights,EHAM → LSZH,22.8682
EHAM,LTFJ,2022-03,126,40,7.4667,all_flights,EHAM → LTFJ,31.746
EHAM,LTFJ,2022-06,136,66,13.7833,all_flights,EHAM → LTFJ,48.5294
EHAM,LTFJ,2022-09,135,68,15.1667,all_flights,EHAM → LTFJ,50.3704
EHAM,LTFJ,2022-12,106,54,15.4583,all_flights,EHAM → LTFJ,50.9434
EHAM,LTFM,2022-03,176,29,2.7083,all_flights,EHAM → LTFM,16.4773
EHAM,LTFM,2022-06,201,48,5.6667,all_flights,EHAM → LTFM,23.8806
EHAM,LTFM,2022-09,198,52,5.875,all_flights,EHAM → LTFM,26.2626
EHAM,LTFM,2022-12,157,45,5.55,all_flights,EHAM → LTFM,28.6624
EIDW,EDDF,2022-03,207,2,-7.9667,all_flights,EIDW → EDDF,0.9662
EIDW,EDDF,2022-06,190,16,-7.6583,all_flights,EIDW → EDDF,8.4211
EIDW,EDDF,2022-09,158,6,-11.175,all_flights,EIDW → EDDF,3.7975
EIDW,EDDF,2022-12,181,6,-6.85,all_flights,EIDW → EDDF,3.3149
EIDW,EGBB,2022-03,242,3,-1.9333,all_flights,EIDW → EGBB,1.2397
EIDW,EGBB,2022-06,256,29,0.1083,all_flights,EIDW → EGBB,11.3281
EIDW,EGBB,2022-09,246,18,0.725,all_flights,EIDW → EGBB,7.3171
EIDW,EGBB,2022-12,291,16,-1.8833,all_flights,EIDW → EGBB,5.4983
EIDW,EGCC,2022-03,272,8,-1.5,all_flights,EIDW → EGCC,2.9412
EIDW,EGCC,2022-06,315,33,1.3333,all_flights,EIDW → EGCC,10.4762
EIDW,EGCC,2022-09,301,30,2.7333,all_flights,EIDW → EGCC,9.9668
EIDW,EGCC,2022-12,310,16,-0.3917,all_flights,EIDW → EGCC,5.1613
EIDW,EGGD,2022-03,112,0,-2.725,all_flights,EIDW → EGGD,0.0
EIDW,EGGD,2022-06,163,21,0.4667,all_flights,EIDW → EGGD,12.8834
EIDW,EGGD,2022-09,155,14,1.65,all_flights,EIDW → EGGD,9.0323
EIDW,EGGD,2022-12,137,9,-0.6167,all_flights,EIDW → EGGD,6.5693
EIDW,EGKK,2022-03,354,15,-4.4833,all_flights,EIDW → EGKK,4.2373
EIDW,EGKK,2022-06,360,122,9.325,all_flights,EIDW → EGKK,33.8889
EIDW,EGKK,2022-09,360,100,4.225,all_flights,EIDW → EGKK,27.7778
EIDW,EGKK,2022-12,381,66,0.6167,all_flights,EIDW → EGKK,17.3228
EIDW,EGLC,2022-03,142,5,-4.175,all_flights,EIDW → EGLC,3.5211
EIDW,EGLC,2022-06,116,12,-3.8417,all_flights,EIDW → EGLC,10.3448
EIDW,EGLC,2022-09,145,6,-7.9833,all_flights,EIDW → EGLC,4.1379
EIDW,EGLC,2022-12,126,12,-9.0833,all_flights,EIDW → EGLC,9.5238
EIDW,EGLL,2022-03,411,31,-0.5333,all_flights,EIDW → EGLL,7.5426
EIDW,EGLL,2022-06,474,67,2.425,all_flights,EIDW → EGLL,14.135
EIDW,EGLL,2022-09,453,69,1.75,all_flights,EIDW → EGLL,15.2318
EIDW,EGLL,2022-12,463,102,2.5,all_flights,EIDW → EGLL,22.0302
EIDW,EGPF,2022-03,147,0,-5.8167,all_flights,EIDW → EGPF,0.0
EIDW,EGPF,2022-06,200,0,-5.5917,all_flights,EIDW → EGPF,0.0
EIDW,EGPF,2022-09,195,2,-9.1667,all_flights,EIDW → EGPF,1.0256
EIDW,EGPF,2022-12,177,2,-9.95,all_flights,EIDW → EGPF,1.1299
EIDW,EGPH,2022-03,177,5,-4.6333,all_flights,EIDW → EGPH,2.8249
EIDW,EGPH,2022-06,239,10,-1.3167,all_flights,EIDW → EGPH,4.1841
EIDW,EGPH,2022-09,240,13,-0.3667,all_flights,EIDW → EGPH,5.4167
EIDW,EGPH,2022-12,242,7,-1.275,all_flights,EIDW → EGPH,2.8926
EIDW,EGSS,2022-03,237,17,-2.2,all_flights,EIDW → EGSS,7.173
EIDW,EGSS,2022-06,262,16,-2.0417,all_flights,EIDW → EGSS,6.1069
EIDW,EGSS,2022-09,260,20,-1.15,all_flights,EIDW → EGSS,7.6923
EIDW,EGSS,2022-12,248,14,-3.4667,all_flights,EIDW → EGSS,5.6452
EIDW,EHAM,2022-03,368,26,1.85,all_flights,EIDW → EHAM,7.0652
EIDW,EHAM,2022-06,376,149,11.3417,all_flights,EIDW → EHAM,39.6277
EIDW,EHAM,2022-09,361,78,5.4833,all_flights,EIDW → EHAM,21.6066
EIDW,EHAM,2022-12,306,53,3.3417,all_flights,EIDW → EHAM,17.3203
EIDW,LEBL,2022-03,125,5,-3.0333,all_flights,EIDW → LEBL,4.0
EIDW,LEBL,2022-06,171,26,2.7833,all_flights,EIDW → LEBL,15.2047
EIDW,LEBL,2022-09,172,27,0.0833,all_flights,EIDW → LEBL,15.6977
EIDW,LEBL,2022-12,145,3,-2.2333,all_flights,EIDW → LEBL,2.069
EIDW,LEMD,2022-03,113,7,-1.0,all_flights,EIDW → LEMD,6.1947
EIDW,LEMD,2022-06,127,14,0.45,all_flights,EIDW → LEMD,11.0236
EIDW,LEMD,2022-09,119,9,-2.8167,all_flights,EIDW → LEMD,7.563
EIDW,LEMD,2022-12,152,8,-3.1333,all_flights,EIDW → LEMD,5.2632
EIDW,LEMG,2022-03,97,4,0.7667,all_flights,EIDW → LEMG,4.1237
EIDW,LEMG,2022-06,184,37,4.65,all_flights,EIDW → LEMG,20.1087
EIDW,LEMG,2022-09,183,33,3.7667,all_flights,EIDW → LEMG,18.0328
EIDW,LEMG,2022-12,99,5,-1.8833,all_flights,EIDW → LEMG,5.0505
EIDW,LFPG,2022-03,198,9,-1.975,all_flights,EIDW → LFPG,4.5455
EIDW,LFPG,2022-06,240,33,0.8083,all_flights,EIDW → LFPG,13.75
EIDW,LFPG,2022-09,244,33,-0.575,all_flights,EIDW → LFPG,13.5246
EIDW,LFPG,2022-12,234,10,-3.0667,all_flights,EIDW → LFPG,4.2735
EIDW,LPFR,2022-03,69,5,0.8667,all_flights,EIDW → LPFR,7.2464
EIDW,LPFR,2022-06,200,14,1.275,all_flights,EIDW → LPFR,7.0
EIDW,LPFR,2022-09,198,17,-1.2833,all_flights,EIDW → LPFR,8.5859
EIDW,LPFR,2022-12,52,4,-3.5667,all_flights,EIDW → LPFR,7.6923
EIDW,LPPT,2022-03,156,23,2.4417,all_flights,EIDW → LPPT,14.7436
EIDW,LPPT,2022-06,168,56,8.2,all_flights,EIDW → LPPT,33.3333
EIDW,LPPT,2022-09,169,63,8.55,all_flights,EIDW → LPPT,37.2781
EIDW,LPPT,2022-12,147,61,11.9,all_flights,EIDW → LPPT,41.4966
EKBI,EHAM,2022-03,141,9,0.7333,all_flights,EKBI → EHAM,6.383
EKBI,EHAM,2022-06,121,22,6.3833,all_flights,EKBI → EHAM,18.1818
EKBI,EHAM,2022-09,131,9,2.7,all_flights,EKBI → EHAM,6.8702
EKBI,EHAM,2022-12,123,14,3.0333,all_flights,EKBI → EHAM,11.3821
EKCH,BIKF,2022-03,95,22,8.4667,all_flights,EKCH → BIKF,23.1579
EKCH,BIKF,2022-06,171,72,12.9167,all_flights,EKCH → BIKF,42.1053
EKCH,BIKF,2022-09,141,29,9.1333,all_flights,EKCH → BIKF,20.5674
EKCH,BIKF,2022-12,107,46,13.85,all_flights,EKCH → BIKF,42.9907
EKCH,EBBR,2022-03,131,11,3.1667,all_flights,EKCH → EBBR,8.3969
EKCH,EBBR,2022-06,154,23,6.9917,all_flights,EKCH → EBBR,14.9351
EKCH,EBBR,2022-09,179,20,4.4333,all_flights,EKCH → EBBR,11.1732
EKCH,EBBR,2022-12,137,22,7.3333,all_flights,EKCH → EBBR,16.0584
EKCH,EDDF,2022-03,136,0,-4.3667,all_flights,EKCH → EDDF,0.0
EKCH,EDDF,2022-06,163,9,-2.7833,all_flights,EKCH → EDDF,5.5215
EKCH,EDDF,2022-09,142,4,-4.1,all_flights,EKCH → EDDF,2.8169
EKCH,EDDF,2022-12,157,9,-2.4,all_flights,EKCH → EDDF,5.7325
EKCH,EDDL,2022-03,143,5,2.7,all_flights,EKCH → EDDL,3.4965
EKCH,EDDL,2022-06,123,17,7.2833,all_flights,EKCH → EDDL,13.8211
EKCH,EDDL,2022-09,154,18,5.5917,all_flights,EKCH → EDDL,11.6883
EKCH,EDDL,2022-12,114,16,5.0333,all_flights,EKCH → EDDL,14.0351
EKCH,EDDM,2022-03,124,1,-4.1917,all_flights,EKCH → EDDM,0.8065
EKCH,EDDM,2022-06,154,3,-2.5583,all_flights,EKCH → EDDM,1.9481
EKCH,EDDM,2022-09,167,5,-3.3333,all_flights,EKCH → EDDM,2.994
EKCH,EDDM,2022-12,125,10,-1.9833,all_flights,EKCH → EDDM,8.0
EKCH,EFHK,2022-03,165,9,1.8333,all_flights,EKCH → EFHK,5.4545
EKCH,EFHK,2022-06,162,30,5.0583,all_flights,EKCH → EFHK,18.5185
EKCH,EFHK,2022-09,241,18,3.3,all_flights,EKCH → EFHK,7.4689
EKCH,EFHK,2022-12,206,29,4.4583,all_flights,EKCH → EFHK,14.0777
EKCH,EGKK,2022-03,90,8,4.9417,all_flights,EKCH → EGKK,8.8889
EKCH,EGKK,2022-06,180,64,12.35,all_flights,EKCH → EGKK,35.5556
EKCH,EGKK,2022-09,180,52,10.35,all_flights,EKCH → EGKK,28.8889
EKCH,EGKK,2022-12,155,41,9.5833,all_flights,EKCH → EGKK,26.4516
EKCH,EGLL,2022-03,211,46,7.9167,all_flights,EKCH → EGLL,21.8009
EKCH,EGLL,2022-06,254,104,12.8583,all_flights,EKCH → EGLL,40.9449
EKCH,EGLL,2022-09,225,88,12.2667,all_flights,EKCH → EGLL,39.1111
EKCH,EGLL,2022-12,257,92,11.2167,all_flights,EKCH → EGLL,35.7977
EKCH,EHAM,2022-03,313,31,5.8,all_flights,EKCH → EHAM,9.9042
EKCH,EHAM,2022-06,385,110,10.3167,all_flights,EKCH → EHAM,28.5714
EKCH,EHAM,2022-09,411,68,6.8167,all_flights,EKCH → EHAM,16.545
EKCH,EHAM,2022-12,397,70,7.6833,all_flights,EKCH → EHAM,17.6322
EKCH,EKRN,2022-03,194,7,-1.725,all_flights,EKCH → EKRN,3.6082
EKCH,EKRN,2022-06,249,12,1.2333,all_flights,EKCH → EKRN,4.8193
EKCH,EKRN,2022-09,206,7,0.4167,all_flights,EKCH → EKRN,3.3981
EKCH,EKRN,2022-12,173,11,1.6,all_flights,EKCH → EKRN,6.3584
EKCH,EKYT,2022-03,446,14,-0.5333,all_flights,EKCH → EKYT,3.139
EKCH,EKYT,2022-06,448,16,1.3417,all_flights,EKCH → EKYT,3.5714
EKCH,EKYT,2022-09,477,13,0.4333,all_flights,EKCH → EKYT,2.7254
EKCH,EKYT,2022-12,395,28,0.8833,all_flights,EKCH → EKYT,7.0886
EKCH,ENBR,2022-03,103,1,-3.7167,all_flights,EKCH → ENBR,0.9709
EKCH,ENBR,2022-06,144,7,1.1667,all_flights,EKCH → ENBR,4.8611
EKCH,ENBR,2022-09,148,10,-0.3583,all_flights,EKCH → ENBR,6.7568
EKCH,ENBR,2022-12,114,11,3.7,all_flights,EKCH → ENBR,9.6491
EKCH,ENGM,2022-03,384,4,-0.825,all_flights,EKCH → ENGM,1.0417
EKCH,ENGM,2022-06,523,35,2.4667,all_flights,EKCH → ENGM,6.6922
EKCH,ENGM,2022-09,554,30,1.0833,all_flights,EKCH → ENGM,5.4152
EKCH,ENGM,2022-12,457,34,1.8333,all_flights,EKCH → ENGM,7.4398
EKCH,ENZV,2022-03,129,1,-1.0833,all_flights,EKCH → ENZV,0.7752
EKCH,ENZV,2022-06,166,5,1.725,all_flights,EKCH → ENZV,3.012
EKCH,ENZV,2022-09,156,8,0.9417,all_flights,EKCH → ENZV,5.1282
EKCH,ENZV,2022-12,154,13,2.9917,all_flights,EKCH → ENZV,8.4416
EKCH,EPWA,2022-03,110,0,-9.475,all_flights,EKCH → EPWA,0.0
EKCH,EPWA,2022-06,150,3,-3.9,all_flights,EKCH → EPWA,2.0
EKCH,EPWA,2022-09,162,7,-2.3583,all_flights,EKCH → EPWA,4.321
EKCH,EPWA,2022-12,135,11,-1.2,all_flights,EKCH → EPWA,8.1481
EKCH,ESSA,2022-03,290,14,0.3417,all_flights,EKCH → ESSA,4.8276
EKCH,ESSA,2022-06,406,24,-0.375,all_flights,EKCH → ESSA,5.9113
EKCH,ESSA,2022-09,475,23,0.6333,all_flights,EKCH → ESSA,4.8421
EKCH,ESSA,2022-12,405,19,-2.8833,all_flights,EKCH → ESSA,4.6914
EKCH,LEMG,2022-03,123,8,3.1667,all_flights,EKCH → LEMG,6.5041
EKCH,LEMG,2022-06,154,32,7.2917,all_flights,EKCH → LEMG,20.7792
EKCH,LEMG,2022-09,153,30,6.8167,all_flights,EKCH → LEMG,19.6078
EKCH,LEMG,2022-12,112,15,4.2917,all_flights,EKCH → LEMG,13.3929
EKCH,LFPG,2022-03,259,22,2.5167,all_flights,EKCH → LFPG,8.4942
EKCH,LFPG,2022-06,273,51,6.0833,all_flights,EKCH → LFPG,18.6813
EKCH,LFPG,2022-09,275,45,5.0,all_flights,EKCH → LFPG,16.3636
EKCH,LFPG,2022-12,238,29,5.6083,all_flights,EKCH → LFPG,12.1849
EKCH,LSZH,2022-03,127,3,-1.6667,all_flights,EKCH → LSZH,2.3622
EKCH,LSZH,2022-06,135,15,1.45,all_flights,EKCH → LSZH,11.1111
EKCH,LSZH,2022-09,128,7,-0.625,all_flights,EKCH → LSZH,5.4688
EKCH,LSZH,2022-12,140,12,3.5333,all_flights,EKCH → LSZH,8.5714
EKRN,EKCH,2022-03,194,1,-3.275,all_flights,EKRN → EKCH,0.5155
EKRN,EKCH,2022-06,245,2,-2.5167,all_flights,EKRN → EKCH,0.8163
EKRN,EKCH,2022-09,206,3,-2.375,all_flights,EKRN → EKCH,1.4563
EKRN,EKCH,2022-12,175,0,-6.5,all_flights,EKRN → EKCH,0.0
EKYT,EKCH,2022-03,448,17,-0.1417,all_flights,EKYT → EKCH,3.7946
EKYT,EKCH,2022-06,448,17,-0.1,all_flights,EKYT → EKCH,3.7946
EKYT,EKCH,2022-09,479,17,-1.3167,all_flights,EKYT → EKCH,3.5491
EKYT,EKCH,2022-12,398,22,-3.5167,all_flights,EKYT → EKCH,5.5276
ELLX,EGLC,2022-03,138,3,-9.5333,all_flights,ELLX → EGLC,2.1739
ELLX,EGLC,2022-06,199,7,-7.15,all_flights,ELLX → EGLC,3.5176
ELLX,EGLC,2022-09,196,11,-7.0417,all_flights,ELLX → EGLC,5.6122
ELLX,EGLC,2022-12,141,10,-7.5167,all_flights,ELLX → EGLC,7.0922
ELLX,LIMC,2022-03,145,0,-22.4833,all_flights,ELLX → LIMC,0.0
ELLX,LIMC,2022-06,129,8,-12.0,all_flights,ELLX → LIMC,6.2016
ELLX,LIMC,2022-09,140,5,-14.425,all_flights,ELLX → LIMC,3.5714
ELLX,LIMC,2022-12,135,0,-11.6167,all_flights,ELLX → LIMC,0.0
ELLX,LPPR,2022-03,118,8,1.8417,all_flights,ELLX → LPPR,6.7797
ELLX,LPPR,2022-06,121,36,7.5833,all_flights,ELLX → LPPR,29.7521
ELLX,LPPR,2022-09,133,30,6.6167,all_flights,ELLX → LPPR,22.5564
ELLX,LPPR,2022-12,165,49,6.6667,all_flights,ELLX → LPPR,29.697
ENAL,ENBR,2022-03,182,4,-3.2583,all_flights,ENAL → ENBR,2.1978
ENAL,ENBR,2022-06,188,5,-3.325,all_flights,ENAL → ENBR,2.6596
ENAL,ENBR,2022-09,227,6,-4.8333,all_flights,ENAL → ENBR,2.6432
ENAL,ENBR,2022-12,148,6,-4.2167,all_flights,ENAL → ENBR,4.0541
ENAL,ENGM,2022-03,169,5,-1.6333,all_flights,ENAL → ENGM,2.9586
ENAL,ENGM,2022-06,197,7,1.8,all_flights,ENAL → ENGM,3.5533
ENAL,ENGM,2022-09,220,4,0.5167,all_flights,ENAL → ENGM,1.8182
ENAL,ENGM,2022-12,185,11,-0.85,all_flights,ENAL → ENGM,5.9459
ENBO,ENGM,2022-03,239,21,2.3167,all_flights,ENBO → ENGM,8.7866
ENBO,ENGM,2022-06,291,36,5.0333,all_flights,ENBO → ENGM,12.3711
ENBO,ENGM,2022-09,295,26,2.8833,all_flights,ENBO → ENGM,8.8136
ENBO,ENGM,2022-12,230,23,3.175,all_flights,ENBO → ENGM,10.0
ENBO,ENLK,2022-03,161,3,-9.2167,all_flights,ENBO → ENLK,1.8634
ENBO,ENLK,2022-06,148,3,-8.8833,all_flights,ENBO → ENLK,2.027
ENBO,ENLK,2022-09,186,0,-12.075,all_flights,ENBO → ENLK,0.0
ENBO,ENLK,2022-12,162,5,-7.25,all_flights,ENBO → ENLK,3.0864
ENBO,ENSH,2022-03,136,4,-4.2917,all_flights,ENBO → ENSH,2.9412
ENBO,ENSH,2022-06,121,0,-6.1667,all_flights,ENBO → ENSH,0.0
ENBO,ENSH,2022-09,124,0,-7.95,all_flights,ENBO → ENSH,0.0
ENBO,ENSH,2022-12,120,4,-4.9833,all_flights,ENBO → ENSH,3.3333
ENBO,ENTC,2022-03,153,12,-0.1667,all_flights,ENBO → ENTC,7.8431
ENBO,ENTC,2022-06,157,2,-3.7667,all_flights,ENBO → ENTC,1.2739
ENBO,ENTC,2022-09,179,2,-4.05,all_flights,ENBO → ENTC,1.1173
ENBO,ENTC,2022-12,119,15,5.1167,all_flights,ENBO → ENTC,12.605
ENBO,ENVA,2022-03,114,6,-11.2583,all_flights,ENBO → ENVA,5.2632
ENBO,ENVA,2022-06,158,1,-10.9,all_flights,ENBO → ENVA,0.6329
ENBO,ENVA,2022-09,192,1,-11.45,all_flights,ENBO → ENVA,0.5208
ENBO,ENVA,2022-12,130,14,-7.825,all_flights,ENBO → ENVA,10.7692
ENBR,EKCH,2022-03,100,2,-11.2833,all_flights,ENBR → EKCH,2.0
ENBR,EKCH,2022-06,142,0,-9.0833,all_flights,ENBR → EKCH,0.0
ENBR,EKCH,2022-09,148,4,-7.55,all_flights,ENBR → EKCH,2.7027
ENBR,EKCH,2022-12,116,0,-10.225,all_flights,ENBR → EKCH,0.0
ENBR,ENAL,2022-03,177,1,-7.1167,all_flights,ENBR → ENAL,0.565
ENBR,ENAL,2022-06,191,0,-5.9,all_flights,ENBR → ENAL,0.0
ENBR,ENAL,2022-09,225,1,-10.3167,all_flights,ENBR → ENAL,0.4444
ENBR,ENAL,2022-12,149,4,-8.9333,all_flights,ENBR → ENAL,2.6846
ENBR,ENCN,2022-03,167,0,-14.2167,all_flights,ENBR → ENCN,0.0
ENBR,ENCN,2022-06,157,1,-9.8167,all_flights,ENBR → ENCN,0.6369
ENBR,ENCN,2022-09,167,1,-12.9333,all_flights,ENBR → ENCN,0.5988
ENBR,ENCN,2022-12,135,1,-5.6167,all_flights,ENBR → ENCN,0.7407
ENBR,ENFL,2022-03,138,0,-24.7083,all_flights,ENBR → ENFL,0.0
ENBR,ENFL,2022-06,128,0,-25.525,all_flights,ENBR → ENFL,0.0
ENBR,ENFL,2022-09,152,0,-27.3917,all_flights,ENBR → ENFL,0.0
ENBR,ENFL,2022-12,121,0,-24.1667,all_flights,ENBR → ENFL,0.0
ENBR,ENGM,2022-03,619,1,-15.1833,all_flights,ENBR → ENGM,0.1616
ENBR,ENGM,2022-06,646,4,-11.4667,all_flights,ENBR → ENGM,0.6192
ENBR,ENGM,2022-09,811,2,-15.1333,all_flights,ENBR → ENGM,0.2466
ENBR,ENGM,2022-12,548,9,-13.1333,all_flights,ENBR → ENGM,1.6423
ENBR,ENTO,2022-03,144,0,-21.4417,all_flights,ENBR → ENTO,0.0
ENBR,ENTO,2022-06,150,0,-20.2167,all_flights,ENBR → ENTO,0.0
ENBR,ENTO,2022-09,154,0,-18.9333,all_flights,ENBR → ENTO,0.0
ENBR,ENTO,2022-12,137,0,-16.9667,all_flights,ENBR → ENTO,0.0
ENBR,ENVA,2022-03,276,2,-10.9333,all_flights,ENBR → ENVA,0.7246
ENBR,ENVA,2022-06,310,2,-8.2917,all_flights,ENBR → ENVA,0.6452
ENBR,ENVA,2022-09,351,2,-9.7,all_flights,ENBR → ENVA,0.5698
ENBR,ENVA,2022-12,242,7,-5.5667,all_flights,ENBR → ENVA,2.8926
ENBR,ENZV,2022-03,411,4,-9.25,all_flights,ENBR → ENZV,0.9732
ENBR,ENZV,2022-06,420,5,-7.5667,all_flights,ENBR → ENZV,1.1905
ENBR,ENZV,2022-09,507,9,-9.5833,all_flights,ENBR → ENZV,1.7751
ENBR,ENZV,2022-12,402,7,-7.075,all_flights,ENBR → ENZV,1.7413
ENCN,ENBR,2022-03,167,0,-14.5667,all_flights,ENCN → ENBR,0.0
ENCN,ENBR,2022-06,156,0,-11.1167,all_flights,ENCN → ENBR,0.0
ENCN,ENBR,2022-09,166,0,-12.1583,all_flights,ENCN → ENBR,0.0
ENCN,ENBR,2022-12,136,2,-9.275,all_flights,ENCN → ENBR,1.4706
ENCN,ENGM,2022-03,153,1,-6.6333,all_flights,ENCN → ENGM,0.6536
ENCN,ENGM,2022-06,158,2,-5.0,all_flights,ENCN → ENGM,1.2658
ENCN,ENGM,2022-09,187,2,-3.6667,all_flights,ENCN → ENGM,1.0695
ENCN,ENGM,2022-12,143,3,-2.4167,all_flights,ENCN → ENGM,2.0979
ENEV,ENGM,2022-03,166,8,0.2417,all_flights,ENEV → ENGM,4.8193
ENEV,ENGM,2022-06,202,15,1.825,all_flights,ENEV → ENGM,7.4257
ENEV,ENGM,2022-09,209,11,-0.1,all_flights,ENEV → ENGM,5.2632
ENEV,ENGM,2022-12,160,19,1.75,all_flights,ENEV → ENGM,11.875
ENFL,ENBR,2022-03,138,0,-18.1917,all_flights,ENFL → ENBR,0.0
ENFL,ENBR,2022-06,128,0,-16.9,all_flights,ENFL → ENBR,0.0
ENFL,ENBR,2022-09,151,0,-16.1333,all_flights,ENFL → ENBR,0.0
ENFL,ENBR,2022-12,122,3,-15.1167,all_flights,ENFL → ENBR,2.459
ENGM,EDDF,2022-03,111,6,-1.6333,all_flights,ENGM → EDDF,5.4054
ENGM,EDDF,2022-06,152,6,-3.9167,all_flights,ENGM → EDDF,3.9474
ENGM,EDDF,2022-09,115,3,-5.45,all_flights,ENGM → EDDF,2.6087
ENGM,EDDF,2022-12,131,13,1.7667,all_flights,ENGM → EDDF,9.9237
ENGM,EFHK,2022-03,97,5,0.9833,all_flights,ENGM → EFHK,5.1546
ENGM,EFHK,2022-06,135,15,3.9667,all_flights,ENGM → EFHK,11.1111
ENGM,EFHK,2022-09,135,13,2.0,all_flights,ENGM → EFHK,9.6296
ENGM,EFHK,2022-12,135,28,6.05,all_flights,ENGM → EFHK,20.7407
ENGM,EGLL,2022-03,172,59,11.6667,all_flights,ENGM → EGLL,34.3023
ENGM,EGLL,2022-06,197,79,11.4167,all_flights,ENGM → EGLL,40.1015
ENGM,EGLL,2022-09,141,38,9.2333,all_flights,ENGM → EGLL,26.9504
ENGM,EGLL,2022-12,195,86,13.0667,all_flights,ENGM → EGLL,44.1026
ENGM,EHAM,2022-03,199,19,6.2167,all_flights,ENGM → EHAM,9.5477
ENGM,EHAM,2022-06,241,56,9.1,all_flights,ENGM → EHAM,23.2365
ENGM,EHAM,2022-09,240,35,5.7917,all_flights,ENGM → EHAM,14.5833
ENGM,EHAM,2022-12,190,46,7.4,all_flights,ENGM → EHAM,24.2105
ENGM,EKCH,2022-03,387,3,-2.7167,all_flights,ENGM → EKCH,0.7752
ENGM,EKCH,2022-06,531,21,-1.4333,all_flights,ENGM → EKCH,3.9548
ENGM,EKCH,2022-09,557,11,-2.8,all_flights,ENGM → EKCH,1.9749
ENGM,EKCH,2022-12,465,19,-5.1167,all_flights,ENGM → EKCH,4.086
ENGM,ENAL,2022-03,174,13,3.3667,all_flights,ENGM → ENAL,7.4713
ENGM,ENAL,2022-06,202,25,6.4333,all_flights,ENGM → ENAL,12.3762
ENGM,ENAL,2022-09,227,18,3.5667,all_flights,ENGM → ENAL,7.9295
ENGM,ENAL,2022-12,194,35,4.875,all_flights,ENGM → ENAL,18.0412
ENGM,ENBO,2022-03,256,29,5.65,all_flights,ENGM → ENBO,11.3281
ENGM,ENBO,2022-06,307,47,7.5167,all_flights,ENGM → ENBO,15.3094
ENGM,ENBO,2022-09,313,22,4.5833,all_flights,ENGM → ENBO,7.0288
ENGM,ENBO,2022-12,239,48,6.5,all_flights,ENGM → ENBO,20.0837
ENGM,ENBR,2022-03,611,3,-3.3667,all_flights,ENGM → ENBR,0.491
ENGM,ENBR,2022-06,634,22,-1.3667,all_flights,ENGM → ENBR,3.47
ENGM,ENBR,2022-09,807,11,-4.1667,all_flights,ENGM → ENBR,1.3631
ENGM,ENBR,2022-12,541,33,-3.1667,all_flights,ENGM → ENBR,6.0998
ENGM,ENCN,2022-03,153,1,-6.6167,all_flights,ENGM → ENCN,0.6536
ENGM,ENCN,2022-06,158,0,-5.55,all_flights,ENGM → ENCN,0.0
ENGM,ENCN,2022-09,187,0,-6.7,all_flights,ENGM → ENCN,0.0
ENGM,ENCN,2022-12,143,6,-3.75,all_flights,ENGM → ENCN,4.1958
ENGM,ENEV,2022-03,166,36,8.3083,all_flights,ENGM → ENEV,21.6867
ENGM,ENEV,2022-06,201,44,8.7,all_flights,ENGM → ENEV,21.8905
ENGM,ENEV,2022-09,210,26,6.8667,all_flights,ENGM → ENEV,12.381
ENGM,ENEV,2022-12,157,42,8.7667,all_flights,ENGM → ENEV,26.7516
ENGM,ENHD,2022-03,161,5,-0.5,all_flights,ENGM → ENHD,3.1056
ENGM,ENHD,2022-06,160,7,1.8667,all_flights,ENGM → ENHD,4.375
ENGM,ENHD,2022-09,169,0,-0.65,all_flights,ENGM → ENHD,0.0
ENGM,ENHD,2022-12,133,13,1.65,all_flights,ENGM → ENHD,9.7744
ENGM,ENTC,2022-03,407,95,9.3,all_flights,ENGM → ENTC,23.3415
ENGM,ENTC,2022-06,366,92,10.1917,all_flights,ENGM → ENTC,25.1366
ENGM,ENTC,2022-09,394,56,7.1,all_flights,ENGM → ENTC,14.2132
ENGM,ENTC,2022-12,325,105,9.95,all_flights,ENGM → ENTC,32.3077
ENGM,ENVA,2022-03,704,17,-0.8667,all_flights,ENGM → ENVA,2.4148
ENGM,ENVA,2022-06,713,39,0.6167,all_flights,ENGM → ENVA,5.4698
ENGM,ENVA,2022-09,847,19,-0.5167,all_flights,ENGM → ENVA,2.2432
ENGM,ENVA,2022-12,618,50,-0.1,all_flights,ENGM → ENVA,8.0906
ENGM,ENZV,2022-03,512,8,0.35,all_flights,ENGM → ENZV,1.5625
ENGM,ENZV,2022-06,547,50,3.5833,all_flights,ENGM → ENZV,9.1408
ENGM,ENZV,2022-09,646,31,0.9083,all_flights,ENGM → ENZV,4.7988
ENGM,ENZV,2022-12,472,29,-0.075,all_flights,ENGM → ENZV,6.1441
ENGM,ESSA,2022-03,265,21,3.8333,all_flights,ENGM → ESSA,7.9245
ENGM,ESSA,2022-06,401,61,4.7667,all_flights,ENGM → ESSA,15.212
ENGM,ESSA,2022-09,472,24,2.4083,all_flights,ENGM → ESSA,5.0847
ENGM,ESSA,2022-12,358,35,3.7583,all_flights,ENGM → ESSA,9.7765
ENGM,LFPG,2022-03,96,13,4.0083,all_flights,ENGM → LFPG,13.5417
ENGM,LFPG,2022-06,156,41,7.25,all_flights,ENGM → LFPG,26.2821
ENGM,LFPG,2022-09,147,13,2.4833,all_flights,ENGM → LFPG,8.8435
ENGM,LFPG,2022-12,125,26,5.65,all_flights,ENGM → LFPG,20.8
ENHD,ENGM,2022-03,161,1,-3.75,all_flights,ENHD → ENGM,0.6211
ENHD,ENGM,2022-06,158,3,-1.3,all_flights,ENHD → ENGM,1.8987
ENHD,ENGM,2022-09,169,2,-2.2,all_flights,ENHD → ENGM,1.1834
ENHD,ENGM,2022-12,133,3,-1.8167,all_flights,ENHD → ENGM,2.2556
ENHF,ENTC,2022-03,192,5,-16.7917,all_flights,ENHF → ENTC,2.6042
ENHF,ENTC,2022-06,175,0,-19.8667,all_flights,ENHF → ENTC,0.0
ENHF,ENTC,2022-09,191,0,-19.4667,all_flights,ENHF → ENTC,0.0
ENHF,ENTC,2022-12,153,2,-14.75,all_flights,ENHF → ENTC,1.3072
ENLK,ENBO,2022-03,161,1,-6.0667,all_flights,ENLK → ENBO,0.6211
ENLK,ENBO,2022-06,149,0,-6.8833,all_flights,ENLK → ENBO,0.0
ENLK,ENBO,2022-09,186,0,-9.8167,all_flights,ENLK → ENBO,0.0
ENLK,ENBO,2022-12,163,2,-7.4333,all_flights,ENLK → ENBO,1.227
ENSH,ENBO,2022-03,136,3,-5.95,all_flights,ENSH → ENBO,2.2059
ENSH,ENBO,2022-06,141,1,-6.4333,all_flights,ENSH → ENBO,0.7092
ENSH,ENBO,2022-09,144,0,-13.325,all_flights,ENSH → ENBO,0.0
ENSH,ENBO,2022-12,132,1,-9.2417,all_flights,ENSH → ENBO,0.7576
ENTC,ENAT,2022-03,181,10,-5.9,all_flights,ENTC → ENAT,5.5249
ENTC,ENAT,2022-06,139,1,-9.6833,all_flights,ENTC → ENAT,0.7194
ENTC,ENAT,2022-09,152,1,-10.15,all_flights,ENTC → ENAT,0.6579
ENTC,ENAT,2022-12,140,4,-5.9917,all_flights,ENTC → ENAT,2.8571
ENTC,ENBO,2022-03,135,7,-13.3,all_flights,ENTC → ENBO,5.1852
ENTC,ENBO,2022-06,129,0,-18.4667,all_flights,ENTC → ENBO,0.0
ENTC,ENBO,2022-09,154,1,-17.275,all_flights,ENTC → ENBO,0.6494
ENTC,ENBO,2022-12,107,1,-8.9,all_flights,ENTC → ENBO,0.9346
ENTC,ENGM,2022-03,431,17,-2.4333,all_flights,ENTC → ENGM,3.9443
ENTC,ENGM,2022-06,392,23,-0.025,all_flights,ENTC → ENGM,5.8673
ENTC,ENGM,2022-09,414,26,-1.8417,all_flights,ENTC → ENGM,6.2802
ENTC,ENGM,2022-12,339,53,3.9667,all_flights,ENTC → ENGM,15.6342
ENTC,ENHF,2022-03,162,9,-14.3417,all_flights,ENTC → ENHF,5.5556
ENTC,ENHF,2022-06,151,1,-19.0167,all_flights,ENTC → ENHF,0.6623
ENTC,ENHF,2022-09,162,0,-18.9833,all_flights,ENTC → ENHF,0.0
ENTC,ENHF,2022-12,130,1,-16.2833,all_flights,ENTC → ENHF,0.7692
ENTO,ENBR,2022-03,142,0,-14.9667,all_flights,ENTO → ENBR,0.0
ENTO,ENBR,2022-06,154,0,-13.7833,all_flights,ENTO → ENBR,0.0
ENTO,ENBR,2022-09,152,1,-14.5917,all_flights,ENTO → ENBR,0.6579
ENTO,ENBR,2022-12,135,0,-13.8833,all_flights,ENTO → ENBR,0.0
ENVA,ENBO,2022-03,122,7,-6.15,all_flights,ENVA → ENBO,5.7377
ENVA,ENBO,2022-06,164,2,-6.6,all_flights,ENVA → ENBO,1.2195
ENVA,ENBO,2022-09,188,3,-10.0833,all_flights,ENVA → ENBO,1.5957
ENVA,ENBO,2022-12,128,9,-9.4917,all_flights,ENVA → ENBO,7.0312
ENVA,ENBR,2022-03,289,3,-7.3833,all_flights,ENVA → ENBR,1.0381
ENVA,ENBR,2022-06,307,7,-5.8667,all_flights,ENVA → ENBR,2.2801
ENVA,ENBR,2022-09,352,8,-5.6083,all_flights,ENVA → ENBR,2.2727
ENVA,ENBR,2022-12,246,14,-3.7583,all_flights,ENVA → ENBR,5.6911
ENVA,ENGM,2022-03,696,7,-6.1583,all_flights,ENVA → ENGM,1.0057
ENVA,ENGM,2022-06,708,14,-4.1917,all_flights,ENVA → ENGM,1.9774
ENVA,ENGM,2022-09,851,6,-7.05,all_flights,ENVA → ENGM,0.7051
ENVA,ENGM,2022-12,626,29,-5.7833,all_flights,ENVA → ENGM,4.6326
ENZV,EKCH,2022-03,127,0,-6.6667,all_flights,ENZV → EKCH,0.0
ENZV,EKCH,2022-06,166,3,-6.7,all_flights,ENZV → EKCH,1.8072
ENZV,EKCH,2022-09,151,2,-6.4667,all_flights,ENZV → EKCH,1.3245
ENZV,EKCH,2022-12,154,0,-7.5,all_flights,ENZV → EKCH,0.0
ENZV,ENBR,2022-03,396,1,-15.9917,all_flights,ENZV → ENBR,0.2525
ENZV,ENBR,2022-06,426,2,-11.1667,all_flights,ENZV → ENBR,0.4695
ENZV,ENBR,2022-09,504,4,-14.2333,all_flights,ENZV → ENBR,0.7937
ENZV,ENBR,2022-12,398,6,-12.7333,all_flights,ENZV → ENBR,1.5075
ENZV,ENGM,2022-03,512,1,-11.1667,all_flights,ENZV → ENGM,0.1953
ENZV,ENGM,2022-06,539,3,-7.2833,all_flights,ENZV → ENGM,0.5566
ENZV,ENGM,2022-09,638,5,-7.825,all_flights,ENZV → ENGM,0.7837
ENZV,ENGM,2022-12,471,10,-9.0333,all_flights,ENZV → ENGM,2.1231
EPGD,EPWA,2022-03,113,0,-14.3167,all_flights,EPGD → EPWA,0.0
EPGD,EPWA,2022-06,164,2,-12.0083,all_flights,EPGD → EPWA,1.2195
EPGD,EPWA,2022-09,159,5,-4.8667,all_flights,EPGD → EPWA,3.1447
EPGD,EPWA,2022-12,168,15,-4.2917,all_flights,EPGD → EPWA,8.9286
EPKK,EPWA,2022-03,131,3,-7.75,all_flights,EPKK → EPWA,2.2901
EPKK,EPWA,2022-06,206,48,-1.1833,all_flights,EPKK → EPWA,23.301
EPKK,EPWA,2022-09,203,10,-1.2167,all_flights,EPKK → EPWA,4.9261
EPKK,EPWA,2022-12,185,6,-4.6,all_flights,EPKK → EPWA,3.2432
EPWA,EDDF,2022-03,135,0,-5.35,all_flights,EPWA → EDDF,0.0
EPWA,EDDF,2022-06,195,18,-3.6,all_flights,EPWA → EDDF,9.2308
EPWA,EDDF,2022-09,157,14,-1.8833,all_flights,EPWA → EDDF,8.9172
EPWA,EDDF,2022-12,164,10,-1.8833,all_flights,EPWA → EDDF,6.0976
EPWA,EDDM,2022-03,123,5,-2.2167,all_flights,EPWA → EDDM,4.065
EPWA,EDDM,2022-06,180,22,0.3083,all_flights,EPWA → EDDM,12.2222
EPWA,EDDM,2022-09,173,8,1.2167,all_flights,EPWA → EDDM,4.6243
EPWA,EDDM,2022-12,146,7,-2.7917,all_flights,EPWA → EDDM,4.7945
EPWA,EGLL,2022-03,95,57,17.0333,all_flights,EPWA → EGLL,60.0
EPWA,EGLL,2022-06,158,88,16.6417,all_flights,EPWA → EGLL,55.6962
EPWA,EGLL,2022-09,156,72,13.6583,all_flights,EPWA → EGLL,46.1538
EPWA,EGLL,2022-12,165,83,15.1333,all_flights,EPWA → EGLL,50.303
EPWA,EHAM,2022-03,150,25,7.5833,all_flights,EPWA → EHAM,16.6667
EPWA,EHAM,2022-06,196,60,10.8417,all_flights,EPWA → EHAM,30.6122
EPWA,EHAM,2022-09,181,33,6.3,all_flights,EPWA → EHAM,18.232
EPWA,EHAM,2022-12,180,30,6.8083,all_flights,EPWA → EHAM,16.6667
EPWA,EKCH,2022-03,112,2,-5.6667,all_flights,EPWA → EKCH,1.7857
EPWA,EKCH,2022-06,150,4,-5.9,all_flights,EPWA → EKCH,2.6667
EPWA,EKCH,2022-09,163,3,-5.1667,all_flights,EPWA → EKCH,1.8405
EPWA,EKCH,2022-12,133,2,-4.2667,all_flights,EPWA → EKCH,1.5038
EPWA,EPGD,2022-03,113,0,-7.8167,all_flights,EPWA → EPGD,0.0
EPWA,EPGD,2022-06,164,2,-5.5833,all_flights,EPWA → EPGD,1.2195
EPWA,EPGD,2022-09,161,11,-1.6833,all_flights,EPWA → EPGD,6.8323
EPWA,EPGD,2022-12,171,17,-0.25,all_flights,EPWA → EPGD,9.9415
EPWA,EPKK,2022-03,132,4,-4.2,all_flights,EPWA → EPKK,3.0303
EPWA,EPKK,2022-06,206,50,2.9417,all_flights,EPWA → EPKK,24.2718
EPWA,EPKK,2022-09,204,16,2.4833,all_flights,EPWA → EPKK,7.8431
EPWA,EPKK,2022-12,187,10,0.7167,all_flights,EPWA → EPKK,5.3476
EPWA,EPWR,2022-03,115,1,-1.3667,all_flights,EPWA → EPWR,0.8696
EPWA,EPWR,2022-06,178,12,1.7583,all_flights,EPWA → EPWR,6.7416
EPWA,EPWR,2022-09,176,13,4.5917,all_flights,EPWA → EPWR,7.3864
EPWA,EPWR,2022-12,178,12,3.6167,all_flights,EPWA → EPWR,6.7416
EPWA,LFPG,2022-03,140,22,4.775,all_flights,EPWA → LFPG,15.7143
EPWA,LFPG,2022-06,222,70,10.2167,all_flights,EPWA → LFPG,31.5315
EPWA,LFPG,2022-09,208,57,9.8167,all_flights,EPWA → LFPG,27.4038
EPWA,LFPG,2022-12,188,37,5.5667,all_flights,EPWA → LFPG,19.6809
EPWA,LOWW,2022-03,99,7,3.2333,all_flights,EPWA → LOWW,7.0707
EPWA,LOWW,2022-06,167,51,10.5833,all_flights,EPWA → LOWW,30.5389
EPWA,LOWW,2022-09,166,42,9.0417,all_flights,EPWA → LOWW,25.3012
EPWA,LOWW,2022-12,156,21,1.9,all_flights,EPWA → LOWW,13.4615
EPWR,EPWA,2022-03,115,0,-11.9333,all_flights,EPWR → EPWA,0.0
EPWR,EPWA,2022-06,177,5,-7.7,all_flights,EPWR → EPWA,2.8249
EPWR,EPWA,2022-09,175,4,-3.1667,all_flights,EPWR → EPWA,2.2857
EPWR,EPWA,2022-12,177,4,-8.65,all_flights,EPWR → EPWA,2.2599
ESGG,ESSA,2022-03,190,6,-2.1583,all_flights,ESGG → ESSA,3.1579
ESGG,ESSA,2022-06,202,15,-0.7917,all_flights,ESGG → ESSA,7.4257
ESGG,ESSA,2022-09,214,15,-0.4417,all_flights,ESGG → ESSA,7.0093
ESGG,ESSA,2022-12,190,4,-1.5,all_flights,ESGG → ESSA,2.1053
ESGG,ESSB,2022-03,114,0,-8.025,all_flights,ESGG → ESSB,0.0
ESGG,ESSB,2022-06,135,1,-5.7333,all_flights,ESGG → ESSB,0.7407
ESGG,ESSB,2022-09,164,0,-4.4917,all_flights,ESGG → ESSB,0.0
ESGG,ESSB,2022-12,127,1,-3.8333,all_flights,ESGG → ESSB,0.7874
ESMS,ESSA,2022-03,182,3,-6.8333,all_flights,ESMS → ESSA,1.6484
ESMS,ESSA,2022-06,167,2,-5.9833,all_flights,ESMS → ESSA,1.1976
ESMS,ESSA,2022-09,186,2,-3.775,all_flights,ESMS → ESSA,1.0753
ESMS,ESSA,2022-12,148,4,-3.675,all_flights,ESMS → ESSA,2.7027
ESMS,ESSB,2022-03,162,1,-4.9583,all_flights,ESMS → ESSB,0.6173
ESMS,ESSB,2022-06,203,4,-3.7167,all_flights,ESMS → ESSB,1.9704
ESMS,ESSB,2022-09,250,0,-4.6,all_flights,ESMS → ESSB,0.0
ESMS,ESSB,2022-12,209,6,-2.1333,all_flights,ESMS → ESSB,2.8708
ESNU,ESSA,2022-03,185,8,-3.0,all_flights,ESNU → ESSA,4.3243
ESNU,ESSA,2022-06,185,14,0.5333,all_flights,ESNU → ESSA,7.5676
ESNU,ESSA,2022-09,267,9,-1.6833,all_flights,ESNU → ESSA,3.3708
ESNU,ESSA,2022-12,213,32,4.9167,all_flights,ESNU → ESSA,15.0235
ESPA,ESSA,2022-03,252,34,3.4083,all_flights,ESPA → ESSA,13.4921
ESPA,ESSA,2022-06,304,26,1.2583,all_flights,ESPA → ESSA,8.5526
ESPA,ESSA,2022-09,345,35,0.75,all_flights,ESPA → ESSA,10.1449
ESPA,ESSA,2022-12,331,42,1.7,all_flights,ESPA → ESSA,12.6888
ESSA,EDDF,2022-03,113,0,-5.6667,all_flights,ESSA → EDDF,0.0
ESSA,EDDF,2022-06,176,5,-4.4917,all_flights,ESSA → EDDF,2.8409
ESSA,EDDF,2022-09,138,2,-8.0417,all_flights,ESSA → EDDF,1.4493
ESSA,EDDF,2022-12,136,8,-3.8583,all_flights,ESSA → EDDF,5.8824
ESSA,EFHK,2022-03,307,2,-5.4333,all_flights,ESSA → EFHK,0.6515
ESSA,EFHK,2022-06,345,13,-0.25,all_flights,ESSA → EFHK,3.7681
ESSA,EFHK,2022-09,423,7,-4.3,all_flights,ESSA → EFHK,1.6548
ESSA,EFHK,2022-12,446,22,-0.9583,all_flights,ESSA → EFHK,4.9327
ESSA,EGLL,2022-03,195,31,6.2667,all_flights,ESSA → EGLL,15.8974
ESSA,EGLL,2022-06,230,54,7.9417,all_flights,ESSA → EGLL,23.4783
ESSA,EGLL,2022-09,209,61,7.6333,all_flights,ESSA → EGLL,29.1866
ESSA,EGLL,2022-12,256,87,10.0833,all_flights,ESSA → EGLL,33.9844
ESSA,EHAM,2022-03,216,16,-0.0833,all_flights,ESSA → EHAM,7.4074
ESSA,EHAM,2022-06,233,71,8.1,all_flights,ESSA → EHAM,30.4721
ESSA,EHAM,2022-09,247,41,1.5,all_flights,ESSA → EHAM,16.5992
ESSA,EHAM,2022-12,229,39,5.4833,all_flights,ESSA → EHAM,17.0306
ESSA,EKCH,2022-03,286,0,-8.525,all_flights,ESSA → EKCH,0.0
ESSA,EKCH,2022-06,404,3,-5.875,all_flights,ESSA → EKCH,0.7426
ESSA,EKCH,2022-09,472,4,-5.9333,all_flights,ESSA → EKCH,0.8475
ESSA,EKCH,2022-12,385,3,-7.2,all_flights,ESSA → EKCH,0.7792
ESSA,ENGM,2022-03,262,5,-4.275,all_flights,ESSA → ENGM,1.9084
ESSA,ENGM,2022-06,405,13,-1.6667,all_flights,ESSA → ENGM,3.2099
ESSA,ENGM,2022-09,473,7,-4.35,all_flights,ESSA → ENGM,1.4799
ESSA,ENGM,2022-12,351,15,-0.8833,all_flights,ESSA → ENGM,4.2735
ESSA,ESGG,2022-03,197,5,-6.5333,all_flights,ESSA → ESGG,2.5381
ESSA,ESGG,2022-06,201,7,-4.4167,all_flights,ESSA → ESGG,3.4826
ESSA,ESGG,2022-09,214,6,-3.9167,all_flights,ESSA → ESGG,2.8037
ESSA,ESGG,2022-12,189,9,-1.5,all_flights,ESSA → ESGG,4.7619
ESSA,ESMS,2022-03,164,3,-11.0833,all_flights,ESSA → ESMS,1.8293
ESSA,ESMS,2022-06,152,5,-5.9667,all_flights,ESSA → ESMS,3.2895
ESSA,ESMS,2022-09,170,1,-6.575,all_flights,ESSA → ESMS,0.5882
ESSA,ESMS,2022-12,137,11,-1.6167,all_flights,ESSA → ESMS,8.0292
ESSA,ESNU,2022-03,185,4,-5.2667,all_flights,ESSA → ESNU,2.1622
ESSA,ESNU,2022-06,184,4,-3.4583,all_flights,ESSA → ESNU,2.1739
ESSA,ESNU,2022-09,267,12,-6.1167,all_flights,ESSA → ESNU,4.4944
ESSA,ESNU,2022-12,211,8,-5.5833,all_flights,ESSA → ESNU,3.7915
ESSA,ESPA,2022-03,253,7,-2.3667,all_flights,ESSA → ESPA,2.7668
ESSA,ESPA,2022-06,308,15,-0.5417,all_flights,ESSA → ESPA,4.8701
ESSA,ESPA,2022-09,348,15,-1.3667,all_flights,ESSA → ESPA,4.3103
ESSA,ESPA,2022-12,335,23,-0.3167,all_flights,ESSA → ESPA,6.8657
ESSA,LFPG,2022-03,142,5,-3.2167,all_flights,ESSA → LFPG,3.5211
ESSA,LFPG,2022-06,175,27,3.85,all_flights,ESSA → LFPG,15.4286
ESSA,LFPG,2022-09,189,23,1.2167,all_flights,ESSA → LFPG,12.1693
ESSA,LFPG,2022-12,160,14,1.6583,all_flights,ESSA → LFPG,8.75
ESSB,ESGG,2022-03,114,3,-4.2583,all_flights,ESSB → ESGG,2.6316
ESSB,ESGG,2022-06,136,2,-0.625,all_flights,ESSB → ESGG,1.4706
ESSB,ESGG,2022-09,165,5,1.5167,all_flights,ESSB → ESGG,3.0303
ESSB,ESGG,2022-12,126,10,1.2917,all_flights,ESSB → ESGG,7.9365
ESSB,ESMS,2022-03,162,3,-0.8083,all_flights,ESSB → ESMS,1.8519
ESSB,ESMS,2022-06,203,4,1.7333,all_flights,ESSB → ESMS,1.9704
ESSB,ESMS,2022-09,251,1,0.05,all_flights,ESSB → ESMS,0.3984
ESSB,ESMS,2022-12,209,3,0.9333,all_flights,ESSB → ESMS,1.4354
ESSB,ESSV,2022-03,117,1,-2.7167,all_flights,ESSB → ESSV,0.8547
ESSB,ESSV,2022-06,161,2,0.5167,all_flights,ESSB → ESSV,1.2422
ESSB,ESSV,2022-09,183,0,-0.85,all_flights,ESSB → ESSV,0.0
ESSB,ESSV,2022-12,148,2,-0.55,all_flights,ESSB → ESSV,1.3514
ESSV,ESSB,2022-03,115,1,-5.5,all_flights,ESSV → ESSB,0.8696
ESSV,ESSB,2022-06,162,1,-5.0417,all_flights,ESSV → ESSB,0.6173
ESSV,ESSB,2022-09,183,0,-6.2167,all_flights,ESSV → ESSB,0.0
ESSV,ESSB,2022-12,148,1,-4.8,all_flights,ESSV → ESSB,0.6757
EVRA,EFHK,2022-03,132,2,-3.325,all_flights,EVRA → EFHK,1.5152
EVRA,EFHK,2022-06,173,7,0.4,all_flights,EVRA → EFHK,4.0462
EVRA,EFHK,2022-09,188,3,-2.725,all_flights,EVRA → EFHK,1.5957
EVRA,EFHK,2022-12,202,18,-0.325,all_flights,EVRA → EFHK,8.9109
GCFV,GCLP,2022-03,491,6,-5.4167,all_flights,GCFV → GCLP,1.222
GCFV,GCLP,2022-06,462,5,-5.8917,all_flights,GCFV → GCLP,1.0823
GCFV,GCLP,2022-09,474,19,-3.8083,all_flights,GCFV → GCLP,4.0084
GCFV,GCLP,2022-12,499,30,-3.4833,all_flights,GCFV → GCLP,6.012
GCFV,GCXO,2022-03,216,0,-15.825,all_flights,GCFV → GCXO,0.0
GCFV,GCXO,2022-06,221,6,-13.75,all_flights,GCFV → GCXO,2.7149
GCFV,GCXO,2022-09,279,1,-13.0333,all_flights,GCFV → GCXO,0.3584
GCFV,GCXO,2022-12,208,7,-11.6333,all_flights,GCFV → GCXO,3.3654
GCHI,GCXO,2022-03,175,0,-5.9333,all_flights,GCHI → GCXO,0.0
GCHI,GCXO,2022-06,170,5,-4.0083,all_flights,GCHI → GCXO,2.9412
GCHI,GCXO,2022-09,164,0,-6.1667,all_flights,GCHI → GCXO,0.0
GCHI,GCXO,2022-12,168,0,-5.2167,all_flights,GCHI → GCXO,0.0
GCLA,GCLP,2022-03,173,2,-2.1667,all_flights,GCLA → GCLP,1.1561
GCLA,GCLP,2022-06,165,3,-1.4,all_flights,GCLA → GCLP,1.8182
GCLA,GCLP,2022-09,186,2,-1.5167,all_flights,GCLA → GCLP,1.0753
GCLA,GCLP,2022-12,179,12,0.1833,all_flights,GCLA → GCLP,6.7039
GCLA,GCXO,2022-03,488,5,-3.95,all_flights,GCLA → GCXO,1.0246
GCLA,GCXO,2022-06,501,17,-3.2333,all_flights,GCLA → GCXO,3.3932
GCLA,GCXO,2022-09,463,10,-3.8,all_flights,GCLA → GCXO,2.1598
GCLA,GCXO,2022-12,514,11,-5.625,all_flights,GCLA → GCXO,2.1401
GCLP,GCFV,2022-03,482,14,-1.8417,all_flights,GCLP → GCFV,2.9046
GCLP,GCFV,2022-06,466,3,-2.6083,all_flights,GCLP → GCFV,0.6438
GCLP,GCFV,2022-09,468,18,-1.2583,all_flights,GCLP → GCFV,3.8462
GCLP,GCFV,2022-12,488,37,-0.7917,all_flights,GCLP → GCFV,7.582
GCLP,GCLA,2022-03,161,2,-4.6167,all_flights,GCLP → GCLA,1.2422
GCLP,GCLA,2022-06,164,3,-4.1083,all_flights,GCLP → GCLA,1.8293
GCLP,GCLA,2022-09,181,3,-4.75,all_flights,GCLP → GCLA,1.6575
GCLP,GCLA,2022-12,180,9,-2.9,all_flights,GCLP → GCLA,5.0
GCLP,GCRR,2022-03,580,16,-2.6167,all_flights,GCLP → GCRR,2.7586
GCLP,GCRR,2022-06,575,6,-3.1333,all_flights,GCLP → GCRR,1.0435
GCLP,GCRR,2022-09,590,16,-2.5917,all_flights,GCLP → GCRR,2.7119
GCLP,GCRR,2022-12,645,55,-1.3167,all_flights,GCLP → GCRR,8.5271
GCLP,GCTS,2022-03,167,4,-10.1667,all_flights,GCLP → GCTS,2.3952
GCLP,GCTS,2022-06,136,4,-13.275,all_flights,GCLP → GCTS,2.9412
GCLP,GCTS,2022-09,131,7,-11.3667,all_flights,GCLP → GCTS,5.3435
GCLP,GCTS,2022-12,204,23,-3.2083,all_flights,GCLP → GCTS,11.2745
GCLP,GCXO,2022-03,645,6,-8.8167,all_flights,GCLP → GCXO,0.9302
GCLP,GCXO,2022-06,640,18,-9.2,all_flights,GCLP → GCXO,2.8125
GCLP,GCXO,2022-09,486,13,-7.0417,all_flights,GCLP → GCXO,2.6749
GCLP,GCXO,2022-12,618,25,-5.5417,all_flights,GCLP → GCXO,4.0453
GCLP,LEMD,2022-03,310,30,3.8917,all_flights,GCLP → LEMD,9.6774
GCLP,LEMD,2022-06,325,39,3.6,all_flights,GCLP → LEMD,12.0
GCLP,LEMD,2022-09,341,51,4.7833,all_flights,GCLP → LEMD,14.956
GCLP,LEMD,2022-12,408,62,4.5833,all_flights,GCLP → LEMD,15.1961
GCRR,GCLP,2022-03,577,8,-8.6167,all_flights,GCRR → GCLP,1.3865
GCRR,GCLP,2022-06,579,3,-8.45,all_flights,GCRR → GCLP,0.5181
GCRR,GCLP,2022-09,590,20,-7.3667,all_flights,GCRR → GCLP,3.3898
GCRR,GCLP,2022-12,646,42,-7.6083,all_flights,GCRR → GCLP,6.5015
GCRR,GCXO,2022-03,266,0,-14.6083,all_flights,GCRR → GCXO,0.0
GCRR,GCXO,2022-06,265,3,-12.1167,all_flights,GCRR → GCXO,1.1321
GCRR,GCXO,2022-09,352,3,-13.6667,all_flights,GCRR → GCXO,0.8523
GCRR,GCXO,2022-12,283,5,-11.5,all_flights,GCRR → GCXO,1.7668
GCRR,LEMD,2022-03,139,11,3.1333,all_flights,GCRR → LEMD,7.9137
GCRR,LEMD,2022-06,137,12,3.35,all_flights,GCRR → LEMD,8.7591
GCRR,LEMD,2022-09,147,14,1.8333,all_flights,GCRR → LEMD,9.5238
GCRR,LEMD,2022-12,154,15,3.3917,all_flights,GCRR → LEMD,9.7403
GCTS,EGCC,2022-03,199,6,-2.7,all_flights,GCTS → EGCC,3.0151
GCTS,EGCC,2022-06,141,17,-0.9,all_flights,GCTS → EGCC,12.0567
GCTS,EGCC,2022-09,168,20,1.5833,all_flights,GCTS → EGCC,11.9048
GCTS,EGCC,2022-12,210,23,1.6083,all_flights,GCTS → EGCC,10.9524
GCTS,EGKK,2022-03,111,2,-4.9833,all_flights,GCTS → EGKK,1.8018
GCTS,EGKK,2022-06,112,21,2.4,all_flights,GCTS → EGKK,18.75
GCTS,EGKK,2022-09,120,33,6.4917,all_flights,GCTS → EGKK,27.5
GCTS,EGKK,2022-12,202,32,1.75,all_flights,GCTS → EGKK,15.8416
GCTS,GCLP,2022-03,143,6,-8.1667,all_flights,GCTS → GCLP,4.1958
GCTS,GCLP,2022-06,158,0,-8.7667,all_flights,GCTS → GCLP,0.0
GCTS,GCLP,2022-09,151,8,-6.2167,all_flights,GCTS → GCLP,5.298
GCTS,GCLP,2022-12,164,10,-4.9583,all_flights,GCTS → GCLP,6.0976
GCXO,GCFV,2022-03,217,0,-5.9667,all_flights,GCXO → GCFV,0.0
GCXO,GCFV,2022-06,222,4,-3.6333,all_flights,GCXO → GCFV,1.8018
GCXO,GCFV,2022-09,283,0,-5.0833,all_flights,GCXO → GCFV,0.0
GCXO,GCFV,2022-12,208,5,-6.3,all_flights,GCXO → GCFV,2.4038
GCXO,GCHI,2022-03,175,1,-3.1167,all_flights,GCXO → GCHI,0.5714
GCXO,GCHI,2022-06,173,4,-1.5167,all_flights,GCXO → GCHI,2.3121
GCXO,GCHI,2022-09,169,1,-2.5667,all_flights,GCXO → GCHI,0.5917
GCXO,GCHI,2022-12,168,6,0.275,all_flights,GCXO → GCHI,3.5714
GCXO,GCLA,2022-03,490,3,-5.4917,all_flights,GCXO → GCLA,0.6122
GCXO,GCLA,2022-06,505,5,-4.25,all_flights,GCXO → GCLA,0.9901
GCXO,GCLA,2022-09,466,11,-4.425,all_flights,GCXO → GCLA,2.3605
GCXO,GCLA,2022-12,513,18,-2.4167,all_flights,GCXO → GCLA,3.5088
GCXO,GCLP,2022-03,645,8,-8.2667,all_flights,GCXO → GCLP,1.2403
GCXO,GCLP,2022-06,644,5,-6.8667,all_flights,GCXO → GCLP,0.7764
GCXO,GCLP,2022-09,481,9,-6.8667,all_flights,GCXO → GCLP,1.8711
GCXO,GCLP,2022-12,616,26,-7.5583,all_flights,GCXO → GCLP,4.2208
GCXO,GCRR,2022-03,267,4,-3.9333,all_flights,GCXO → GCRR,1.4981
GCXO,GCRR,2022-06,270,5,-1.5833,all_flights,GCXO → GCRR,1.8519
GCXO,GCRR,2022-09,351,2,-4.0167,all_flights,GCXO → GCRR,0.5698
GCXO,GCRR,2022-12,286,25,-2.4583,all_flights,GCXO → GCRR,8.7413
GCXO,LEBL,2022-03,147,11,3.2167,all_flights,GCXO → LEBL,7.483
GCXO,LEBL,2022-06,135,6,1.6667,all_flights,GCXO → LEBL,4.4444
GCXO,LEBL,2022-09,129,1,2.3167,all_flights,GCXO → LEBL,0.7752
GCXO,LEBL,2022-12,165,16,4.4,all_flights,GCXO → LEBL,9.697
GCXO,LEMD,2022-03,303,30,2.9667,all_flights,GCXO → LEMD,9.901
GCXO,LEMD,2022-06,289,34,1.7,all_flights,GCXO → LEMD,11.7647
GCXO,LEMD,2022-09,295,26,3.4667,all_flights,GCXO → LEMD,8.8136
GCXO,LEMD,2022-12,366,33,2.3667,all_flights,GCXO → LEMD,9.0164
GEML,LEMG,2022-03,168,1,-15.1667,all_flights,GEML → LEMG,0.5952
GEML,LEMG,2022-06,192,1,-6.3667,all_flights,GEML → LEMG,0.5208
GEML,LEMG,2022-09,198,2,-8.7167,all_flights,GEML → LEMG,1.0101
GEML,LEMG,2022-12,176,0,-11.4917,all_flights,GEML → LEMG,0.0
GMMN,LFPG,2022-03,145,16,2.4667,all_flights,GMMN → LFPG,11.0345
GMMN,LFPG,2022-06,165,19,1.3167,all_flights,GMMN → LFPG,11.5152
GMMN,LFPG,2022-09,162,32,6.2917,all_flights,GMMN → LFPG,19.7531
GMMN,LFPG,2022-12,151,27,4.5667,all_flights,GMMN → LFPG,17.8808
GMMN,LFPO,2022-03,167,20,2.7833,all_flights,GMMN → LFPO,11.976
GMMN,LFPO,2022-06,170,44,9.5417,all_flights,GMMN → LFPO,25.8824
GMMN,LFPO,2022-09,215,68,10.9667,all_flights,GMMN → LFPO,31.6279
GMMN,LFPO,2022-12,195,62,9.5833,all_flights,GMMN → LFPO,31.7949
GMMX,LFPO,2022-03,134,14,2.6167,all_flights,GMMX → LFPO,10.4478
GMMX,LFPO,2022-06,152,33,5.0417,all_flights,GMMX → LFPO,21.7105
GMMX,LFPO,2022-09,153,38,7.95,all_flights,GMMX → LFPO,24.8366
GMMX,LFPO,2022-12,203,52,7.7333,all_flights,GMMX → LFPO,25.6158
HECA,LTFM,2022-03,202,66,8.775,all_flights,HECA → LTFM,32.6733
HECA,LTFM,2022-06,196,48,7.9833,all_flights,HECA → LTFM,24.4898
HECA,LTFM,2022-09,192,51,5.8333,all_flights,HECA → LTFM,26.5625
HECA,LTFM,2022-12,199,44,4.15,all_flights,HECA → LTFM,22.1106
HECA,OLBA,2022-03,115,20,0.6167,all_flights,HECA → OLBA,17.3913
HECA,OLBA,2022-06,140,31,2.3083,all_flights,HECA → OLBA,22.1429
HECA,OLBA,2022-09,142,17,0.525,all_flights,HECA → OLBA,11.9718
HECA,OLBA,2022-12,159,25,2.2167,all_flights,HECA → OLBA,15.7233
HLLM,LTFM,2022-03,125,81,22.5167,all_flights,HLLM → LTFM,64.8
HLLM,LTFM,2022-06,150,50,9.2833,all_flights,HLLM → LTFM,33.3333
HLLM,LTFM,2022-09,182,71,11.375,all_flights,HLLM → LTFM,39.011
HLLM,LTFM,2022-12,150,76,15.3917,all_flights,HLLM → LTFM,50.6667
KBOS,EGLL,2022-03,128,42,7.8333,all_flights,KBOS → EGLL,32.8125
KBOS,EGLL,2022-06,201,101,15.1333,all_flights,KBOS → EGLL,50.2488
KBOS,EGLL,2022-09,203,69,8.0667,all_flights,KBOS → EGLL,33.9901
KBOS,EGLL,2022-12,216,98,11.7917,all_flights,KBOS → EGLL,45.3704
KEWR,EGLL,2022-03,143,70,13.9167,all_flights,KEWR → EGLL,48.951
KEWR,EGLL,2022-06,275,195,27.35,all_flights,KEWR → EGLL,70.9091
KEWR,EGLL,2022-09,231,132,18.5333,all_flights,KEWR → EGLL,57.1429
KEWR,EGLL,2022-12,259,164,24.3667,all_flights,KEWR → EGLL,63.3205
KIAD,EGLL,2022-03,143,59,11.85,all_flights,KIAD → EGLL,41.2587
KIAD,EGLL,2022-06,159,86,18.3667,all_flights,KIAD → EGLL,54.0881
KIAD,EGLL,2022-09,122,57,12.7,all_flights,KIAD → EGLL,46.7213
KIAD,EGLL,2022-12,143,70,14.6667,all_flights,KIAD → EGLL,48.951
KJFK,EDDF,2022-03,101,14,-9.0,all_flights,KJFK → EDDF,13.8614
KJFK,EDDF,2022-06,161,51,0.8667,all_flights,KJFK → EDDF,31.677
KJFK,EDDF,2022-09,150,32,-2.35,all_flights,KJFK → EDDF,21.3333
KJFK,EDDF,2022-12,137,42,-1.15,all_flights,KJFK → EDDF,30.6569
KJFK,EGLL,2022-03,419,120,2.4167,all_flights,KJFK → EGLL,28.6396
KJFK,EGLL,2022-06,533,242,12.5167,all_flights,KJFK → EGLL,45.4034
KJFK,EGLL,2022-09,494,181,8.075,all_flights,KJFK → EGLL,36.6397
KJFK,EGLL,2022-12,498,209,11.4083,all_flights,KJFK → EGLL,41.9679
KJFK,LEMD,2022-03,113,24,-6.45,all_flights,KJFK → LEMD,21.2389
KJFK,LEMD,2022-06,142,30,0.8917,all_flights,KJFK → LEMD,21.1268
KJFK,LEMD,2022-09,137,18,-3.4333,all_flights,KJFK → LEMD,13.1387
KJFK,LEMD,2022-12,141,36,-0.1,all_flights,KJFK → LEMD,25.5319
KJFK,LFPG,2022-03,223,45,-0.3167,all_flights,KJFK → LFPG,20.1794
KJFK,LFPG,2022-06,266,128,14.3333,all_flights,KJFK → LFPG,48.1203
KJFK,LFPG,2022-09,265,104,9.0,all_flights,KJFK → LFPG,39.2453
KJFK,LFPG,2022-12,270,133,14.75,all_flights,KJFK → LFPG,49.2593
KJFK,LIMC,2022-03,103,8,-16.8833,all_flights,KJFK → LIMC,7.767
KJFK,LIMC,2022-06,150,43,-1.5167,all_flights,KJFK → LIMC,28.6667
KJFK,LIMC,2022-09,153,30,-8.7667,all_flights,KJFK → LIMC,19.6078
KJFK,LIMC,2022-12,135,31,-4.4667,all_flights,KJFK → LIMC,22.963
KLAX,EGLL,2022-03,166,79,14.6,all_flights,KLAX → EGLL,47.5904
KLAX,EGLL,2022-06,269,164,21.1,all_flights,KLAX → EGLL,60.9665
KLAX,EGLL,2022-09,237,138,18.4333,all_flights,KLAX → EGLL,58.2278
KLAX,EGLL,2022-12,210,143,21.6833,all_flights,KLAX → EGLL,68.0952
KMIA,EGLL,2022-03,123,110,36.7833,all_flights,KMIA → EGLL,89.4309
KMIA,EGLL,2022-06,121,85,24.1833,all_flights,KMIA → EGLL,70.2479
KMIA,EGLL,2022-09,119,85,26.4167,all_flights,KMIA → EGLL,71.4286
KMIA,EGLL,2022-12,182,140,24.8583,all_flights,KMIA → EGLL,76.9231
KORD,EDDF,2022-03,157,25,-4.8333,all_flights,KORD → EDDF,15.9236
KORD,EDDF,2022-06,142,44,0.975,all_flights,KORD → EDDF,30.9859
KORD,EDDF,2022-09,159,19,-5.55,all_flights,KORD → EDDF,11.9497
KORD,EDDF,2022-12,129,52,7.8667,all_flights,KORD → EDDF,40.3101
KORD,EGLL,2022-03,140,32,-0.5583,all_flights,KORD → EGLL,22.8571
KORD,EGLL,2022-06,257,106,9.9833,all_flights,KORD → EGLL,41.2451
KORD,EGLL,2022-09,228,63,2.1667,all_flights,KORD → EGLL,27.6316
KORD,EGLL,2022-12,169,91,16.6,all_flights,KORD → EGLL,53.8462
KSFO,EGLL,2022-03,132,63,14.175,all_flights,KSFO → EGLL,47.7273
KSFO,EGLL,2022-06,201,148,23.1833,all_flights,KSFO → EGLL,73.6318
KSFO,EGLL,2022-09,198,114,17.9667,all_flights,KSFO → EGLL,57.5758
KSFO,EGLL,2022-12,149,105,24.1,all_flights,KSFO → EGLL,70.4698
LCLK,LGAV,2022-03,284,21,1.7583,all_flights,LCLK → LGAV,7.3944
LCLK,LGAV,2022-06,374,92,7.8333,all_flights,LCLK → LGAV,24.5989
LCLK,LGAV,2022-09,357,57,6.55,all_flights,LCLK → LGAV,15.9664
LCLK,LGAV,2022-12,378,12,-1.3333,all_flights,LCLK → LGAV,3.1746
LCLK,LLBG,2022-03,88,15,1.1917,all_flights,LCLK → LLBG,17.0455
LCLK,LLBG,2022-06,163,32,6.6667,all_flights,LCLK → LLBG,19.6319
LCLK,LLBG,2022-09,180,45,6.25,all_flights,LCLK → LLBG,25.0
LCLK,LLBG,2022-12,153,8,-0.8,all_flights,LCLK → LLBG,5.2288
LDZA,EDDF,2022-03,123,1,-6.0,all_flights,LDZA → EDDF,0.813
LDZA,EDDF,2022-06,133,17,-2.5667,all_flights,LDZA → EDDF,12.782
LDZA,EDDF,2022-09,121,8,-0.1333,all_flights,LDZA → EDDF,6.6116
LDZA,EDDF,2022-12,136,8,-3.1,all_flights,LDZA → EDDF,5.8824
LEAL,EGCC,2022-03,155,7,2.4,all_flights,LEAL → EGCC,4.5161
LEAL,EGCC,2022-06,194,34,4.9417,all_flights,LEAL → EGCC,17.5258
LEAL,EGCC,2022-09,200,37,6.2833,all_flights,LEAL → EGCC,18.5
LEAL,EGCC,2022-12,141,9,-0.8,all_flights,LEAL → EGCC,6.383
LEAL,EGKK,2022-03,107,1,-3.3,all_flights,LEAL → EGKK,0.9346
LEAL,EGKK,2022-06,175,32,3.55,all_flights,LEAL → EGKK,18.2857
LEAL,EGKK,2022-09,182,55,7.2417,all_flights,LEAL → EGKK,30.2198
LEAL,EGKK,2022-12,133,15,3.0167,all_flights,LEAL → EGKK,11.2782
LEAL,LEMD,2022-03,141,3,-1.4833,all_flights,LEAL → LEMD,2.1277
LEAL,LEMD,2022-06,159,22,4.3167,all_flights,LEAL → LEMD,13.8365
LEAL,LEMD,2022-09,145,20,4.7167,all_flights,LEAL → LEMD,13.7931
LEAL,LEMD,2022-12,137,23,6.2333,all_flights,LEAL → LEMD,16.7883
LEAL,LEPA,2022-03,102,0,-6.55,all_flights,LEAL → LEPA,0.0
LEAL,LEPA,2022-06,157,2,-1.8833,all_flights,LEAL → LEPA,1.2739
LEAL,LEPA,2022-09,161,12,-0.1167,all_flights,LEAL → LEPA,7.4534
LEAL,LEPA,2022-12,125,3,-3.5167,all_flights,LEAL → LEPA,2.4
LEBB,LEBL,2022-03,157,4,-4.9667,all_flights,LEBB → LEBL,2.5478
LEBB,LEBL,2022-06,166,8,-0.3333,all_flights,LEBB → LEBL,4.8193
LEBB,LEBL,2022-09,156,16,4.5,all_flights,LEBB → LEBL,10.2564
LEBB,LEBL,2022-12,140,8,0.7333,all_flights,LEBB → LEBL,5.7143
LEBB,LEMD,2022-03,208,10,-3.4917,all_flights,LEBB → LEMD,4.8077
LEBB,LEMD,2022-06,208,31,2.2917,all_flights,LEBB → LEMD,14.9038
LEBB,LEMD,2022-09,242,32,0.625,all_flights,LEBB → LEMD,13.2231
LEBB,LEMD,2022-12,246,17,-1.4333,all_flights,LEBB → LEMD,6.9106
LEBL,EBBR,2022-03,173,22,4.1667,all_flights,LEBL → EBBR,12.7168
LEBL,EBBR,2022-06,212,63,8.525,all_flights,LEBL → EBBR,29.717
LEBL,EBBR,2022-09,219,45,5.45,all_flights,LEBL → EBBR,20.5479
LEBL,EBBR,2022-12,161,38,7.0167,all_flights,LEBL → EBBR,23.6025
LEBL,EDDF,2022-03,154,0,-10.8167,all_flights,LEBL → EDDF,0.0
LEBL,EDDF,2022-06,236,11,-6.7,all_flights,LEBL → EDDF,4.661
LEBL,EDDF,2022-09,196,10,-11.6667,all_flights,LEBL → EDDF,5.102
LEBL,EDDF,2022-12,191,3,-10.5833,all_flights,LEBL → EDDF,1.5707
LEBL,EDDM,2022-03,142,2,-4.3917,all_flights,LEBL → EDDM,1.4085
LEBL,EDDM,2022-06,229,29,-0.4333,all_flights,LEBL → EDDM,12.6638
LEBL,EDDM,2022-09,222,9,-5.925,all_flights,LEBL → EDDM,4.0541
LEBL,EDDM,2022-12,151,8,-3.7833,all_flights,LEBL → EDDM,5.298
LEBL,EGKK,2022-03,156,12,1.05,all_flights,LEBL → EGKK,7.6923
LEBL,EGKK,2022-06,331,149,13.4667,all_flights,LEBL → EGKK,45.0151
LEBL,EGKK,2022-09,354,136,11.3833,all_flights,LEBL → EGKK,38.4181
LEBL,EGKK,2022-12,262,65,5.7583,all_flights,LEBL → EGKK,24.8092
LEBL,EGLL,2022-03,156,39,8.7583,all_flights,LEBL → EGLL,25.0
LEBL,EGLL,2022-06,178,88,14.875,all_flights,LEBL → EGLL,49.4382
LEBL,EGLL,2022-09,175,77,11.1,all_flights,LEBL → EGLL,44.0
LEBL,EGLL,2022-12,200,73,8.9583,all_flights,LEBL → EGLL,36.5
LEBL,EHAM,2022-03,325,35,5.2333,all_flights,LEBL → EHAM,10.7692
LEBL,EHAM,2022-06,365,160,13.2,all_flights,LEBL → EHAM,43.8356
LEBL,EHAM,2022-09,360,83,7.5167,all_flights,LEBL → EHAM,23.0556
LEBL,EHAM,2022-12,289,68,9.1667,all_flights,LEBL → EHAM,23.5294
LEBL,EIDW,2022-03,125,22,2.9667,all_flights,LEBL → EIDW,17.6
LEBL,EIDW,2022-06,171,56,9.1,all_flights,LEBL → EIDW,32.7485
LEBL,EIDW,2022-09,171,31,1.5333,all_flights,LEBL → EIDW,18.1287
LEBL,EIDW,2022-12,145,34,5.7333,all_flights,LEBL → EIDW,23.4483
LEBL,GCXO,2022-03,147,6,0.9833,all_flights,LEBL → GCXO,4.0816
LEBL,GCXO,2022-06,134,31,6.65,all_flights,LEBL → GCXO,23.1343
LEBL,GCXO,2022-09,129,11,2.0833,all_flights,LEBL → GCXO,8.5271
LEBL,GCXO,2022-12,164,26,5.6333,all_flights,LEBL → GCXO,15.8537
LEBL,LEBB,2022-03,157,10,2.1,all_flights,LEBL → LEBB,6.3694
LEBL,LEBB,2022-06,167,24,5.8333,all_flights,LEBL → LEBB,14.3713
LEBL,LEBB,2022-09,157,11,-0.0167,all_flights,LEBL → LEBB,7.0064
LEBL,LEBB,2022-12,139,31,5.7667,all_flights,LEBL → LEBB,22.3022
LEBL,LEIB,2022-03,242,6,-3.6833,all_flights,LEBL → LEIB,2.4793
LEBL,LEIB,2022-06,363,45,1.7,all_flights,LEBL → LEIB,12.3967
LEBL,LEIB,2022-09,351,17,-5.0333,all_flights,LEBL → LEIB,4.8433
LEBL,LEIB,2022-12,251,10,-4.1667,all_flights,LEBL → LEIB,3.9841
LEBL,LEMD,2022-03,426,24,2.0167,all_flights,LEBL → LEMD,5.6338
LEBL,LEMD,2022-06,430,100,8.8,all_flights,LEBL → LEMD,23.2558
LEBL,LEMD,2022-09,491,58,2.5333,all_flights,LEBL → LEMD,11.8126
LEBL,LEMD,2022-12,453,126,9.2667,all_flights,LEBL → LEMD,27.8146
LEBL,LEMG,2022-03,193,21,5.2667,all_flights,LEBL → LEMG,10.8808
LEBL,LEMG,2022-06,193,61,11.6833,all_flights,LEBL → LEMG,31.6062
LEBL,LEMG,2022-09,198,30,4.4667,all_flights,LEBL → LEMG,15.1515
LEBL,LEMG,2022-12,185,54,9.8833,all_flights,LEBL → LEMG,29.1892
LEBL,LEMH,2022-03,175,2,-1.3667,all_flights,LEBL → LEMH,1.1429
LEBL,LEMH,2022-06,313,35,2.3667,all_flights,LEBL → LEMH,11.1821
LEBL,LEMH,2022-09,299,8,-5.0833,all_flights,LEBL → LEMH,2.6756
LEBL,LEMH,2022-12,145,4,-2.6,all_flights,LEBL → LEMH,2.7586
LEBL,LEPA,2022-03,528,11,-1.0167,all_flights,LEBL → LEPA,2.0833
LEBL,LEPA,2022-06,672,99,3.8833,all_flights,LEBL → LEPA,14.7321
LEBL,LEPA,2022-09,667,52,-2.3667,all_flights,LEBL → LEPA,7.7961
LEBL,LEPA,2022-12,551,33,0.3167,all_flights,LEBL → LEPA,5.9891
LEBL,LEZL,2022-03,253,14,3.1167,all_flights,LEBL → LEZL,5.5336
LEBL,LEZL,2022-06,227,53,7.1167,all_flights,LEBL → LEZL,23.348
LEBL,LEZL,2022-09,245,30,2.2833,all_flights,LEBL → LEZL,12.2449
LEBL,LEZL,2022-12,207,34,7.6,all_flights,LEBL → LEZL,16.4251
LEBL,LFPG,2022-03,289,14,-0.1,all_flights,LEBL → LFPG,4.8443
LEBL,LFPG,2022-06,349,70,5.8667,all_flights,LEBL → LFPG,20.0573
LEBL,LFPG,2022-09,356,43,1.1417,all_flights,LEBL → LFPG,12.0787
LEBL,LFPG,2022-12,309,41,4.65,all_flights,LEBL → LFPG,13.2686
LEBL,LFPO,2022-03,219,24,2.9667,all_flights,LEBL → LFPO,10.9589
LEBL,LFPO,2022-06,260,50,6.8833,all_flights,LEBL → LFPO,19.2308
LEBL,LFPO,2022-09,258,38,2.6667,all_flights,LEBL → LFPO,14.7287
LEBL,LFPO,2022-12,205,33,7.15,all_flights,LEBL → LFPO,16.0976
LEBL,LIMC,2022-03,265,2,-14.2667,all_flights,LEBL → LIMC,0.7547
LEBL,LIMC,2022-06,273,13,-9.8333,all_flights,LEBL → LIMC,4.7619
LEBL,LIMC,2022-09,303,13,-14.8667,all_flights,LEBL → LIMC,4.2904
LEBL,LIMC,2022-12,239,7,-14.4333,all_flights,LEBL → LIMC,2.9289
LEBL,LIRF,2022-03,225,4,-7.1167,all_flights,LEBL → LIRF,1.7778
LEBL,LIRF,2022-06,309,20,-2.0333,all_flights,LEBL → LIRF,6.4725
LEBL,LIRF,2022-09,310,18,-8.9833,all_flights,LEBL → LIRF,5.8065
LEBL,LIRF,2022-12,312,16,-6.6333,all_flights,LEBL → LIRF,5.1282
LEBL,LOWW,2022-03,92,20,8.3167,all_flights,LEBL → LOWW,21.7391
LEBL,LOWW,2022-06,166,47,8.9333,all_flights,LEBL → LOWW,28.3133
LEBL,LOWW,2022-09,170,37,6.6,all_flights,LEBL → LOWW,21.7647
LEBL,LOWW,2022-12,140,36,7.5667,all_flights,LEBL → LOWW,25.7143
LEBL,LPPR,2022-03,133,3,0.1833,all_flights,LEBL → LPPR,2.2556
LEBL,LPPR,2022-06,152,32,7.0167,all_flights,LEBL → LPPR,21.0526
LEBL,LPPR,2022-09,159,24,1.4833,all_flights,LEBL → LPPR,15.0943
LEBL,LPPR,2022-12,130,21,7.7583,all_flights,LEBL → LPPR,16.1538
LEBL,LPPT,2022-03,236,30,5.8417,all_flights,LEBL → LPPT,12.7119
LEBL,LPPT,2022-06,286,117,12.975,all_flights,LEBL → LPPT,40.9091
LEBL,LPPT,2022-09,301,85,7.9,all_flights,LEBL → LPPT,28.2392
LEBL,LPPT,2022-12,320,123,11.35,all_flights,LEBL → LPPT,38.4375
LEBL,LSGG,2022-03,143,4,-3.6833,all_flights,LEBL → LSGG,2.7972
LEBL,LSGG,2022-06,118,29,4.675,all_flights,LEBL → LSGG,24.5763
LEBL,LSGG,2022-09,142,21,0.2917,all_flights,LEBL → LSGG,14.7887
LEBL,LSGG,2022-12,165,7,-1.35,all_flights,LEBL → LSGG,4.2424
LEBL,LSZH,2022-03,105,7,-0.0333,all_flights,LEBL → LSZH,6.6667
LEBL,LSZH,2022-06,170,35,4.3333,all_flights,LEBL → LSZH,20.5882
LEBL,LSZH,2022-09,178,15,-2.9083,all_flights,LEBL → LSZH,8.427
LEBL,LSZH,2022-12,165,11,-0.7833,all_flights,LEBL → LSZH,6.6667
LECO,LEMD,2022-03,172,6,0.4,all_flights,LECO → LEMD,3.4884
LECO,LEMD,2022-06,127,14,4.5667,all_flights,LECO → LEMD,11.0236
LECO,LEMD,2022-09,234,26,2.2167,all_flights,LECO → LEMD,11.1111
LECO,LEMD,2022-12,237,10,1.6333,all_flights,LECO → LEMD,4.2194
LEIB,LEBL,2022-03,242,4,-7.3667,all_flights,LEIB → LEBL,1.6529
LEIB,LEBL,2022-06,361,11,0.5,all_flights,LEIB → LEBL,3.0471
LEIB,LEBL,2022-09,352,23,0.3333,all_flights,LEIB → LEBL,6.5341
LEIB,LEBL,2022-12,251,1,-4.95,all_flights,LEIB → LEBL,0.3984
LEIB,LEMD,2022-03,191,7,-3.4667,all_flights,LEIB → LEMD,3.6649
LEIB,LEMD,2022-06,295,35,4.4333,all_flights,LEIB → LEMD,11.8644
LEIB,LEMD,2022-09,318,41,4.425,all_flights,LEIB → LEMD,12.8931
LEIB,LEMD,2022-12,208,30,2.1417,all_flights,LEIB → LEMD,14.4231
LEIB,LEPA,2022-03,363,0,-9.45,all_flights,LEIB → LEPA,0.0
LEIB,LEPA,2022-06,381,9,-2.2333,all_flights,LEIB → LEPA,2.3622
LEIB,LEPA,2022-09,439,23,-4.6667,all_flights,LEIB → LEPA,5.2392
LEIB,LEPA,2022-12,366,3,-12.0833,all_flights,LEIB → LEPA,0.8197
LEMD,EBBR,2022-03,246,25,4.3583,all_flights,LEMD → EBBR,10.1626
LEMD,EBBR,2022-06,271,47,5.45,all_flights,LEMD → EBBR,17.3432
LEMD,EBBR,2022-09,281,58,7.0833,all_flights,LEMD → EBBR,20.6406
LEMD,EBBR,2022-12,276,36,5.275,all_flights,LEMD → EBBR,13.0435
LEMD,EDDF,2022-03,241,1,-10.6667,all_flights,LEMD → EDDF,0.4149
LEMD,EDDF,2022-06,280,15,-6.075,all_flights,LEMD → EDDF,5.3571
LEMD,EDDF,2022-09,247,13,-5.9,all_flights,LEMD → EDDF,5.2632
LEMD,EDDF,2022-12,263,10,-6.8833,all_flights,LEMD → EDDF,3.8023
LEMD,EDDM,2022-03,221,1,-5.05,all_flights,LEMD → EDDM,0.4525
LEMD,EDDM,2022-06,261,23,0.3833,all_flights,LEMD → EDDM,8.8123
LEMD,EDDM,2022-09,249,25,1.1167,all_flights,LEMD → EDDM,10.0402
LEMD,EDDM,2022-12,248,10,-1.35,all_flights,LEMD → EDDM,4.0323
LEMD,EGKK,2022-03,140,13,1.5083,all_flights,LEMD → EGKK,9.2857
LEMD,EGKK,2022-06,209,68,10.9167,all_flights,LEMD → EGKK,32.5359
LEMD,EGKK,2022-09,201,91,13.5667,all_flights,LEMD → EGKK,45.2736
LEMD,EGKK,2022-12,209,61,6.6333,all_flights,LEMD → EGKK,29.1866
LEMD,EGLL,2022-03,293,61,7.0,all_flights,LEMD → EGLL,20.8191
LEMD,EGLL,2022-06,340,111,9.8083,all_flights,LEMD → EGLL,32.6471
LEMD,EGLL,2022-09,339,155,13.45,all_flights,LEMD → EGLL,45.7227
LEMD,EGLL,2022-12,379,140,11.1667,all_flights,LEMD → EGLL,36.9393
LEMD,EHAM,2022-03,268,24,3.6333,all_flights,LEMD → EHAM,8.9552
LEMD,EHAM,2022-06,247,69,9.75,all_flights,LEMD → EHAM,27.9352
LEMD,EHAM,2022-09,260,56,8.15,all_flights,LEMD → EHAM,21.5385
LEMD,EHAM,2022-12,250,52,6.6667,all_flights,LEMD → EHAM,20.8
LEMD,EIDW,2022-03,114,12,3.4417,all_flights,LEMD → EIDW,10.5263
LEMD,EIDW,2022-06,128,33,7.8833,all_flights,LEMD → EIDW,25.7812
LEMD,EIDW,2022-09,119,18,3.1,all_flights,LEMD → EIDW,15.1261
LEMD,EIDW,2022-12,152,22,3.0917,all_flights,LEMD → EIDW,14.4737
LEMD,GCLP,2022-03,310,43,5.5417,all_flights,LEMD → GCLP,13.871
LEMD,GCLP,2022-06,326,78,8.175,all_flights,LEMD → GCLP,23.9264
LEMD,GCLP,2022-09,342,84,8.7333,all_flights,LEMD → GCLP,24.5614
LEMD,GCLP,2022-12,407,94,8.0333,all_flights,LEMD → GCLP,23.0958
LEMD,GCRR,2022-03,141,2,-6.3333,all_flights,LEMD → GCRR,1.4184
LEMD,GCRR,2022-06,135,5,-4.9833,all_flights,LEMD → GCRR,3.7037
LEMD,GCRR,2022-09,148,9,-4.7667,all_flights,LEMD → GCRR,6.0811
LEMD,GCRR,2022-12,152,15,-1.5667,all_flights,LEMD → GCRR,9.8684
LEMD,GCXO,2022-03,310,25,2.5417,all_flights,LEMD → GCXO,8.0645
LEMD,GCXO,2022-06,290,55,5.8667,all_flights,LEMD → GCXO,18.9655
LEMD,GCXO,2022-09,289,49,5.5833,all_flights,LEMD → GCXO,16.955
LEMD,GCXO,2022-12,365,64,6.6833,all_flights,LEMD → GCXO,17.5342
LEMD,KJFK,2022-03,111,9,-0.2333,all_flights,LEMD → KJFK,8.1081
LEMD,KJFK,2022-06,141,19,3.3833,all_flights,LEMD → KJFK,13.4752
LEMD,KJFK,2022-09,136,13,0.4333,all_flights,LEMD → KJFK,9.5588
LEMD,KJFK,2022-12,142,17,1.3083,all_flights,LEMD → KJFK,11.9718
LEMD,LEAL,2022-03,141,10,2.4167,all_flights,LEMD → LEAL,7.0922
LEMD,LEAL,2022-06,159,37,6.6833,all_flights,LEMD → LEAL,23.2704
LEMD,LEAL,2022-09,145,16,5.9667,all_flights,LEMD → LEAL,11.0345
LEMD,LEAL,2022-12,137,27,7.0833,all_flights,LEMD → LEAL,19.708
LEMD,LEBB,2022-03,210,12,1.6833,all_flights,LEMD → LEBB,5.7143
LEMD,LEBB,2022-06,208,26,3.0667,all_flights,LEMD → LEBB,12.5
LEMD,LEBB,2022-09,244,21,2.65,all_flights,LEMD → LEBB,8.6066
LEMD,LEBB,2022-12,246,29,4.025,all_flights,LEMD → LEBB,11.7886
LEMD,LEBL,2022-03,425,22,0.1333,all_flights,LEMD → LEBL,5.1765
LEMD,LEBL,2022-06,430,49,3.2083,all_flights,LEMD → LEBL,11.3953
LEMD,LEBL,2022-09,489,52,2.8833,all_flights,LEMD → LEBL,10.6339
LEMD,LEBL,2022-12,447,33,1.1667,all_flights,LEMD → LEBL,7.3826
LEMD,LECO,2022-03,170,18,4.8417,all_flights,LEMD → LECO,10.5882
LEMD,LECO,2022-06,126,19,4.3917,all_flights,LEMD → LECO,15.0794
LEMD,LECO,2022-09,234,38,4.7917,all_flights,LEMD → LECO,16.2393
LEMD,LECO,2022-12,236,35,5.15,all_flights,LEMD → LECO,14.8305
LEMD,LEIB,2022-03,190,4,-3.3083,all_flights,LEMD → LEIB,2.1053
LEMD,LEIB,2022-06,295,15,-1.1667,all_flights,LEMD → LEIB,5.0847
LEMD,LEIB,2022-09,318,13,-2.2417,all_flights,LEMD → LEIB,4.0881
LEMD,LEIB,2022-12,209,8,-3.05,all_flights,LEMD → LEIB,3.8278
LEMD,LEMG,2022-03,132,17,5.9167,all_flights,LEMD → LEMG,12.8788
LEMD,LEMG,2022-06,177,55,9.3667,all_flights,LEMD → LEMG,31.0734
LEMD,LEMG,2022-09,224,25,4.4833,all_flights,LEMD → LEMG,11.1607
LEMD,LEMG,2022-12,211,43,7.1167,all_flights,LEMD → LEMG,20.3791
LEMD,LEPA,2022-03,470,9,-2.7167,all_flights,LEMD → LEPA,1.9149
LEMD,LEPA,2022-06,498,26,-2.0333,all_flights,LEMD → LEPA,5.2209
LEMD,LEPA,2022-09,502,39,-2.975,all_flights,LEMD → LEPA,7.7689
LEMD,LEPA,2022-12,509,17,-6.3667,all_flights,LEMD → LEPA,3.3399
LEMD,LEST,2022-03,150,6,0.7417,all_flights,LEMD → LEST,4.0
LEMD,LEST,2022-06,133,26,5.5167,all_flights,LEMD → LEST,19.5489
LEMD,LEST,2022-09,139,17,3.8167,all_flights,LEMD → LEST,12.2302
LEMD,LEST,2022-12,138,30,7.3833,all_flights,LEMD → LEST,21.7391
LEMD,LEVC,2022-03,155,9,-0.7,all_flights,LEMD → LEVC,5.8065
LEMD,LEVC,2022-06,147,13,1.45,all_flights,LEMD → LEVC,8.8435
LEMD,LEVC,2022-09,150,18,4.7583,all_flights,LEMD → LEVC,12.0
LEMD,LEVC,2022-12,144,16,3.9333,all_flights,LEMD → LEVC,11.1111
LEMD,LEVX,2022-03,182,22,5.525,all_flights,LEMD → LEVX,12.0879
LEMD,LEVX,2022-06,188,38,8.2917,all_flights,LEMD → LEVX,20.2128
LEMD,LEVX,2022-09,239,47,7.8333,all_flights,LEMD → LEVX,19.6653
LEMD,LEVX,2022-12,226,61,9.3833,all_flights,LEMD → LEVX,26.9912
LEMD,LFPG,2022-03,309,9,-0.5333,all_flights,LEMD → LFPG,2.9126
LEMD,LFPG,2022-06,312,37,1.7583,all_flights,LEMD → LFPG,11.859
LEMD,LFPG,2022-09,309,34,3.25,all_flights,LEMD → LFPG,11.0032
LEMD,LFPG,2022-12,301,35,4.1333,all_flights,LEMD → LFPG,11.6279
LEMD,LFPO,2022-03,325,19,2.1,all_flights,LEMD → LFPO,5.8462
LEMD,LFPO,2022-06,352,25,3.2917,all_flights,LEMD → LFPO,7.1023
LEMD,LFPO,2022-09,365,49,3.2667,all_flights,LEMD → LFPO,13.4247
LEMD,LFPO,2022-12,377,45,4.6833,all_flights,LEMD → LFPO,11.9363
LEMD,LIMC,2022-03,190,0,-12.5417,all_flights,LEMD → LIMC,0.0
LEMD,LIMC,2022-06,171,13,-8.65,all_flights,LEMD → LIMC,7.6023
LEMD,LIMC,2022-09,180,7,-8.95,all_flights,LEMD → LIMC,3.8889
LEMD,LIMC,2022-12,214,3,-12.55,all_flights,LEMD → LIMC,1.4019
LEMD,LIRF,2022-03,272,1,-3.8917,all_flights,LEMD → LIRF,0.3676
LEMD,LIRF,2022-06,349,30,-0.1833,all_flights,LEMD → LIRF,8.596
LEMD,LIRF,2022-09,349,18,-4.35,all_flights,LEMD → LIRF,5.1576
LEMD,LIRF,2022-12,369,14,-4.9667,all_flights,LEMD → LIRF,3.794
LEMD,LPPR,2022-03,243,20,2.4167,all_flights,LEMD → LPPR,8.2305
LEMD,LPPR,2022-06,325,44,4.6333,all_flights,LEMD → LPPR,13.5385
LEMD,LPPR,2022-09,335,37,3.9,all_flights,LEMD → LPPR,11.0448
LEMD,LPPR,2022-12,315,57,4.95,all_flights,LEMD → LPPR,18.0952
LEMD,LPPT,2022-03,437,38,1.75,all_flights,LEMD → LPPT,8.6957
LEMD,LPPT,2022-06,530,120,7.0583,all_flights,LEMD → LPPT,22.6415
LEMD,LPPT,2022-09,536,149,8.4,all_flights,LEMD → LPPT,27.7985
LEMD,LPPT,2022-12,553,141,7.4333,all_flights,LEMD → LPPT,25.4973
LEMD,LSGG,2022-03,171,4,-3.7833,all_flights,LEMD → LSGG,2.3392
LEMD,LSGG,2022-06,166,8,-1.3083,all_flights,LEMD → LSGG,4.8193
LEMD,LSGG,2022-09,161,15,-1.4333,all_flights,LEMD → LSGG,9.3168
LEMD,LSGG,2022-12,192,15,-1.1917,all_flights,LEMD → LSGG,7.8125
LEMD,LSZH,2022-03,168,2,-2.0,all_flights,LEMD → LSZH,1.1905
LEMD,LSZH,2022-06,174,30,3.3917,all_flights,LEMD → LSZH,17.2414
LEMD,LSZH,2022-09,172,24,4.475,all_flights,LEMD → LSZH,13.9535
LEMD,LSZH,2022-12,199,14,-0.6,all_flights,LEMD → LSZH,7.0352
LEMD,MMMX,2022-03,125,16,5.0,all_flights,LEMD → MMMX,12.8
LEMD,MMMX,2022-06,143,23,5.1167,all_flights,LEMD → MMMX,16.0839
LEMD,MMMX,2022-09,145,14,3.1833,all_flights,LEMD → MMMX,9.6552
LEMD,MMMX,2022-12,154,24,5.6,all_flights,LEMD → MMMX,15.5844
LEMD,SKBO,2022-03,154,19,5.0917,all_flights,LEMD → SKBO,12.3377
LEMD,SKBO,2022-06,178,41,6.0417,all_flights,LEMD → SKBO,23.0337
LEMD,SKBO,2022-09,192,32,3.725,all_flights,LEMD → SKBO,16.6667
LEMD,SKBO,2022-12,208,45,6.9917,all_flights,LEMD → SKBO,21.6346
LEMG,EGCC,2022-03,107,14,4.15,all_flights,LEMG → EGCC,13.0841
LEMG,EGCC,2022-06,156,19,5.6,all_flights,LEMG → EGCC,12.1795
LEMG,EGCC,2022-09,162,31,5.8833,all_flights,LEMG → EGCC,19.1358
LEMG,EGCC,2022-12,94,2,-0.175,all_flights,LEMG → EGCC,2.1277
LEMG,EGKK,2022-03,125,13,2.7167,all_flights,LEMG → EGKK,10.4
LEMG,EGKK,2022-06,295,108,10.5833,all_flights,LEMG → EGKK,36.6102
LEMG,EGKK,2022-09,299,96,9.5167,all_flights,LEMG → EGKK,32.107
LEMG,EGKK,2022-12,223,43,4.7167,all_flights,LEMG → EGKK,19.2825
LEMG,EHAM,2022-03,148,16,5.1583,all_flights,LEMG → EHAM,10.8108
LEMG,EHAM,2022-06,185,64,9.3333,all_flights,LEMG → EHAM,34.5946
LEMG,EHAM,2022-09,160,48,10.1083,all_flights,LEMG → EHAM,30.0
LEMG,EHAM,2022-12,136,15,3.3917,all_flights,LEMG → EHAM,11.0294
LEMG,EIDW,2022-03,97,5,-0.6833,all_flights,LEMG → EIDW,5.1546
LEMG,EIDW,2022-06,185,34,4.2333,all_flights,LEMG → EIDW,18.3784
LEMG,EIDW,2022-09,182,28,2.5083,all_flights,LEMG → EIDW,15.3846
LEMG,EIDW,2022-12,99,4,-3.3667,all_flights,LEMG → EIDW,4.0404
LEMG,EKCH,2022-03,123,4,0.0167,all_flights,LEMG → EKCH,3.252
LEMG,EKCH,2022-06,155,16,0.3,all_flights,LEMG → EKCH,10.3226
LEMG,EKCH,2022-09,153,20,0.9,all_flights,LEMG → EKCH,13.0719
LEMG,EKCH,2022-12,112,4,-3.9917,all_flights,LEMG → EKCH,3.5714
LEMG,GEML,2022-03,168,3,0.8083,all_flights,LEMG → GEML,1.7857
LEMG,GEML,2022-06,194,20,6.5333,all_flights,LEMG → GEML,10.3093
LEMG,GEML,2022-09,196,27,5.2,all_flights,LEMG → GEML,13.7755
LEMG,GEML,2022-12,178,12,2.5583,all_flights,LEMG → GEML,6.7416
LEMG,LEBL,2022-03,190,36,5.9083,all_flights,LEMG → LEBL,18.9474
LEMG,LEBL,2022-06,192,42,7.8333,all_flights,LEMG → LEBL,21.875
LEMG,LEBL,2022-09,196,44,8.3083,all_flights,LEMG → LEBL,22.449
LEMG,LEBL,2022-12,184,30,5.6333,all_flights,LEMG → LEBL,16.3043
LEMG,LEMD,2022-03,132,15,4.45,all_flights,LEMG → LEMD,11.3636
LEMG,LEMD,2022-06,184,36,5.0333,all_flights,LEMG → LEMD,19.5652
LEMG,LEMD,2022-09,213,31,2.8833,all_flights,LEMG → LEMD,14.554
LEMG,LEMD,2022-12,211,25,2.4667,all_flights,LEMG → LEMD,11.8483
LEMH,LEBL,2022-03,177,0,-7.6833,all_flights,LEMH → LEBL,0.0
LEMH,LEBL,2022-06,313,12,-0.25,all_flights,LEMH → LEBL,3.8339
LEMH,LEBL,2022-09,301,35,1.8167,all_flights,LEMH → LEBL,11.6279
LEMH,LEBL,2022-12,145,4,-6.1167,all_flights,LEMH → LEBL,2.7586
LEMH,LEPA,2022-03,284,0,-4.5667,all_flights,LEMH → LEPA,0.0
LEMH,LEPA,2022-06,308,19,-2.6917,all_flights,LEMH → LEPA,6.1688
LEMH,LEPA,2022-09,338,23,-5.225,all_flights,LEMH → LEPA,6.8047
LEMH,LEPA,2022-12,274,0,-9.25,all_flights,LEMH → LEPA,0.0
LEPA,EDDB,2022-03,146,18,2.225,all_flights,LEPA → EDDB,12.3288
LEPA,EDDB,2022-06,279,126,13.1,all_flights,LEPA → EDDB,45.1613
LEPA,EDDB,2022-09,257,102,10.7667,all_flights,LEPA → EDDB,39.6887
LEPA,EDDB,2022-12,85,13,3.4667,all_flights,LEPA → EDDB,15.2941
LEPA,EDDF,2022-03,130,2,-8.3833,all_flights,LEPA → EDDF,1.5385
LEPA,EDDF,2022-06,285,29,-3.2167,all_flights,LEPA → EDDF,10.1754
LEPA,EDDF,2022-09,297,19,-8.3833,all_flights,LEPA → EDDF,6.3973
LEPA,EDDF,2022-12,67,2,-7.1667,all_flights,LEPA → EDDF,2.9851
LEPA,EDDH,2022-03,129,7,-4.3167,all_flights,LEPA → EDDH,5.4264
LEPA,EDDH,2022-06,277,55,2.5,all_flights,LEPA → EDDH,19.8556
LEPA,EDDH,2022-09,286,36,-2.6333,all_flights,LEPA → EDDH,12.5874
LEPA,EDDH,2022-12,64,5,-4.125,all_flights,LEPA → EDDH,7.8125
LEPA,EDDK,2022-03,133,5,-2.5,all_flights,LEPA → EDDK,3.7594
LEPA,EDDK,2022-06,327,123,10.15,all_flights,LEPA → EDDK,37.6147
LEPA,EDDK,2022-09,331,78,3.65,all_flights,LEPA → EDDK,23.565
LEPA,EDDK,2022-12,83,5,-2.2833,all_flights,LEPA → EDDK,6.0241
LEPA,EDDL,2022-03,160,8,-0.75,all_flights,LEPA → EDDL,5.0
LEPA,EDDL,2022-06,487,134,7.3667,all_flights,LEPA → EDDL,27.5154
LEPA,EDDL,2022-09,500,50,-1.4667,all_flights,LEPA → EDDL,10.0
LEPA,EDDL,2022-12,75,7,-3.65,all_flights,LEPA → EDDL,9.3333
LEPA,EDDM,2022-03,92,3,-7.4167,all_flights,LEPA → EDDM,3.2609
LEPA,EDDM,2022-06,266,33,0.3333,all_flights,LEPA → EDDM,12.406
LEPA,EDDM,2022-09,259,26,-1.4333,all_flights,LEPA → EDDM,10.0386
LEPA,EDDM,2022-12,56,2,-5.175,all_flights,LEPA → EDDM,3.5714
LEPA,EDDS,2022-03,81,3,-1.3833,all_flights,LEPA → EDDS,3.7037
LEPA,EDDS,2022-06,226,51,4.3417,all_flights,LEPA → EDDS,22.5664
LEPA,EDDS,2022-09,236,29,-0.6667,all_flights,LEPA → EDDS,12.2881
LEPA,EDDS,2022-12,39,1,-5.9167,all_flights,LEPA → EDDS,2.5641
LEPA,EGCC,2022-03,61,2,3.6167,all_flights,LEPA → EGCC,3.2787
LEPA,EGCC,2022-06,269,97,11.4167,all_flights,LEPA → EGCC,36.0595
LEPA,EGCC,2022-09,265,81,8.3833,all_flights,LEPA → EGCC,30.566
LEPA,EGCC,2022-12,30,2,3.0333,all_flights,LEPA → EGCC,6.6667
LEPA,EGKK,2022-03,72,4,0.675,all_flights,LEPA → EGKK,5.5556
LEPA,EGKK,2022-06,237,104,13.6333,all_flights,LEPA → EGKK,43.8819
LEPA,EGKK,2022-09,235,82,9.5167,all_flights,LEPA → EGKK,34.8936
LEPA,EGKK,2022-12,92,15,3.925,all_flights,LEPA → EGKK,16.3043
LEPA,LEAL,2022-03,102,3,0.7,all_flights,LEPA → LEAL,2.9412
LEPA,LEAL,2022-06,165,31,8.2333,all_flights,LEPA → LEAL,18.7879
LEPA,LEAL,2022-09,161,14,1.4333,all_flights,LEPA → LEAL,8.6957
LEPA,LEAL,2022-12,126,5,3.1667,all_flights,LEPA → LEAL,3.9683
LEPA,LEBL,2022-03,532,13,-1.6,all_flights,LEPA → LEBL,2.4436
LEPA,LEBL,2022-06,671,93,4.1167,all_flights,LEPA → LEBL,13.8599
LEPA,LEBL,2022-09,666,70,-0.4,all_flights,LEPA → LEBL,10.5105
LEPA,LEBL,2022-12,551,24,-0.3333,all_flights,LEPA → LEBL,4.3557
LEPA,LEIB,2022-03,366,2,-8.125,all_flights,LEPA → LEIB,0.5464
LEPA,LEIB,2022-06,389,26,-3.3333,all_flights,LEPA → LEIB,6.6838
LEPA,LEIB,2022-09,445,17,-9.7167,all_flights,LEPA → LEIB,3.8202
LEPA,LEIB,2022-12,366,3,-7.6167,all_flights,LEPA → LEIB,0.8197
LEPA,LEMD,2022-03,469,33,1.8333,all_flights,LEPA → LEMD,7.0362
LEPA,LEMD,2022-06,499,136,8.6667,all_flights,LEPA → LEMD,27.2545
LEPA,LEMD,2022-09,498,99,5.0667,all_flights,LEPA → LEMD,19.8795
LEPA,LEMD,2022-12,513,77,5.8,all_flights,LEPA → LEMD,15.0097
LEPA,LEMH,2022-03,276,6,0.1833,all_flights,LEPA → LEMH,2.1739
LEPA,LEMH,2022-06,307,50,4.5833,all_flights,LEPA → LEMH,16.2866
LEPA,LEMH,2022-09,337,20,-2.6833,all_flights,LEPA → LEMH,5.9347
LEPA,LEMH,2022-12,273,9,0.4167,all_flights,LEPA → LEMH,3.2967
LEPA,LEVC,2022-03,187,8,-1.65,all_flights,LEPA → LEVC,4.2781
LEPA,LEVC,2022-06,270,33,2.4,all_flights,LEPA → LEVC,12.2222
LEPA,LEVC,2022-09,271,19,-1.4333,all_flights,LEPA → LEVC,7.0111
LEPA,LEVC,2022-12,184,4,-1.6083,all_flights,LEPA → LEVC,2.1739
LEPA,LOWW,2022-03,79,11,6.5667,all_flights,LEPA → LOWW,13.9241
LEPA,LOWW,2022-06,207,67,10.2833,all_flights,LEPA → LOWW,32.3671
LEPA,LOWW,2022-09,222,76,9.3,all_flights,LEPA → LOWW,34.2342
LEPA,LOWW,2022-12,49,12,7.4,all_flights,LEPA → LOWW,24.4898
LEPA,LSZH,2022-03,72,5,-0.3167,all_flights,LEPA → LSZH,6.9444
LEPA,LSZH,2022-06,244,31,-1.1667,all_flights,LEPA → LSZH,12.7049
LEPA,LSZH,2022-09,266,28,-3.6,all_flights,LEPA → LSZH,10.5263
LEPA,LSZH,2022-12,67,3,-5.7667,all_flights,LEPA → LSZH,4.4776
LEST,LEMD,2022-03,150,3,-3.6167,all_flights,LEST → LEMD,2.0
LEST,LEMD,2022-06,133,25,4.5833,all_flights,LEST → LEMD,18.797
LEST,LEMD,2022-09,139,28,2.2333,all_flights,LEST → LEMD,20.1439
LEST,LEMD,2022-12,139,16,-0.8167,all_flights,LEST → LEMD,11.5108
LEVC,LEMD,2022-03,155,5,1.9167,all_flights,LEVC → LEMD,3.2258
LEVC,LEMD,2022-06,147,15,4.25,all_flights,LEVC → LEMD,10.2041
LEVC,LEMD,2022-09,153,22,5.8,all_flights,LEVC → LEMD,14.3791
LEVC,LEMD,2022-12,142,17,5.3,all_flights,LEVC → LEMD,11.9718
LEVC,LEPA,2022-03,188,1,-4.8833,all_flights,LEVC → LEPA,0.5319
LEVC,LEPA,2022-06,270,5,-6.8583,all_flights,LEVC → LEPA,1.8519
LEVC,LEPA,2022-09,272,12,-5.9,all_flights,LEVC → LEPA,4.4118
LEVC,LEPA,2022-12,185,1,-10.4333,all_flights,LEVC → LEPA,0.5405
LEVX,LEMD,2022-03,182,8,0.2667,all_flights,LEVX → LEMD,4.3956
LEVX,LEMD,2022-06,188,20,4.675,all_flights,LEVX → LEMD,10.6383
LEVX,LEMD,2022-09,238,41,6.8167,all_flights,LEVX → LEMD,17.2269
LEVX,LEMD,2022-12,226,25,4.8417,all_flights,LEVX → LEMD,11.0619
LEZL,LEBL,2022-03,251,15,4.0,all_flights,LEZL → LEBL,5.9761
LEZL,LEBL,2022-06,227,15,3.7833,all_flights,LEZL → LEBL,6.6079
LEZL,LEBL,2022-09,244,20,2.7917,all_flights,LEZL → LEBL,8.1967
LEZL,LEBL,2022-12,211,6,1.0,all_flights,LEZL → LEBL,2.8436
LFBD,LFLL,2022-03,186,6,-10.4333,all_flights,LFBD → LFLL,3.2258
LFBD,LFLL,2022-06,176,45,3.8333,all_flights,LFBD → LFLL,25.5682
LFBD,LFLL,2022-09,152,5,-9.1833,all_flights,LFBD → LFLL,3.2895
LFBD,LFLL,2022-12,133,9,-3.4333,all_flights,LFBD → LFLL,6.7669
LFBD,LFPG,2022-03,234,10,-4.2083,all_flights,LFBD → LFPG,4.2735
LFBD,LFPG,2022-06,220,24,4.8333,all_flights,LFBD → LFPG,10.9091
LFBD,LFPG,2022-09,222,35,4.5667,all_flights,LFBD → LFPG,15.7658
LFBD,LFPG,2022-12,222,33,5.8333,all_flights,LFBD → LFPG,14.8649
LFBO,LFLL,2022-03,150,4,-9.4333,all_flights,LFBO → LFLL,2.6667
LFBO,LFLL,2022-06,161,14,-1.8167,all_flights,LFBO → LFLL,8.6957
LFBO,LFLL,2022-09,131,9,-2.6333,all_flights,LFBO → LFLL,6.8702
LFBO,LFLL,2022-12,140,6,-2.2917,all_flights,LFBO → LFLL,4.2857
LFBO,LFPG,2022-03,271,1,-7.85,all_flights,LFBO → LFPG,0.369
LFBO,LFPG,2022-06,230,16,-1.7417,all_flights,LFBO → LFPG,6.9565
LFBO,LFPG,2022-09,251,19,-1.5667,all_flights,LFBO → LFPG,7.5697
LFBO,LFPG,2022-12,243,11,-0.4,all_flights,LFBO → LFPG,4.5267
LFBO,LFPO,2022-03,598,18,-8.175,all_flights,LFBO → LFPO,3.01
LFBO,LFPO,2022-06,734,24,-7.0917,all_flights,LFBO → LFPO,3.2698
LFBO,LFPO,2022-09,618,54,-7.6583,all_flights,LFBO → LFPO,8.7379
LFBO,LFPO,2022-12,675,41,-4.5833,all_flights,LFBO → LFPO,6.0741
LFLL,LFBD,2022-03,187,11,0.05,all_flights,LFLL → LFBD,5.8824
LFLL,LFBD,2022-06,177,32,6.1833,all_flights,LFLL → LFBD,18.0791
LFLL,LFBD,2022-09,151,11,-0.5167,all_flights,LFLL → LFBD,7.2848
LFLL,LFBD,2022-12,134,21,4.0417,all_flights,LFLL → LFBD,15.6716
LFLL,LFBO,2022-03,170,11,-0.9667,all_flights,LFLL → LFBO,6.4706
LFLL,LFBO,2022-06,177,27,4.25,all_flights,LFLL → LFBO,15.2542
LFLL,LFBO,2022-09,148,21,3.0083,all_flights,LFLL → LFBO,14.1892
LFLL,LFBO,2022-12,158,14,-0.6333,all_flights,LFLL → LFBO,8.8608
LFLL,LFPG,2022-03,164,24,3.0,all_flights,LFLL → LFPG,14.6341
LFLL,LFPG,2022-06,171,43,6.2167,all_flights,LFLL → LFPG,25.1462
LFLL,LFPG,2022-09,201,52,5.6833,all_flights,LFLL → LFPG,25.8706
LFLL,LFPG,2022-12,182,37,7.425,all_flights,LFLL → LFPG,20.3297
LFLL,LFRS,2022-03,184,3,-3.8083,all_flights,LFLL → LFRS,1.6304
LFLL,LFRS,2022-06,150,11,-1.5917,all_flights,LFLL → LFRS,7.3333
LFLL,LFRS,2022-09,153,3,-5.0167,all_flights,LFLL → LFRS,1.9608
LFLL,LFRS,2022-12,154,23,0.6667,all_flights,LFLL → LFRS,14.9351
LFML,LFKJ,2022-03,124,1,-7.1833,all_flights,LFML → LFKJ,0.8065
LFML,LFKJ,2022-06,118,9,0.225,all_flights,LFML → LFKJ,7.6271
LFML,LFKJ,2022-09,122,15,-0.175,all_flights,LFML → LFKJ,12.2951
LFML,LFKJ,2022-12,137,5,0.1333,all_flights,LFML → LFKJ,3.6496
LFML,LFPG,2022-03,232,24,2.25,all_flights,LFML → LFPG,10.3448
LFML,LFPG,2022-06,257,83,9.5,all_flights,LFML → LFPG,32.2957
LFML,LFPG,2022-09,270,76,7.1667,all_flights,LFML → LFPG,28.1481
LFML,LFPG,2022-12,262,69,7.8583,all_flights,LFML → LFPG,26.3359
LFML,LFPO,2022-03,250,7,-3.8083,all_flights,LFML → LFPO,2.8
LFML,LFPO,2022-06,298,29,-0.6583,all_flights,LFML → LFPO,9.7315
LFML,LFPO,2022-09,259,23,-2.4167,all_flights,LFML → LFPO,8.8803
LFML,LFPO,2022-12,241,28,1.7333,all_flights,LFML → LFPO,11.6183
LFMN,EGKK,2022-03,83,20,8.65,all_flights,LFMN → EGKK,24.0964
LFMN,EGKK,2022-06,156,124,24.4583,all_flights,LFMN → EGKK,79.4872
LFMN,EGKK,2022-09,196,115,19.0083,all_flights,LFMN → EGKK,58.6735
LFMN,EGKK,2022-12,83,35,14.1333,all_flights,LFMN → EGKK,42.1687
LFMN,EGLL,2022-03,124,44,12.65,all_flights,LFMN → EGLL,35.4839
LFMN,EGLL,2022-06,207,145,19.2167,all_flights,LFMN → EGLL,70.0483
LFMN,EGLL,2022-09,129,84,20.2667,all_flights,LFMN → EGLL,65.1163
LFMN,EGLL,2022-12,156,73,14.6583,all_flights,LFMN → EGLL,46.7949
LFMN,LFPG,2022-03,324,28,2.4417,all_flights,LFMN → LFPG,8.642
LFMN,LFPG,2022-06,337,138,12.3,all_flights,LFMN → LFPG,40.9496
LFMN,LFPG,2022-09,315,104,10.3833,all_flights,LFMN → LFPG,33.0159
LFMN,LFPG,2022-12,271,73,9.5167,all_flights,LFMN → LFPG,26.9373
LFMN,LFPO,2022-03,573,48,1.25,all_flights,LFMN → LFPO,8.377
LFMN,LFPO,2022-06,670,162,5.4333,all_flights,LFMN → LFPO,24.1791
LFMN,LFPO,2022-09,562,102,5.925,all_flights,LFMN → LFPO,18.1495
LFMN,LFPO,2022-12,674,78,2.8917,all_flights,LFMN → LFPO,11.5727
LFMN,LSGG,2022-03,108,0,-3.05,all_flights,LFMN → LSGG,0.0
LFMN,LSGG,2022-06,144,24,1.7917,all_flights,LFMN → LSGG,16.6667
LFMN,LSGG,2022-09,156,20,1.4667,all_flights,LFMN → LSGG,12.8205
LFMN,LSGG,2022-12,120,16,1.7917,all_flights,LFMN → LSGG,13.3333
LFMT,LFPG,2022-03,144,5,-2.625,all_flights,LFMT → LFPG,3.4722
LFMT,LFPG,2022-06,128,30,4.4,all_flights,LFMT → LFPG,23.4375
LFMT,LFPG,2022-09,114,20,2.5083,all_flights,LFMT → LFPG,17.5439
LFMT,LFPG,2022-12,138,22,3.6833,all_flights,LFMT → LFPG,15.942
LFPG,CYUL,2022-03,121,44,12.0333,all_flights,LFPG → CYUL,36.3636
LFPG,CYUL,2022-06,180,103,18.1667,all_flights,LFPG → CYUL,57.2222
LFPG,CYUL,2022-09,185,90,14.0333,all_flights,LFPG → CYUL,48.6486
LFPG,CYUL,2022-12,153,63,11.2,all_flights,LFPG → CYUL,41.1765
LFPG,DAAG,2022-03,60,26,11.225,all_flights,LFPG → DAAG,43.3333
LFPG,DAAG,2022-06,169,89,16.65,all_flights,LFPG → DAAG,52.6627
LFPG,DAAG,2022-09,308,97,6.9833,all_flights,LFPG → DAAG,31.4935
LFPG,DAAG,2022-12,311,126,10.7833,all_flights,LFPG → DAAG,40.5145
LFPG,DTTA,2022-03,128,25,6.775,all_flights,LFPG → DTTA,19.5312
LFPG,DTTA,2022-06,186,62,8.3417,all_flights,LFPG → DTTA,33.3333
LFPG,DTTA,2022-09,163,49,6.9833,all_flights,LFPG → DTTA,30.0613
LFPG,DTTA,2022-12,143,53,9.0833,all_flights,LFPG → DTTA,37.0629
LFPG,EDDB,2022-03,213,55,6.6833,all_flights,LFPG → EDDB,25.8216
LFPG,EDDB,2022-06,238,107,13.25,all_flights,LFPG → EDDB,44.958
LFPG,EDDB,2022-09,224,97,11.6,all_flights,LFPG → EDDB,43.3036
LFPG,EDDB,2022-12,238,73,9.5917,all_flights,LFPG → EDDB,30.6723
LFPG,EDDF,2022-03,326,27,-8.4333,all_flights,LFPG → EDDF,8.2822
LFPG,EDDF,2022-06,317,43,-3.8833,all_flights,LFPG → EDDF,13.5647
LFPG,EDDF,2022-09,321,37,-3.7167,all_flights,LFPG → EDDF,11.5265
LFPG,EDDF,2022-12,330,44,-3.1083,all_flights,LFPG → EDDF,13.3333
LFPG,EDDH,2022-03,116,5,-4.125,all_flights,LFPG → EDDH,4.3103
LFPG,EDDH,2022-06,162,36,2.6083,all_flights,LFPG → EDDH,22.2222
LFPG,EDDH,2022-09,175,22,-1.0667,all_flights,LFPG → EDDH,12.5714
LFPG,EDDH,2022-12,143,18,1.2167,all_flights,LFPG → EDDH,12.5874
LFPG,EDDL,2022-03,95,17,4.5667,all_flights,LFPG → EDDL,17.8947
LFPG,EDDL,2022-06,165,66,11.2333,all_flights,LFPG → EDDL,40.0
LFPG,EDDL,2022-09,164,41,5.1,all_flights,LFPG → EDDL,25.0
LFPG,EDDL,2022-12,137,42,7.3667,all_flights,LFPG → EDDL,30.6569
LFPG,EDDM,2022-03,216,9,-2.2083,all_flights,LFPG → EDDM,4.1667
LFPG,EDDM,2022-06,287,110,9.35,all_flights,LFPG → EDDM,38.3275
LFPG,EDDM,2022-09,295,77,7.0,all_flights,LFPG → EDDM,26.1017
LFPG,EDDM,2022-12,280,50,2.9833,all_flights,LFPG → EDDM,17.8571
LFPG,EDDV,2022-03,100,18,3.1667,all_flights,LFPG → EDDV,18.0
LFPG,EDDV,2022-06,140,52,8.8167,all_flights,LFPG → EDDV,37.1429
LFPG,EDDV,2022-09,160,44,6.975,all_flights,LFPG → EDDV,27.5
LFPG,EDDV,2022-12,115,27,5.8667,all_flights,LFPG → EDDV,23.4783
LFPG,EFHK,2022-03,185,29,6.1833,all_flights,LFPG → EFHK,15.6757
LFPG,EFHK,2022-06,219,74,8.6167,all_flights,LFPG → EFHK,33.79
LFPG,EFHK,2022-09,200,42,5.6667,all_flights,LFPG → EFHK,21.0
LFPG,EFHK,2022-12,201,60,8.55,all_flights,LFPG → EFHK,29.8507
LFPG,EGCC,2022-03,185,45,5.9333,all_flights,LFPG → EGCC,24.3243
LFPG,EGCC,2022-06,153,47,8.05,all_flights,LFPG → EGCC,30.719
LFPG,EGCC,2022-09,152,76,15.1083,all_flights,LFPG → EGCC,50.0
LFPG,EGCC,2022-12,181,78,13.2333,all_flights,LFPG → EGCC,43.0939
LFPG,EGLL,2022-03,306,81,7.4333,all_flights,LFPG → EGLL,26.4706
LFPG,EGLL,2022-06,362,173,14.5083,all_flights,LFPG → EGLL,47.7901
LFPG,EGLL,2022-09,250,153,18.375,all_flights,LFPG → EGLL,61.2
LFPG,EGLL,2022-12,328,186,17.1083,all_flights,LFPG → EGLL,56.7073
LFPG,EHAM,2022-03,327,60,6.55,all_flights,LFPG → EHAM,18.3486
LFPG,EHAM,2022-06,290,159,16.5917,all_flights,LFPG → EHAM,54.8276
LFPG,EHAM,2022-09,287,116,12.6333,all_flights,LFPG → EHAM,40.4181
LFPG,EHAM,2022-12,264,118,13.9167,all_flights,LFPG → EHAM,44.697
LFPG,EIDW,2022-03,188,35,4.45,all_flights,LFPG → EIDW,18.617
LFPG,EIDW,2022-06,225,110,14.6,all_flights,LFPG → EIDW,48.8889
LFPG,EIDW,2022-09,227,107,12.2,all_flights,LFPG → EIDW,47.1366
LFPG,EIDW,2022-12,220,70,7.3,all_flights,LFPG → EIDW,31.8182
LFPG,EKCH,2022-03,259,43,4.1333,all_flights,LFPG → EKCH,16.6023
LFPG,EKCH,2022-06,269,80,7.9833,all_flights,LFPG → EKCH,29.7398
LFPG,EKCH,2022-09,271,69,6.8667,all_flights,LFPG → EKCH,25.4613
LFPG,EKCH,2022-12,234,27,0.8583,all_flights,LFPG → EKCH,11.5385
LFPG,ENGM,2022-03,101,19,4.75,all_flights,LFPG → ENGM,18.8119
LFPG,ENGM,2022-06,182,58,7.8583,all_flights,LFPG → ENGM,31.8681
LFPG,ENGM,2022-09,172,44,5.7167,all_flights,LFPG → ENGM,25.5814
LFPG,ENGM,2022-12,149,35,6.6,all_flights,LFPG → ENGM,23.4899
LFPG,EPWA,2022-03,138,6,-2.9167,all_flights,LFPG → EPWA,4.3478
LFPG,EPWA,2022-06,225,64,3.5333,all_flights,LFPG → EPWA,28.4444
LFPG,EPWA,2022-09,213,37,2.9333,all_flights,LFPG → EPWA,17.3709
LFPG,EPWA,2022-12,194,37,0.7667,all_flights,LFPG → EPWA,19.0722
LFPG,ESSA,2022-03,142,25,6.6167,all_flights,LFPG → ESSA,17.6056
LFPG,ESSA,2022-06,182,60,10.85,all_flights,LFPG → ESSA,32.967
LFPG,ESSA,2022-09,190,67,8.425,all_flights,LFPG → ESSA,35.2632
LFPG,ESSA,2022-12,160,56,10.725,all_flights,LFPG → ESSA,35.0
LFPG,GMMN,2022-03,146,34,7.125,all_flights,LFPG → GMMN,23.2877
LFPG,GMMN,2022-06,169,65,10.4333,all_flights,LFPG → GMMN,38.4615
LFPG,GMMN,2022-09,158,44,6.325,all_flights,LFPG → GMMN,27.8481
LFPG,GMMN,2022-12,150,43,8.3833,all_flights,LFPG → GMMN,28.6667
LFPG,KJFK,2022-03,223,80,10.4833,all_flights,LFPG → KJFK,35.8744
LFPG,KJFK,2022-06,267,113,13.0667,all_flights,LFPG → KJFK,42.3221
LFPG,KJFK,2022-09,266,125,13.775,all_flights,LFPG → KJFK,46.9925
LFPG,KJFK,2022-12,268,100,11.775,all_flights,LFPG → KJFK,37.3134
LFPG,LEBL,2022-03,289,54,6.95,all_flights,LFPG → LEBL,18.6851
LFPG,LEBL,2022-06,345,114,10.6,all_flights,LFPG → LEBL,33.0435
LFPG,LEBL,2022-09,354,120,9.3583,all_flights,LFPG → LEBL,33.8983
LFPG,LEBL,2022-12,302,70,3.825,all_flights,LFPG → LEBL,23.1788
LFPG,LEMD,2022-03,309,56,3.9167,all_flights,LFPG → LEMD,18.123
LFPG,LEMD,2022-06,308,87,7.7,all_flights,LFPG → LEMD,28.2468
LFPG,LEMD,2022-09,303,92,9.0,all_flights,LFPG → LEMD,30.363
LFPG,LEMD,2022-12,293,79,7.2667,all_flights,LFPG → LEMD,26.9625
LFPG,LFBD,2022-03,216,30,4.025,all_flights,LFPG → LFBD,13.8889
LFPG,LFBD,2022-06,203,96,13.9167,all_flights,LFPG → LFBD,47.2906
LFPG,LFBD,2022-09,202,59,7.3667,all_flights,LFPG → LFBD,29.2079
LFPG,LFBD,2022-12,209,64,9.15,all_flights,LFPG → LFBD,30.622
LFPG,LFBO,2022-03,270,24,1.35,all_flights,LFPG → LFBO,8.8889
LFPG,LFBO,2022-06,229,69,8.4,all_flights,LFPG → LFBO,30.131
LFPG,LFBO,2022-09,249,52,4.1167,all_flights,LFPG → LFBO,20.8835
LFPG,LFBO,2022-12,240,27,2.1917,all_flights,LFPG → LFBO,11.25
LFPG,LFLL,2022-03,177,24,-0.5833,all_flights,LFPG → LFLL,13.5593
LFPG,LFLL,2022-06,169,59,7.8167,all_flights,LFPG → LFLL,34.9112
LFPG,LFLL,2022-09,198,62,5.5833,all_flights,LFPG → LFLL,31.3131
LFPG,LFLL,2022-12,183,38,4.0167,all_flights,LFPG → LFLL,20.765
LFPG,LFML,2022-03,217,20,0.5833,all_flights,LFPG → LFML,9.2166
LFPG,LFML,2022-06,254,75,7.975,all_flights,LFPG → LFML,29.5276
LFPG,LFML,2022-09,261,75,3.6167,all_flights,LFPG → LFML,28.7356
LFPG,LFML,2022-12,259,59,5.65,all_flights,LFPG → LFML,22.7799
LFPG,LFMN,2022-03,323,38,2.3667,all_flights,LFPG → LFMN,11.7647
LFPG,LFMN,2022-06,329,134,12.6833,all_flights,LFPG → LFMN,40.7295
LFPG,LFMN,2022-09,317,91,7.3667,all_flights,LFPG → LFMN,28.7066
LFPG,LFMN,2022-12,271,59,6.55,all_flights,LFPG → LFMN,21.7712
LFPG,LFMT,2022-03,139,9,-2.1,all_flights,LFPG → LFMT,6.4748
LFPG,LFMT,2022-06,120,33,6.575,all_flights,LFPG → LFMT,27.5
LFPG,LFMT,2022-09,116,17,1.3833,all_flights,LFPG → LFMT,14.6552
LFPG,LFMT,2022-12,140,16,0.1583,all_flights,LFPG → LFMT,11.4286
LFPG,LFRS,2022-03,129,14,0.9667,all_flights,LFPG → LFRS,10.8527
LFPG,LFRS,2022-06,126,40,8.3833,all_flights,LFPG → LFRS,31.746
LFPG,LFRS,2022-09,125,39,7.3667,all_flights,LFPG → LFRS,31.2
LFPG,LFRS,2022-12,138,44,9.85,all_flights,LFPG → LFRS,31.8841
LFPG,LGAV,2022-03,145,21,2.5333,all_flights,LFPG → LGAV,14.4828
LFPG,LGAV,2022-06,275,120,12.9,all_flights,LFPG → LGAV,43.6364
LFPG,LGAV,2022-09,248,90,9.6417,all_flights,LFPG → LGAV,36.2903
LFPG,LGAV,2022-12,148,47,7.3083,all_flights,LFPG → LGAV,31.7568
LFPG,LIMC,2022-03,336,8,-13.725,all_flights,LFPG → LIMC,2.381
LFPG,LIMC,2022-06,326,48,-3.15,all_flights,LFPG → LIMC,14.7239
LFPG,LIMC,2022-09,293,35,-4.9833,all_flights,LFPG → LIMC,11.9454
LFPG,LIMC,2022-12,313,17,-11.2167,all_flights,LFPG → LIMC,5.4313
LFPG,LIML,2022-03,214,36,4.9167,all_flights,LFPG → LIML,16.8224
LFPG,LIML,2022-06,241,94,9.8667,all_flights,LFPG → LIML,39.0041
LFPG,LIML,2022-09,252,73,6.925,all_flights,LFPG → LIML,28.9683
LFPG,LIML,2022-12,274,60,5.0667,all_flights,LFPG → LIML,21.8978
LFPG,LIPE,2022-03,84,12,1.6833,all_flights,LFPG → LIPE,14.2857
LFPG,LIPE,2022-06,144,54,9.1583,all_flights,LFPG → LIPE,37.5
LFPG,LIPE,2022-09,143,36,3.15,all_flights,LFPG → LIPE,25.1748
LFPG,LIPE,2022-12,129,17,1.4167,all_flights,LFPG → LIPE,13.1783
LFPG,LIPZ,2022-03,230,11,-6.875,all_flights,LFPG → LIPZ,4.7826
LFPG,LIPZ,2022-06,244,36,-1.45,all_flights,LFPG → LIPZ,14.7541
LFPG,LIPZ,2022-09,217,37,-1.5167,all_flights,LFPG → LIPZ,17.0507
LFPG,LIPZ,2022-12,196,13,-6.2417,all_flights,LFPG → LIPZ,6.6327
LFPG,LIRF,2022-03,219,20,-0.9667,all_flights,LFPG → LIRF,9.1324
LFPG,LIRF,2022-06,292,77,5.1833,all_flights,LFPG → LIRF,26.3699
LFPG,LIRF,2022-09,288,65,1.4083,all_flights,LFPG → LIRF,22.5694
LFPG,LIRF,2022-12,281,27,-1.9,all_flights,LFPG → LIRF,9.6085
LFPG,LIRQ,2022-03,125,15,2.85,all_flights,LFPG → LIRQ,12.0
LFPG,LIRQ,2022-06,178,48,4.2833,all_flights,LFPG → LIRQ,26.9663
LFPG,LIRQ,2022-09,174,39,5.4083,all_flights,LFPG → LIRQ,22.4138
LFPG,LIRQ,2022-12,142,19,-1.1333,all_flights,LFPG → LIRQ,13.3803
LFPG,LKPR,2022-03,123,8,-0.8,all_flights,LFPG → LKPR,6.5041
LFPG,LKPR,2022-06,125,62,14.9333,all_flights,LFPG → LKPR,49.6
LFPG,LKPR,2022-09,142,58,10.575,all_flights,LFPG → LKPR,40.8451
LFPG,LKPR,2022-12,132,35,7.125,all_flights,LFPG → LKPR,26.5152
LFPG,LLBG,2022-03,136,61,12.1167,all_flights,LFPG → LLBG,44.8529
LFPG,LLBG,2022-06,164,111,20.7667,all_flights,LFPG → LLBG,67.6829
LFPG,LLBG,2022-09,153,95,18.4667,all_flights,LFPG → LLBG,62.0915
LFPG,LLBG,2022-12,180,61,10.5167,all_flights,LFPG → LLBG,33.8889
LFPG,LOWW,2022-03,171,25,4.8833,all_flights,LFPG → LOWW,14.6199
LFPG,LOWW,2022-06,240,127,17.0083,all_flights,LFPG → LOWW,52.9167
LFPG,LOWW,2022-09,247,97,10.4,all_flights,LFPG → LOWW,39.2713
LFPG,LOWW,2022-12,221,69,9.5,all_flights,LFPG → LOWW,31.2217
LFPG,LPPT,2022-03,177,43,7.45,all_flights,LFPG → LPPT,24.2938
LFPG,LPPT,2022-06,197,95,14.2,all_flights,LFPG → LPPT,48.2234
LFPG,LPPT,2022-09,195,98,15.1,all_flights,LFPG → LPPT,50.2564
LFPG,LPPT,2022-12,187,98,15.6833,all_flights,LFPG → LPPT,52.4064
LFPG,LROP,2022-03,120,15,-1.6333,all_flights,LFPG → LROP,12.5
LFPG,LROP,2022-06,179,79,13.45,all_flights,LFPG → LROP,44.1341
LFPG,LROP,2022-09,154,46,6.7583,all_flights,LFPG → LROP,29.8701
LFPG,LROP,2022-12,133,25,3.0167,all_flights,LFPG → LROP,18.797
LFPG,LSGG,2022-03,231,16,-3.5833,all_flights,LFPG → LSGG,6.9264
LFPG,LSGG,2022-06,269,44,0.55,all_flights,LFPG → LSGG,16.3569
LFPG,LSGG,2022-09,213,35,-1.7833,all_flights,LFPG → LSGG,16.4319
LFPG,LSGG,2022-12,249,38,1.9,all_flights,LFPG → LSGG,15.261
LFPG,LSZH,2022-03,157,34,7.6167,all_flights,LFPG → LSZH,21.6561
LFPG,LSZH,2022-06,223,74,7.7833,all_flights,LFPG → LSZH,33.1839
LFPG,LSZH,2022-09,199,58,8.6667,all_flights,LFPG → LSZH,29.1457
LFPG,LSZH,2022-12,207,51,7.4333,all_flights,LFPG → LSZH,24.6377
LFPG,LTFM,2022-03,201,47,4.1667,all_flights,LFPG → LTFM,23.3831
LFPG,LTFM,2022-06,267,130,14.4167,all_flights,LFPG → LTFM,48.6891
LFPG,LTFM,2022-09,269,104,9.3,all_flights,LFPG → LTFM,38.6617
LFPG,LTFM,2022-12,249,73,7.3833,all_flights,LFPG → LTFM,29.3173
LFPG,OMDB,2022-03,183,83,13.6333,all_flights,LFPG → OMDB,45.3552
LFPG,OMDB,2022-06,136,116,27.1,all_flights,LFPG → OMDB,85.2941
LFPG,OMDB,2022-09,163,133,25.7667,all_flights,LFPG → OMDB,81.5951
LFPG,OMDB,2022-12,185,118,20.2833,all_flights,LFPG → OMDB,63.7838
LFPG,OTHH,2022-03,137,75,17.5333,all_flights,LFPG → OTHH,54.7445
LFPG,OTHH,2022-06,119,95,31.9,all_flights,LFPG → OTHH,79.8319
LFPG,OTHH,2022-09,114,97,27.1333,all_flights,LFPG → OTHH,85.0877
LFPG,OTHH,2022-12,132,86,21.275,all_flights,LFPG → OTHH,65.1515
LFPO,DAAG,2022-03,45,36,33.6833,all_flights,LFPO → DAAG,80.0
LFPO,DAAG,2022-06,153,96,20.9167,all_flights,LFPO → DAAG,62.7451
LFPO,DAAG,2022-09,167,59,10.2333,all_flights,LFPO → DAAG,35.3293
LFPO,DAAG,2022-12,254,92,10.8167,all_flights,LFPO → DAAG,36.2205
LFPO,DTTA,2022-03,165,61,10.9667,all_flights,LFPO → DTTA,36.9697
LFPO,DTTA,2022-06,152,70,13.3333,all_flights,LFPO → DTTA,46.0526
LFPO,DTTA,2022-09,175,67,9.75,all_flights,LFPO → DTTA,38.2857
LFPO,DTTA,2022-12,174,57,10.2083,all_flights,LFPO → DTTA,32.7586
LFPO,GMMN,2022-03,164,39,5.5417,all_flights,LFPO → GMMN,23.7805
LFPO,GMMN,2022-06,179,63,9.6333,all_flights,LFPO → GMMN,35.1955
LFPO,GMMN,2022-09,205,56,4.4,all_flights,LFPO → GMMN,27.3171
LFPO,GMMN,2022-12,210,74,10.775,all_flights,LFPO → GMMN,35.2381
LFPO,GMMX,2022-03,134,29,5.325,all_flights,LFPO → GMMX,21.6418
LFPO,GMMX,2022-06,151,43,8.0,all_flights,LFPO → GMMX,28.4768
LFPO,GMMX,2022-09,152,44,7.3167,all_flights,LFPO → GMMX,28.9474
LFPO,GMMX,2022-12,205,69,9.1333,all_flights,LFPO → GMMX,33.6585
LFPO,LEBL,2022-03,220,36,6.2167,all_flights,LFPO → LEBL,16.3636
LFPO,LEBL,2022-06,260,86,10.9917,all_flights,LFPO → LEBL,33.0769
LFPO,LEBL,2022-09,259,84,10.1667,all_flights,LFPO → LEBL,32.4324
LFPO,LEBL,2022-12,205,37,4.6333,all_flights,LFPO → LEBL,18.0488
LFPO,LEMD,2022-03,325,47,3.7167,all_flights,LFPO → LEMD,14.4615
LFPO,LEMD,2022-06,350,89,8.3583,all_flights,LFPO → LEMD,25.4286
LFPO,LEMD,2022-09,366,102,7.5083,all_flights,LFPO → LEMD,27.8689
LFPO,LEMD,2022-12,377,81,4.7667,all_flights,LFPO → LEMD,21.4854
LFPO,LFBO,2022-03,600,24,-0.775,all_flights,LFPO → LFBO,4.0
LFPO,LFBO,2022-06,737,67,-0.8,all_flights,LFPO → LFBO,9.0909
LFPO,LFBO,2022-09,616,47,-3.3333,all_flights,LFPO → LFBO,7.6299
LFPO,LFBO,2022-12,669,21,-5.4,all_flights,LFPO → LFBO,3.139
LFPO,LFML,2022-03,251,8,-2.6833,all_flights,LFPO → LFML,3.1873
LFPO,LFML,2022-06,299,26,-3.6333,all_flights,LFPO → LFML,8.6957
LFPO,LFML,2022-09,262,17,-6.2583,all_flights,LFPO → LFML,6.4885
LFPO,LFML,2022-12,241,29,-1.3167,all_flights,LFPO → LFML,12.0332
LFPO,LFMN,2022-03,576,39,1.2167,all_flights,LFPO → LFMN,6.7708
LFPO,LFMN,2022-06,674,169,4.825,all_flights,LFPO → LFMN,25.0742
LFPO,LFMN,2022-09,565,80,1.2,all_flights,LFPO → LFMN,14.1593
LFPO,LFMN,2022-12,673,72,-0.9333,all_flights,LFPO → LFMN,10.6984
LFPO,LIML,2022-03,121,15,0.4333,all_flights,LFPO → LIML,12.3967
LFPO,LIML,2022-06,103,37,6.1333,all_flights,LFPO → LIML,35.9223
LFPO,LIML,2022-09,122,24,1.325,all_flights,LFPO → LIML,19.6721
LFPO,LIML,2022-12,162,25,2.5917,all_flights,LFPO → LIML,15.4321
LFPO,LIRF,2022-03,129,9,-2.7,all_flights,LFPO → LIRF,6.9767
LFPO,LIRF,2022-06,200,31,1.45,all_flights,LFPO → LIRF,15.5
LFPO,LIRF,2022-09,226,30,-0.0333,all_flights,LFPO → LIRF,13.2743
LFPO,LIRF,2022-12,233,21,-2.2167,all_flights,LFPO → LIRF,9.0129
LFPO,LPPR,2022-03,211,28,5.2,all_flights,LFPO → LPPR,13.2701
LFPO,LPPR,2022-06,273,92,9.5833,all_flights,LFPO → LPPR,33.6996
LFPO,LPPR,2022-09,309,94,9.2333,all_flights,LFPO → LPPR,30.4207
LFPO,LPPR,2022-12,253,99,11.8,all_flights,LFPO → LPPR,39.1304
LFPO,LPPT,2022-03,312,75,7.575,all_flights,LFPO → LPPT,24.0385
LFPO,LPPT,2022-06,372,166,13.2583,all_flights,LFPO → LPPT,44.6237
LFPO,LPPT,2022-09,379,169,13.3833,all_flights,LFPO → LPPT,44.591
LFPO,LPPT,2022-12,350,186,16.25,all_flights,LFPO → LPPT,53.1429
LFRS,LFLL,2022-03,184,1,-16.3917,all_flights,LFRS → LFLL,0.5435
LFRS,LFLL,2022-06,151,4,-6.3333,all_flights,LFRS → LFLL,2.649
LFRS,LFLL,2022-09,155,8,-11.9333,all_flights,LFRS → LFLL,5.1613
LFRS,LFLL,2022-12,151,5,-7.1667,all_flights,LFRS → LFLL,3.3113
LFRS,LFPG,2022-03,129,3,-5.4667,all_flights,LFRS → LFPG,2.3256
LFRS,LFPG,2022-06,126,17,2.65,all_flights,LFRS → LFPG,13.4921
LFRS,LFPG,2022-09,124,12,2.5417,all_flights,LFRS → LFPG,9.6774
LFRS,LFPG,2022-12,137,12,2.5167,all_flights,LFRS → LFPG,8.7591
LGAL,LGAV,2022-03,143,0,-3.95,all_flights,LGAL → LGAV,0.0
LGAL,LGAV,2022-06,119,23,5.7667,all_flights,LGAL → LGAV,19.3277
LGAL,LGAV,2022-09,126,16,2.4167,all_flights,LGAL → LGAV,12.6984
LGAL,LGAV,2022-12,158,0,-6.125,all_flights,LGAL → LGAV,0.0
LGAV,EDDM,2022-03,128,2,-4.1833,all_flights,LGAV → EDDM,1.5625
LGAV,EDDM,2022-06,174,8,-2.2167,all_flights,LGAV → EDDM,4.5977
LGAV,EDDM,2022-09,176,11,-1.5917,all_flights,LGAV → EDDM,6.25
LGAV,EDDM,2022-12,160,4,-6.4417,all_flights,LGAV → EDDM,2.5
LGAV,EGLL,2022-03,189,15,-0.3,all_flights,LGAV → EGLL,7.9365
LGAV,EGLL,2022-06,233,128,16.0,all_flights,LGAV → EGLL,54.9356
LGAV,EGLL,2022-09,259,106,11.7167,all_flights,LGAV → EGLL,40.9266
LGAV,EGLL,2022-12,179,43,5.1333,all_flights,LGAV → EGLL,24.0223
LGAV,EHAM,2022-03,121,6,3.0333,all_flights,LGAV → EHAM,4.9587
LGAV,EHAM,2022-06,150,64,11.9083,all_flights,LGAV → EHAM,42.6667
LGAV,EHAM,2022-09,148,30,8.0333,all_flights,LGAV → EHAM,20.2703
LGAV,EHAM,2022-12,89,11,2.7,all_flights,LGAV → EHAM,12.3596
LGAV,LCLK,2022-03,287,9,0.5,all_flights,LGAV → LCLK,3.1359
LGAV,LCLK,2022-06,376,13,0.725,all_flights,LGAV → LCLK,3.4574
LGAV,LCLK,2022-09,358,18,-0.4417,all_flights,LGAV → LCLK,5.0279
LGAV,LCLK,2022-12,377,12,-0.0333,all_flights,LGAV → LCLK,3.183
LGAV,LFPG,2022-03,138,8,0.3083,all_flights,LGAV → LFPG,5.7971
LGAV,LFPG,2022-06,251,51,4.2,all_flights,LGAV → LFPG,20.3187
LGAV,LFPG,2022-09,222,34,5.725,all_flights,LGAV → LFPG,15.3153
LGAV,LFPG,2022-12,138,5,-0.525,all_flights,LGAV → LFPG,3.6232
LGAV,LGAL,2022-03,142,0,-7.475,all_flights,LGAV → LGAL,0.0
LGAV,LGAL,2022-06,119,3,-6.6,all_flights,LGAV → LGAL,2.521
LGAV,LGAL,2022-09,127,3,-7.4,all_flights,LGAV → LGAL,2.3622
LGAV,LGAL,2022-12,158,0,-13.975,all_flights,LGAV → LGAL,0.0
LGAV,LGHI,2022-03,140,0,-4.1,all_flights,LGAV → LGHI,0.0
LGAV,LGHI,2022-06,161,5,-3.2167,all_flights,LGAV → LGHI,3.1056
LGAV,LGHI,2022-09,163,5,-7.45,all_flights,LGAV → LGHI,3.0675
LGAV,LGHI,2022-12,163,2,-10.6667,all_flights,LGAV → LGHI,1.227
LGAV,LGIR,2022-03,276,0,-9.5583,all_flights,LGAV → LGIR,0.0
LGAV,LGIR,2022-06,303,15,-3.9167,all_flights,LGAV → LGIR,4.9505
LGAV,LGIR,2022-09,314,6,-4.925,all_flights,LGAV → LGIR,1.9108
LGAV,LGIR,2022-12,292,0,-8.0917,all_flights,LGAV → LGIR,0.0
LGAV,LGKO,2022-03,147,1,-10.1,all_flights,LGAV → LGKO,0.6803
LGAV,LGKO,2022-06,141,8,-2.8833,all_flights,LGAV → LGKO,5.6738
LGAV,LGKO,2022-09,136,1,-7.725,all_flights,LGAV → LGKO,0.7353
LGAV,LGKO,2022-12,137,0,-9.6,all_flights,LGAV → LGKO,0.0
LGAV,LGKR,2022-03,138,0,-4.35,all_flights,LGAV → LGKR,0.0
LGAV,LGKR,2022-06,170,11,-1.3167,all_flights,LGAV → LGKR,6.4706
LGAV,LGKR,2022-09,175,7,-2.05,all_flights,LGAV → LGKR,4.0
LGAV,LGKR,2022-12,151,0,-3.65,all_flights,LGAV → LGKR,0.0
LGAV,LGMK,2022-03,82,1,-5.0083,all_flights,LGAV → LGMK,1.2195
LGAV,LGMK,2022-06,333,34,-2.0833,all_flights,LGAV → LGMK,10.2102
LGAV,LGMK,2022-09,323,18,-3.8833,all_flights,LGAV → LGMK,5.5728
LGAV,LGMK,2022-12,91,0,-11.3833,all_flights,LGAV → LGMK,0.0
LGAV,LGMT,2022-03,155,1,-5.35,all_flights,LGAV → LGMT,0.6452
LGAV,LGMT,2022-06,166,3,-4.1833,all_flights,LGAV → LGMT,1.8072
LGAV,LGMT,2022-09,163,4,-6.7333,all_flights,LGAV → LGMT,2.454
LGAV,LGMT,2022-12,177,1,-11.25,all_flights,LGAV → LGMT,0.565
LGAV,LGNX,2022-03,46,0,-14.5167,all_flights,LGAV → LGNX,0.0
LGAV,LGNX,2022-06,194,0,-12.475,all_flights,LGAV → LGNX,0.0
LGAV,LGNX,2022-09,242,0,-14.225,all_flights,LGAV → LGNX,0.0
LGAV,LGNX,2022-12,50,0,-16.55,all_flights,LGAV → LGNX,0.0
LGAV,LGPA,2022-03,76,1,-11.975,all_flights,LGAV → LGPA,1.3158
LGAV,LGPA,2022-06,351,3,-5.8,all_flights,LGAV → LGPA,0.8547
LGAV,LGPA,2022-09,299,1,-7.2667,all_flights,LGAV → LGPA,0.3344
LGAV,LGPA,2022-12,80,0,-16.6083,all_flights,LGAV → LGPA,0.0
LGAV,LGRP,2022-03,155,0,-7.9167,all_flights,LGAV → LGRP,0.0
LGAV,LGRP,2022-06,193,2,-5.0833,all_flights,LGAV → LGRP,1.0363
LGAV,LGRP,2022-09,191,0,-6.3667,all_flights,LGAV → LGRP,0.0
LGAV,LGRP,2022-12,178,3,-7.4833,all_flights,LGAV → LGRP,1.6854
LGAV,LGSA,2022-03,212,2,-8.0583,all_flights,LGAV → LGSA,0.9434
LGAV,LGSA,2022-06,237,42,-1.3667,all_flights,LGAV → LGSA,17.7215
LGAV,LGSA,2022-09,239,29,-1.5833,all_flights,LGAV → LGSA,12.1339
LGAV,LGSA,2022-12,223,0,-7.7833,all_flights,LGAV → LGSA,0.0
LGAV,LGSR,2022-03,193,2,-6.4667,all_flights,LGAV → LGSR,1.0363
LGAV,LGSR,2022-06,665,17,-2.8333,all_flights,LGAV → LGSR,2.5564
LGAV,LGSR,2022-09,649,21,-4.5333,all_flights,LGAV → LGSR,3.2357
LGAV,LGSR,2022-12,216,0,-10.6583,all_flights,LGAV → LGSR,0.0
LGAV,LGTS,2022-03,414,1,-11.6667,all_flights,LGAV → LGTS,0.2415
LGAV,LGTS,2022-06,462,4,-8.6,all_flights,LGAV → LGTS,0.8658
LGAV,LGTS,2022-09,462,5,-11.3167,all_flights,LGAV → LGTS,1.0823
LGAV,LGTS,2022-12,497,3,-10.7,all_flights,LGAV → LGTS,0.6036
LGAV,LIRF,2022-03,117,0,-8.1,all_flights,LGAV → LIRF,0.0
LGAV,LIRF,2022-06,225,3,-8.6,all_flights,LGAV → LIRF,1.3333
LGAV,LIRF,2022-09,222,3,-7.45,all_flights,LGAV → LIRF,1.3514
LGAV,LIRF,2022-12,169,2,-9.6833,all_flights,LGAV → LIRF,1.1834
LGAV,LLBG,2022-03,89,10,3.1833,all_flights,LGAV → LLBG,11.236
LGAV,LLBG,2022-06,137,25,5.5833,all_flights,LGAV → LLBG,18.2482
LGAV,LLBG,2022-09,143,43,9.0667,all_flights,LGAV → LLBG,30.0699
LGAV,LLBG,2022-12,195,13,0.4,all_flights,LGAV → LLBG,6.6667
LGAV,LTFM,2022-03,127,7,-5.65,all_flights,LGAV → LTFM,5.5118
LGAV,LTFM,2022-06,178,6,-4.2833,all_flights,LGAV → LTFM,3.3708
LGAV,LTFM,2022-09,197,7,-5.1667,all_flights,LGAV → LTFM,3.5533
LGAV,LTFM,2022-12,139,2,-4.9333,all_flights,LGAV → LTFM,1.4388
LGHI,LGAV,2022-03,140,3,-3.7667,all_flights,LGHI → LGAV,2.1429
LGHI,LGAV,2022-06,160,24,1.9833,all_flights,LGHI → LGAV,15.0
LGHI,LGAV,2022-09,164,8,0.5083,all_flights,LGHI → LGAV,4.878
LGHI,LGAV,2022-12,163,0,-8.4667,all_flights,LGHI → LGAV,0.0
LGIR,LGAV,2022-03,276,13,0.3333,all_flights,LGIR → LGAV,4.7101
LGIR,LGAV,2022-06,309,57,5.8167,all_flights,LGIR → LGAV,18.4466
LGIR,LGAV,2022-09,319,43,2.1,all_flights,LGIR → LGAV,13.4796
LGIR,LGAV,2022-12,294,5,-1.0083,all_flights,LGIR → LGAV,1.7007
LGKO,LGAV,2022-03,147,2,-13.85,all_flights,LGKO → LGAV,1.3605
LGKO,LGAV,2022-06,140,29,6.3167,all_flights,LGKO → LGAV,20.7143
LGKO,LGAV,2022-09,136,18,3.975,all_flights,LGKO → LGAV,13.2353
LGKO,LGAV,2022-12,137,1,-11.8167,all_flights,LGKO → LGAV,0.7299
LGKR,LGAV,2022-03,138,0,-13.9667,all_flights,LGKR → LGAV,0.0
LGKR,LGAV,2022-06,170,28,2.9417,all_flights,LGKR → LGAV,16.4706
LGKR,LGAV,2022-09,172,16,1.5167,all_flights,LGKR → LGAV,9.3023
LGKR,LGAV,2022-12,151,1,-10.95,all_flights,LGKR → LGAV,0.6623
LGMK,LGAV,2022-03,82,2,-6.1833,all_flights,LGMK → LGAV,2.439
LGMK,LGAV,2022-06,342,24,0.2083,all_flights,LGMK → LGAV,7.0175
LGMK,LGAV,2022-09,333,7,-3.65,all_flights,LGMK → LGAV,2.1021
LGMK,LGAV,2022-12,91,0,-14.3167,all_flights,LGMK → LGAV,0.0
LGMT,LGAV,2022-03,155,4,-4.35,all_flights,LGMT → LGAV,2.5806
LGMT,LGAV,2022-06,167,25,3.9833,all_flights,LGMT → LGAV,14.9701
LGMT,LGAV,2022-09,163,9,-1.3,all_flights,LGMT → LGAV,5.5215
LGMT,LGAV,2022-12,177,3,-6.6833,all_flights,LGMT → LGAV,1.6949
LGNX,LGAV,2022-03,47,0,-3.0667,all_flights,LGNX → LGAV,0.0
LGNX,LGAV,2022-06,195,23,0.3833,all_flights,LGNX → LGAV,11.7949
LGNX,LGAV,2022-09,244,10,-1.325,all_flights,LGNX → LGAV,4.0984
LGNX,LGAV,2022-12,50,1,-5.2333,all_flights,LGNX → LGAV,2.0
LGPA,LGAV,2022-03,76,9,-2.7833,all_flights,LGPA → LGAV,11.8421
LGPA,LGAV,2022-06,351,80,5.5167,all_flights,LGPA → LGAV,22.792
LGPA,LGAV,2022-09,299,46,4.45,all_flights,LGPA → LGAV,15.3846
LGPA,LGAV,2022-12,80,0,-4.6583,all_flights,LGPA → LGAV,0.0
LGRP,LGAV,2022-03,156,3,1.7083,all_flights,LGRP → LGAV,1.9231
LGRP,LGAV,2022-06,195,20,1.95,all_flights,LGRP → LGAV,10.2564
LGRP,LGAV,2022-09,191,18,2.6833,all_flights,LGRP → LGAV,9.4241
LGRP,LGAV,2022-12,174,4,-5.225,all_flights,LGRP → LGAV,2.2989
LGSA,LGAV,2022-03,214,1,-9.1583,all_flights,LGSA → LGAV,0.4673
LGSA,LGAV,2022-06,239,18,-4.2667,all_flights,LGSA → LGAV,7.5314
LGSA,LGAV,2022-09,239,10,-5.4167,all_flights,LGSA → LGAV,4.1841
LGSA,LGAV,2022-12,223,0,-9.8333,all_flights,LGSA → LGAV,0.0
LGSR,LGAV,2022-03,194,5,-1.9583,all_flights,LGSR → LGAV,2.5773
LGSR,LGAV,2022-06,681,41,1.5333,all_flights,LGSR → LGAV,6.0206
LGSR,LGAV,2022-09,666,34,0.7083,all_flights,LGSR → LGAV,5.1051
LGSR,LGAV,2022-12,216,2,-10.875,all_flights,LGSR → LGAV,0.9259
LGTS,LGAV,2022-03,391,4,-10.4,all_flights,LGTS → LGAV,1.023
LGTS,LGAV,2022-06,439,42,-2.2833,all_flights,LGTS → LGAV,9.5672
LGTS,LGAV,2022-09,439,25,-5.35,all_flights,LGTS → LGAV,5.6948
LGTS,LGAV,2022-12,473,3,-10.6,all_flights,LGTS → LGAV,0.6342
LHBP,EGSS,2022-03,115,18,7.8333,all_flights,LHBP → EGSS,15.6522
LHBP,EGSS,2022-06,134,77,18.3583,all_flights,LHBP → EGSS,57.4627
LHBP,EGSS,2022-09,136,63,13.7583,all_flights,LHBP → EGSS,46.3235
LHBP,EGSS,2022-12,121,49,12.4667,all_flights,LHBP → EGSS,40.4959
LHBP,LLBG,2022-03,102,17,5.6917,all_flights,LHBP → LLBG,16.6667
LHBP,LLBG,2022-06,115,34,8.5333,all_flights,LHBP → LLBG,29.5652
LHBP,LLBG,2022-09,119,39,9.4333,all_flights,LHBP → LLBG,32.7731
LHBP,LLBG,2022-12,190,31,5.1,all_flights,LHBP → LLBG,16.3158
LIBD,LIMC,2022-03,157,0,-16.2,all_flights,LIBD → LIMC,0.0
LIBD,LIMC,2022-06,176,5,-7.5667,all_flights,LIBD → LIMC,2.8409
LIBD,LIMC,2022-09,192,9,-6.5417,all_flights,LIBD → LIMC,4.6875
LIBD,LIMC,2022-12,128,0,-16.5333,all_flights,LIBD → LIMC,0.0
LIBD,LIML,2022-03,215,0,-9.0167,all_flights,LIBD → LIML,0.0
LIBD,LIML,2022-06,190,12,0.025,all_flights,LIBD → LIML,6.3158
LIBD,LIML,2022-09,180,14,-1.725,all_flights,LIBD → LIML,7.7778
LIBD,LIML,2022-12,276,8,-4.775,all_flights,LIBD → LIML,2.8986
LIBD,LIRF,2022-03,179,2,-7.85,all_flights,LIBD → LIRF,1.1173
LIBD,LIRF,2022-06,219,7,-2.1167,all_flights,LIBD → LIRF,3.1963
LIBD,LIRF,2022-09,223,11,-2.4833,all_flights,LIBD → LIRF,4.9327
LIBD,LIRF,2022-12,155,2,-8.4,all_flights,LIBD → LIRF,1.2903
LIBR,LIMC,2022-03,145,0,-18.75,all_flights,LIBR → LIMC,0.0
LIBR,LIMC,2022-06,165,1,-12.4,all_flights,LIBR → LIMC,0.6061
LIBR,LIMC,2022-09,168,14,-9.1,all_flights,LIBR → LIMC,8.3333
LIBR,LIMC,2022-12,113,0,-19.6333,all_flights,LIBR → LIMC,0.0
LIBR,LIRF,2022-03,111,0,-12.3833,all_flights,LIBR → LIRF,0.0
LIBR,LIRF,2022-06,148,0,-8.925,all_flights,LIBR → LIRF,0.0
LIBR,LIRF,2022-09,173,6,-9.8,all_flights,LIBR → LIRF,3.4682
LIBR,LIRF,2022-12,111,3,-9.1,all_flights,LIBR → LIRF,2.7027
LICA,LIMC,2022-03,186,0,-14.625,all_flights,LICA → LIMC,0.0
LICA,LIMC,2022-06,189,3,-9.2667,all_flights,LICA → LIMC,1.5873
LICA,LIMC,2022-09,220,7,-11.9083,all_flights,LICA → LIMC,3.1818
LICA,LIMC,2022-12,174,0,-16.3917,all_flights,LICA → LIMC,0.0
LICC,LIMC,2022-03,319,0,-20.0833,all_flights,LICC → LIMC,0.0
LICC,LIMC,2022-06,358,8,-12.8167,all_flights,LICC → LIMC,2.2346
LICC,LIMC,2022-09,358,7,-10.3333,all_flights,LICC → LIMC,1.9553
LICC,LIMC,2022-12,295,2,-16.1833,all_flights,LICC → LIMC,0.678
LICC,LIML,2022-03,151,4,-8.6667,all_flights,LICC → LIML,2.649
LICC,LIML,2022-06,173,21,3.0,all_flights,LICC → LIML,12.1387
LICC,LIML,2022-09,208,36,5.1417,all_flights,LICC → LIML,17.3077
LICC,LIML,2022-12,205,18,3.0333,all_flights,LICC → LIML,8.7805
LICC,LIPE,2022-03,128,12,0.2,all_flights,LICC → LIPE,9.375
LICC,LIPE,2022-06,143,8,-0.2667,all_flights,LICC → LIPE,5.5944
LICC,LIPE,2022-09,142,25,5.5083,all_flights,LICC → LIPE,17.6056
LICC,LIPE,2022-12,152,7,-5.5917,all_flights,LICC → LIPE,4.6053
LICC,LIRF,2022-03,461,1,-15.9667,all_flights,LICC → LIRF,0.2169
LICC,LIRF,2022-06,477,8,-10.7667,all_flights,LICC → LIRF,1.6771
LICC,LIRF,2022-09,545,11,-9.25,all_flights,LICC → LIRF,2.0183
LICC,LIRF,2022-12,391,3,-10.1667,all_flights,LICC → LIRF,0.7673
LICJ,LIMC,2022-03,285,0,-18.85,all_flights,LICJ → LIMC,0.0
LICJ,LIMC,2022-06,293,9,-13.1667,all_flights,LICJ → LIMC,3.0717
LICJ,LIMC,2022-09,295,6,-12.05,all_flights,LICJ → LIMC,2.0339
LICJ,LIMC,2022-12,218,0,-16.8667,all_flights,LICJ → LIMC,0.0
LICJ,LIML,2022-03,121,0,-10.15,all_flights,LICJ → LIML,0.0
LICJ,LIML,2022-06,147,8,0.2833,all_flights,LICJ → LIML,5.4422
LICJ,LIML,2022-09,149,18,3.35,all_flights,LICJ → LIML,12.0805
LICJ,LIML,2022-12,142,4,0.6417,all_flights,LICJ → LIML,2.8169
LICJ,LIRF,2022-03,345,0,-16.0667,all_flights,LICJ → LIRF,0.0
LICJ,LIRF,2022-06,389,1,-9.75,all_flights,LICJ → LIRF,0.2571
LICJ,LIRF,2022-09,449,6,-9.2667,all_flights,LICJ → LIRF,1.3363
LICJ,LIRF,2022-12,274,0,-11.425,all_flights,LICJ → LIRF,0.0
LIEE,LIML,2022-03,95,2,-1.6333,all_flights,LIEE → LIML,2.1053
LIEE,LIML,2022-06,180,7,-5.2917,all_flights,LIEE → LIML,3.8889
LIEE,LIML,2022-09,183,11,-1.3667,all_flights,LIEE → LIML,6.0109
LIEE,LIML,2022-12,139,3,-3.6667,all_flights,LIEE → LIML,2.1583
LIEE,LIRF,2022-03,208,0,-12.1,all_flights,LIEE → LIRF,0.0
LIEE,LIRF,2022-06,255,1,-11.2167,all_flights,LIEE → LIRF,0.3922
LIEE,LIRF,2022-09,264,0,-11.9667,all_flights,LIEE → LIRF,0.0
LIEE,LIRF,2022-12,217,0,-15.3833,all_flights,LIEE → LIRF,0.0
LIMC,EDDF,2022-03,129,0,-11.0,all_flights,LIMC → EDDF,0.0
LIMC,EDDF,2022-06,156,5,-9.0333,all_flights,LIMC → EDDF,3.2051
LIMC,EDDF,2022-09,145,6,-8.6333,all_flights,LIMC → EDDF,4.1379
LIMC,EDDF,2022-12,95,0,-12.3167,all_flights,LIMC → EDDF,0.0
LIMC,EDDP,2022-03,190,11,-0.3,all_flights,LIMC → EDDP,5.7895
LIMC,EDDP,2022-06,183,40,2.9167,all_flights,LIMC → EDDP,21.8579
LIMC,EDDP,2022-09,184,26,3.4,all_flights,LIMC → EDDP,14.1304
LIMC,EDDP,2022-12,184,22,1.7833,all_flights,LIMC → EDDP,11.9565
LIMC,EGKK,2022-03,113,22,7.5833,all_flights,LIMC → EGKK,19.469
LIMC,EGKK,2022-06,183,106,18.5167,all_flights,LIMC → EGKK,57.9235
LIMC,EGKK,2022-09,209,119,17.05,all_flights,LIMC → EGKK,56.9378
LIMC,EGKK,2022-12,196,69,10.4333,all_flights,LIMC → EGKK,35.2041
LIMC,EHAM,2022-03,133,10,2.1333,all_flights,LIMC → EHAM,7.5188
LIMC,EHAM,2022-06,160,46,8.275,all_flights,LIMC → EHAM,28.75
LIMC,EHAM,2022-09,155,32,8.2833,all_flights,LIMC → EHAM,20.6452
LIMC,EHAM,2022-12,94,17,6.35,all_flights,LIMC → EHAM,18.0851
LIMC,ELLX,2022-03,153,9,-1.7667,all_flights,LIMC → ELLX,5.8824
LIMC,ELLX,2022-06,129,19,3.3333,all_flights,LIMC → ELLX,14.7287
LIMC,ELLX,2022-09,144,23,5.9917,all_flights,LIMC → ELLX,15.9722
LIMC,ELLX,2022-12,138,25,2.3083,all_flights,LIMC → ELLX,18.1159
LIMC,KJFK,2022-03,106,12,3.4,all_flights,LIMC → KJFK,11.3208
LIMC,KJFK,2022-06,158,51,8.7083,all_flights,LIMC → KJFK,32.2785
LIMC,KJFK,2022-09,161,47,8.35,all_flights,LIMC → KJFK,29.1925
LIMC,KJFK,2022-12,145,31,5.0167,all_flights,LIMC → KJFK,21.3793
LIMC,LEBL,2022-03,261,20,4.3667,all_flights,LIMC → LEBL,7.6628
LIMC,LEBL,2022-06,268,67,7.4,all_flights,LIMC → LEBL,25.0
LIMC,LEBL,2022-09,296,66,7.1,all_flights,LIMC → LEBL,22.2973
LIMC,LEBL,2022-12,240,42,6.025,all_flights,LIMC → LEBL,17.5
LIMC,LEMD,2022-03,159,12,1.0167,all_flights,LIMC → LEMD,7.5472
LIMC,LEMD,2022-06,149,35,8.1167,all_flights,LIMC → LEMD,23.4899
LIMC,LEMD,2022-09,156,37,8.425,all_flights,LIMC → LEMD,23.7179
LIMC,LEMD,2022-12,199,28,6.1167,all_flights,LIMC → LEMD,14.0704
LIMC,LFPG,2022-03,293,62,6.25,all_flights,LIMC → LFPG,21.1604
LIMC,LFPG,2022-06,290,69,9.0083,all_flights,LIMC → LFPG,23.7931
LIMC,LFPG,2022-09,260,79,9.3167,all_flights,LIMC → LFPG,30.3846
LIMC,LFPG,2022-12,283,57,8.5,all_flights,LIMC → LFPG,20.1413
LIMC,LIBD,2022-03,157,8,2.25,all_flights,LIMC → LIBD,5.0955
LIMC,LIBD,2022-06,178,31,6.6583,all_flights,LIMC → LIBD,17.4157
LIMC,LIBD,2022-09,192,43,6.35,all_flights,LIMC → LIBD,22.3958
LIMC,LIBD,2022-12,130,24,5.0833,all_flights,LIMC → LIBD,18.4615
LIMC,LIBR,2022-03,146,15,3.2667,all_flights,LIMC → LIBR,10.274
LIMC,LIBR,2022-06,165,46,9.6833,all_flights,LIMC → LIBR,27.8788
LIMC,LIBR,2022-09,164,30,7.0583,all_flights,LIMC → LIBR,18.2927
LIMC,LIBR,2022-12,114,22,6.975,all_flights,LIMC → LIBR,19.2982
LIMC,LICA,2022-03,183,14,3.65,all_flights,LIMC → LICA,7.6503
LIMC,LICA,2022-06,187,59,8.2333,all_flights,LIMC → LICA,31.5508
LIMC,LICA,2022-09,220,39,5.3417,all_flights,LIMC → LICA,17.7273
LIMC,LICA,2022-12,170,43,6.4583,all_flights,LIMC → LICA,25.2941
LIMC,LICC,2022-03,349,39,-3.1333,all_flights,LIMC → LICC,11.1748
LIMC,LICC,2022-06,378,43,-0.35,all_flights,LIMC → LICC,11.3757
LIMC,LICC,2022-09,385,66,6.2333,all_flights,LIMC → LICC,17.1429
LIMC,LICC,2022-12,317,70,6.2,all_flights,LIMC → LICC,22.082
LIMC,LICJ,2022-03,283,6,-0.4167,all_flights,LIMC → LICJ,2.1201
LIMC,LICJ,2022-06,290,44,3.325,all_flights,LIMC → LICJ,15.1724
LIMC,LICJ,2022-09,291,37,1.1167,all_flights,LIMC → LICJ,12.7148
LIMC,LICJ,2022-12,218,36,4.0083,all_flights,LIMC → LICJ,16.5138
LIMC,LIEE,2022-03,106,7,1.0417,all_flights,LIMC → LIEE,6.6038
LIMC,LIEE,2022-06,157,30,5.2667,all_flights,LIMC → LIEE,19.1083
LIMC,LIEE,2022-09,159,23,4.4167,all_flights,LIMC → LIEE,14.4654
LIMC,LIEE,2022-12,79,26,8.2,all_flights,LIMC → LIEE,32.9114
LIMC,LIRN,2022-03,261,11,2.0333,all_flights,LIMC → LIRN,4.2146
LIMC,LIRN,2022-06,294,40,1.425,all_flights,LIMC → LIRN,13.6054
LIMC,LIRN,2022-09,344,42,-0.4667,all_flights,LIMC → LIRN,12.2093
LIMC,LIRN,2022-12,221,23,-5.4,all_flights,LIMC → LIRN,10.4072
LIMC,LOWW,2022-03,139,10,5.8167,all_flights,LIMC → LOWW,7.1942
LIMC,LOWW,2022-06,161,25,7.4167,all_flights,LIMC → LOWW,15.528
LIMC,LOWW,2022-09,155,31,7.7167,all_flights,LIMC → LOWW,20.0
LIMC,LOWW,2022-12,119,25,6.0167,all_flights,LIMC → LOWW,21.0084
LIMC,LPPT,2022-03,114,25,7.675,all_flights,LIMC → LPPT,21.9298
LIMC,LPPT,2022-06,185,69,11.7,all_flights,LIMC → LPPT,37.2973
LIMC,LPPT,2022-09,176,75,12.45,all_flights,LIMC → LPPT,42.6136
LIMC,LPPT,2022-12,143,78,16.8333,all_flights,LIMC → LPPT,54.5455
LIME,EGSS,2022-03,124,8,5.4833,all_flights,LIME → EGSS,6.4516
LIME,EGSS,2022-06,119,45,11.3667,all_flights,LIME → EGSS,37.8151
LIME,EGSS,2022-09,120,39,11.8583,all_flights,LIME → EGSS,32.5
LIME,EGSS,2022-12,144,47,11.975,all_flights,LIME → EGSS,32.6389
LIML,EBBR,2022-03,118,3,-1.3917,all_flights,LIML → EBBR,2.5424
LIML,EBBR,2022-06,144,30,4.425,all_flights,LIML → EBBR,20.8333
LIML,EBBR,2022-09,155,17,2.05,all_flights,LIML → EBBR,10.9677
LIML,EBBR,2022-12,141,19,1.0667,all_flights,LIML → EBBR,13.4752
LIML,EDDF,2022-03,184,0,-11.8333,all_flights,LIML → EDDF,0.0
LIML,EDDF,2022-06,203,11,-5.1667,all_flights,LIML → EDDF,5.4187
LIML,EDDF,2022-09,188,8,-5.4083,all_flights,LIML → EDDF,4.2553
LIML,EDDF,2022-12,208,4,-8.6167,all_flights,LIML → EDDF,1.9231
LIML,EGLL,2022-03,178,46,7.6167,all_flights,LIML → EGLL,25.8427
LIML,EGLL,2022-06,137,60,13.1,all_flights,LIML → EGLL,43.7956
LIML,EGLL,2022-09,182,88,14.1083,all_flights,LIML → EGLL,48.3516
LIML,EGLL,2022-12,191,63,10.6833,all_flights,LIML → EGLL,32.9843
LIML,EHAM,2022-03,215,19,4.3833,all_flights,LIML → EHAM,8.8372
LIML,EHAM,2022-06,194,71,11.975,all_flights,LIML → EHAM,36.5979
LIML,EHAM,2022-09,203,65,10.0833,all_flights,LIML → EHAM,32.0197
LIML,EHAM,2022-12,192,44,7.7667,all_flights,LIML → EHAM,22.9167
LIML,LFPG,2022-03,213,32,6.3667,all_flights,LIML → LFPG,15.0235
LIML,LFPG,2022-06,241,55,7.7667,all_flights,LIML → LFPG,22.8216
LIML,LFPG,2022-09,251,63,8.9667,all_flights,LIML → LFPG,25.0996
LIML,LFPG,2022-12,274,47,6.325,all_flights,LIML → LFPG,17.1533
LIML,LFPO,2022-03,122,7,4.075,all_flights,LIML → LFPO,5.7377
LIML,LFPO,2022-06,103,25,7.9167,all_flights,LIML → LFPO,24.2718
LIML,LFPO,2022-09,123,22,6.6333,all_flights,LIML → LFPO,17.8862
LIML,LFPO,2022-12,161,21,3.8833,all_flights,LIML → LFPO,13.0435
LIML,LIBD,2022-03,215,7,2.2333,all_flights,LIML → LIBD,3.2558
LIML,LIBD,2022-06,189,36,6.8833,all_flights,LIML → LIBD,19.0476
LIML,LIBD,2022-09,179,32,5.8,all_flights,LIML → LIBD,17.8771
LIML,LIBD,2022-12,276,19,3.6917,all_flights,LIML → LIBD,6.8841
LIML,LICC,2022-03,152,12,-2.0167,all_flights,LIML → LICC,7.8947
LIML,LICC,2022-06,174,15,1.525,all_flights,LIML → LICC,8.6207
LIML,LICC,2022-09,210,30,6.0333,all_flights,LIML → LICC,14.2857
LIML,LICC,2022-12,204,63,9.925,all_flights,LIML → LICC,30.8824
LIML,LICJ,2022-03,121,2,-0.3333,all_flights,LIML → LICJ,1.6529
LIML,LICJ,2022-06,148,31,7.4583,all_flights,LIML → LICJ,20.9459
LIML,LICJ,2022-09,150,14,4.7083,all_flights,LIML → LICJ,9.3333
LIML,LICJ,2022-12,141,25,7.2667,all_flights,LIML → LICJ,17.7305
LIML,LIEE,2022-03,95,2,-0.5833,all_flights,LIML → LIEE,2.1053
LIML,LIEE,2022-06,182,15,3.8,all_flights,LIML → LIEE,8.2418
LIML,LIEE,2022-09,184,15,2.2667,all_flights,LIML → LIEE,8.1522
LIML,LIEE,2022-12,137,21,5.4667,all_flights,LIML → LIEE,15.3285
LIML,LIRF,2022-03,318,1,-6.275,all_flights,LIML → LIRF,0.3145
LIML,LIRF,2022-06,296,15,-2.4333,all_flights,LIML → LIRF,5.0676
LIML,LIRF,2022-09,309,8,-3.4167,all_flights,LIML → LIRF,2.589
LIML,LIRF,2022-12,374,11,-3.3833,all_flights,LIML → LIRF,2.9412
LIML,LIRN,2022-03,217,9,4.0333,all_flights,LIML → LIRN,4.1475
LIML,LIRN,2022-06,182,20,4.825,all_flights,LIML → LIRN,10.989
LIML,LIRN,2022-09,173,24,3.15,all_flights,LIML → LIRN,13.8728
LIML,LIRN,2022-12,233,15,-1.2,all_flights,LIML → LIRN,6.4378
LIPE,LICC,2022-03,128,9,-7.6583,all_flights,LIPE → LICC,7.0312
LIPE,LICC,2022-06,146,3,-6.0833,all_flights,LIPE → LICC,2.0548
LIPE,LICC,2022-09,143,2,-0.9667,all_flights,LIPE → LICC,1.3986
LIPE,LICC,2022-12,148,16,-3.8083,all_flights,LIPE → LICC,10.8108
LIPZ,LFPG,2022-03,228,20,2.7667,all_flights,LIPZ → LFPG,8.7719
LIPZ,LFPG,2022-06,235,49,7.65,all_flights,LIPZ → LFPG,20.8511
LIPZ,LFPG,2022-09,217,40,8.2833,all_flights,LIPZ → LFPG,18.4332
LIPZ,LFPG,2022-12,199,39,7.2833,all_flights,LIPZ → LFPG,19.598
LIRF,EBBR,2022-03,156,1,-1.5583,all_flights,LIRF → EBBR,0.641
LIRF,EBBR,2022-06,179,43,4.8,all_flights,LIRF → EBBR,24.0223
LIRF,EBBR,2022-09,202,32,1.925,all_flights,LIRF → EBBR,15.8416
LIRF,EBBR,2022-12,146,10,2.575,all_flights,LIRF → EBBR,6.8493
LIRF,EDDF,2022-03,127,0,-6.8667,all_flights,LIRF → EDDF,0.0
LIRF,EDDF,2022-06,177,14,-4.15,all_flights,LIRF → EDDF,7.9096
LIRF,EDDF,2022-09,144,6,-3.7417,all_flights,LIRF → EDDF,4.1667
LIRF,EDDF,2022-12,102,1,-5.9167,all_flights,LIRF → EDDF,0.9804
LIRF,EDDM,2022-03,157,0,-6.1667,all_flights,LIRF → EDDM,0.0
LIRF,EDDM,2022-06,175,18,2.0167,all_flights,LIRF → EDDM,10.2857
LIRF,EDDM,2022-09,171,14,1.6833,all_flights,LIRF → EDDM,8.1871
LIRF,EDDM,2022-12,156,17,0.3417,all_flights,LIRF → EDDM,10.8974
LIRF,EGKK,2022-03,62,6,3.0583,all_flights,LIRF → EGKK,9.6774
LIRF,EGKK,2022-06,187,90,14.7833,all_flights,LIRF → EGKK,48.1283
LIRF,EGKK,2022-09,207,80,11.5,all_flights,LIRF → EGKK,38.6473
LIRF,EGKK,2022-12,163,60,11.2333,all_flights,LIRF → EGKK,36.8098
LIRF,EGLL,2022-03,179,11,1.7333,all_flights,LIRF → EGLL,6.1453
LIRF,EGLL,2022-06,167,50,7.6833,all_flights,LIRF → EGLL,29.9401
LIRF,EGLL,2022-09,224,59,7.9333,all_flights,LIRF → EGLL,26.3393
LIRF,EGLL,2022-12,191,53,9.6833,all_flights,LIRF → EGLL,27.7487
LIRF,EHAM,2022-03,225,11,2.85,all_flights,LIRF → EHAM,4.8889
LIRF,EHAM,2022-06,270,92,11.2167,all_flights,LIRF → EHAM,34.0741
LIRF,EHAM,2022-09,271,73,8.5167,all_flights,LIRF → EHAM,26.9373
LIRF,EHAM,2022-12,249,48,5.7333,all_flights,LIRF → EHAM,19.2771
LIRF,LEBL,2022-03,224,13,2.1083,all_flights,LIRF → LEBL,5.8036
LIRF,LEBL,2022-06,306,66,7.8333,all_flights,LIRF → LEBL,21.5686
LIRF,LEBL,2022-09,312,80,8.8417,all_flights,LIRF → LEBL,25.641
LIRF,LEBL,2022-12,311,41,5.6833,all_flights,LIRF → LEBL,13.1833
LIRF,LEMD,2022-03,274,12,0.8583,all_flights,LIRF → LEMD,4.3796
LIRF,LEMD,2022-06,349,63,6.4,all_flights,LIRF → LEMD,18.0516
LIRF,LEMD,2022-09,359,70,6.5667,all_flights,LIRF → LEMD,19.4986
LIRF,LEMD,2022-12,369,76,5.5667,all_flights,LIRF → LEMD,20.5962
LIRF,LFPG,2022-03,252,19,2.4667,all_flights,LIRF → LFPG,7.5397
LIRF,LFPG,2022-06,319,62,6.9,all_flights,LIRF → LFPG,19.4357
LIRF,LFPG,2022-09,320,81,9.2417,all_flights,LIRF → LFPG,25.3125
LIRF,LFPG,2022-12,307,49,6.7,all_flights,LIRF → LFPG,15.9609
LIRF,LFPO,2022-03,129,12,3.1167,all_flights,LIRF → LFPO,9.3023
LIRF,LFPO,2022-06,199,47,7.7,all_flights,LIRF → LFPO,23.6181
LIRF,LFPO,2022-09,224,52,7.275,all_flights,LIRF → LFPO,23.2143
LIRF,LFPO,2022-12,232,53,7.3333,all_flights,LIRF → LFPO,22.8448
LIRF,LGAV,2022-03,114,1,-4.1167,all_flights,LIRF → LGAV,0.8772
LIRF,LGAV,2022-06,207,21,3.8667,all_flights,LIRF → LGAV,10.1449
LIRF,LGAV,2022-09,217,18,2.5667,all_flights,LIRF → LGAV,8.2949
LIRF,LGAV,2022-12,166,16,1.475,all_flights,LIRF → LGAV,9.6386
LIRF,LIBD,2022-03,180,2,-5.0,all_flights,LIRF → LIBD,1.1111
LIRF,LIBD,2022-06,217,25,2.0,all_flights,LIRF → LIBD,11.5207
LIRF,LIBD,2022-09,219,16,1.4167,all_flights,LIRF → LIBD,7.3059
LIRF,LIBD,2022-12,156,8,-0.7583,all_flights,LIRF → LIBD,5.1282
LIRF,LIBR,2022-03,111,1,-3.9667,all_flights,LIRF → LIBR,0.9009
LIRF,LIBR,2022-06,148,16,2.55,all_flights,LIRF → LIBR,10.8108
LIRF,LIBR,2022-09,173,8,0.0333,all_flights,LIRF → LIBR,4.6243
LIRF,LIBR,2022-12,110,10,2.3833,all_flights,LIRF → LIBR,9.0909
LIRF,LICC,2022-03,461,23,-8.4667,all_flights,LIRF → LICC,4.9892
LIRF,LICC,2022-06,488,36,-2.75,all_flights,LIRF → LICC,7.377
LIRF,LICC,2022-09,541,66,2.4,all_flights,LIRF → LICC,12.1996
LIRF,LICC,2022-12,388,50,4.4083,all_flights,LIRF → LICC,12.8866
LIRF,LICJ,2022-03,347,6,-4.0167,all_flights,LIRF → LICJ,1.7291
LIRF,LICJ,2022-06,378,53,4.6833,all_flights,LIRF → LICJ,14.0212
LIRF,LICJ,2022-09,449,38,0.8833,all_flights,LIRF → LICJ,8.4633
LIRF,LICJ,2022-12,269,23,2.2333,all_flights,LIRF → LICJ,8.5502
LIRF,LIEE,2022-03,213,1,-2.15,all_flights,LIRF → LIEE,0.4695
LIRF,LIEE,2022-06,260,22,0.6083,all_flights,LIRF → LIEE,8.4615
LIRF,LIEE,2022-09,265,31,1.0667,all_flights,LIRF → LIEE,11.6981
LIRF,LIEE,2022-12,221,11,1.4833,all_flights,LIRF → LIEE,4.9774
LIRF,LIML,2022-03,318,0,-5.05,all_flights,LIRF → LIML,0.0
LIRF,LIML,2022-06,298,19,1.6,all_flights,LIRF → LIML,6.3758
LIRF,LIML,2022-09,309,25,1.7333,all_flights,LIRF → LIML,8.0906
LIRF,LIML,2022-12,370,22,0.0417,all_flights,LIRF → LIML,5.9459
LIRF,LLBG,2022-03,116,13,2.5583,all_flights,LIRF → LLBG,11.2069
LIRF,LLBG,2022-06,143,28,7.0333,all_flights,LIRF → LLBG,19.5804
LIRF,LLBG,2022-09,164,32,5.525,all_flights,LIRF → LLBG,19.5122
LIRF,LLBG,2022-12,194,23,4.6583,all_flights,LIRF → LLBG,11.8557
LIRN,LIMC,2022-03,261,0,-12.3333,all_flights,LIRN → LIMC,0.0
LIRN,LIMC,2022-06,293,9,-6.35,all_flights,LIRN → LIMC,3.0717
LIRN,LIMC,2022-09,344,13,-8.6917,all_flights,LIRN → LIMC,3.7791
LIRN,LIMC,2022-12,217,0,-14.7333,all_flights,LIRN → LIMC,0.0
LIRN,LIML,2022-03,215,4,-1.3667,all_flights,LIRN → LIML,1.8605
LIRN,LIML,2022-06,182,18,3.2583,all_flights,LIRN → LIML,9.8901
LIRN,LIML,2022-09,172,28,5.45,all_flights,LIRN → LIML,16.2791
LIRN,LIML,2022-12,234,13,1.2917,all_flights,LIRN → LIML,5.5556
LIRQ,LFPG,2022-03,124,24,6.4917,all_flights,LIRQ → LFPG,19.3548
LIRQ,LFPG,2022-06,178,64,12.25,all_flights,LIRQ → LFPG,35.9551
LIRQ,LFPG,2022-09,170,63,12.2,all_flights,LIRQ → LFPG,37.0588
LIRQ,LFPG,2022-12,140,25,5.975,all_flights,LIRQ → LFPG,17.8571
LKPR,EHAM,2022-03,147,19,5.85,all_flights,LKPR → EHAM,12.9252
LKPR,EHAM,2022-06,145,55,9.7167,all_flights,LKPR → EHAM,37.931
LKPR,EHAM,2022-09,157,26,7.35,all_flights,LKPR → EHAM,16.5605
LKPR,EHAM,2022-12,127,30,8.0667,all_flights,LKPR → EHAM,23.622
LKPR,LFPG,2022-03,123,12,1.9167,all_flights,LKPR → LFPG,9.7561
LKPR,LFPG,2022-06,130,55,10.975,all_flights,LKPR → LFPG,42.3077
LKPR,LFPG,2022-09,146,47,10.3917,all_flights,LKPR → LFPG,32.1918
LKPR,LFPG,2022-12,138,33,6.5917,all_flights,LKPR → LFPG,23.913
LLBG,LCLK,2022-03,70,3,4.15,all_flights,LLBG → LCLK,4.2857
LLBG,LCLK,2022-06,141,15,4.55,all_flights,LLBG → LCLK,10.6383
LLBG,LCLK,2022-09,167,12,3.9833,all_flights,LLBG → LCLK,7.1856
LLBG,LCLK,2022-12,136,20,4.6583,all_flights,LLBG → LCLK,14.7059
LLBG,LFPG,2022-03,154,19,4.975,all_flights,LLBG → LFPG,12.3377
LLBG,LFPG,2022-06,164,57,9.3333,all_flights,LLBG → LFPG,34.7561
LLBG,LFPG,2022-09,155,52,8.9333,all_flights,LLBG → LFPG,33.5484
LLBG,LFPG,2022-12,178,32,5.4417,all_flights,LLBG → LFPG,17.9775
LLBG,LGAV,2022-03,90,14,8.2833,all_flights,LLBG → LGAV,15.5556
LLBG,LGAV,2022-06,138,44,10.625,all_flights,LLBG → LGAV,31.8841
LLBG,LGAV,2022-09,145,45,11.2167,all_flights,LLBG → LGAV,31.0345
LLBG,LGAV,2022-12,196,33,6.3417,all_flights,LLBG → LGAV,16.8367
LLBG,LHBP,2022-03,103,9,1.4167,all_flights,LLBG → LHBP,8.7379
LLBG,LHBP,2022-06,115,11,-0.65,all_flights,LLBG → LHBP,9.5652
LLBG,LHBP,2022-09,120,13,1.6167,all_flights,LLBG → LHBP,10.8333
LLBG,LHBP,2022-12,192,20,-0.5417,all_flights,LLBG → LHBP,10.4167
LLBG,LIRF,2022-03,116,8,-0.4583,all_flights,LLBG → LIRF,6.8966
LLBG,LIRF,2022-06,142,8,-2.6583,all_flights,LLBG → LIRF,5.6338
LLBG,LIRF,2022-09,167,12,-1.6,all_flights,LLBG → LIRF,7.1856
LLBG,LIRF,2022-12,195,11,-3.7833,all_flights,LLBG → LIRF,5.641
LLBG,LLER,2022-03,243,39,3.2833,all_flights,LLBG → LLER,16.0494
LLBG,LLER,2022-06,197,39,3.25,all_flights,LLBG → LLER,19.797
LLBG,LLER,2022-09,175,29,1.0667,all_flights,LLBG → LLER,16.5714
LLBG,LLER,2022-12,282,49,4.6,all_flights,LLBG → LLER,17.3759
LLBG,LOWW,2022-03,106,13,4.1083,all_flights,LLBG → LOWW,12.2642
LLBG,LOWW,2022-06,151,38,6.0,all_flights,LLBG → LOWW,25.1656
LLBG,LOWW,2022-09,176,40,7.4083,all_flights,LLBG → LOWW,22.7273
LLBG,LOWW,2022-12,167,37,6.2333,all_flights,LLBG → LOWW,22.1557
LLBG,LTFJ,2022-03,193,16,-2.6,all_flights,LLBG → LTFJ,8.2902
LLBG,LTFJ,2022-06,177,22,-0.3167,all_flights,LLBG → LTFJ,12.4294
LLBG,LTFJ,2022-09,192,25,-1.7417,all_flights,LLBG → LTFJ,13.0208
LLBG,LTFJ,2022-12,220,17,-2.0167,all_flights,LLBG → LTFJ,7.7273
LLBG,LTFM,2022-03,186,27,-0.6333,all_flights,LLBG → LTFM,14.5161
LLBG,LTFM,2022-06,218,17,-1.85,all_flights,LLBG → LTFM,7.7982
LLBG,LTFM,2022-09,267,17,-1.9333,all_flights,LLBG → LTFM,6.367
LLBG,LTFM,2022-12,254,20,-1.55,all_flights,LLBG → LTFM,7.874
LLBG,OMDB,2022-03,183,60,8.6,all_flights,LLBG → OMDB,32.7869
LLBG,OMDB,2022-06,134,48,10.7,all_flights,LLBG → OMDB,35.8209
LLBG,OMDB,2022-09,176,99,16.5333,all_flights,LLBG → OMDB,56.25
LLBG,OMDB,2022-12,277,101,10.3167,all_flights,LLBG → OMDB,36.4621
LLER,LLBG,2022-03,242,29,-0.9,all_flights,LLER → LLBG,11.9835
LLER,LLBG,2022-06,195,21,-1.45,all_flights,LLER → LLBG,10.7692
LLER,LLBG,2022-09,177,18,-2.0,all_flights,LLER → LLBG,10.1695
LLER,LLBG,2022-12,280,24,-4.075,all_flights,LLER → LLBG,8.5714
LOWW,EBBR,2022-03,124,12,2.2167,all_flights,LOWW → EBBR,9.6774
LOWW,EBBR,2022-06,180,75,12.5667,all_flights,LOWW → EBBR,41.6667
LOWW,EBBR,2022-09,214,44,6.95,all_flights,LOWW → EBBR,20.5607
LOWW,EBBR,2022-12,179,36,6.6833,all_flights,LOWW → EBBR,20.1117
LOWW,EDDB,2022-03,135,7,1.7667,all_flights,LOWW → EDDB,5.1852
LOWW,EDDB,2022-06,184,35,7.0917,all_flights,LOWW → EDDB,19.0217
LOWW,EDDB,2022-09,203,38,7.5333,all_flights,LOWW → EDDB,18.7192
LOWW,EDDB,2022-12,169,20,4.45,all_flights,LOWW → EDDB,11.8343
LOWW,EDDF,2022-03,262,5,-6.8833,all_flights,LOWW → EDDF,1.9084
LOWW,EDDF,2022-06,284,23,-2.175,all_flights,LOWW → EDDF,8.0986
LOWW,EDDF,2022-09,286,12,-2.7417,all_flights,LOWW → EDDF,4.1958
LOWW,EDDF,2022-12,279,23,-1.6667,all_flights,LOWW → EDDF,8.2437
LOWW,EDDH,2022-03,118,1,-11.025,all_flights,LOWW → EDDH,0.8475
LOWW,EDDH,2022-06,160,40,2.7083,all_flights,LOWW → EDDH,25.0
LOWW,EDDH,2022-09,197,18,-3.9167,all_flights,LOWW → EDDH,9.1371
LOWW,EDDH,2022-12,167,7,-4.15,all_flights,LOWW → EDDH,4.1916
LOWW,EDDK,2022-03,113,7,-1.4167,all_flights,LOWW → EDDK,6.1947
LOWW,EDDK,2022-06,135,46,7.7667,all_flights,LOWW → EDDK,34.0741
LOWW,EDDK,2022-09,156,30,2.725,all_flights,LOWW → EDDK,19.2308
LOWW,EDDK,2022-12,147,23,4.1,all_flights,LOWW → EDDK,15.6463
LOWW,EDDL,2022-03,129,1,-3.3667,all_flights,LOWW → EDDL,0.7752
LOWW,EDDL,2022-06,158,51,8.3417,all_flights,LOWW → EDDL,32.2785
LOWW,EDDL,2022-09,191,23,4.9833,all_flights,LOWW → EDDL,12.0419
LOWW,EDDL,2022-12,166,17,4.4333,all_flights,LOWW → EDDL,10.241
LOWW,EDDM,2022-03,138,0,-4.35,all_flights,LOWW → EDDM,0.0
LOWW,EDDM,2022-06,165,15,1.2167,all_flights,LOWW → EDDM,9.0909
LOWW,EDDM,2022-09,181,12,1.5,all_flights,LOWW → EDDM,6.6298
LOWW,EDDM,2022-12,164,14,1.1667,all_flights,LOWW → EDDM,8.5366
LOWW,EGLL,2022-03,132,42,10.5167,all_flights,LOWW → EGLL,31.8182
LOWW,EGLL,2022-06,198,118,16.95,all_flights,LOWW → EGLL,59.596
LOWW,EGLL,2022-09,211,123,18.2833,all_flights,LOWW → EGLL,58.2938
LOWW,EGLL,2022-12,224,135,17.8167,all_flights,LOWW → EGLL,60.2679
LOWW,EHAM,2022-03,178,12,3.9583,all_flights,LOWW → EHAM,6.7416
LOWW,EHAM,2022-06,215,76,10.9,all_flights,LOWW → EHAM,35.3488
LOWW,EHAM,2022-09,225,52,8.4,all_flights,LOWW → EHAM,23.1111
LOWW,EHAM,2022-12,192,40,8.95,all_flights,LOWW → EHAM,20.8333
LOWW,EPWA,2022-03,99,0,-15.4167,all_flights,LOWW → EPWA,0.0
LOWW,EPWA,2022-06,167,21,-2.0333,all_flights,LOWW → EPWA,12.5749
LOWW,EPWA,2022-09,165,12,-0.35,all_flights,LOWW → EPWA,7.2727
LOWW,EPWA,2022-12,155,8,-3.7833,all_flights,LOWW → EPWA,5.1613
LOWW,LEBL,2022-03,92,1,0.9083,all_flights,LOWW → LEBL,1.087
LOWW,LEBL,2022-06,164,26,7.2167,all_flights,LOWW → LEBL,15.8537
LOWW,LEBL,2022-09,168,33,7.6667,all_flights,LOWW → LEBL,19.6429
LOWW,LEBL,2022-12,140,23,6.0417,all_flights,LOWW → LEBL,16.4286
LOWW,LEPA,2022-03,78,6,-0.5333,all_flights,LOWW → LEPA,7.6923
LOWW,LEPA,2022-06,207,30,3.3833,all_flights,LOWW → LEPA,14.4928
LOWW,LEPA,2022-09,222,61,6.6167,all_flights,LOWW → LEPA,27.4775
LOWW,LEPA,2022-12,49,14,2.7167,all_flights,LOWW → LEPA,28.5714
LOWW,LFPG,2022-03,172,10,2.5833,all_flights,LOWW → LFPG,5.814
LOWW,LFPG,2022-06,245,94,10.6333,all_flights,LOWW → LFPG,38.3673
LOWW,LFPG,2022-09,252,68,9.2917,all_flights,LOWW → LFPG,26.9841
LOWW,LFPG,2022-12,225,71,10.6,all_flights,LOWW → LFPG,31.5556
LOWW,LIMC,2022-03,165,0,-13.9667,all_flights,LOWW → LIMC,0.0
LOWW,LIMC,2022-06,171,7,-6.45,all_flights,LOWW → LIMC,4.0936
LOWW,LIMC,2022-09,179,5,-4.55,all_flights,LOWW → LIMC,2.7933
LOWW,LIMC,2022-12,142,5,-5.3583,all_flights,LOWW → LIMC,3.5211
LOWW,LLBG,2022-03,117,26,6.25,all_flights,LOWW → LLBG,22.2222
LOWW,LLBG,2022-06,149,62,12.3167,all_flights,LOWW → LLBG,41.6107
LOWW,LLBG,2022-09,173,84,14.5167,all_flights,LOWW → LLBG,48.5549
LOWW,LLBG,2022-12,164,52,9.7583,all_flights,LOWW → LLBG,31.7073
LOWW,LROP,2022-03,99,1,-4.1333,all_flights,LOWW → LROP,1.0101
LOWW,LROP,2022-06,150,10,0.7833,all_flights,LOWW → LROP,6.6667
LOWW,LROP,2022-09,166,15,1.4833,all_flights,LOWW → LROP,9.0361
LOWW,LROP,2022-12,129,13,1.6667,all_flights,LOWW → LROP,10.0775
LOWW,LSZH,2022-03,179,5,-1.0167,all_flights,LOWW → LSZH,2.7933
LOWW,LSZH,2022-06,215,55,7.9833,all_flights,LOWW → LSZH,25.5814
LOWW,LSZH,2022-09,232,48,8.7667,all_flights,LOWW → LSZH,20.6897
LOWW,LSZH,2022-12,209,35,6.6167,all_flights,LOWW → LSZH,16.7464
LOWW,LYBE,2022-03,89,0,-3.1,all_flights,LOWW → LYBE,0.0
LOWW,LYBE,2022-06,142,7,0.1667,all_flights,LOWW → LYBE,4.9296
LOWW,LYBE,2022-09,145,12,3.8333,all_flights,LOWW → LYBE,8.2759
LOWW,LYBE,2022-12,140,18,2.3917,all_flights,LOWW → LYBE,12.8571
LPFR,EGKK,2022-03,88,5,1.3083,all_flights,LPFR → EGKK,5.6818
LPFR,EGKK,2022-06,221,100,11.8833,all_flights,LPFR → EGKK,45.2489
LPFR,EGKK,2022-09,215,88,11.85,all_flights,LPFR → EGKK,40.9302
LPFR,EGKK,2022-12,135,15,-0.9833,all_flights,LPFR → EGKK,11.1111
LPFR,EIDW,2022-03,70,3,-0.45,all_flights,LPFR → EIDW,4.2857
LPFR,EIDW,2022-06,201,36,4.05,all_flights,LPFR → EIDW,17.9104
LPFR,EIDW,2022-09,203,22,0.6333,all_flights,LPFR → EIDW,10.8374
LPFR,EIDW,2022-12,52,1,-7.2583,all_flights,LPFR → EIDW,1.9231
LPLA,LPPD,2022-03,152,14,1.5917,all_flights,LPLA → LPPD,9.2105
LPLA,LPPD,2022-06,212,36,4.1,all_flights,LPLA → LPPD,16.9811
LPLA,LPPD,2022-09,205,24,0.3167,all_flights,LPLA → LPPD,11.7073
LPLA,LPPD,2022-12,149,27,4.4667,all_flights,LPLA → LPPD,18.1208
LPMA,LPPR,2022-03,131,16,2.2667,all_flights,LPMA → LPPR,12.2137
LPMA,LPPR,2022-06,167,14,0.4667,all_flights,LPMA → LPPR,8.3832
LPMA,LPPR,2022-09,169,15,0.4667,all_flights,LPMA → LPPR,8.8757
LPMA,LPPR,2022-12,185,26,4.8167,all_flights,LPMA → LPPR,14.0541
LPMA,LPPT,2022-03,259,15,-0.3167,all_flights,LPMA → LPPT,5.7915
LPMA,LPPT,2022-06,355,59,5.5167,all_flights,LPMA → LPPT,16.6197
LPMA,LPPT,2022-09,360,83,6.8583,all_flights,LPMA → LPPT,23.0556
LPMA,LPPT,2022-12,348,93,6.3833,all_flights,LPMA → LPPT,26.7241
LPPD,LPLA,2022-03,151,10,1.5,all_flights,LPPD → LPLA,6.6225
LPPD,LPLA,2022-06,207,26,4.4,all_flights,LPPD → LPLA,12.5604
LPPD,LPLA,2022-09,202,21,-0.1833,all_flights,LPPD → LPLA,10.396
LPPD,LPLA,2022-12,155,24,4.55,all_flights,LPPD → LPLA,15.4839
LPPD,LPPT,2022-03,193,9,0.05,all_flights,LPPD → LPPT,4.6632
LPPD,LPPT,2022-06,242,66,6.65,all_flights,LPPD → LPPT,27.2727
LPPD,LPPT,2022-09,246,57,6.95,all_flights,LPPD → LPPT,23.1707
LPPD,LPPT,2022-12,214,67,9.4583,all_flights,LPPD → LPPT,31.3084
LPPR,ELLX,2022-03,118,4,-3.4167,all_flights,LPPR → ELLX,3.3898
LPPR,ELLX,2022-06,121,42,8.05,all_flights,LPPR → ELLX,34.7107
LPPR,ELLX,2022-09,129,46,9.1833,all_flights,LPPR → ELLX,35.6589
LPPR,ELLX,2022-12,165,9,-4.1333,all_flights,LPPR → ELLX,5.4545
LPPR,LEBL,2022-03,133,0,-4.5333,all_flights,LPPR → LEBL,0.0
LPPR,LEBL,2022-06,152,7,-3.7917,all_flights,LPPR → LEBL,4.6053
LPPR,LEBL,2022-09,160,14,-4.0417,all_flights,LPPR → LEBL,8.75
LPPR,LEBL,2022-12,131,2,-6.2,all_flights,LPPR → LEBL,1.5267
LPPR,LEMD,2022-03,220,5,-5.15,all_flights,LPPR → LEMD,2.2727
LPPR,LEMD,2022-06,304,16,-3.4417,all_flights,LPPR → LEMD,5.2632
LPPR,LEMD,2022-09,318,34,-1.9,all_flights,LPPR → LEMD,10.6918
LPPR,LEMD,2022-12,299,15,-6.8667,all_flights,LPPR → LEMD,5.0167
LPPR,LFPO,2022-03,212,10,-1.475,all_flights,LPPR → LFPO,4.717
LPPR,LFPO,2022-06,271,28,-1.3833,all_flights,LPPR → LFPO,10.3321
LPPR,LFPO,2022-09,312,33,-1.05,all_flights,LPPR → LFPO,10.5769
LPPR,LFPO,2022-12,250,30,-1.875,all_flights,LPPR → LFPO,12.0
LPPR,LPMA,2022-03,131,7,-0.8,all_flights,LPPR → LPMA,5.3435
LPPR,LPMA,2022-06,167,22,3.9667,all_flights,LPPR → LPMA,13.1737
LPPR,LPMA,2022-09,169,6,-2.9667,all_flights,LPPR → LPMA,3.5503
LPPR,LPMA,2022-12,186,13,-0.4167,all_flights,LPPR → LPMA,6.9892
LPPR,LPPT,2022-03,235,3,-7.7333,all_flights,LPPR → LPPT,1.2766
LPPR,LPPT,2022-06,301,34,0.0167,all_flights,LPPR → LPPT,11.2957
LPPR,LPPT,2022-09,314,60,1.9167,all_flights,LPPR → LPPT,19.1083
LPPR,LPPT,2022-12,288,76,5.4417,all_flights,LPPR → LPPT,26.3889
LPPR,LSGG,2022-03,142,0,-7.4583,all_flights,LPPR → LSGG,0.0
LPPR,LSGG,2022-06,188,3,-4.85,all_flights,LPPR → LSGG,1.5957
LPPR,LSGG,2022-09,202,12,-4.4917,all_flights,LPPR → LSGG,5.9406
LPPR,LSGG,2022-12,182,15,-3.8667,all_flights,LPPR → LSGG,8.2418
LPPT,EBBR,2022-03,148,40,8.3167,all_flights,LPPT → EBBR,27.027
LPPT,EBBR,2022-06,184,71,11.5833,all_flights,LPPT → EBBR,38.587
LPPT,EBBR,2022-09,195,106,16.2833,all_flights,LPPT → EBBR,54.359
LPPT,EBBR,2022-12,141,65,13.7667,all_flights,LPPT → EBBR,46.0993
LPPT,EDDF,2022-03,170,1,-10.35,all_flights,LPPT → EDDF,0.5882
LPPT,EDDF,2022-06,209,34,-1.7167,all_flights,LPPT → EDDF,16.2679
LPPT,EDDF,2022-09,188,27,1.8167,all_flights,LPPT → EDDF,14.3617
LPPT,EDDF,2022-12,164,12,-4.9417,all_flights,LPPT → EDDF,7.3171
LPPT,EDDM,2022-03,130,7,-0.975,all_flights,LPPT → EDDM,5.3846
LPPT,EDDM,2022-06,149,29,5.4667,all_flights,LPPT → EDDM,19.4631
LPPT,EDDM,2022-09,140,31,6.175,all_flights,LPPT → EDDM,22.1429
LPPT,EDDM,2022-12,137,43,5.7833,all_flights,LPPT → EDDM,31.3869
LPPT,EGLL,2022-03,309,57,6.2167,all_flights,LPPT → EGLL,18.4466
LPPT,EGLL,2022-06,278,150,16.2583,all_flights,LPPT → EGLL,53.9568
LPPT,EGLL,2022-09,300,203,21.3333,all_flights,LPPT → EGLL,67.6667
LPPT,EGLL,2022-12,303,129,13.2167,all_flights,LPPT → EGLL,42.5743
LPPT,EHAM,2022-03,227,34,5.1333,all_flights,LPPT → EHAM,14.978
LPPT,EHAM,2022-06,312,167,16.4917,all_flights,LPPT → EHAM,53.5256
LPPT,EHAM,2022-09,305,145,13.5833,all_flights,LPPT → EHAM,47.541
LPPT,EHAM,2022-12,210,88,12.5667,all_flights,LPPT → EHAM,41.9048
LPPT,EIDW,2022-03,157,11,2.3667,all_flights,LPPT → EIDW,7.0064
LPPT,EIDW,2022-06,169,52,8.15,all_flights,LPPT → EIDW,30.7692
LPPT,EIDW,2022-09,167,59,9.4333,all_flights,LPPT → EIDW,35.3293
LPPT,EIDW,2022-12,147,48,9.4167,all_flights,LPPT → EIDW,32.6531
LPPT,LEBL,2022-03,233,25,2.2667,all_flights,LPPT → LEBL,10.7296
LPPT,LEBL,2022-06,283,106,10.9667,all_flights,LPPT → LEBL,37.4558
LPPT,LEBL,2022-09,297,116,11.4,all_flights,LPPT → LEBL,39.0572
LPPT,LEBL,2022-12,318,116,8.925,all_flights,LPPT → LEBL,36.478
LPPT,LEMD,2022-03,437,44,2.05,all_flights,LPPT → LEMD,10.0686
LPPT,LEMD,2022-06,533,166,9.2833,all_flights,LPPT → LEMD,31.1445
LPPT,LEMD,2022-09,539,208,11.3333,all_flights,LPPT → LEMD,38.59
LPPT,LEMD,2022-12,562,185,8.2333,all_flights,LPPT → LEMD,32.9181
LPPT,LFPG,2022-03,177,8,0.8333,all_flights,LPPT → LFPG,4.5198
LPPT,LFPG,2022-06,196,48,7.6,all_flights,LPPT → LFPG,24.4898
LPPT,LFPG,2022-09,193,64,9.35,all_flights,LPPT → LFPG,33.1606
LPPT,LFPG,2022-12,183,41,8.5333,all_flights,LPPT → LFPG,22.4044
LPPT,LFPO,2022-03,313,44,3.5833,all_flights,LPPT → LFPO,14.0575
LPPT,LFPO,2022-06,370,118,9.35,all_flights,LPPT → LFPO,31.8919
LPPT,LFPO,2022-09,379,137,9.4167,all_flights,LPPT → LFPO,36.1478
LPPT,LFPO,2022-12,349,123,11.1667,all_flights,LPPT → LFPO,35.2436
LPPT,LIMC,2022-03,113,1,-9.5667,all_flights,LPPT → LIMC,0.885
LPPT,LIMC,2022-06,183,36,-1.3833,all_flights,LPPT → LIMC,19.6721
LPPT,LIMC,2022-09,180,21,-2.6083,all_flights,LPPT → LIMC,11.6667
LPPT,LIMC,2022-12,143,15,-5.6333,all_flights,LPPT → LIMC,10.4895
LPPT,LPMA,2022-03,258,62,8.4,all_flights,LPPT → LPMA,24.031
LPPT,LPMA,2022-06,355,206,17.5833,all_flights,LPPT → LPMA,58.0282
LPPT,LPMA,2022-09,360,178,14.8333,all_flights,LPPT → LPMA,49.4444
LPPT,LPMA,2022-12,351,159,13.4167,all_flights,LPPT → LPMA,45.2991
LPPT,LPPD,2022-03,206,20,3.0833,all_flights,LPPT → LPPD,9.7087
LPPT,LPPD,2022-06,249,90,9.45,all_flights,LPPT → LPPD,36.1446
LPPT,LPPD,2022-09,249,89,10.85,all_flights,LPPT → LPPD,35.743
LPPT,LPPD,2022-12,211,94,12.0167,all_flights,LPPT → LPPD,44.5498
LPPT,LPPR,2022-03,235,18,-1.3833,all_flights,LPPT → LPPR,7.6596
LPPT,LPPR,2022-06,300,71,5.1583,all_flights,LPPT → LPPR,23.6667
LPPT,LPPR,2022-09,310,83,7.175,all_flights,LPPT → LPPR,26.7742
LPPT,LPPR,2022-12,306,94,7.175,all_flights,LPPT → LPPR,30.719
LPPT,LSGG,2022-03,163,21,1.5667,all_flights,LPPT → LSGG,12.8834
LPPT,LSGG,2022-06,185,56,8.45,all_flights,LPPT → LSGG,30.2703
LPPT,LSGG,2022-09,200,65,6.525,all_flights,LPPT → LSGG,32.5
LPPT,LSGG,2022-12,190,76,11.1167,all_flights,LPPT → LSGG,40.0
LPPT,LSZH,2022-03,104,4,2.1833,all_flights,LPPT → LSZH,3.8462
LPPT,LSZH,2022-06,119,45,11.5167,all_flights,LPPT → LSZH,37.8151
LPPT,LSZH,2022-09,118,40,8.5917,all_flights,LPPT → LSZH,33.8983
LPPT,LSZH,2022-12,171,40,6.1167,all_flights,LPPT → LSZH,23.3918
LRCL,LROP,2022-03,125,1,-13.6667,all_flights,LRCL → LROP,0.8
LRCL,LROP,2022-06,193,1,-11.9333,all_flights,LRCL → LROP,0.5181
LRCL,LROP,2022-09,162,0,-9.7333,all_flights,LRCL → LROP,0.0
LRCL,LROP,2022-12,150,0,-16.2667,all_flights,LRCL → LROP,0.0
LROP,EHAM,2022-03,132,13,6.8417,all_flights,LROP → EHAM,9.8485
LROP,EHAM,2022-06,162,85,16.1917,all_flights,LROP → EHAM,52.4691
LROP,EHAM,2022-09,140,34,7.2917,all_flights,LROP → EHAM,24.2857
LROP,EHAM,2022-12,113,22,7.9333,all_flights,LROP → EHAM,19.469
LROP,LFPG,2022-03,120,9,2.425,all_flights,LROP → LFPG,7.5
LROP,LFPG,2022-06,170,68,9.8667,all_flights,LROP → LFPG,40.0
LROP,LFPG,2022-09,150,45,8.0833,all_flights,LROP → LFPG,30.0
LROP,LFPG,2022-12,130,19,6.5167,all_flights,LROP → LFPG,14.6154
LROP,LOWW,2022-03,99,4,4.8167,all_flights,LROP → LOWW,4.0404
LROP,LOWW,2022-06,150,35,7.9583,all_flights,LROP → LOWW,23.3333
LROP,LOWW,2022-09,168,47,9.75,all_flights,LROP → LOWW,27.9762
LROP,LOWW,2022-12,129,15,5.8167,all_flights,LROP → LOWW,11.6279
LROP,LRCL,2022-03,127,2,-10.4333,all_flights,LROP → LRCL,1.5748
LROP,LRCL,2022-06,194,3,-9.1,all_flights,LROP → LRCL,1.5464
LROP,LRCL,2022-09,159,4,-7.6833,all_flights,LROP → LRCL,2.5157
LROP,LRCL,2022-12,148,2,-12.575,all_flights,LROP → LRCL,1.3514
LROP,LRTR,2022-03,83,1,-0.4833,all_flights,LROP → LRTR,1.2048
LROP,LRTR,2022-06,162,8,1.2917,all_flights,LROP → LRTR,4.9383
LROP,LRTR,2022-09,151,4,0.95,all_flights,LROP → LRTR,2.649
LROP,LRTR,2022-12,125,3,-3.6667,all_flights,LROP → LRTR,2.4
LRTR,LROP,2022-03,83,0,-16.7833,all_flights,LRTR → LROP,0.0
LRTR,LROP,2022-06,159,0,-13.2333,all_flights,LRTR → LROP,0.0
LRTR,LROP,2022-09,149,0,-11.6333,all_flights,LRTR → LROP,0.0
LRTR,LROP,2022-12,121,0,-12.3333,all_flights,LRTR → LROP,0.0
LSGG,EBBR,2022-03,195,12,-3.6,all_flights,LSGG → EBBR,6.1538
LSGG,EBBR,2022-06,132,27,2.925,all_flights,LSGG → EBBR,20.4545
LSGG,EBBR,2022-09,172,14,-0.9333,all_flights,LSGG → EBBR,8.1395
LSGG,EBBR,2022-12,186,15,-1.7917,all_flights,LSGG → EBBR,8.0645
LSGG,EDDF,2022-03,162,1,-17.7583,all_flights,LSGG → EDDF,0.6173
LSGG,EDDF,2022-06,150,3,-12.7417,all_flights,LSGG → EDDF,2.0
LSGG,EDDF,2022-09,162,4,-14.2667,all_flights,LSGG → EDDF,2.4691
LSGG,EDDF,2022-12,157,4,-14.8667,all_flights,LSGG → EDDF,2.5478
LSGG,EGKK,2022-03,227,72,9.3167,all_flights,LSGG → EGKK,31.7181
LSGG,EGKK,2022-06,145,55,10.2167,all_flights,LSGG → EGKK,37.931
LSGG,EGKK,2022-09,166,77,13.625,all_flights,LSGG → EGKK,46.3855
LSGG,EGKK,2022-12,315,98,8.9,all_flights,LSGG → EGKK,31.1111
LSGG,EGLL,2022-03,455,97,6.9667,all_flights,LSGG → EGLL,21.3187
LSGG,EGLL,2022-06,250,72,9.55,all_flights,LSGG → EGLL,28.8
LSGG,EGLL,2022-09,267,84,8.9667,all_flights,LSGG → EGLL,31.4607
LSGG,EGLL,2022-12,433,144,8.15,all_flights,LSGG → EGLL,33.2564
LSGG,EHAM,2022-03,246,24,3.1583,all_flights,LSGG → EHAM,9.7561
LSGG,EHAM,2022-06,196,69,9.575,all_flights,LSGG → EHAM,35.2041
LSGG,EHAM,2022-09,220,52,7.325,all_flights,LSGG → EHAM,23.6364
LSGG,EHAM,2022-12,228,55,7.7917,all_flights,LSGG → EHAM,24.1228
LSGG,LEBL,2022-03,143,20,2.05,all_flights,LSGG → LEBL,13.986
LSGG,LEBL,2022-06,118,36,8.6167,all_flights,LSGG → LEBL,30.5085
LSGG,LEBL,2022-09,142,42,7.6917,all_flights,LSGG → LEBL,29.5775
LSGG,LEBL,2022-12,165,36,5.6333,all_flights,LSGG → LEBL,21.8182
LSGG,LEMD,2022-03,170,7,-4.15,all_flights,LSGG → LEMD,4.1176
LSGG,LEMD,2022-06,166,18,1.0667,all_flights,LSGG → LEMD,10.8434
LSGG,LEMD,2022-09,161,24,0.45,all_flights,LSGG → LEMD,14.9068
LSGG,LEMD,2022-12,193,32,3.1833,all_flights,LSGG → LEMD,16.5803
LSGG,LFMN,2022-03,108,1,-8.1833,all_flights,LSGG → LFMN,0.9259
LSGG,LFMN,2022-06,143,12,-3.8667,all_flights,LSGG → LFMN,8.3916
LSGG,LFMN,2022-09,156,7,-6.3667,all_flights,LSGG → LFMN,4.4872
LSGG,LFMN,2022-12,120,6,-9.3583,all_flights,LSGG → LFMN,5.0
LSGG,LFPG,2022-03,232,13,-1.3333,all_flights,LSGG → LFPG,5.6034
LSGG,LFPG,2022-06,263,35,1.9333,all_flights,LSGG → LFPG,13.308
LSGG,LFPG,2022-09,214,23,3.075,all_flights,LSGG → LFPG,10.7477
LSGG,LFPG,2022-12,249,50,5.45,all_flights,LSGG → LFPG,20.0803
LSGG,LPPR,2022-03,143,35,5.65,all_flights,LSGG → LPPR,24.4755
LSGG,LPPR,2022-06,187,36,7.25,all_flights,LSGG → LPPR,19.2513
LSGG,LPPR,2022-09,202,52,7.05,all_flights,LSGG → LPPR,25.7426
LSGG,LPPR,2022-12,182,70,10.9417,all_flights,LSGG → LPPR,38.4615
LSGG,LPPT,2022-03,164,40,5.7917,all_flights,LSGG → LPPT,24.3902
LSGG,LPPT,2022-06,186,72,10.6667,all_flights,LSGG → LPPT,38.7097
LSGG,LPPT,2022-09,198,58,9.6083,all_flights,LSGG → LPPT,29.2929
LSGG,LPPT,2022-12,192,102,16.9,all_flights,LSGG → LPPT,53.125
LSGG,LSZH,2022-03,119,7,-3.2833,all_flights,LSGG → LSZH,5.8824
LSGG,LSZH,2022-06,157,11,-1.95,all_flights,LSGG → LSZH,7.0064
LSGG,LSZH,2022-09,157,10,0.5167,all_flights,LSGG → LSZH,6.3694
LSGG,LSZH,2022-12,169,15,0.4333,all_flights,LSGG → LSZH,8.8757
LSZH,EDDB,2022-03,153,10,0.1833,all_flights,LSZH → EDDB,6.5359
LSZH,EDDB,2022-06,202,35,6.6333,all_flights,LSZH → EDDB,17.3267
LSZH,EDDB,2022-09,219,46,7.6,all_flights,LSZH → EDDB,21.0046
LSZH,EDDB,2022-12,245,33,3.3667,all_flights,LSZH → EDDB,13.4694
LSZH,EDDF,2022-03,210,1,-14.7,all_flights,LSZH → EDDF,0.4762
LSZH,EDDF,2022-06,178,3,-12.775,all_flights,LSZH → EDDF,1.6854
LSZH,EDDF,2022-09,187,1,-14.9667,all_flights,LSZH → EDDF,0.5348
LSZH,EDDF,2022-12,202,13,-9.1417,all_flights,LSZH → EDDF,6.4356
LSZH,EDDH,2022-03,145,5,-4.0,all_flights,LSZH → EDDH,3.4483
LSZH,EDDH,2022-06,161,32,2.4,all_flights,LSZH → EDDH,19.8758
LSZH,EDDH,2022-09,170,13,1.7417,all_flights,LSZH → EDDH,7.6471
LSZH,EDDH,2022-12,167,22,-0.7,all_flights,LSZH → EDDH,13.1737
LSZH,EDDL,2022-03,132,5,-4.4833,all_flights,LSZH → EDDL,3.7879
LSZH,EDDL,2022-06,139,26,5.4667,all_flights,LSZH → EDDL,18.705
LSZH,EDDL,2022-09,162,22,4.8917,all_flights,LSZH → EDDL,13.5802
LSZH,EDDL,2022-12,158,36,4.3583,all_flights,LSZH → EDDL,22.7848
LSZH,EDDM,2022-03,158,3,-7.575,all_flights,LSZH → EDDM,1.8987
LSZH,EDDM,2022-06,161,5,-4.7,all_flights,LSZH → EDDM,3.1056
LSZH,EDDM,2022-09,178,8,-2.6167,all_flights,LSZH → EDDM,4.4944
LSZH,EDDM,2022-12,154,17,-3.3333,all_flights,LSZH → EDDM,11.039
LSZH,EGLC,2022-03,144,14,1.95,all_flights,LSZH → EGLC,9.7222
LSZH,EGLC,2022-06,153,25,3.6833,all_flights,LSZH → EGLC,16.3399
LSZH,EGLC,2022-09,163,34,3.8667,all_flights,LSZH → EGLC,20.8589
LSZH,EGLC,2022-12,156,21,2.3083,all_flights,LSZH → EGLC,13.4615
LSZH,EGLL,2022-03,245,54,7.4667,all_flights,LSZH → EGLL,22.0408
LSZH,EGLL,2022-06,283,89,11.1,all_flights,LSZH → EGLL,31.4488
LSZH,EGLL,2022-09,280,102,11.3083,all_flights,LSZH → EGLL,36.4286
LSZH,EGLL,2022-12,369,153,12.05,all_flights,LSZH → EGLL,41.4634
LSZH,EHAM,2022-03,236,17,1.2917,all_flights,LSZH → EHAM,7.2034
LSZH,EHAM,2022-06,253,102,12.7333,all_flights,LSZH → EHAM,40.3162
LSZH,EHAM,2022-09,270,55,6.825,all_flights,LSZH → EHAM,20.3704
LSZH,EHAM,2022-12,259,74,8.6833,all_flights,LSZH → EHAM,28.5714
LSZH,EKCH,2022-03,127,9,-0.5667,all_flights,LSZH → EKCH,7.0866
LSZH,EKCH,2022-06,136,15,3.8333,all_flights,LSZH → EKCH,11.0294
LSZH,EKCH,2022-09,128,15,4.85,all_flights,LSZH → EKCH,11.7188
LSZH,EKCH,2022-12,141,15,-0.7333,all_flights,LSZH → EKCH,10.6383
LSZH,LEBL,2022-03,106,9,4.5917,all_flights,LSZH → LEBL,8.4906
LSZH,LEBL,2022-06,171,42,7.6167,all_flights,LSZH → LEBL,24.5614
LSZH,LEBL,2022-09,178,44,8.55,all_flights,LSZH → LEBL,24.7191
LSZH,LEBL,2022-12,167,44,6.75,all_flights,LSZH → LEBL,26.3473
LSZH,LEMD,2022-03,168,3,-0.3917,all_flights,LSZH → LEMD,1.7857
LSZH,LEMD,2022-06,174,36,5.4333,all_flights,LSZH → LEMD,20.6897
LSZH,LEMD,2022-09,171,35,7.6,all_flights,LSZH → LEMD,20.4678
LSZH,LEMD,2022-12,201,53,7.0167,all_flights,LSZH → LEMD,26.3682
LSZH,LEPA,2022-03,72,7,1.8333,all_flights,LSZH → LEPA,9.7222
LSZH,LEPA,2022-06,245,47,4.0833,all_flights,LSZH → LEPA,19.1837
LSZH,LEPA,2022-09,266,56,5.2167,all_flights,LSZH → LEPA,21.0526
LSZH,LEPA,2022-12,67,10,1.55,all_flights,LSZH → LEPA,14.9254
LSZH,LFPG,2022-03,157,29,6.6667,all_flights,LSZH → LFPG,18.4713
LSZH,LFPG,2022-06,224,45,6.7167,all_flights,LSZH → LFPG,20.0893
LSZH,LFPG,2022-09,200,50,8.2833,all_flights,LSZH → LFPG,25.0
LSZH,LFPG,2022-12,207,69,9.15,all_flights,LSZH → LFPG,33.3333
LSZH,LOWW,2022-03,175,16,2.7833,all_flights,LSZH → LOWW,9.1429
LSZH,LOWW,2022-06,211,45,7.9667,all_flights,LSZH → LOWW,21.327
LSZH,LOWW,2022-09,228,50,8.35,all_flights,LSZH → LOWW,21.9298
LSZH,LOWW,2022-12,205,48,6.5833,all_flights,LSZH → LOWW,23.4146
LSZH,LPPT,2022-03,105,24,6.4,all_flights,LSZH → LPPT,22.8571
LSZH,LPPT,2022-06,119,54,13.4833,all_flights,LSZH → LPPT,45.3782
LSZH,LPPT,2022-09,118,64,16.9333,all_flights,LSZH → LPPT,54.2373
LSZH,LPPT,2022-12,171,97,17.2,all_flights,LSZH → LPPT,56.7251
LSZH,LSGG,2022-03,120,14,3.3583,all_flights,LSZH → LSGG,11.6667
LSZH,LSGG,2022-06,163,45,7.1667,all_flights,LSZH → LSGG,27.6074
LSZH,LSGG,2022-09,168,44,6.925,all_flights,LSZH → LSGG,26.1905
LSZH,LSGG,2022-12,170,51,9.8333,all_flights,LSZH → LSGG,30.0
LSZH,LYBE,2022-03,127,6,0.1833,all_flights,LSZH → LYBE,4.7244
LSZH,LYBE,2022-06,162,38,7.0333,all_flights,LSZH → LYBE,23.4568
LSZH,LYBE,2022-09,165,42,7.9,all_flights,LSZH → LYBE,25.4545
LSZH,LYBE,2022-12,134,42,9.7583,all_flights,LSZH → LYBE,31.3433
LTAC,LTAI,2022-03,144,25,3.8,all_flights,LTAC → LTAI,17.3611
LTAC,LTAI,2022-06,115,36,8.4667,all_flights,LTAC → LTAI,31.3043
LTAC,LTAI,2022-09,104,25,6.75,all_flights,LTAC → LTAI,24.0385
LTAC,LTAI,2022-12,153,5,-0.5667,all_flights,LTAC → LTAI,3.268
LTAC,LTBJ,2022-03,161,18,1.8667,all_flights,LTAC → LTBJ,11.1801
LTAC,LTBJ,2022-06,183,13,1.1,all_flights,LTAC → LTBJ,7.1038
LTAC,LTBJ,2022-09,149,11,-0.55,all_flights,LTAC → LTBJ,7.3826
LTAC,LTBJ,2022-12,168,8,-3.9417,all_flights,LTAC → LTBJ,4.7619
LTAC,LTFJ,2022-03,348,48,-3.7833,all_flights,LTAC → LTFJ,13.7931
LTAC,LTFJ,2022-06,336,31,-5.2,all_flights,LTAC → LTFJ,9.2262
LTAC,LTFJ,2022-09,313,21,-5.5333,all_flights,LTAC → LTFJ,6.7093
LTAC,LTFJ,2022-12,331,40,-4.5167,all_flights,LTAC → LTFJ,12.0846
LTAC,LTFM,2022-03,379,58,4.0167,all_flights,LTAC → LTFM,15.3034
LTAC,LTFM,2022-06,434,73,3.35,all_flights,LTAC → LTFM,16.8203
LTAC,LTFM,2022-09,373,39,0.5333,all_flights,LTAC → LTFM,10.4558
LTAC,LTFM,2022-12,424,35,-0.8667,all_flights,LTAC → LTFM,8.2547
LTAF,LTFJ,2022-03,258,29,-1.425,all_flights,LTAF → LTFJ,11.2403
LTAF,LTFJ,2022-06,265,23,-3.2833,all_flights,LTAF → LTFJ,8.6792
LTAF,LTFJ,2022-09,233,24,-1.9333,all_flights,LTAF → LTFJ,10.3004
LTAF,LTFJ,2022-12,247,33,3.7167,all_flights,LTAF → LTFJ,13.3603
LTAF,LTFM,2022-03,289,32,0.9167,all_flights,LTAF → LTFM,11.0727
LTAF,LTFM,2022-06,330,45,1.6333,all_flights,LTAF → LTFM,13.6364
LTAF,LTFM,2022-09,293,41,5.2667,all_flights,LTAF → LTFM,13.9932
LTAF,LTFM,2022-12,328,47,2.8083,all_flights,LTAF → LTFM,14.3293
LTAI,EDDK,2022-03,39,2,1.75,all_flights,LTAI → EDDK,5.1282
LTAI,EDDK,2022-06,250,151,18.6417,all_flights,LTAI → EDDK,60.4
LTAI,EDDK,2022-09,270,127,14.1833,all_flights,LTAI → EDDK,47.037
LTAI,EDDK,2022-12,32,2,3.8417,all_flights,LTAI → EDDK,6.25
LTAI,EDDL,2022-03,53,1,2.1833,all_flights,LTAI → EDDL,1.8868
LTAI,EDDL,2022-06,278,133,14.0667,all_flights,LTAI → EDDL,47.8417
LTAI,EDDL,2022-09,318,80,6.4917,all_flights,LTAI → EDDL,25.1572
LTAI,EDDL,2022-12,74,5,-1.0083,all_flights,LTAI → EDDL,6.7568
LTAI,LTAC,2022-03,145,15,2.2667,all_flights,LTAI → LTAC,10.3448
LTAI,LTAC,2022-06,110,17,2.0167,all_flights,LTAI → LTAC,15.4545
LTAI,LTAC,2022-09,105,20,3.4,all_flights,LTAI → LTAC,19.0476
LTAI,LTAC,2022-12,156,13,-3.5917,all_flights,LTAI → LTAC,8.3333
LTAI,LTFJ,2022-03,467,46,-9.7333,all_flights,LTAI → LTFJ,9.8501
LTAI,LTFJ,2022-06,515,62,-4.4,all_flights,LTAI → LTFJ,12.0388
LTAI,LTFJ,2022-09,498,60,-3.2833,all_flights,LTAI → LTFJ,12.0482
LTAI,LTFJ,2022-12,479,28,-8.7333,all_flights,LTAI → LTFJ,5.8455
LTAI,LTFM,2022-03,423,47,-4.8667,all_flights,LTAI → LTFM,11.1111
LTAI,LTFM,2022-06,525,87,0.2667,all_flights,LTAI → LTFM,16.5714
LTAI,LTFM,2022-09,471,75,0.5167,all_flights,LTAI → LTFM,15.9236
LTAI,LTFM,2022-12,398,26,-4.3167,all_flights,LTAI → LTFM,6.5327
LTAI,UUDD,2022-03,13,3,1.65,all_flights,LTAI → UUDD,23.0769
LTAI,UUDD,2022-06,257,95,8.3667,all_flights,LTAI → UUDD,36.965
LTAI,UUDD,2022-09,265,100,9.5333,all_flights,LTAI → UUDD,37.7358
LTAI,UUDD,2022-12,94,15,1.9,all_flights,LTAI → UUDD,15.9574
LTAI,UUWW,2022-03,7,0,-5.7333,all_flights,LTAI → UUWW,0.0
LTAI,UUWW,2022-06,419,131,7.9333,all_flights,LTAI → UUWW,31.2649
LTAI,UUWW,2022-09,422,137,9.6167,all_flights,LTAI → UUWW,32.4645
LTAI,UUWW,2022-12,123,19,0.0333,all_flights,LTAI → UUWW,15.4472
LTAJ,LTFJ,2022-03,157,43,5.15,all_flights,LTAJ → LTFJ,27.3885
LTAJ,LTFJ,2022-06,155,25,1.0333,all_flights,LTAJ → LTFJ,16.129
LTAJ,LTFJ,2022-09,141,18,-0.3,all_flights,LTAJ → LTFJ,12.766
LTAJ,LTFJ,2022-12,183,19,-1.2833,all_flights,LTAJ → LTFJ,10.3825
LTAJ,LTFM,2022-03,197,49,7.5,all_flights,LTAJ → LTFM,24.8731
LTAJ,LTFM,2022-06,233,62,6.3667,all_flights,LTAJ → LTFM,26.6094
LTAJ,LTFM,2022-09,227,48,5.7667,all_flights,LTAJ → LTFM,21.1454
LTAJ,LTFM,2022-12,216,38,5.9833,all_flights,LTAJ → LTFM,17.5926
LTAU,LTFJ,2022-03,178,25,-1.3167,all_flights,LTAU → LTFJ,14.0449
LTAU,LTFJ,2022-06,220,36,-0.2333,all_flights,LTAU → LTFJ,16.3636
LTAU,LTFJ,2022-09,195,27,-0.25,all_flights,LTAU → LTFJ,13.8462
LTAU,LTFJ,2022-12,232,31,-1.9,all_flights,LTAU → LTFJ,13.3621
LTAU,LTFM,2022-03,161,20,-4.15,all_flights,LTAU → LTFM,12.4224
LTAU,LTFM,2022-06,236,43,3.825,all_flights,LTAU → LTFM,18.2203
LTAU,LTFM,2022-09,199,26,0.3333,all_flights,LTAU → LTFM,13.0653
LTAU,LTFM,2022-12,192,15,-2.5333,all_flights,LTAU → LTFM,7.8125
LTBJ,LTAC,2022-03,161,31,3.6167,all_flights,LTBJ → LTAC,19.2547
LTBJ,LTAC,2022-06,183,37,5.6333,all_flights,LTBJ → LTAC,20.2186
LTBJ,LTAC,2022-09,147,39,8.6667,all_flights,LTBJ → LTAC,26.5306
LTBJ,LTAC,2022-12,167,32,3.8667,all_flights,LTBJ → LTAC,19.1617
LTBJ,LTFJ,2022-03,381,37,-6.9,all_flights,LTBJ → LTFJ,9.7113
LTBJ,LTFJ,2022-06,405,20,-6.2,all_flights,LTBJ → LTFJ,4.9383
LTBJ,LTFJ,2022-09,396,33,-5.6333,all_flights,LTBJ → LTFJ,8.3333
LTBJ,LTFJ,2022-12,371,25,-4.4667,all_flights,LTBJ → LTFJ,6.7385
LTBJ,LTFM,2022-03,381,32,-6.4667,all_flights,LTBJ → LTFM,8.399
LTBJ,LTFM,2022-06,538,37,-2.6583,all_flights,LTBJ → LTFM,6.8773
LTBJ,LTFM,2022-09,422,33,-0.475,all_flights,LTBJ → LTFM,7.8199
LTBJ,LTFM,2022-12,435,25,-5.1,all_flights,LTBJ → LTFM,5.7471
LTBS,LTFJ,2022-03,112,6,-8.9667,all_flights,LTBS → LTFJ,5.3571
LTBS,LTFJ,2022-06,299,38,-2.5833,all_flights,LTBS → LTFJ,12.709
LTBS,LTFJ,2022-09,297,26,-6.4333,all_flights,LTBS → LTFJ,8.7542
LTBS,LTFJ,2022-12,125,9,-4.8,all_flights,LTBS → LTFJ,7.2
LTBS,LTFM,2022-03,89,4,-4.0833,all_flights,LTBS → LTFM,4.4944
LTBS,LTFM,2022-06,283,73,7.4167,all_flights,LTBS → LTFM,25.7951
LTBS,LTFM,2022-09,240,44,4.45,all_flights,LTBS → LTFM,18.3333
LTBS,LTFM,2022-12,88,5,2.3083,all_flights,LTBS → LTFM,5.6818
LTCG,LTFJ,2022-03,252,29,-2.0417,all_flights,LTCG → LTFJ,11.5079
LTCG,LTFJ,2022-06,283,34,0.7667,all_flights,LTCG → LTFJ,12.0141
LTCG,LTFJ,2022-09,276,34,0.8583,all_flights,LTCG → LTFJ,12.3188
LTCG,LTFJ,2022-12,271,17,-0.6833,all_flights,LTCG → LTFJ,6.2731
LTCG,LTFM,2022-03,155,19,2.0167,all_flights,LTCG → LTFM,12.2581
LTCG,LTFM,2022-06,223,46,6.4167,all_flights,LTCG → LTFM,20.6278
LTCG,LTFM,2022-09,239,59,7.0,all_flights,LTCG → LTFM,24.6862
LTCG,LTFM,2022-12,173,13,2.5833,all_flights,LTCG → LTFM,7.5145
LTFE,LTFJ,2022-03,150,8,-12.0167,all_flights,LTFE → LTFJ,5.3333
LTFE,LTFJ,2022-06,353,22,-8.1833,all_flights,LTFE → LTFJ,6.2323
LTFE,LTFJ,2022-09,322,11,-7.7583,all_flights,LTFE → LTFJ,3.4161
LTFE,LTFJ,2022-12,159,6,-9.1667,all_flights,LTFE → LTFJ,3.7736
LTFE,LTFM,2022-03,95,3,-8.65,all_flights,LTFE → LTFM,3.1579
LTFE,LTFM,2022-06,348,31,-4.2833,all_flights,LTFE → LTFM,8.908
LTFE,LTFM,2022-09,292,20,-3.375,all_flights,LTFE → LTFM,6.8493
LTFE,LTFM,2022-12,99,3,-7.4667,all_flights,LTFE → LTFM,3.0303
LTFH,LTFJ,2022-03,143,16,-5.3,all_flights,LTFH → LTFJ,11.1888
LTFH,LTFJ,2022-06,131,9,-4.9833,all_flights,LTFH → LTFJ,6.8702
LTFH,LTFJ,2022-09,104,7,-4.2917,all_flights,LTFH → LTFJ,6.7308
LTFH,LTFJ,2022-12,145,7,-6.7833,all_flights,LTFH → LTFJ,4.8276
LTFJ,EDDK,2022-03,125,37,8.15,all_flights,LTFJ → EDDK,29.6
LTFJ,EDDK,2022-06,136,56,11.7833,all_flights,LTFJ → EDDK,41.1765
LTFJ,EDDK,2022-09,139,57,12.8167,all_flights,LTFJ → EDDK,41.0072
LTFJ,EDDK,2022-12,145,59,11.7,all_flights,LTFJ → EDDK,40.6897
LTFJ,EDDL,2022-03,149,11,-1.05,all_flights,LTFJ → EDDL,7.3826
LTFJ,EDDL,2022-06,149,43,8.4667,all_flights,LTFJ → EDDL,28.8591
LTFJ,EDDL,2022-09,147,36,7.2667,all_flights,LTFJ → EDDL,24.4898
LTFJ,EDDL,2022-12,140,29,6.375,all_flights,LTFJ → EDDL,20.7143
LTFJ,EGSS,2022-03,164,59,9.9167,all_flights,LTFJ → EGSS,35.9756
LTFJ,EGSS,2022-06,177,57,10.2167,all_flights,LTFJ → EGSS,32.2034
LTFJ,EGSS,2022-09,188,83,12.8833,all_flights,LTFJ → EGSS,44.1489
LTFJ,EGSS,2022-12,167,76,13.4,all_flights,LTFJ → EGSS,45.509
LTFJ,EHAM,2022-03,127,45,11.0,all_flights,LTFJ → EHAM,35.4331
LTFJ,EHAM,2022-06,135,64,13.9,all_flights,LTFJ → EHAM,47.4074
LTFJ,EHAM,2022-09,136,69,15.175,all_flights,LTFJ → EHAM,50.7353
LTFJ,EHAM,2022-12,106,63,17.275,all_flights,LTFJ → EHAM,59.434
LTFJ,LLBG,2022-03,194,80,11.2583,all_flights,LTFJ → LLBG,41.2371
LTFJ,LLBG,2022-06,179,47,8.5167,all_flights,LTFJ → LLBG,26.257
LTFJ,LLBG,2022-09,192,56,8.6333,all_flights,LTFJ → LLBG,29.1667
LTFJ,LLBG,2022-12,223,72,10.2667,all_flights,LTFJ → LLBG,32.287
LTFJ,LTAC,2022-03,343,54,1.3167,all_flights,LTFJ → LTAC,15.7434
LTFJ,LTAC,2022-06,339,62,3.9,all_flights,LTFJ → LTAC,18.2891
LTFJ,LTAC,2022-09,303,50,2.9167,all_flights,LTFJ → LTAC,16.5017
LTFJ,LTAC,2022-12,334,86,6.45,all_flights,LTFJ → LTAC,25.7485
LTFJ,LTAF,2022-03,262,43,0.9333,all_flights,LTFJ → LTAF,16.4122
LTFJ,LTAF,2022-06,265,57,4.7,all_flights,LTFJ → LTAF,21.5094
LTFJ,LTAF,2022-09,233,35,3.3,all_flights,LTFJ → LTAF,15.0215
LTFJ,LTAF,2022-12,250,69,8.2583,all_flights,LTFJ → LTAF,27.6
LTFJ,LTAI,2022-03,472,76,2.375,all_flights,LTFJ → LTAI,16.1017
LTFJ,LTAI,2022-06,513,114,5.95,all_flights,LTFJ → LTAI,22.2222
LTFJ,LTAI,2022-09,501,114,4.8667,all_flights,LTFJ → LTAI,22.7545
LTFJ,LTAI,2022-12,478,95,2.275,all_flights,LTFJ → LTAI,19.8745
LTFJ,LTAJ,2022-03,159,38,6.0167,all_flights,LTFJ → LTAJ,23.8994
LTFJ,LTAJ,2022-06,155,29,5.5167,all_flights,LTFJ → LTAJ,18.7097
LTFJ,LTAJ,2022-09,141,22,2.15,all_flights,LTFJ → LTAJ,15.6028
LTFJ,LTAJ,2022-12,183,53,8.25,all_flights,LTFJ → LTAJ,28.9617
LTFJ,LTAU,2022-03,178,30,3.9667,all_flights,LTFJ → LTAU,16.8539
LTFJ,LTAU,2022-06,220,45,6.0333,all_flights,LTFJ → LTAU,20.4545
LTFJ,LTAU,2022-09,195,40,5.5333,all_flights,LTFJ → LTAU,20.5128
LTFJ,LTAU,2022-12,231,80,9.0333,all_flights,LTFJ → LTAU,34.632
LTFJ,LTBJ,2022-03,368,34,-3.7333,all_flights,LTFJ → LTBJ,9.2391
LTFJ,LTBJ,2022-06,405,43,-0.7333,all_flights,LTFJ → LTBJ,10.6173
LTFJ,LTBJ,2022-09,396,39,-0.475,all_flights,LTFJ → LTBJ,9.8485
LTFJ,LTBJ,2022-12,371,68,2.4833,all_flights,LTFJ → LTBJ,18.3288
LTFJ,LTBS,2022-03,114,29,6.5917,all_flights,LTFJ → LTBS,25.4386
LTFJ,LTBS,2022-06,299,81,6.75,all_flights,LTFJ → LTBS,27.0903
LTFJ,LTBS,2022-09,294,50,3.8833,all_flights,LTFJ → LTBS,17.0068
LTFJ,LTBS,2022-12,126,35,6.95,all_flights,LTFJ → LTBS,27.7778
LTFJ,LTCG,2022-03,254,51,2.4833,all_flights,LTFJ → LTCG,20.0787
LTFJ,LTCG,2022-06,282,72,6.125,all_flights,LTFJ → LTCG,25.5319
LTFJ,LTCG,2022-09,271,59,5.4,all_flights,LTFJ → LTCG,21.7712
LTFJ,LTCG,2022-12,272,89,9.8917,all_flights,LTFJ → LTCG,32.7206
LTFJ,LTFE,2022-03,150,15,0.4417,all_flights,LTFJ → LTFE,10.0
LTFJ,LTFE,2022-06,354,55,0.3583,all_flights,LTFJ → LTFE,15.5367
LTFJ,LTFE,2022-09,321,41,0.6333,all_flights,LTFJ → LTFE,12.7726
LTFJ,LTFE,2022-12,159,33,3.15,all_flights,LTFJ → LTFE,20.7547
LTFJ,LTFH,2022-03,144,24,1.1333,all_flights,LTFJ → LTFH,16.6667
LTFJ,LTFH,2022-06,133,31,3.8833,all_flights,LTFJ → LTFH,23.3083
LTFJ,LTFH,2022-09,106,9,0.1333,all_flights,LTFJ → LTFH,8.4906
LTFJ,LTFH,2022-12,144,26,4.05,all_flights,LTFJ → LTFH,18.0556
LTFJ,OKBK,2022-03,119,45,10.5,all_flights,LTFJ → OKBK,37.8151
LTFJ,OKBK,2022-06,149,30,7.35,all_flights,LTFJ → OKBK,20.1342
LTFJ,OKBK,2022-09,179,59,9.5667,all_flights,LTFJ → OKBK,32.9609
LTFJ,OKBK,2022-12,96,35,10.15,all_flights,LTFJ → OKBK,36.4583
LTFM,DTTA,2022-03,143,23,1.9667,all_flights,LTFM → DTTA,16.0839
LTFM,DTTA,2022-06,148,37,5.775,all_flights,LTFM → DTTA,25.0
LTFM,DTTA,2022-09,154,39,4.8,all_flights,LTFM → DTTA,25.3247
LTFM,DTTA,2022-12,139,35,7.8833,all_flights,LTFM → DTTA,25.1799
LTFM,EDDF,2022-03,165,6,-8.1333,all_flights,LTFM → EDDF,3.6364
LTFM,EDDF,2022-06,260,36,-1.65,all_flights,LTFM → EDDF,13.8462
LTFM,EDDF,2022-09,243,31,-0.0833,all_flights,LTFM → EDDF,12.7572
LTFM,EDDF,2022-12,204,18,-1.4083,all_flights,LTFM → EDDF,8.8235
LTFM,EGLL,2022-03,184,42,9.1917,all_flights,LTFM → EGLL,22.8261
LTFM,EGLL,2022-06,239,137,17.4833,all_flights,LTFM → EGLL,57.3222
LTFM,EGLL,2022-09,257,141,17.35,all_flights,LTFM → EGLL,54.8638
LTFM,EGLL,2022-12,251,139,16.6333,all_flights,LTFM → EGLL,55.3785
LTFM,EHAM,2022-03,167,11,2.1667,all_flights,LTFM → EHAM,6.5868
LTFM,EHAM,2022-06,192,88,14.0833,all_flights,LTFM → EHAM,45.8333
LTFM,EHAM,2022-09,192,57,9.2167,all_flights,LTFM → EHAM,29.6875
LTFM,EHAM,2022-12,148,36,8.95,all_flights,LTFM → EHAM,24.3243
LTFM,HECA,2022-03,204,49,2.3917,all_flights,LTFM → HECA,24.0196
LTFM,HECA,2022-06,198,62,8.775,all_flights,LTFM → HECA,31.3131
LTFM,HECA,2022-09,203,47,6.8833,all_flights,LTFM → HECA,23.1527
LTFM,HECA,2022-12,208,52,7.2667,all_flights,LTFM → HECA,25.0
LTFM,HLLM,2022-03,122,22,-0.475,all_flights,LTFM → HLLM,18.0328
LTFM,HLLM,2022-06,150,25,0.0833,all_flights,LTFM → HLLM,16.6667
LTFM,HLLM,2022-09,181,49,4.4333,all_flights,LTFM → HLLM,27.0718
LTFM,HLLM,2022-12,150,53,9.4083,all_flights,LTFM → HLLM,35.3333
LTFM,LFPG,2022-03,189,17,-1.6667,all_flights,LTFM → LFPG,8.9947
LTFM,LFPG,2022-06,262,92,10.5417,all_flights,LTFM → LFPG,35.1145
LTFM,LFPG,2022-09,259,100,12.25,all_flights,LTFM → LFPG,38.61
LTFM,LFPG,2022-12,244,47,6.15,all_flights,LTFM → LFPG,19.2623
LTFM,LGAV,2022-03,124,6,-2.0083,all_flights,LTFM → LGAV,4.8387
LTFM,LGAV,2022-06,176,40,7.025,all_flights,LTFM → LGAV,22.7273
LTFM,LGAV,2022-09,193,37,5.7167,all_flights,LTFM → LGAV,19.171
LTFM,LGAV,2022-12,135,21,1.8333,all_flights,LTFM → LGAV,15.5556
LTFM,LLBG,2022-03,187,40,5.0833,all_flights,LTFM → LLBG,21.3904
LTFM,LLBG,2022-06,222,64,6.275,all_flights,LTFM → LLBG,28.8288
LTFM,LLBG,2022-09,267,80,8.1333,all_flights,LTFM → LLBG,29.9625
LTFM,LLBG,2022-12,247,38,3.75,all_flights,LTFM → LLBG,15.3846
LTFM,LTAC,2022-03,378,19,-5.2083,all_flights,LTFM → LTAC,5.0265
LTFM,LTAC,2022-06,438,67,2.7833,all_flights,LTFM → LTAC,15.2968
LTFM,LTAC,2022-09,375,47,1.6833,all_flights,LTFM → LTAC,12.5333
LTFM,LTAC,2022-12,422,40,1.825,all_flights,LTFM → LTAC,9.4787
LTFM,LTAF,2022-03,288,11,-5.075,all_flights,LTFM → LTAF,3.8194
LTFM,LTAF,2022-06,328,43,2.7083,all_flights,LTFM → LTAF,13.1098
LTFM,LTAF,2022-09,291,27,0.4333,all_flights,LTFM → LTAF,9.2784
LTFM,LTAF,2022-12,326,38,1.55,all_flights,LTFM → LTAF,11.6564
LTFM,LTAI,2022-03,429,27,-2.95,all_flights,LTFM → LTAI,6.2937
LTFM,LTAI,2022-06,523,139,7.9833,all_flights,LTFM → LTAI,26.5774
LTFM,LTAI,2022-09,466,103,7.2833,all_flights,LTFM → LTAI,22.103
LTFM,LTAI,2022-12,395,38,3.0833,all_flights,LTFM → LTAI,9.6203
LTFM,LTAJ,2022-03,196,7,-4.525,all_flights,LTFM → LTAJ,3.5714
LTFM,LTAJ,2022-06,235,43,4.3833,all_flights,LTFM → LTAJ,18.2979
LTFM,LTAJ,2022-09,224,28,2.7167,all_flights,LTFM → LTAJ,12.5
LTFM,LTAJ,2022-12,218,35,4.0083,all_flights,LTFM → LTAJ,16.055
LTFM,LTAU,2022-03,162,10,-3.1083,all_flights,LTFM → LTAU,6.1728
LTFM,LTAU,2022-06,236,50,5.1667,all_flights,LTFM → LTAU,21.1864
LTFM,LTAU,2022-09,202,23,2.6667,all_flights,LTFM → LTAU,11.3861
LTFM,LTAU,2022-12,191,25,3.8167,all_flights,LTFM → LTAU,13.089
LTFM,LTBJ,2022-03,382,9,-4.4167,all_flights,LTFM → LTBJ,2.356
LTFM,LTBJ,2022-06,538,59,1.7,all_flights,LTFM → LTBJ,10.9665
LTFM,LTBJ,2022-09,418,44,2.175,all_flights,LTFM → LTBJ,10.5263
LTFM,LTBJ,2022-12,435,35,-0.1667,all_flights,LTFM → LTBJ,8.046
LTFM,LTBS,2022-03,90,2,-3.7333,all_flights,LTFM → LTBS,2.2222
LTFM,LTBS,2022-06,286,69,7.1167,all_flights,LTFM → LTBS,24.1259
LTFM,LTBS,2022-09,240,47,5.5,all_flights,LTFM → LTBS,19.5833
LTFM,LTBS,2022-12,89,12,4.4,all_flights,LTFM → LTBS,13.4831
LTFM,LTCG,2022-03,155,13,-2.45,all_flights,LTFM → LTCG,8.3871
LTFM,LTCG,2022-06,224,52,7.0333,all_flights,LTFM → LTCG,23.2143
LTFM,LTCG,2022-09,235,44,5.1167,all_flights,LTFM → LTCG,18.7234
LTFM,LTCG,2022-12,169,28,4.3833,all_flights,LTFM → LTCG,16.568
LTFM,LTFE,2022-03,95,4,-4.6833,all_flights,LTFM → LTFE,4.2105
LTFM,LTFE,2022-06,349,73,6.3167,all_flights,LTFM → LTFE,20.9169
LTFM,LTFE,2022-09,290,76,7.65,all_flights,LTFM → LTFE,26.2069
LTFM,LTFE,2022-12,100,11,3.275,all_flights,LTFM → LTFE,11.0
LTFM,LYBE,2022-03,94,7,0.1,all_flights,LTFM → LYBE,7.4468
LTFM,LYBE,2022-06,127,36,8.3667,all_flights,LTFM → LYBE,28.3465
LTFM,LYBE,2022-09,138,36,7.4667,all_flights,LTFM → LYBE,26.087
LTFM,LYBE,2022-12,166,38,6.1083,all_flights,LTFM → LYBE,22.8916
LTFM,OIIE,2022-03,452,100,4.6667,all_flights,LTFM → OIIE,22.1239
LTFM,OIIE,2022-06,419,125,8.25,all_flights,LTFM → OIIE,29.8329
LTFM,OIIE,2022-09,456,123,6.1583,all_flights,LTFM → OIIE,26.9737
LTFM,OIIE,2022-12,411,105,6.0,all_flights,LTFM → OIIE,25.5474
LTFM,OJAI,2022-03,141,20,0.9667,all_flights,LTFM → OJAI,14.1844
LTFM,OJAI,2022-06,181,33,4.2,all_flights,LTFM → OJAI,18.232
LTFM,OJAI,2022-09,205,36,3.7,all_flights,LTFM → OJAI,17.561
LTFM,OJAI,2022-12,125,13,0.1667,all_flights,LTFM → OJAI,10.4
LTFM,OKBK,2022-03,178,39,2.225,all_flights,LTFM → OKBK,21.9101
LTFM,OKBK,2022-06,217,47,4.3,all_flights,LTFM → OKBK,21.659
LTFM,OKBK,2022-09,236,60,5.8583,all_flights,LTFM → OKBK,25.4237
LTFM,OKBK,2022-12,177,47,7.1,all_flights,LTFM → OKBK,26.5537
LTFM,OLBA,2022-03,180,22,1.3417,all_flights,LTFM → OLBA,12.2222
LTFM,OLBA,2022-06,192,47,6.2833,all_flights,LTFM → OLBA,24.4792
LTFM,OLBA,2022-09,200,30,2.1417,all_flights,LTFM → OLBA,15.0
LTFM,OLBA,2022-12,166,33,5.4417,all_flights,LTFM → OLBA,19.8795
LTFM,OMDB,2022-03,199,62,8.9333,all_flights,LTFM → OMDB,31.1558
LTFM,OMDB,2022-06,183,59,9.9,all_flights,LTFM → OMDB,32.2404
LTFM,OMDB,2022-09,195,62,10.75,all_flights,LTFM → OMDB,31.7949
LTFM,OMDB,2022-12,249,74,8.65,all_flights,LTFM → OMDB,29.7189
LTFM,ORBI,2022-03,115,12,-1.0333,all_flights,LTFM → ORBI,10.4348
LTFM,ORBI,2022-06,128,8,-1.7417,all_flights,LTFM → ORBI,6.25
LTFM,ORBI,2022-09,161,36,1.4833,all_flights,LTFM → ORBI,22.3602
LTFM,ORBI,2022-12,116,32,6.6167,all_flights,LTFM → ORBI,27.5862
LTFM,OTHH,2022-03,142,50,5.7083,all_flights,LTFM → OTHH,35.2113
LTFM,OTHH,2022-06,149,47,8.3833,all_flights,LTFM → OTHH,31.5436
LTFM,OTHH,2022-09,147,51,10.4667,all_flights,LTFM → OTHH,34.6939
LTFM,OTHH,2022-12,232,54,6.85,all_flights,LTFM → OTHH,23.2759
LTFM,UAAA,2022-03,107,13,-4.8333,all_flights,LTFM → UAAA,12.1495
LTFM,UAAA,2022-06,152,21,1.6167,all_flights,LTFM → UAAA,13.8158
LTFM,UAAA,2022-09,155,19,-2.2167,all_flights,LTFM → UAAA,12.2581
LTFM,UAAA,2022-12,191,13,-1.4833,all_flights,LTFM → UAAA,6.8063
LTFM,UBBB,2022-03,167,8,-3.5833,all_flights,LTFM → UBBB,4.7904
LTFM,UBBB,2022-06,191,31,2.5167,all_flights,LTFM → UBBB,16.2304
LTFM,UBBB,2022-09,191,27,3.4667,all_flights,LTFM → UBBB,14.1361
LTFM,UBBB,2022-12,199,19,0.7667,all_flights,LTFM → UBBB,9.5477
LTFM,URSS,2022-03,1,0,10.95,all_flights,LTFM → URSS,0.0
LTFM,URSS,2022-06,150,20,2.0417,all_flights,LTFM → URSS,13.3333
LTFM,URSS,2022-09,180,30,4.575,all_flights,LTFM → URSS,16.6667
LTFM,URSS,2022-12,180,40,3.0917,all_flights,LTFM → URSS,22.2222
LTFM,UTTT,2022-03,125,19,-2.05,all_flights,LTFM → UTTT,15.2
LTFM,UTTT,2022-06,150,25,3.5583,all_flights,LTFM → UTTT,16.6667
LTFM,UTTT,2022-09,150,37,6.2667,all_flights,LTFM → UTTT,24.6667
LTFM,UTTT,2022-12,149,24,2.9,all_flights,LTFM → UTTT,16.1074
LTFM,UUWW,2022-03,159,13,-3.4167,all_flights,LTFM → UUWW,8.1761
LTFM,UUWW,2022-06,167,45,6.2667,all_flights,LTFM → UUWW,26.9461
LTFM,UUWW,2022-09,173,40,6.0,all_flights,LTFM → UUWW,23.1214
LTFM,UUWW,2022-12,199,45,6.0833,all_flights,LTFM → UUWW,22.6131
LYBE,LOWW,2022-03,88,0,-4.5167,all_flights,LYBE → LOWW,0.0
LYBE,LOWW,2022-06,141,14,2.75,all_flights,LYBE → LOWW,9.9291
LYBE,LOWW,2022-09,146,49,10.0167,all_flights,LYBE → LOWW,33.5616
LYBE,LOWW,2022-12,139,11,1.4667,all_flights,LYBE → LOWW,7.9137
LYBE,LSZH,2022-03,127,6,2.5,all_flights,LYBE → LSZH,4.7244
LYBE,LSZH,2022-06,160,73,13.4667,all_flights,LYBE → LSZH,45.625
LYBE,LSZH,2022-09,163,71,13.85,all_flights,LYBE → LSZH,43.5583
LYBE,LSZH,2022-12,134,20,5.85,all_flights,LYBE → LSZH,14.9254
LYBE,LTFM,2022-03,96,9,-2.4833,all_flights,LYBE → LTFM,9.375
LYBE,LTFM,2022-06,123,11,-0.7333,all_flights,LYBE → LTFM,8.9431
LYBE,LTFM,2022-09,138,13,1.0333,all_flights,LYBE → LTFM,9.4203
LYBE,LTFM,2022-12,167,7,-3.75,all_flights,LYBE → LTFM,4.1916
LYBE,LYPG,2022-03,119,1,-6.9667,all_flights,LYBE → LYPG,0.8403
LYBE,LYPG,2022-06,134,6,-3.1583,all_flights,LYBE → LYPG,4.4776
LYBE,LYPG,2022-09,145,10,0.1833,all_flights,LYBE → LYPG,6.8966
LYBE,LYPG,2022-12,146,3,-4.95,all_flights,LYBE → LYPG,2.0548
LYBE,LYTV,2022-03,79,1,-6.5833,all_flights,LYBE → LYTV,1.2658
LYBE,LYTV,2022-06,168,5,-2.7583,all_flights,LYBE → LYTV,2.9762
LYBE,LYTV,2022-09,166,22,2.175,all_flights,LYBE → LYTV,13.253
LYBE,LYTV,2022-12,91,2,-2.1333,all_flights,LYBE → LYTV,2.1978
LYPG,LYBE,2022-03,119,0,-8.95,all_flights,LYPG → LYBE,0.0
LYPG,LYBE,2022-06,133,5,-6.3167,all_flights,LYPG → LYBE,3.7594
LYPG,LYBE,2022-09,143,5,-2.7167,all_flights,LYPG → LYBE,3.4965
LYPG,LYBE,2022-12,147,2,-6.8833,all_flights,LYPG → LYBE,1.3605
LYTV,LYBE,2022-03,79,0,-12.1833,all_flights,LYTV → LYBE,0.0
LYTV,LYBE,2022-06,170,7,-5.7833,all_flights,LYTV → LYBE,4.1176
LYTV,LYBE,2022-09,167,9,-1.1667,all_flights,LYTV → LYBE,5.3892
LYTV,LYBE,2022-12,91,0,-9.2167,all_flights,LYTV → LYBE,0.0
MMMX,LEMD,2022-03,126,87,23.4583,all_flights,MMMX → LEMD,69.0476
MMMX,LEMD,2022-06,142,95,25.2083,all_flights,MMMX → LEMD,66.9014
MMMX,LEMD,2022-09,143,70,14.7,all_flights,MMMX → LEMD,48.951
MMMX,LEMD,2022-12,156,65,12.8,all_flights,MMMX → LEMD,41.6667
OIIE,LTFM,2022-03,449,85,0.0,all_flights,OIIE → LTFM,18.931
OIIE,LTFM,2022-06,393,38,-3.4833,all_flights,OIIE → LTFM,9.6692
OIIE,LTFM,2022-09,455,46,-2.75,all_flights,OIIE → LTFM,10.1099
OIIE,LTFM,2022-12,404,37,-5.8167,all_flights,OIIE → LTFM,9.1584
OJAI,LTFM,2022-03,145,11,-5.15,all_flights,OJAI → LTFM,7.5862
OJAI,LTFM,2022-06,184,24,-3.0667,all_flights,OJAI → LTFM,13.0435
OJAI,LTFM,2022-09,208,17,-6.175,all_flights,OJAI → LTFM,8.1731
OJAI,LTFM,2022-12,125,12,-5.7833,all_flights,OJAI → LTFM,9.6
OKBK,LTFJ,2022-03,118,14,-0.6,all_flights,OKBK → LTFJ,11.8644
OKBK,LTFJ,2022-06,149,31,2.7167,all_flights,OKBK → LTFJ,20.8054
OKBK,LTFJ,2022-09,179,25,-3.75,all_flights,OKBK → LTFJ,13.9665
OKBK,LTFJ,2022-12,93,13,0.0667,all_flights,OKBK → LTFJ,13.9785
OKBK,LTFM,2022-03,156,24,0.775,all_flights,OKBK → LTFM,15.3846
OKBK,LTFM,2022-06,196,20,-0.475,all_flights,OKBK → LTFM,10.2041
OKBK,LTFM,2022-09,227,37,-2.55,all_flights,OKBK → LTFM,16.2996
OKBK,LTFM,2022-12,175,33,1.75,all_flights,OKBK → LTFM,18.8571
OLBA,HECA,2022-03,119,25,6.1667,all_flights,OLBA → HECA,21.0084
OLBA,HECA,2022-06,144,17,1.2417,all_flights,OLBA → HECA,11.8056
OLBA,HECA,2022-09,151,31,3.8167,all_flights,OLBA → HECA,20.5298
OLBA,HECA,2022-12,167,27,2.5667,all_flights,OLBA → HECA,16.1677
OLBA,LTFM,2022-03,178,15,-5.5833,all_flights,OLBA → LTFM,8.427
OLBA,LTFM,2022-06,192,10,-9.525,all_flights,OLBA → LTFM,5.2083
OLBA,LTFM,2022-09,199,15,-5.8167,all_flights,OLBA → LTFM,7.5377
OLBA,LTFM,2022-12,166,10,-5.575,all_flights,OLBA → LTFM,6.0241
OMDB,EGLL,2022-03,257,234,31.0167,all_flights,OMDB → EGLL,91.0506
OMDB,EGLL,2022-06,213,191,24.8167,all_flights,OMDB → EGLL,89.6714
OMDB,EGLL,2022-09,239,205,26.2833,all_flights,OMDB → EGLL,85.7741
OMDB,EGLL,2022-12,282,254,30.4333,all_flights,OMDB → EGLL,90.0709
OMDB,LFPG,2022-03,200,147,21.7833,all_flights,OMDB → LFPG,73.5
OMDB,LFPG,2022-06,149,96,19.65,all_flights,OMDB → LFPG,64.4295
OMDB,LFPG,2022-09,212,153,20.5583,all_flights,OMDB → LFPG,72.1698
OMDB,LFPG,2022-12,180,134,23.8083,all_flights,OMDB → LFPG,74.4444
OMDB,LLBG,2022-03,172,115,19.3917,all_flights,OMDB → LLBG,66.8605
OMDB,LLBG,2022-06,133,39,8.8667,all_flights,OMDB → LLBG,29.3233
OMDB,LLBG,2022-09,176,76,12.2583,all_flights,OMDB → LLBG,43.1818
OMDB,LLBG,2022-12,278,162,16.4667,all_flights,OMDB → LLBG,58.2734
OMDB,LTFM,2022-03,195,104,16.4667,all_flights,OMDB → LTFM,53.3333
OMDB,LTFM,2022-06,182,84,13.0167,all_flights,OMDB → LTFM,46.1538
OMDB,LTFM,2022-09,195,72,9.2167,all_flights,OMDB → LTFM,36.9231
OMDB,LTFM,2022-12,250,106,12.5,all_flights,OMDB → LTFM,42.4
OMDB,UUWW,2022-03,124,89,20.95,all_flights,OMDB → UUWW,71.7742
OMDB,UUWW,2022-06,98,58,17.3667,all_flights,OMDB → UUWW,59.1837
OMDB,UUWW,2022-09,166,95,16.7333,all_flights,OMDB → UUWW,57.2289
OMDB,UUWW,2022-12,189,98,15.4833,all_flights,OMDB → UUWW,51.8519
ORBI,LTFM,2022-03,115,27,4.3167,all_flights,ORBI → LTFM,23.4783
ORBI,LTFM,2022-06,128,35,7.7917,all_flights,ORBI → LTFM,27.3438
ORBI,LTFM,2022-09,166,58,7.3667,all_flights,ORBI → LTFM,34.9398
ORBI,LTFM,2022-12,115,56,14.5,all_flights,ORBI → LTFM,48.6957
OTHH,EGLL,2022-03,163,152,30.5333,all_flights,OTHH → EGLL,93.2515
OTHH,EGLL,2022-06,175,162,33.55,all_flights,OTHH → EGLL,92.5714
OTHH,EGLL,2022-09,216,166,24.8167,all_flights,OTHH → EGLL,76.8519
OTHH,EGLL,2022-12,213,157,23.8,all_flights,OTHH → EGLL,73.7089
OTHH,LTFM,2022-03,122,49,11.4,all_flights,OTHH → LTFM,40.1639
OTHH,LTFM,2022-06,137,44,8.3,all_flights,OTHH → LTFM,32.1168
OTHH,LTFM,2022-09,131,32,4.3667,all_flights,OTHH → LTFM,24.4275
OTHH,LTFM,2022-12,218,38,2.1833,all_flights,OTHH → LTFM,17.4312
RKSI,EDDF,2022-03,176,59,3.8167,all_flights,RKSI → EDDF,33.5227
RKSI,EDDF,2022-06,174,68,10.8417,all_flights,RKSI → EDDF,39.0805
RKSI,EDDF,2022-09,199,72,8.5,all_flights,RKSI → EDDF,36.1809
RKSI,EDDF,2022-12,179,101,17.6333,all_flights,RKSI → EDDF,56.4246
SKBO,LEMD,2022-03,155,85,17.0667,all_flights,SKBO → LEMD,54.8387
SKBO,LEMD,2022-06,179,97,16.0333,all_flights,SKBO → LEMD,54.1899
SKBO,LEMD,2022-09,180,94,15.9833,all_flights,SKBO → LEMD,52.2222
SKBO,LEMD,2022-12,192,87,12.6667,all_flights,SKBO → LEMD,45.3125
UAAA,LTFM,2022-03,118,39,9.1333,all_flights,UAAA → LTFM,33.0508
UAAA,LTFM,2022-06,130,52,10.45,all_flights,UAAA → LTFM,40.0
UAAA,LTFM,2022-09,128,38,6.4583,all_flights,UAAA → LTFM,29.6875
UAAA,LTFM,2022-12,174,76,12.9,all_flights,UAAA → LTFM,43.6782
UBBB,LTFM,2022-03,158,12,-1.2917,all_flights,UBBB → LTFM,7.5949
UBBB,LTFM,2022-06,183,15,-0.2667,all_flights,UBBB → LTFM,8.1967
UBBB,LTFM,2022-09,186,23,3.8083,all_flights,UBBB → LTFM,12.3656
UBBB,LTFM,2022-12,197,11,-0.8,all_flights,UBBB → LTFM,5.5838
UBBB,UBBN,2022-03,252,15,2.9833,all_flights,UBBB → UBBN,5.9524
UBBB,UBBN,2022-06,347,18,2.0333,all_flights,UBBB → UBBN,5.1873
UBBB,UBBN,2022-09,187,2,-1.7333,all_flights,UBBB → UBBN,1.0695
UBBB,UBBN,2022-12,147,9,1.95,all_flights,UBBB → UBBN,6.1224
UBBN,UBBB,2022-03,251,33,1.9833,all_flights,UBBN → UBBB,13.1474
UBBN,UBBB,2022-06,348,25,3.2,all_flights,UBBN → UBBB,7.1839
UBBN,UBBB,2022-09,187,10,1.05,all_flights,UBBN → UBBB,5.3476
UBBN,UBBB,2022-12,147,14,4.3,all_flights,UBBN → UBBB,9.5238
UDYZ,UUWW,2022-03,65,16,2.0833,all_flights,UDYZ → UUWW,24.6154
UDYZ,UUWW,2022-06,275,107,10.55,all_flights,UDYZ → UUWW,38.9091
UDYZ,UUWW,2022-09,262,95,9.1333,all_flights,UDYZ → UUWW,36.2595
UDYZ,UUWW,2022-12,230,63,2.7917,all_flights,UDYZ → UUWW,27.3913
ULLI,UMKK,2022-03,193,21,1.5833,all_flights,ULLI → UMKK,10.8808
ULLI,UMKK,2022-06,439,89,6.3667,all_flights,ULLI → UMKK,20.2733
ULLI,UMKK,2022-09,456,118,7.6667,all_flights,ULLI → UMKK,25.8772
ULLI,UMKK,2022-12,253,140,17.7833,all_flights,ULLI → UMKK,55.336
UMKK,ULLI,2022-03,201,22,0.0667,all_flights,UMKK → ULLI,10.9453
UMKK,ULLI,2022-06,437,78,2.05,all_flights,UMKK → ULLI,17.849
UMKK,ULLI,2022-09,459,100,6.05,all_flights,UMKK → ULLI,21.7865
UMKK,ULLI,2022-12,250,86,7.9417,all_flights,UMKK → ULLI,34.4
UMKK,UUDD,2022-03,115,27,3.5833,all_flights,UMKK → UUDD,23.4783
UMKK,UUDD,2022-06,206,54,6.8833,all_flights,UMKK → UUDD,26.2136
UMKK,UUDD,2022-09,224,80,9.4917,all_flights,UMKK → UUDD,35.7143
UMKK,UUDD,2022-12,196,99,15.6083,all_flights,UMKK → UUDD,50.5102
UMKK,UUEE,2022-03,127,10,-4.3333,all_flights,UMKK → UUEE,7.874
UMKK,UUEE,2022-06,319,42,0.6,all_flights,UMKK → UUEE,13.1661
UMKK,UUEE,2022-09,365,36,-0.45,all_flights,UMKK → UUEE,9.863
UMKK,UUEE,2022-12,258,79,9.6667,all_flights,UMKK → UUEE,30.6202
URSS,LTFM,2022-03,5,0,0.9833,all_flights,URSS → LTFM,0.0
URSS,LTFM,2022-06,149,24,1.5,all_flights,URSS → LTFM,16.1074
URSS,LTFM,2022-09,181,50,5.5833,all_flights,URSS → LTFM,27.6243
URSS,LTFM,2022-12,182,29,0.4667,all_flights,URSS → LTFM,15.9341
UTTT,LTFM,2022-03,121,20,5.7,all_flights,UTTT → LTFM,16.5289
UTTT,LTFM,2022-06,145,30,8.1833,all_flights,UTTT → LTFM,20.6897
UTTT,LTFM,2022-09,146,39,7.8833,all_flights,UTTT → LTFM,26.7123
UTTT,LTFM,2022-12,150,21,5.5,all_flights,UTTT → LTFM,14.0
UUDD,LTAI,2022-03,13,6,7.7167,all_flights,UUDD → LTAI,46.1538
UUDD,LTAI,2022-06,259,60,2.5667,all_flights,UUDD → LTAI,23.166
UUDD,LTAI,2022-09,262,124,14.2,all_flights,UUDD → LTAI,47.3282
UUDD,LTAI,2022-12,94,39,9.6,all_flights,UUDD → LTAI,41.4894
UUDD,UMKK,2022-03,113,16,2.2833,all_flights,UUDD → UMKK,14.1593
UUDD,UMKK,2022-06,209,46,6.6167,all_flights,UUDD → UMKK,22.0096
UUDD,UMKK,2022-09,228,89,11.625,all_flights,UUDD → UMKK,39.0351
UUDD,UMKK,2022-12,195,119,21.9,all_flights,UUDD → UMKK,61.0256
UUEE,UMKK,2022-03,96,11,-6.025,all_flights,UUEE → UMKK,11.4583
UUEE,UMKK,2022-06,319,23,-2.3,all_flights,UUEE → UMKK,7.21
UUEE,UMKK,2022-09,365,27,-4.7,all_flights,UUEE → UMKK,7.3973
UUEE,UMKK,2022-12,256,79,7.1333,all_flights,UUEE → UMKK,30.8594
UUWW,LTAI,2022-03,7,3,12.55,all_flights,UUWW → LTAI,42.8571
UUWW,LTAI,2022-06,418,177,12.55,all_flights,UUWW → LTAI,42.3445
UUWW,LTAI,2022-09,420,357,29.4667,all_flights,UUWW → LTAI,85.0
UUWW,LTAI,2022-12,123,98,28.9,all_flights,UUWW → LTAI,79.6748
UUWW,LTFM,2022-03,157,48,5.3333,all_flights,UUWW → LTFM,30.5732
UUWW,LTFM,2022-06,165,51,7.7667,all_flights,UUWW → LTFM,30.9091
UUWW,LTFM,2022-09,173,67,10.2,all_flights,UUWW → LTFM,38.7283
UUWW,LTFM,2022-12,198,102,16.0,all_flights,UUWW → LTFM,51.5152
UUWW,OMDB,2022-03,126,107,31.2417,all_flights,UUWW → OMDB,84.9206
UUWW,OMDB,2022-06,98,90,35.1083,all_flights,UUWW → OMDB,91.8367
UUWW,OMDB,2022-09,166,137,31.6083,all_flights,UUWW → OMDB,82.5301
UUWW,OMDB,2022-12,192,167,40.025,all_flights,UUWW → OMDB,86.9792
UUWW,UDYZ,2022-03,64,30,13.0917,all_flights,UUWW → UDYZ,46.875
UUWW,UDYZ,2022-06,275,173,18.8,all_flights,UUWW → UDYZ,62.9091
UUWW,UDYZ,2022-09,261,140,16.4833,all_flights,UUWW → UDYZ,53.6398
UUWW,UDYZ,2022-12,228,108,13.8833,all_flights,UUWW → UDYZ,47.3684
VIDP,EGLL,2022-03,78,48,18.75,all_flights,VIDP → EGLL,61.5385
VIDP,EGLL,2022-06,165,128,25.1667,all_flights,VIDP → EGLL,77.5758
VIDP,EGLL,2022-09,196,134,21.2667,all_flights,VIDP → EGLL,68.3673
VIDP,EGLL,2022-12,214,175,27.4833,all_flights,VIDP → EGLL,81.7757
WSSS,EGLL,2022-03,111,70,18.6,all_flights,WSSS → EGLL,63.0631
WSSS,EGLL,2022-06,163,135,26.0667,all_flights,WSSS → EGLL,82.8221
WSSS,EGLL,2022-09,179,153,26.25,all_flights,WSSS → EGLL,85.4749
WSSS,EGLL,2022-12,214,180,28.3333,all_flights,WSSS → EGLL,84.1121
DAAG,LFPG,2022-03,82,15,5.875,scheduled_duration_under_3h,DAAG → LFPG,18.2927
DAAG,LFPG,2022-06,172,55,6.9917,scheduled_duration_under_3h,DAAG → LFPG,31.9767
DAAG,LFPG,2022-09,309,102,9.55,scheduled_duration_under_3h,DAAG → LFPG,33.0097
DAAG,LFPG,2022-12,311,67,6.2167,scheduled_duration_under_3h,DAAG → LFPG,21.5434
DAAG,LFPO,2022-03,56,12,7.725,scheduled_duration_under_3h,DAAG → LFPO,21.4286
DAAG,LFPO,2022-06,153,50,8.7167,scheduled_duration_under_3h,DAAG → LFPO,32.6797
DAAG,LFPO,2022-09,168,62,10.6083,scheduled_duration_under_3h,DAAG → LFPO,36.9048
DAAG,LFPO,2022-12,251,53,6.9333,scheduled_duration_under_3h,DAAG → LFPO,21.1155
DTTA,LFPG,2022-03,132,26,8.6,scheduled_duration_under_3h,DTTA → LFPG,19.697
DTTA,LFPG,2022-06,183,53,8.75,scheduled_duration_under_3h,DTTA → LFPG,28.9617
DTTA,LFPG,2022-09,164,63,11.9167,scheduled_duration_under_3h,DTTA → LFPG,38.4146
DTTA,LFPG,2022-12,136,48,10.1333,scheduled_duration_under_3h,DTTA → LFPG,35.2941
DTTA,LFPO,2022-03,169,54,9.55,scheduled_duration_under_3h,DTTA → LFPO,31.9527
DTTA,LFPO,2022-06,154,62,12.1083,scheduled_duration_under_3h,DTTA → LFPO,40.2597
DTTA,LFPO,2022-09,189,69,11.7,scheduled_duration_under_3h,DTTA → LFPO,36.5079
DTTA,LFPO,2022-12,173,50,9.6167,scheduled_duration_under_3h,DTTA → LFPO,28.9017
DTTA,LTFM,2022-03,140,24,5.575,scheduled_duration_under_3h,DTTA → LTFM,17.1429
DTTA,LTFM,2022-06,149,18,4.95,scheduled_duration_under_3h,DTTA → LTFM,12.0805
DTTA,LTFM,2022-09,157,22,1.5833,scheduled_duration_under_3h,DTTA → LTFM,14.0127
DTTA,LTFM,2022-12,141,11,0.3833,scheduled_duration_under_3h,DTTA → LTFM,7.8014
EBBR,EDDF,2022-03,170,2,-11.4333,scheduled_duration_under_3h,EBBR → EDDF,1.1765
EBBR,EDDF,2022-06,173,3,-11.0,scheduled_duration_under_3h,EBBR → EDDF,1.7341
EBBR,EDDF,2022-09,193,0,-12.7,scheduled_duration_under_3h,EBBR → EDDF,0.0
EBBR,EDDF,2022-12,145,2,-11.0333,scheduled_duration_under_3h,EBBR → EDDF,1.3793
EBBR,EDDM,2022-03,138,1,-3.6833,scheduled_duration_under_3h,EBBR → EDDM,0.7246
EBBR,EDDM,2022-06,171,11,-1.2667,scheduled_duration_under_3h,EBBR → EDDM,6.4327
EBBR,EDDM,2022-09,189,9,1.0,scheduled_duration_under_3h,EBBR → EDDM,4.7619
EBBR,EDDM,2022-12,176,6,-1.7333,scheduled_duration_under_3h,EBBR → EDDM,3.4091
EBBR,EDDP,2022-03,135,1,-10.7333,scheduled_duration_under_3h,EBBR → EDDP,0.7407
EBBR,EDDP,2022-06,152,9,-3.7417,scheduled_duration_under_3h,EBBR → EDDP,5.9211
EBBR,EDDP,2022-09,140,1,-5.7,scheduled_duration_under_3h,EBBR → EDDP,0.7143
EBBR,EDDP,2022-12,146,9,-4.825,scheduled_duration_under_3h,EBBR → EDDP,6.1644
EBBR,EGLL,2022-03,158,15,6.075,scheduled_duration_under_3h,EBBR → EGLL,9.4937
EBBR,EGLL,2022-06,192,39,8.6,scheduled_duration_under_3h,EBBR → EGLL,20.3125
EBBR,EGLL,2022-09,155,29,8.15,scheduled_duration_under_3h,EBBR → EGLL,18.7097
EBBR,EGLL,2022-12,213,60,8.6167,scheduled_duration_under_3h,EBBR → EGLL,28.169
EBBR,EIDW,2022-03,131,5,-1.8,scheduled_duration_under_3h,EBBR → EIDW,3.8168
EBBR,EIDW,2022-06,127,11,3.4,scheduled_duration_under_3h,EBBR → EIDW,8.6614
EBBR,EIDW,2022-09,133,5,0.5667,scheduled_duration_under_3h,EBBR → EIDW,3.7594
EBBR,EIDW,2022-12,128,14,0.2583,scheduled_duration_under_3h,EBBR → EIDW,10.9375
EBBR,EKCH,2022-03,131,0,-3.1667,scheduled_duration_under_3h,EBBR → EKCH,0.0
EBBR,EKCH,2022-06,156,6,-2.0083,scheduled_duration_under_3h,EBBR → EKCH,3.8462
EBBR,EKCH,2022-09,181,5,-1.2667,scheduled_duration_under_3h,EBBR → EKCH,2.7624
EBBR,EKCH,2022-12,153,4,-8.2667,scheduled_duration_under_3h,EBBR → EKCH,2.6144
EBBR,LEBL,2022-03,172,3,1.2417,scheduled_duration_under_3h,EBBR → LEBL,1.7442
EBBR,LEBL,2022-06,212,42,6.0667,scheduled_duration_under_3h,EBBR → LEBL,19.8113
EBBR,LEBL,2022-09,221,38,4.7167,scheduled_duration_under_3h,EBBR → LEBL,17.1946
EBBR,LEBL,2022-12,164,11,1.0,scheduled_duration_under_3h,EBBR → LEBL,6.7073
EBBR,LEMD,2022-03,247,6,0.4667,scheduled_duration_under_3h,EBBR → LEMD,2.4291
EBBR,LEMD,2022-06,269,52,2.5667,scheduled_duration_under_3h,EBBR → LEMD,19.3309
EBBR,LEMD,2022-09,281,40,1.4833,scheduled_duration_under_3h,EBBR → LEMD,14.2349
EBBR,LEMD,2022-12,279,21,1.45,scheduled_duration_under_3h,EBBR → LEMD,7.5269
EBBR,LIML,2022-03,118,1,-1.9417,scheduled_duration_under_3h,EBBR → LIML,0.8475
EBBR,LIML,2022-06,142,24,2.8333,scheduled_duration_under_3h,EBBR → LIML,16.9014
EBBR,LIML,2022-09,155,13,2.1167,scheduled_duration_under_3h,EBBR → LIML,8.3871
EBBR,LIML,2022-12,139,11,0.4333,scheduled_duration_under_3h,EBBR → LIML,7.9137
EBBR,LIRF,2022-03,156,2,-8.1917,scheduled_duration_under_3h,EBBR → LIRF,1.2821
EBBR,LIRF,2022-06,176,25,-0.3917,scheduled_duration_under_3h,EBBR → LIRF,14.2045
EBBR,LIRF,2022-09,200,14,-7.1333,scheduled_duration_under_3h,EBBR → LIRF,7.0
EBBR,LIRF,2022-12,146,0,-8.8583,scheduled_duration_under_3h,EBBR → LIRF,0.0
EBBR,LOWW,2022-03,123,7,3.3333,scheduled_duration_under_3h,EBBR → LOWW,5.6911
EBBR,LOWW,2022-06,177,51,8.75,scheduled_duration_under_3h,EBBR → LOWW,28.8136
EBBR,LOWW,2022-09,213,33,6.0833,scheduled_duration_under_3h,EBBR → LOWW,15.493
EBBR,LOWW,2022-12,180,31,3.8667,scheduled_duration_under_3h,EBBR → LOWW,17.2222
EBBR,LPPT,2022-03,148,22,4.2,scheduled_duration_under_3h,EBBR → LPPT,14.8649
EBBR,LPPT,2022-06,173,50,8.9833,scheduled_duration_under_3h,EBBR → LPPT,28.9017
EBBR,LPPT,2022-09,189,47,7.5333,scheduled_duration_under_3h,EBBR → LPPT,24.8677
EBBR,LPPT,2022-12,124,49,10.6,scheduled_duration_under_3h,EBBR → LPPT,39.5161
EBBR,LSGG,2022-03,194,2,-11.3917,scheduled_duration_under_3h,EBBR → LSGG,1.0309
EBBR,LSGG,2022-06,131,8,-7.7,scheduled_duration_under_3h,EBBR → LSGG,6.1069
EBBR,LSGG,2022-09,172,8,-8.775,scheduled_duration_under_3h,EBBR → LSGG,4.6512
EBBR,LSGG,2022-12,186,5,-9.7917,scheduled_duration_under_3h,EBBR → LSGG,2.6882
EDDB,EDDF,2022-03,272,1,-6.9833,scheduled_duration_under_3h,EDDB → EDDF,0.3676
EDDB,EDDF,2022-06,348,19,-6.25,scheduled_duration_under_3h,EDDB → EDDF,5.4598
EDDB,EDDF,2022-09,382,11,-5.0083,scheduled_duration_under_3h,EDDB → EDDF,2.8796
EDDB,EDDF,2022-12,287,59,0.9167,scheduled_duration_under_3h,EDDB → EDDF,20.5575
EDDB,EDDK,2022-03,184,14,3.7917,scheduled_duration_under_3h,EDDB → EDDK,7.6087
EDDB,EDDK,2022-06,144,30,7.8333,scheduled_duration_under_3h,EDDB → EDDK,20.8333
EDDB,EDDK,2022-09,146,42,8.4167,scheduled_duration_under_3h,EDDB → EDDK,28.7671
EDDB,EDDK,2022-12,112,41,11.5083,scheduled_duration_under_3h,EDDB → EDDK,36.6071
EDDB,EDDM,2022-03,217,0,-8.0333,scheduled_duration_under_3h,EDDB → EDDM,0.0
EDDB,EDDM,2022-06,268,13,-4.1917,scheduled_duration_under_3h,EDDB → EDDM,4.8507
EDDB,EDDM,2022-09,253,11,-3.5667,scheduled_duration_under_3h,EDDB → EDDM,4.3478
EDDB,EDDM,2022-12,248,21,-4.8667,scheduled_duration_under_3h,EDDB → EDDM,8.4677
EDDB,EDDS,2022-03,144,10,-0.6167,scheduled_duration_under_3h,EDDB → EDDS,6.9444
EDDB,EDDS,2022-06,121,20,2.85,scheduled_duration_under_3h,EDDB → EDDS,16.5289
EDDB,EDDS,2022-09,153,31,4.3667,scheduled_duration_under_3h,EDDB → EDDS,20.2614
EDDB,EDDS,2022-12,116,15,1.7167,scheduled_duration_under_3h,EDDB → EDDS,12.931
EDDB,EHAM,2022-03,215,38,8.7833,scheduled_duration_under_3h,EDDB → EHAM,17.6744
EDDB,EHAM,2022-06,221,67,11.1167,scheduled_duration_under_3h,EDDB → EHAM,30.3167
EDDB,EHAM,2022-09,260,85,10.2333,scheduled_duration_under_3h,EDDB → EHAM,32.6923
EDDB,EHAM,2022-12,225,74,11.2167,scheduled_duration_under_3h,EDDB → EHAM,32.8889
EDDB,LEPA,2022-03,145,26,6.4833,scheduled_duration_under_3h,EDDB → LEPA,17.931
EDDB,LEPA,2022-06,219,55,7.8167,scheduled_duration_under_3h,EDDB → LEPA,25.1142
EDDB,LEPA,2022-09,229,67,8.4,scheduled_duration_under_3h,EDDB → LEPA,29.2576
EDDB,LEPA,2022-12,81,25,6.9333,scheduled_duration_under_3h,EDDB → LEPA,30.8642
EDDB,LFPG,2022-03,218,33,7.8417,scheduled_duration_under_3h,EDDB → LFPG,15.1376
EDDB,LFPG,2022-06,239,70,9.7667,scheduled_duration_under_3h,EDDB → LFPG,29.2887
EDDB,LFPG,2022-09,228,82,11.4417,scheduled_duration_under_3h,EDDB → LFPG,35.9649
EDDB,LFPG,2022-12,241,97,13.3667,scheduled_duration_under_3h,EDDB → LFPG,40.249
EDDB,LOWW,2022-03,127,14,6.1833,scheduled_duration_under_3h,EDDB → LOWW,11.0236
EDDB,LOWW,2022-06,186,43,8.4667,scheduled_duration_under_3h,EDDB → LOWW,23.1183
EDDB,LOWW,2022-09,202,64,11.1,scheduled_duration_under_3h,EDDB → LOWW,31.6832
EDDB,LOWW,2022-12,169,59,9.2333,scheduled_duration_under_3h,EDDB → LOWW,34.9112
EDDB,LSZH,2022-03,147,5,-1.4333,scheduled_duration_under_3h,EDDB → LSZH,3.4014
EDDB,LSZH,2022-06,202,21,1.0583,scheduled_duration_under_3h,EDDB → LSZH,10.396
EDDB,LSZH,2022-09,218,32,2.125,scheduled_duration_under_3h,EDDB → LSZH,14.6789
EDDB,LSZH,2022-12,244,32,3.0333,scheduled_duration_under_3h,EDDB → LSZH,13.1148
EDDF,EBBR,2022-03,167,12,2.5167,scheduled_duration_under_3h,EDDF → EBBR,7.1856
EDDF,EBBR,2022-06,175,31,4.9833,scheduled_duration_under_3h,EDDF → EBBR,17.7143
EDDF,EBBR,2022-09,194,19,3.7417,scheduled_duration_under_3h,EDDF → EBBR,9.7938
EDDF,EBBR,2022-12,147,24,3.75,scheduled_duration_under_3h,EDDF → EBBR,16.3265
EDDF,EDDB,2022-03,281,28,0.3,scheduled_duration_under_3h,EDDF → EDDB,9.9644
EDDF,EDDB,2022-06,344,43,4.2333,scheduled_duration_under_3h,EDDF → EDDB,12.5
EDDF,EDDB,2022-09,381,48,4.75,scheduled_duration_under_3h,EDDF → EDDB,12.5984
EDDF,EDDB,2022-12,282,47,4.4583,scheduled_duration_under_3h,EDDF → EDDB,16.6667
EDDF,EDDH,2022-03,255,9,-3.75,scheduled_duration_under_3h,EDDF → EDDH,3.5294
EDDF,EDDH,2022-06,304,17,-3.0667,scheduled_duration_under_3h,EDDF → EDDH,5.5921
EDDF,EDDH,2022-09,320,17,-3.7583,scheduled_duration_under_3h,EDDF → EDDH,5.3125
EDDF,EDDH,2022-12,266,26,-4.1333,scheduled_duration_under_3h,EDDF → EDDH,9.7744
EDDF,EDDM,2022-03,272,2,-4.075,scheduled_duration_under_3h,EDDF → EDDM,0.7353
EDDF,EDDM,2022-06,287,42,4.5,scheduled_duration_under_3h,EDDF → EDDM,14.6341
EDDF,EDDM,2022-09,318,39,4.225,scheduled_duration_under_3h,EDDF → EDDM,12.2642
EDDF,EDDM,2022-12,313,44,2.75,scheduled_duration_under_3h,EDDF → EDDM,14.0575
EDDF,EDDP,2022-03,134,4,-8.8083,scheduled_duration_under_3h,EDDF → EDDP,2.9851
EDDF,EDDP,2022-06,178,13,-1.8,scheduled_duration_under_3h,EDDF → EDDP,7.3034
EDDF,EDDP,2022-09,153,6,-4.0,scheduled_duration_under_3h,EDDF → EDDP,3.9216
EDDF,EDDP,2022-12,134,9,-3.2,scheduled_duration_under_3h,EDDF → EDDP,6.7164
EDDF,EFHK,2022-03,131,8,2.8667,scheduled_duration_under_3h,EDDF → EFHK,6.1069
EDDF,EFHK,2022-06,129,9,3.45,scheduled_duration_under_3h,EDDF → EFHK,6.9767
EDDF,EFHK,2022-09,121,24,6.3667,scheduled_duration_under_3h,EDDF → EFHK,19.8347
EDDF,EFHK,2022-12,130,57,12.0167,scheduled_duration_under_3h,EDDF → EFHK,43.8462
EDDF,EGLC,2022-03,119,14,2.9333,scheduled_duration_under_3h,EDDF → EGLC,11.7647
EDDF,EGLC,2022-06,144,22,4.85,scheduled_duration_under_3h,EDDF → EGLC,15.2778
EDDF,EGLC,2022-09,150,23,5.6083,scheduled_duration_under_3h,EDDF → EGLC,15.3333
EDDF,EGLC,2022-12,138,28,3.8583,scheduled_duration_under_3h,EDDF → EGLC,20.2899
EDDF,EGLL,2022-03,291,54,7.9333,scheduled_duration_under_3h,EDDF → EGLL,18.5567
EDDF,EGLL,2022-06,402,167,12.75,scheduled_duration_under_3h,EDDF → EGLL,41.5423
EDDF,EGLL,2022-09,336,145,12.925,scheduled_duration_under_3h,EDDF → EGLL,43.1548
EDDF,EGLL,2022-12,445,255,17.6667,scheduled_duration_under_3h,EDDF → EGLL,57.3034
EDDF,EHAM,2022-03,223,17,1.5333,scheduled_duration_under_3h,EDDF → EHAM,7.6233
EDDF,EHAM,2022-06,279,62,5.95,scheduled_duration_under_3h,EDDF → EHAM,22.2222
EDDF,EHAM,2022-09,211,38,6.35,scheduled_duration_under_3h,EDDF → EHAM,18.0095
EDDF,EHAM,2022-12,290,54,5.125,scheduled_duration_under_3h,EDDF → EHAM,18.6207
EDDF,EIDW,2022-03,190,15,1.7083,scheduled_duration_under_3h,EDDF → EIDW,7.8947
EDDF,EIDW,2022-06,175,38,7.5,scheduled_duration_under_3h,EDDF → EIDW,21.7143
EDDF,EIDW,2022-09,145,35,7.0667,scheduled_duration_under_3h,EDDF → EIDW,24.1379
EDDF,EIDW,2022-12,163,44,9.4167,scheduled_duration_under_3h,EDDF → EIDW,26.9939
EDDF,EKCH,2022-03,136,6,3.725,scheduled_duration_under_3h,EDDF → EKCH,4.4118
EDDF,EKCH,2022-06,163,28,5.05,scheduled_duration_under_3h,EDDF → EKCH,17.1779
EDDF,EKCH,2022-09,144,28,7.05,scheduled_duration_under_3h,EDDF → EKCH,19.4444
EDDF,EKCH,2022-12,155,25,1.5333,scheduled_duration_under_3h,EDDF → EKCH,16.129
EDDF,ENGM,2022-03,109,6,2.4833,scheduled_duration_under_3h,EDDF → ENGM,5.5046
EDDF,ENGM,2022-06,149,13,3.9667,scheduled_duration_under_3h,EDDF → ENGM,8.7248
EDDF,ENGM,2022-09,115,20,6.05,scheduled_duration_under_3h,EDDF → ENGM,17.3913
EDDF,ENGM,2022-12,130,29,5.325,scheduled_duration_under_3h,EDDF → ENGM,22.3077
EDDF,EPWA,2022-03,135,5,-1.7,scheduled_duration_under_3h,EDDF → EPWA,3.7037
EDDF,EPWA,2022-06,194,15,-0.9583,scheduled_duration_under_3h,EDDF → EPWA,7.732
EDDF,EPWA,2022-09,157,10,1.3333,scheduled_duration_under_3h,EDDF → EPWA,6.3694
EDDF,EPWA,2022-12,164,17,-0.45,scheduled_duration_under_3h,EDDF → EPWA,10.3659
EDDF,ESSA,2022-03,112,12,4.15,scheduled_duration_under_3h,EDDF → ESSA,10.7143
EDDF,ESSA,2022-06,175,33,6.3167,scheduled_duration_under_3h,EDDF → ESSA,18.8571
EDDF,ESSA,2022-09,137,24,7.0,scheduled_duration_under_3h,EDDF → ESSA,17.5182
EDDF,ESSA,2022-12,139,38,7.0667,scheduled_duration_under_3h,EDDF → ESSA,27.3381
EDDF,LDZA,2022-03,124,6,2.9417,scheduled_duration_under_3h,EDDF → LDZA,4.8387
EDDF,LDZA,2022-06,136,28,6.3917,scheduled_duration_under_3h,EDDF → LDZA,20.5882
EDDF,LDZA,2022-09,126,24,8.225,scheduled_duration_under_3h,EDDF → LDZA,19.0476
EDDF,LDZA,2022-12,133,38,8.6333,scheduled_duration_under_3h,EDDF → LDZA,28.5714
EDDF,LEBL,2022-03,153,18,5.25,scheduled_duration_under_3h,EDDF → LEBL,11.7647
EDDF,LEBL,2022-06,228,52,5.9667,scheduled_duration_under_3h,EDDF → LEBL,22.807
EDDF,LEBL,2022-09,194,37,7.4917,scheduled_duration_under_3h,EDDF → LEBL,19.0722
EDDF,LEBL,2022-12,190,28,5.5583,scheduled_duration_under_3h,EDDF → LEBL,14.7368
EDDF,LEMD,2022-03,234,19,3.1083,scheduled_duration_under_3h,EDDF → LEMD,8.1197
EDDF,LEMD,2022-06,260,55,6.475,scheduled_duration_under_3h,EDDF → LEMD,21.1538
EDDF,LEMD,2022-09,239,55,8.1833,scheduled_duration_under_3h,EDDF → LEMD,23.0126
EDDF,LEMD,2022-12,262,81,8.5,scheduled_duration_under_3h,EDDF → LEMD,30.916
EDDF,LEPA,2022-03,131,27,5.5833,scheduled_duration_under_3h,EDDF → LEPA,20.6107
EDDF,LEPA,2022-06,277,70,6.1667,scheduled_duration_under_3h,EDDF → LEPA,25.2708
EDDF,LEPA,2022-09,289,76,8.3333,scheduled_duration_under_3h,EDDF → LEPA,26.2976
EDDF,LEPA,2022-12,66,4,2.675,scheduled_duration_under_3h,EDDF → LEPA,6.0606
EDDF,LFPG,2022-03,310,30,2.6083,scheduled_duration_under_3h,EDDF → LFPG,9.6774
EDDF,LFPG,2022-06,314,118,11.5583,scheduled_duration_under_3h,EDDF → LFPG,37.5796
EDDF,LFPG,2022-09,300,93,9.75,scheduled_duration_under_3h,EDDF → LFPG,31.0
EDDF,LFPG,2022-12,303,90,9.55,scheduled_duration_under_3h,EDDF → LFPG,29.703
EDDF,LIMC,2022-03,133,0,-11.3,scheduled_duration_under_3h,EDDF → LIMC,0.0
EDDF,LIMC,2022-06,169,17,-2.4667,scheduled_duration_under_3h,EDDF → LIMC,10.0592
EDDF,LIMC,2022-09,162,8,-3.2833,scheduled_duration_under_3h,EDDF → LIMC,4.9383
EDDF,LIMC,2022-12,124,13,-1.9833,scheduled_duration_under_3h,EDDF → LIMC,10.4839
EDDF,LIML,2022-03,182,8,2.4333,scheduled_duration_under_3h,EDDF → LIML,4.3956
EDDF,LIML,2022-06,201,53,8.6833,scheduled_duration_under_3h,EDDF → LIML,26.3682
EDDF,LIML,2022-09,187,48,8.5833,scheduled_duration_under_3h,EDDF → LIML,25.6684
EDDF,LIML,2022-12,207,42,6.2833,scheduled_duration_under_3h,EDDF → LIML,20.2899
EDDF,LIRF,2022-03,128,2,-5.275,scheduled_duration_under_3h,EDDF → LIRF,1.5625
EDDF,LIRF,2022-06,173,23,0.1833,scheduled_duration_under_3h,EDDF → LIRF,13.2948
EDDF,LIRF,2022-09,147,14,-0.4667,scheduled_duration_under_3h,EDDF → LIRF,9.5238
EDDF,LIRF,2022-12,101,14,-0.4167,scheduled_duration_under_3h,EDDF → LIRF,13.8614
EDDF,LOWW,2022-03,225,15,3.8833,scheduled_duration_under_3h,EDDF → LOWW,6.6667
EDDF,LOWW,2022-06,260,62,7.45,scheduled_duration_under_3h,EDDF → LOWW,23.8462
EDDF,LOWW,2022-09,265,55,8.05,scheduled_duration_under_3h,EDDF → LOWW,20.7547
EDDF,LOWW,2022-12,258,78,8.8,scheduled_duration_under_3h,EDDF → LOWW,30.2326
EDDF,LSGG,2022-03,160,10,2.1,scheduled_duration_under_3h,EDDF → LSGG,6.25
EDDF,LSGG,2022-06,151,17,4.1167,scheduled_duration_under_3h,EDDF → LSGG,11.2583
EDDF,LSGG,2022-09,162,9,3.6667,scheduled_duration_under_3h,EDDF → LSGG,5.5556
EDDF,LSGG,2022-12,157,19,2.5833,scheduled_duration_under_3h,EDDF → LSGG,12.1019
EDDF,LSZH,2022-03,211,12,-2.5333,scheduled_duration_under_3h,EDDF → LSZH,5.6872
EDDF,LSZH,2022-06,182,27,2.5833,scheduled_duration_under_3h,EDDF → LSZH,14.8352
EDDF,LSZH,2022-09,188,20,0.2583,scheduled_duration_under_3h,EDDF → LSZH,10.6383
EDDF,LSZH,2022-12,205,29,1.6333,scheduled_duration_under_3h,EDDF → LSZH,14.1463
EDDF,LTFM,2022-03,139,15,-0.1,scheduled_duration_under_3h,EDDF → LTFM,10.7914
EDDF,LTFM,2022-06,193,34,5.05,scheduled_duration_under_3h,EDDF → LTFM,17.6166
EDDF,LTFM,2022-09,208,32,4.8833,scheduled_duration_under_3h,EDDF → LTFM,15.3846
EDDF,LTFM,2022-12,169,34,4.6333,scheduled_duration_under_3h,EDDF → LTFM,20.1183
EDDH,EDDF,2022-03,250,2,-3.4333,scheduled_duration_under_3h,EDDH → EDDF,0.8
EDDH,EDDF,2022-06,304,7,-5.95,scheduled_duration_under_3h,EDDH → EDDF,2.3026
EDDH,EDDF,2022-09,317,9,-6.65,scheduled_duration_under_3h,EDDH → EDDF,2.8391
EDDH,EDDF,2022-12,263,18,-3.1667,scheduled_duration_under_3h,EDDH → EDDF,6.8441
EDDH,EDDM,2022-03,313,9,-5.0167,scheduled_duration_under_3h,EDDH → EDDM,2.8754
EDDH,EDDM,2022-06,395,32,-1.1833,scheduled_duration_under_3h,EDDH → EDDM,8.1013
EDDH,EDDM,2022-09,377,23,1.5,scheduled_duration_under_3h,EDDH → EDDM,6.1008
EDDH,EDDM,2022-12,356,15,-3.175,scheduled_duration_under_3h,EDDH → EDDM,4.2135
EDDH,EGLL,2022-03,144,52,12.175,scheduled_duration_under_3h,EDDH → EGLL,36.1111
EDDH,EGLL,2022-06,153,99,19.4833,scheduled_duration_under_3h,EDDH → EGLL,64.7059
EDDH,EGLL,2022-09,135,92,20.6167,scheduled_duration_under_3h,EDDH → EGLL,68.1481
EDDH,EGLL,2022-12,182,132,19.2167,scheduled_duration_under_3h,EDDH → EGLL,72.5275
EDDH,EHAM,2022-03,129,15,6.0667,scheduled_duration_under_3h,EDDH → EHAM,11.6279
EDDH,EHAM,2022-06,157,40,7.7833,scheduled_duration_under_3h,EDDH → EHAM,25.4777
EDDH,EHAM,2022-09,169,24,5.6833,scheduled_duration_under_3h,EDDH → EHAM,14.2012
EDDH,EHAM,2022-12,117,12,6.8333,scheduled_duration_under_3h,EDDH → EHAM,10.2564
EDDH,LEPA,2022-03,122,15,5.1583,scheduled_duration_under_3h,EDDH → LEPA,12.2951
EDDH,LEPA,2022-06,235,60,7.4833,scheduled_duration_under_3h,EDDH → LEPA,25.5319
EDDH,LEPA,2022-09,257,82,8.05,scheduled_duration_under_3h,EDDH → LEPA,31.9066
EDDH,LEPA,2022-12,61,6,2.4667,scheduled_duration_under_3h,EDDH → LEPA,9.8361
EDDH,LFPG,2022-03,110,11,3.9917,scheduled_duration_under_3h,EDDH → LFPG,10.0
EDDH,LFPG,2022-06,161,35,7.1,scheduled_duration_under_3h,EDDH → LFPG,21.7391
EDDH,LFPG,2022-09,175,24,5.6667,scheduled_duration_under_3h,EDDH → LFPG,13.7143
EDDH,LFPG,2022-12,142,23,6.2833,scheduled_duration_under_3h,EDDH → LFPG,16.1972
EDDH,LOWW,2022-03,111,16,5.2667,scheduled_duration_under_3h,EDDH → LOWW,14.4144
EDDH,LOWW,2022-06,158,62,11.75,scheduled_duration_under_3h,EDDH → LOWW,39.2405
EDDH,LOWW,2022-09,196,52,10.2833,scheduled_duration_under_3h,EDDH → LOWW,26.5306
EDDH,LOWW,2022-12,169,25,6.6333,scheduled_duration_under_3h,EDDH → LOWW,14.7929
EDDH,LSZH,2022-03,137,4,-3.1167,scheduled_duration_under_3h,EDDH → LSZH,2.9197
EDDH,LSZH,2022-06,161,27,1.15,scheduled_duration_under_3h,EDDH → LSZH,16.7702
EDDH,LSZH,2022-09,170,24,0.9417,scheduled_duration_under_3h,EDDH → LSZH,14.1176
EDDH,LSZH,2022-12,167,9,0.5667,scheduled_duration_under_3h,EDDH → LSZH,5.3892
EDDK,EDDB,2022-03,185,2,-8.6833,scheduled_duration_under_3h,EDDK → EDDB,1.0811
EDDK,EDDB,2022-06,143,29,5.6333,scheduled_duration_under_3h,EDDK → EDDB,20.2797
EDDK,EDDB,2022-09,145,44,3.6167,scheduled_duration_under_3h,EDDK → EDDB,30.3448
EDDK,EDDB,2022-12,111,12,0.1333,scheduled_duration_under_3h,EDDK → EDDB,10.8108
EDDK,EDDM,2022-03,183,1,-14.6833,scheduled_duration_under_3h,EDDK → EDDM,0.5464
EDDK,EDDM,2022-06,182,32,0.2833,scheduled_duration_under_3h,EDDK → EDDM,17.5824
EDDK,EDDM,2022-09,210,19,-1.6417,scheduled_duration_under_3h,EDDK → EDDM,9.0476
EDDK,EDDM,2022-12,206,12,-9.2667,scheduled_duration_under_3h,EDDK → EDDM,5.8252
EDDK,LEPA,2022-03,127,4,-7.6667,scheduled_duration_under_3h,EDDK → LEPA,3.1496
EDDK,LEPA,2022-06,328,119,9.9583,scheduled_duration_under_3h,EDDK → LEPA,36.2805
EDDK,LEPA,2022-09,331,87,6.4333,scheduled_duration_under_3h,EDDK → LEPA,26.284
EDDK,LEPA,2022-12,83,8,-3.7167,scheduled_duration_under_3h,EDDK → LEPA,9.6386
EDDK,LOWW,2022-03,110,15,-0.75,scheduled_duration_under_3h,EDDK → LOWW,13.6364
EDDK,LOWW,2022-06,135,61,13.95,scheduled_duration_under_3h,EDDK → LOWW,45.1852
EDDK,LOWW,2022-09,156,40,6.3833,scheduled_duration_under_3h,EDDK → LOWW,25.641
EDDK,LOWW,2022-12,147,17,2.5167,scheduled_duration_under_3h,EDDK → LOWW,11.5646
EDDL,EDDM,2022-03,329,1,-5.8167,scheduled_duration_under_3h,EDDL → EDDM,0.304
EDDL,EDDM,2022-06,345,51,1.0,scheduled_duration_under_3h,EDDL → EDDM,14.7826
EDDL,EDDM,2022-09,383,36,1.65,scheduled_duration_under_3h,EDDL → EDDM,9.3995
EDDL,EDDM,2022-12,300,13,-2.8667,scheduled_duration_under_3h,EDDL → EDDM,4.3333
EDDL,EGLL,2022-03,174,16,5.1583,scheduled_duration_under_3h,EDDL → EGLL,9.1954
EDDL,EGLL,2022-06,180,82,14.025,scheduled_duration_under_3h,EDDL → EGLL,45.5556
EDDL,EGLL,2022-09,170,91,16.3,scheduled_duration_under_3h,EDDL → EGLL,53.5294
EDDL,EGLL,2022-12,198,73,11.075,scheduled_duration_under_3h,EDDL → EGLL,36.8687
EDDL,EKCH,2022-03,143,6,-0.3833,scheduled_duration_under_3h,EDDL → EKCH,4.1958
EDDL,EKCH,2022-06,125,23,6.4,scheduled_duration_under_3h,EDDL → EKCH,18.4
EDDL,EKCH,2022-09,154,27,4.9583,scheduled_duration_under_3h,EDDL → EKCH,17.5325
EDDL,EKCH,2022-12,115,5,-2.7833,scheduled_duration_under_3h,EDDL → EKCH,4.3478
EDDL,LEPA,2022-03,161,21,3.05,scheduled_duration_under_3h,EDDL → LEPA,13.0435
EDDL,LEPA,2022-06,448,150,8.2333,scheduled_duration_under_3h,EDDL → LEPA,33.4821
EDDL,LEPA,2022-09,486,148,8.5417,scheduled_duration_under_3h,EDDL → LEPA,30.4527
EDDL,LEPA,2022-12,74,9,2.4167,scheduled_duration_under_3h,EDDL → LEPA,12.1622
EDDL,LFPG,2022-03,89,12,5.8333,scheduled_duration_under_3h,EDDL → LFPG,13.4831
EDDL,LFPG,2022-06,163,51,10.4833,scheduled_duration_under_3h,EDDL → LFPG,31.2883
EDDL,LFPG,2022-09,164,47,10.025,scheduled_duration_under_3h,EDDL → LFPG,28.6585
EDDL,LFPG,2022-12,137,36,8.9333,scheduled_duration_under_3h,EDDL → LFPG,26.2774
EDDL,LOWW,2022-03,124,6,4.0833,scheduled_duration_under_3h,EDDL → LOWW,4.8387
EDDL,LOWW,2022-06,157,63,10.6667,scheduled_duration_under_3h,EDDL → LOWW,40.1274
EDDL,LOWW,2022-09,191,56,8.5333,scheduled_duration_under_3h,EDDL → LOWW,29.3194
EDDL,LOWW,2022-12,166,27,4.4917,scheduled_duration_under_3h,EDDL → LOWW,16.2651
EDDL,LSZH,2022-03,129,2,-4.35,scheduled_duration_under_3h,EDDL → LSZH,1.5504
EDDL,LSZH,2022-06,138,13,0.9333,scheduled_duration_under_3h,EDDL → LSZH,9.4203
EDDL,LSZH,2022-09,162,19,0.375,scheduled_duration_under_3h,EDDL → LSZH,11.7284
EDDL,LSZH,2022-12,158,9,-1.8,scheduled_duration_under_3h,EDDL → LSZH,5.6962
EDDM,EBBR,2022-03,138,8,2.625,scheduled_duration_under_3h,EDDM → EBBR,5.7971
EDDM,EBBR,2022-06,174,33,5.6167,scheduled_duration_under_3h,EDDM → EBBR,18.9655
EDDM,EBBR,2022-09,190,25,5.475,scheduled_duration_under_3h,EDDM → EBBR,13.1579
EDDM,EBBR,2022-12,177,22,5.1,scheduled_duration_under_3h,EDDM → EBBR,12.4294
EDDM,EDDB,2022-03,225,6,0.1833,scheduled_duration_under_3h,EDDM → EDDB,2.6667
EDDM,EDDB,2022-06,267,39,5.2667,scheduled_duration_under_3h,EDDM → EDDB,14.6067
EDDM,EDDB,2022-09,255,49,5.5,scheduled_duration_under_3h,EDDM → EDDB,19.2157
EDDM,EDDB,2022-12,249,30,2.7833,scheduled_duration_under_3h,EDDM → EDDB,12.0482
EDDM,EDDF,2022-03,267,0,-8.45,scheduled_duration_under_3h,EDDM → EDDF,0.0
EDDM,EDDF,2022-06,286,10,-5.5,scheduled_duration_under_3h,EDDM → EDDF,3.4965
EDDM,EDDF,2022-09,315,13,-6.1833,scheduled_duration_under_3h,EDDM → EDDF,4.127
EDDM,EDDF,2022-12,301,14,-6.1667,scheduled_duration_under_3h,EDDM → EDDF,4.6512
EDDM,EDDH,2022-03,332,4,-8.0667,scheduled_duration_under_3h,EDDM → EDDH,1.2048
EDDM,EDDH,2022-06,397,26,-4.6167,scheduled_duration_under_3h,EDDM → EDDH,6.5491
EDDM,EDDH,2022-09,380,32,-3.3167,scheduled_duration_under_3h,EDDM → EDDH,8.4211
EDDM,EDDH,2022-12,356,17,-5.4417,scheduled_duration_under_3h,EDDM → EDDH,4.7753
EDDM,EDDK,2022-03,174,12,-1.2083,scheduled_duration_under_3h,EDDM → EDDK,6.8966
EDDM,EDDK,2022-06,182,36,3.85,scheduled_duration_under_3h,EDDM → EDDK,19.7802
EDDM,EDDK,2022-09,211,38,3.8,scheduled_duration_under_3h,EDDM → EDDK,18.0095
EDDM,EDDK,2022-12,204,25,0.45,scheduled_duration_under_3h,EDDM → EDDK,12.2549
EDDM,EDDL,2022-03,341,2,-4.3,scheduled_duration_under_3h,EDDM → EDDL,0.5865
EDDM,EDDL,2022-06,341,45,2.2333,scheduled_duration_under_3h,EDDM → EDDL,13.1965
EDDM,EDDL,2022-09,387,49,2.9167,scheduled_duration_under_3h,EDDM → EDDL,12.6615
EDDM,EDDL,2022-12,301,24,0.4167,scheduled_duration_under_3h,EDDM → EDDL,7.9734
EDDM,EDDV,2022-03,149,3,-2.5167,scheduled_duration_under_3h,EDDM → EDDV,2.0134
EDDM,EDDV,2022-06,164,16,1.6667,scheduled_duration_under_3h,EDDM → EDDV,9.7561
EDDM,EDDV,2022-09,142,18,3.3917,scheduled_duration_under_3h,EDDM → EDDV,12.6761
EDDM,EDDV,2022-12,133,13,0.2833,scheduled_duration_under_3h,EDDM → EDDV,9.7744
EDDM,EDDW,2022-03,126,5,1.3833,scheduled_duration_under_3h,EDDM → EDDW,3.9683
EDDM,EDDW,2022-06,136,8,1.8417,scheduled_duration_under_3h,EDDM → EDDW,5.8824
EDDM,EDDW,2022-09,138,20,4.8417,scheduled_duration_under_3h,EDDM → EDDW,14.4928
EDDM,EDDW,2022-12,120,16,1.6667,scheduled_duration_under_3h,EDDM → EDDW,13.3333
EDDM,EFHK,2022-03,115,4,0.8333,scheduled_duration_under_3h,EDDM → EFHK,3.4783
EDDM,EFHK,2022-06,135,21,4.5167,scheduled_duration_under_3h,EDDM → EFHK,15.5556
EDDM,EFHK,2022-09,141,20,6.1167,scheduled_duration_under_3h,EDDM → EFHK,14.1844
EDDM,EFHK,2022-12,122,17,4.3333,scheduled_duration_under_3h,EDDM → EFHK,13.9344
EDDM,EGLL,2022-03,229,49,8.2667,scheduled_duration_under_3h,EDDM → EGLL,21.3974
EDDM,EGLL,2022-06,331,153,14.2333,scheduled_duration_under_3h,EDDM → EGLL,46.2236
EDDM,EGLL,2022-09,294,163,17.0167,scheduled_duration_under_3h,EDDM → EGLL,55.4422
EDDM,EGLL,2022-12,348,200,16.7333,scheduled_duration_under_3h,EDDM → EGLL,57.4713
EDDM,EHAM,2022-03,240,17,4.875,scheduled_duration_under_3h,EDDM → EHAM,7.0833
EDDM,EHAM,2022-06,267,76,10.6,scheduled_duration_under_3h,EDDM → EHAM,28.4644
EDDM,EHAM,2022-09,322,93,9.9917,scheduled_duration_under_3h,EDDM → EHAM,28.882
EDDM,EHAM,2022-12,283,67,9.2,scheduled_duration_under_3h,EDDM → EHAM,23.6749
EDDM,EKCH,2022-03,124,0,0.925,scheduled_duration_under_3h,EDDM → EKCH,0.0
EDDM,EKCH,2022-06,151,14,2.6333,scheduled_duration_under_3h,EDDM → EKCH,9.2715
EDDM,EKCH,2022-09,167,31,4.0167,scheduled_duration_under_3h,EDDM → EKCH,18.5629
EDDM,EKCH,2022-12,124,9,-2.8667,scheduled_duration_under_3h,EDDM → EKCH,7.2581
EDDM,EPWA,2022-03,124,5,-4.625,scheduled_duration_under_3h,EDDM → EPWA,4.0323
EDDM,EPWA,2022-06,179,15,-4.3167,scheduled_duration_under_3h,EDDM → EPWA,8.3799
EDDM,EPWA,2022-09,174,9,-1.45,scheduled_duration_under_3h,EDDM → EPWA,5.1724
EDDM,EPWA,2022-12,148,6,-5.9833,scheduled_duration_under_3h,EDDM → EPWA,4.0541
EDDM,LEBL,2022-03,142,4,2.45,scheduled_duration_under_3h,EDDM → LEBL,2.8169
EDDM,LEBL,2022-06,230,25,4.0833,scheduled_duration_under_3h,EDDM → LEBL,10.8696
EDDM,LEBL,2022-09,222,27,6.55,scheduled_duration_under_3h,EDDM → LEBL,12.1622
EDDM,LEBL,2022-12,151,33,7.0667,scheduled_duration_under_3h,EDDM → LEBL,21.8543
EDDM,LEMD,2022-03,222,10,2.4917,scheduled_duration_under_3h,EDDM → LEMD,4.5045
EDDM,LEMD,2022-06,245,35,4.5333,scheduled_duration_under_3h,EDDM → LEMD,14.2857
EDDM,LEMD,2022-09,246,40,4.8333,scheduled_duration_under_3h,EDDM → LEMD,16.2602
EDDM,LEMD,2022-12,230,46,4.2667,scheduled_duration_under_3h,EDDM → LEMD,20.0
EDDM,LEPA,2022-03,92,7,2.1,scheduled_duration_under_3h,EDDM → LEPA,7.6087
EDDM,LEPA,2022-06,253,49,5.2833,scheduled_duration_under_3h,EDDM → LEPA,19.3676
EDDM,LEPA,2022-09,249,50,5.65,scheduled_duration_under_3h,EDDM → LEPA,20.0803
EDDM,LEPA,2022-12,56,4,-0.1833,scheduled_duration_under_3h,EDDM → LEPA,7.1429
EDDM,LFPG,2022-03,229,9,0.9167,scheduled_duration_under_3h,EDDM → LFPG,3.9301
EDDM,LFPG,2022-06,288,62,6.625,scheduled_duration_under_3h,EDDM → LFPG,21.5278
EDDM,LFPG,2022-09,294,62,7.975,scheduled_duration_under_3h,EDDM → LFPG,21.0884
EDDM,LFPG,2022-12,280,47,4.5667,scheduled_duration_under_3h,EDDM → LFPG,16.7857
EDDM,LGAV,2022-03,129,1,1.0667,scheduled_duration_under_3h,EDDM → LGAV,0.7752
EDDM,LGAV,2022-06,169,40,6.7,scheduled_duration_under_3h,EDDM → LGAV,23.6686
EDDM,LGAV,2022-09,175,37,6.6167,scheduled_duration_under_3h,EDDM → LGAV,21.1429
EDDM,LGAV,2022-12,162,30,3.1167,scheduled_duration_under_3h,EDDM → LGAV,18.5185
EDDM,LIRF,2022-03,158,0,-8.2667,scheduled_duration_under_3h,EDDM → LIRF,0.0
EDDM,LIRF,2022-06,175,12,-2.25,scheduled_duration_under_3h,EDDM → LIRF,6.8571
EDDM,LIRF,2022-09,171,9,-4.85,scheduled_duration_under_3h,EDDM → LIRF,5.2632
EDDM,LIRF,2022-12,157,10,-6.05,scheduled_duration_under_3h,EDDM → LIRF,6.3694
EDDM,LOWW,2022-03,139,3,-0.6167,scheduled_duration_under_3h,EDDM → LOWW,2.1583
EDDM,LOWW,2022-06,163,20,2.95,scheduled_duration_under_3h,EDDM → LOWW,12.2699
EDDM,LOWW,2022-09,180,17,3.5583,scheduled_duration_under_3h,EDDM → LOWW,9.4444
EDDM,LOWW,2022-12,160,17,0.5,scheduled_duration_under_3h,EDDM → LOWW,10.625
EDDM,LSZH,2022-03,158,8,-1.225,scheduled_duration_under_3h,EDDM → LSZH,5.0633
EDDM,LSZH,2022-06,166,29,4.925,scheduled_duration_under_3h,EDDM → LSZH,17.4699
EDDM,LSZH,2022-09,179,30,5.4667,scheduled_duration_under_3h,EDDM → LSZH,16.7598
EDDM,LSZH,2022-12,151,16,3.9,scheduled_duration_under_3h,EDDM → LSZH,10.596
EDDP,EDDF,2022-03,129,0,-14.8167,scheduled_duration_under_3h,EDDP → EDDF,0.0
EDDP,EDDF,2022-06,175,9,-12.3667,scheduled_duration_under_3h,EDDP → EDDF,5.1429
EDDP,EDDF,2022-09,147,2,-11.5167,scheduled_duration_under_3h,EDDP → EDDF,1.3605
EDDP,EDDF,2022-12,132,1,-14.8667,scheduled_duration_under_3h,EDDP → EDDF,0.7576
EDDP,EGNX,2022-03,210,11,-5.55,scheduled_duration_under_3h,EDDP → EGNX,5.2381
EDDP,EGNX,2022-06,177,15,-6.3333,scheduled_duration_under_3h,EDDP → EGNX,8.4746
EDDP,EGNX,2022-09,174,12,-5.2583,scheduled_duration_under_3h,EDDP → EGNX,6.8966
EDDP,EGNX,2022-12,172,10,-6.4583,scheduled_duration_under_3h,EDDP → EGNX,5.814
EDDP,LIMC,2022-03,175,1,-18.6333,scheduled_duration_under_3h,EDDP → LIMC,0.5714
EDDP,LIMC,2022-06,158,33,-3.4583,scheduled_duration_under_3h,EDDP → LIMC,20.8861
EDDP,LIMC,2022-09,166,11,-9.8667,scheduled_duration_under_3h,EDDP → LIMC,6.6265
EDDP,LIMC,2022-12,144,2,-13.3917,scheduled_duration_under_3h,EDDP → LIMC,1.3889
EDDS,EDDB,2022-03,149,5,1.1333,scheduled_duration_under_3h,EDDS → EDDB,3.3557
EDDS,EDDB,2022-06,123,22,7.2667,scheduled_duration_under_3h,EDDS → EDDB,17.8862
EDDS,EDDB,2022-09,153,40,7.1833,scheduled_duration_under_3h,EDDS → EDDB,26.1438
EDDS,EDDB,2022-12,117,8,3.4333,scheduled_duration_under_3h,EDDS → EDDB,6.8376
EDDS,EHAM,2022-03,114,3,4.1917,scheduled_duration_under_3h,EDDS → EHAM,2.6316
EDDS,EHAM,2022-06,126,25,6.9917,scheduled_duration_under_3h,EDDS → EHAM,19.8413
EDDS,EHAM,2022-09,134,32,8.5333,scheduled_duration_under_3h,EDDS → EHAM,23.8806
EDDS,EHAM,2022-12,133,38,8.85,scheduled_duration_under_3h,EDDS → EHAM,28.5714
EDDS,LEPA,2022-03,80,4,1.5083,scheduled_duration_under_3h,EDDS → LEPA,5.0
EDDS,LEPA,2022-06,228,40,4.1833,scheduled_duration_under_3h,EDDS → LEPA,17.5439
EDDS,LEPA,2022-09,240,53,7.225,scheduled_duration_under_3h,EDDS → LEPA,22.0833
EDDS,LEPA,2022-12,38,3,0.05,scheduled_duration_under_3h,EDDS → LEPA,7.8947
EDDV,EDDM,2022-03,139,1,-12.9833,scheduled_duration_under_3h,EDDV → EDDM,0.7194
EDDV,EDDM,2022-06,169,10,-5.2667,scheduled_duration_under_3h,EDDV → EDDM,5.9172
EDDV,EDDM,2022-09,142,2,-4.875,scheduled_duration_under_3h,EDDV → EDDM,1.4085
EDDV,EDDM,2022-12,137,6,-13.5333,scheduled_duration_under_3h,EDDV → EDDM,4.3796
EDDW,EDDM,2022-03,121,3,-6.5333,scheduled_duration_under_3h,EDDW → EDDM,2.4793
EDDW,EDDM,2022-06,135,11,-4.7167,scheduled_duration_under_3h,EDDW → EDDM,8.1481
EDDW,EDDM,2022-09,137,7,-4.35,scheduled_duration_under_3h,EDDW → EDDM,5.1095
EDDW,EDDM,2022-12,121,4,-8.1667,scheduled_duration_under_3h,EDDW → EDDM,3.3058
EETN,EFHK,2022-03,195,8,-0.2833,scheduled_duration_under_3h,EETN → EFHK,4.1026
EETN,EFHK,2022-06,255,20,2.8333,scheduled_duration_under_3h,EETN → EFHK,7.8431
EETN,EFHK,2022-09,278,5,-1.925,scheduled_duration_under_3h,EETN → EFHK,1.7986
EETN,EFHK,2022-12,241,26,3.3333,scheduled_duration_under_3h,EETN → EFHK,10.7884
EFHK,EDDF,2022-03,132,5,-1.975,scheduled_duration_under_3h,EFHK → EDDF,3.7879
EFHK,EDDF,2022-06,135,9,-1.4833,scheduled_duration_under_3h,EFHK → EDDF,6.6667
EFHK,EDDF,2022-09,123,2,-2.0333,scheduled_duration_under_3h,EFHK → EDDF,1.626
EFHK,EDDF,2022-12,136,33,4.6667,scheduled_duration_under_3h,EFHK → EDDF,24.2647
EFHK,EDDM,2022-03,115,6,0.7833,scheduled_duration_under_3h,EFHK → EDDM,5.2174
EFHK,EDDM,2022-06,139,11,-0.8667,scheduled_duration_under_3h,EFHK → EDDM,7.9137
EFHK,EDDM,2022-09,140,2,-0.9167,scheduled_duration_under_3h,EFHK → EDDM,1.4286
EFHK,EDDM,2022-12,125,26,6.05,scheduled_duration_under_3h,EFHK → EDDM,20.8
EFHK,EETN,2022-03,198,8,-1.7417,scheduled_duration_under_3h,EFHK → EETN,4.0404
EFHK,EETN,2022-06,270,18,2.275,scheduled_duration_under_3h,EFHK → EETN,6.6667
EFHK,EETN,2022-09,292,19,0.8583,scheduled_duration_under_3h,EFHK → EETN,6.5068
EFHK,EETN,2022-12,255,40,3.3333,scheduled_duration_under_3h,EFHK → EETN,15.6863
EFHK,EFOU,2022-03,208,7,1.0167,scheduled_duration_under_3h,EFHK → EFOU,3.3654
EFHK,EFOU,2022-06,254,14,1.75,scheduled_duration_under_3h,EFHK → EFOU,5.5118
EFHK,EFOU,2022-09,275,12,0.8667,scheduled_duration_under_3h,EFHK → EFOU,4.3636
EFHK,EFOU,2022-12,215,44,5.2167,scheduled_duration_under_3h,EFHK → EFOU,20.4651
EFHK,EFRO,2022-03,164,12,1.8167,scheduled_duration_under_3h,EFHK → EFRO,7.3171
EFHK,EFRO,2022-06,115,13,3.8167,scheduled_duration_under_3h,EFHK → EFRO,11.3043
EFHK,EFRO,2022-09,131,5,1.4167,scheduled_duration_under_3h,EFHK → EFRO,3.8168
EFHK,EFRO,2022-12,254,50,7.0417,scheduled_duration_under_3h,EFHK → EFRO,19.685
EFHK,EHAM,2022-03,161,28,8.05,scheduled_duration_under_3h,EFHK → EHAM,17.3913
EFHK,EHAM,2022-06,174,40,8.7917,scheduled_duration_under_3h,EFHK → EHAM,22.9885
EFHK,EHAM,2022-09,166,23,7.675,scheduled_duration_under_3h,EFHK → EHAM,13.8554
EFHK,EHAM,2022-12,144,72,15.0583,scheduled_duration_under_3h,EFHK → EHAM,50.0
EFHK,EKCH,2022-03,167,12,-0.3333,scheduled_duration_under_3h,EFHK → EKCH,7.1856
EFHK,EKCH,2022-06,160,5,0.9167,scheduled_duration_under_3h,EFHK → EKCH,3.125
EFHK,EKCH,2022-09,243,23,1.35,scheduled_duration_under_3h,EFHK → EKCH,9.465
EFHK,EKCH,2022-12,205,29,2.1167,scheduled_duration_under_3h,EFHK → EKCH,14.1463
EFHK,ENGM,2022-03,101,12,5.6,scheduled_duration_under_3h,EFHK → ENGM,11.8812
EFHK,ENGM,2022-06,135,18,5.2667,scheduled_duration_under_3h,EFHK → ENGM,13.3333
EFHK,ENGM,2022-09,130,10,3.35,scheduled_duration_under_3h,EFHK → ENGM,7.6923
EFHK,ENGM,2022-12,141,37,8.05,scheduled_duration_under_3h,EFHK → ENGM,26.2411
EFHK,ESSA,2022-03,285,14,1.4833,scheduled_duration_under_3h,EFHK → ESSA,4.9123
EFHK,ESSA,2022-06,347,21,2.9167,scheduled_duration_under_3h,EFHK → ESSA,6.0519
EFHK,ESSA,2022-09,425,19,2.4,scheduled_duration_under_3h,EFHK → ESSA,4.4706
EFHK,ESSA,2022-12,449,98,6.3667,scheduled_duration_under_3h,EFHK → ESSA,21.8263
EFHK,EVRA,2022-03,132,9,0.4,scheduled_duration_under_3h,EFHK → EVRA,6.8182
EFHK,EVRA,2022-06,173,18,4.0333,scheduled_duration_under_3h,EFHK → EVRA,10.4046
EFHK,EVRA,2022-09,188,11,2.95,scheduled_duration_under_3h,EFHK → EVRA,5.8511
EFHK,EVRA,2022-12,204,37,4.525,scheduled_duration_under_3h,EFHK → EVRA,18.1373
EFHK,LFPG,2022-03,149,15,4.45,scheduled_duration_under_3h,EFHK → LFPG,10.0671
EFHK,LFPG,2022-06,199,34,7.5667,scheduled_duration_under_3h,EFHK → LFPG,17.0854
EFHK,LFPG,2022-09,192,33,7.2333,scheduled_duration_under_3h,EFHK → LFPG,17.1875
EFHK,LFPG,2022-12,102,30,9.3333,scheduled_duration_under_3h,EFHK → LFPG,29.4118
EFOU,EFHK,2022-03,208,5,-1.2917,scheduled_duration_under_3h,EFOU → EFHK,2.4038
EFOU,EFHK,2022-06,255,3,-0.2167,scheduled_duration_under_3h,EFOU → EFHK,1.1765
EFOU,EFHK,2022-09,275,7,-3.0,scheduled_duration_under_3h,EFOU → EFHK,2.5455
EFOU,EFHK,2022-12,215,23,4.2167,scheduled_duration_under_3h,EFOU → EFHK,10.6977
EFRO,EFHK,2022-03,163,6,-1.4,scheduled_duration_under_3h,EFRO → EFHK,3.681
EFRO,EFHK,2022-06,115,2,-1.2833,scheduled_duration_under_3h,EFRO → EFHK,1.7391
EFRO,EFHK,2022-09,131,2,-1.8,scheduled_duration_under_3h,EFRO → EFHK,1.5267
EFRO,EFHK,2022-12,253,44,7.45,scheduled_duration_under_3h,EFRO → EFHK,17.3913
EGAA,EGGP,2022-03,176,1,-7.2667,scheduled_duration_under_3h,EGAA → EGGP,0.5682
EGAA,EGGP,2022-06,144,9,-3.0417,scheduled_duration_under_3h,EGAA → EGGP,6.25
EGAA,EGGP,2022-09,127,3,-3.1667,scheduled_duration_under_3h,EGAA → EGGP,2.3622
EGAA,EGGP,2022-12,95,1,-3.7833,scheduled_duration_under_3h,EGAA → EGGP,1.0526
EGAA,EGKK,2022-03,156,5,-7.0333,scheduled_duration_under_3h,EGAA → EGKK,3.2051
EGAA,EGKK,2022-06,153,62,10.7167,scheduled_duration_under_3h,EGAA → EGKK,40.5229
EGAA,EGKK,2022-09,168,38,3.7667,scheduled_duration_under_3h,EGAA → EGKK,22.619
EGAA,EGKK,2022-12,132,24,3.0833,scheduled_duration_under_3h,EGAA → EGKK,18.1818
EGAA,EGNX,2022-03,133,3,-1.2,scheduled_duration_under_3h,EGAA → EGNX,2.2556
EGAA,EGNX,2022-06,105,7,0.0667,scheduled_duration_under_3h,EGAA → EGNX,6.6667
EGAA,EGNX,2022-09,97,8,1.05,scheduled_duration_under_3h,EGAA → EGNX,8.2474
EGAA,EGNX,2022-12,179,8,1.7333,scheduled_duration_under_3h,EGAA → EGNX,4.4693
EGAC,EGBB,2022-03,22,2,4.3583,scheduled_duration_under_3h,EGAC → EGBB,9.0909
EGAC,EGBB,2022-06,157,9,3.7,scheduled_duration_under_3h,EGAC → EGBB,5.7325
EGAC,EGBB,2022-09,189,27,4.6,scheduled_duration_under_3h,EGAC → EGBB,14.2857
EGAC,EGBB,2022-12,150,16,3.45,scheduled_duration_under_3h,EGAC → EGBB,10.6667
EGAC,EGLL,2022-03,211,22,0.55,scheduled_duration_under_3h,EGAC → EGLL,10.4265
EGAC,EGLL,2022-06,244,49,7.3417,scheduled_duration_under_3h,EGAC → EGLL,20.082
EGAC,EGLL,2022-09,232,69,7.175,scheduled_duration_under_3h,EGAC → EGLL,29.7414
EGAC,EGLL,2022-12,159,56,9.4833,scheduled_duration_under_3h,EGAC → EGLL,35.2201
EGBB,EGAC,2022-03,22,0,-2.7333,scheduled_duration_under_3h,EGBB → EGAC,0.0
EGBB,EGAC,2022-06,160,0,-4.3083,scheduled_duration_under_3h,EGBB → EGAC,0.0
EGBB,EGAC,2022-09,191,2,-4.2167,scheduled_duration_under_3h,EGBB → EGAC,1.0471
EGBB,EGAC,2022-12,153,1,-3.9833,scheduled_duration_under_3h,EGBB → EGAC,0.6536
EGBB,EHAM,2022-03,116,6,0.0833,scheduled_duration_under_3h,EGBB → EHAM,5.1724
EGBB,EHAM,2022-06,217,30,4.1833,scheduled_duration_under_3h,EGBB → EHAM,13.8249
EGBB,EHAM,2022-09,213,16,0.75,scheduled_duration_under_3h,EGBB → EHAM,7.5117
EGBB,EHAM,2022-12,140,15,0.3667,scheduled_duration_under_3h,EGBB → EHAM,10.7143
EGBB,EIDW,2022-03,264,0,-10.9083,scheduled_duration_under_3h,EGBB → EIDW,0.0
EGBB,EIDW,2022-06,273,4,-4.9667,scheduled_duration_under_3h,EGBB → EIDW,1.4652
EGBB,EIDW,2022-09,265,10,-4.4,scheduled_duration_under_3h,EGBB → EIDW,3.7736
EGBB,EIDW,2022-12,306,21,-3.6917,scheduled_duration_under_3h,EGBB → EIDW,6.8627
EGCC,EGLL,2022-03,150,17,1.4917,scheduled_duration_under_3h,EGCC → EGLL,11.3333
EGCC,EGLL,2022-06,143,15,1.8333,scheduled_duration_under_3h,EGCC → EGLL,10.4895
EGCC,EGLL,2022-09,79,17,4.2833,scheduled_duration_under_3h,EGCC → EGLL,21.519
EGCC,EGLL,2022-12,188,35,2.95,scheduled_duration_under_3h,EGCC → EGLL,18.617
EGCC,EHAM,2022-03,200,6,-4.1333,scheduled_duration_under_3h,EGCC → EHAM,3.0
EGCC,EHAM,2022-06,269,61,4.2167,scheduled_duration_under_3h,EGCC → EHAM,22.6766
EGCC,EHAM,2022-09,240,24,-0.5917,scheduled_duration_under_3h,EGCC → EHAM,10.0
EGCC,EHAM,2022-12,214,16,-1.7917,scheduled_duration_under_3h,EGCC → EHAM,7.4766
EGCC,EIDW,2022-03,265,3,-9.7667,scheduled_duration_under_3h,EGCC → EIDW,1.1321
EGCC,EIDW,2022-06,313,20,-4.95,scheduled_duration_under_3h,EGCC → EIDW,6.3898
EGCC,EIDW,2022-09,296,16,-4.5917,scheduled_duration_under_3h,EGCC → EIDW,5.4054
EGCC,EIDW,2022-12,310,27,-2.4083,scheduled_duration_under_3h,EGCC → EIDW,8.7097
EGCC,LEAL,2022-03,155,8,0.3833,scheduled_duration_under_3h,EGCC → LEAL,5.1613
EGCC,LEAL,2022-06,192,51,5.9583,scheduled_duration_under_3h,EGCC → LEAL,26.5625
EGCC,LEAL,2022-09,200,42,5.4583,scheduled_duration_under_3h,EGCC → LEAL,21.0
EGCC,LEAL,2022-12,141,11,1.1333,scheduled_duration_under_3h,EGCC → LEAL,7.8014
EGCC,LEPA,2022-03,61,1,-3.1167,scheduled_duration_under_3h,EGCC → LEPA,1.6393
EGCC,LEPA,2022-06,267,61,3.6167,scheduled_duration_under_3h,EGCC → LEPA,22.8464
EGCC,LEPA,2022-09,261,77,6.3167,scheduled_duration_under_3h,EGCC → LEPA,29.5019
EGCC,LEPA,2022-12,31,4,1.45,scheduled_duration_under_3h,EGCC → LEPA,12.9032
EGCC,LFPG,2022-03,170,6,-3.1,scheduled_duration_under_3h,EGCC → LFPG,3.5294
EGCC,LFPG,2022-06,153,29,2.9667,scheduled_duration_under_3h,EGCC → LFPG,18.9542
EGCC,LFPG,2022-09,152,26,1.7333,scheduled_duration_under_3h,EGCC → LFPG,17.1053
EGCC,LFPG,2022-12,179,16,-0.5,scheduled_duration_under_3h,EGCC → LFPG,8.9385
EGGD,EHAM,2022-03,146,5,-0.9333,scheduled_duration_under_3h,EGGD → EHAM,3.4247
EGGD,EHAM,2022-06,163,35,5.9167,scheduled_duration_under_3h,EGGD → EHAM,21.4724
EGGD,EHAM,2022-09,138,18,4.6917,scheduled_duration_under_3h,EGGD → EHAM,13.0435
EGGD,EHAM,2022-12,140,17,4.3833,scheduled_duration_under_3h,EGGD → EHAM,12.1429
EGGD,EIDW,2022-03,111,2,-4.4333,scheduled_duration_under_3h,EGGD → EIDW,1.8018
EGGD,EIDW,2022-06,162,1,-2.4,scheduled_duration_under_3h,EGGD → EIDW,0.6173
EGGD,EIDW,2022-09,155,5,-1.5333,scheduled_duration_under_3h,EGGD → EIDW,3.2258
EGGD,EIDW,2022-12,137,7,-3.8833,scheduled_duration_under_3h,EGGD → EIDW,5.1095
EGGP,EGAA,2022-03,176,4,-10.2,scheduled_duration_under_3h,EGGP → EGAA,2.2727
EGGP,EGAA,2022-06,144,12,-4.0,scheduled_duration_under_3h,EGGP → EGAA,8.3333
EGGP,EGAA,2022-09,127,6,-4.8833,scheduled_duration_under_3h,EGGP → EGAA,4.7244
EGGP,EGAA,2022-12,94,4,-6.85,scheduled_duration_under_3h,EGGP → EGAA,4.2553
EGGW,EHAM,2022-03,157,6,-9.7333,scheduled_duration_under_3h,EGGW → EHAM,3.8217
EGGW,EHAM,2022-06,158,24,1.95,scheduled_duration_under_3h,EGGW → EHAM,15.1899
EGGW,EHAM,2022-09,156,16,-1.7,scheduled_duration_under_3h,EGGW → EHAM,10.2564
EGGW,EHAM,2022-12,135,11,-2.5167,scheduled_duration_under_3h,EGGW → EHAM,8.1481
EGJB,EGKK,2022-03,109,2,-4.9333,scheduled_duration_under_3h,EGJB → EGKK,1.8349
EGJB,EGKK,2022-06,168,15,2.55,scheduled_duration_under_3h,EGJB → EGKK,8.9286
EGJB,EGKK,2022-09,169,36,4.4333,scheduled_duration_under_3h,EGJB → EGKK,21.3018
EGJB,EGKK,2022-12,160,19,1.775,scheduled_duration_under_3h,EGJB → EGKK,11.875
EGKK,EGAA,2022-03,156,0,-14.0083,scheduled_duration_under_3h,EGKK → EGAA,0.0
EGKK,EGAA,2022-06,152,10,-1.45,scheduled_duration_under_3h,EGKK → EGAA,6.5789
EGKK,EGAA,2022-09,170,8,-2.6917,scheduled_duration_under_3h,EGKK → EGAA,4.7059
EGKK,EGAA,2022-12,134,1,-6.3583,scheduled_duration_under_3h,EGKK → EGAA,0.7463
EGKK,EGJB,2022-03,110,2,-4.9583,scheduled_duration_under_3h,EGKK → EGJB,1.8182
EGKK,EGJB,2022-06,168,5,-9.1167,scheduled_duration_under_3h,EGKK → EGJB,2.9762
EGKK,EGJB,2022-09,169,6,-7.0,scheduled_duration_under_3h,EGKK → EGJB,3.5503
EGKK,EGJB,2022-12,159,6,-8.1333,scheduled_duration_under_3h,EGKK → EGJB,3.7736
EGKK,EGPF,2022-03,125,0,-11.0167,scheduled_duration_under_3h,EGKK → EGPF,0.0
EGKK,EGPF,2022-06,157,15,-1.95,scheduled_duration_under_3h,EGKK → EGPF,9.5541
EGKK,EGPF,2022-09,166,12,-3.2667,scheduled_duration_under_3h,EGKK → EGPF,7.2289
EGKK,EGPF,2022-12,113,5,-2.2667,scheduled_duration_under_3h,EGKK → EGPF,4.4248
EGKK,EGPH,2022-03,123,0,-16.6833,scheduled_duration_under_3h,EGKK → EGPH,0.0
EGKK,EGPH,2022-06,131,9,-3.65,scheduled_duration_under_3h,EGKK → EGPH,6.8702
EGKK,EGPH,2022-09,141,14,-1.2333,scheduled_duration_under_3h,EGKK → EGPH,9.9291
EGKK,EGPH,2022-12,125,4,-5.25,scheduled_duration_under_3h,EGKK → EGPH,3.2
EGKK,EHAM,2022-03,135,2,-13.3,scheduled_duration_under_3h,EGKK → EHAM,1.4815
EGKK,EHAM,2022-06,238,46,2.8917,scheduled_duration_under_3h,EGKK → EHAM,19.3277
EGKK,EHAM,2022-09,247,21,-1.1667,scheduled_duration_under_3h,EGKK → EHAM,8.502
EGKK,EHAM,2022-12,249,18,-1.5833,scheduled_duration_under_3h,EGKK → EHAM,7.2289
EGKK,EIDW,2022-03,353,1,-13.7333,scheduled_duration_under_3h,EGKK → EIDW,0.2833
EGKK,EIDW,2022-06,359,27,-3.6333,scheduled_duration_under_3h,EGKK → EIDW,7.5209
EGKK,EIDW,2022-09,360,11,-5.95,scheduled_duration_under_3h,EGKK → EIDW,3.0556
EGKK,EIDW,2022-12,379,14,-5.9167,scheduled_duration_under_3h,EGKK → EIDW,3.6939
EGKK,EKCH,2022-03,90,0,-11.8417,scheduled_duration_under_3h,EGKK → EKCH,0.0
EGKK,EKCH,2022-06,180,7,-7.0917,scheduled_duration_under_3h,EGKK → EKCH,3.8889
EGKK,EKCH,2022-09,179,7,-6.4167,scheduled_duration_under_3h,EGKK → EKCH,3.9106
EGKK,EKCH,2022-12,156,1,-11.6417,scheduled_duration_under_3h,EGKK → EKCH,0.641
EGKK,LEAL,2022-03,108,4,-1.9333,scheduled_duration_under_3h,EGKK → LEAL,3.7037
EGKK,LEAL,2022-06,172,21,2.3333,scheduled_duration_under_3h,EGKK → LEAL,12.2093
EGKK,LEAL,2022-09,182,22,4.5167,scheduled_duration_under_3h,EGKK → LEAL,12.0879
EGKK,LEAL,2022-12,134,7,0.4667,scheduled_duration_under_3h,EGKK → LEAL,5.2239
EGKK,LEBL,2022-03,154,3,-5.6917,scheduled_duration_under_3h,EGKK → LEBL,1.9481
EGKK,LEBL,2022-06,332,60,4.925,scheduled_duration_under_3h,EGKK → LEBL,18.0723
EGKK,LEBL,2022-09,352,67,5.3583,scheduled_duration_under_3h,EGKK → LEBL,19.0341
EGKK,LEBL,2022-12,264,16,-1.525,scheduled_duration_under_3h,EGKK → LEBL,6.0606
EGKK,LEMD,2022-03,140,3,-6.125,scheduled_duration_under_3h,EGKK → LEMD,2.1429
EGKK,LEMD,2022-06,210,17,-0.6333,scheduled_duration_under_3h,EGKK → LEMD,8.0952
EGKK,LEMD,2022-09,204,26,1.1417,scheduled_duration_under_3h,EGKK → LEMD,12.7451
EGKK,LEMD,2022-12,210,18,-1.6833,scheduled_duration_under_3h,EGKK → LEMD,8.5714
EGKK,LEMG,2022-03,124,8,-1.6917,scheduled_duration_under_3h,EGKK → LEMG,6.4516
EGKK,LEMG,2022-06,282,52,3.95,scheduled_duration_under_3h,EGKK → LEMG,18.4397
EGKK,LEMG,2022-09,289,50,5.55,scheduled_duration_under_3h,EGKK → LEMG,17.301
EGKK,LEMG,2022-12,219,23,2.35,scheduled_duration_under_3h,EGKK → LEMG,10.5023
EGKK,LEPA,2022-03,73,4,-7.6167,scheduled_duration_under_3h,EGKK → LEPA,5.4795
EGKK,LEPA,2022-06,235,29,3.0167,scheduled_duration_under_3h,EGKK → LEPA,12.3404
EGKK,LEPA,2022-09,237,38,4.2167,scheduled_duration_under_3h,EGKK → LEPA,16.0338
EGKK,LEPA,2022-12,93,3,-3.4333,scheduled_duration_under_3h,EGKK → LEPA,3.2258
EGKK,LFMN,2022-03,83,2,-5.5667,scheduled_duration_under_3h,EGKK → LFMN,2.4096
EGKK,LFMN,2022-06,156,44,7.8333,scheduled_duration_under_3h,EGKK → LFMN,28.2051
EGKK,LFMN,2022-09,198,36,5.45,scheduled_duration_under_3h,EGKK → LFMN,18.1818
EGKK,LFMN,2022-12,83,8,0.3333,scheduled_duration_under_3h,EGKK → LFMN,9.6386
EGKK,LIMC,2022-03,111,0,-25.4833,scheduled_duration_under_3h,EGKK → LIMC,0.0
EGKK,LIMC,2022-06,181,19,-7.7333,scheduled_duration_under_3h,EGKK → LIMC,10.4972
EGKK,LIMC,2022-09,207,9,-14.4333,scheduled_duration_under_3h,EGKK → LIMC,4.3478
EGKK,LIMC,2022-12,196,0,-21.0417,scheduled_duration_under_3h,EGKK → LIMC,0.0
EGKK,LIRF,2022-03,61,2,-8.9333,scheduled_duration_under_3h,EGKK → LIRF,3.2787
EGKK,LIRF,2022-06,186,21,-1.1333,scheduled_duration_under_3h,EGKK → LIRF,11.2903
EGKK,LIRF,2022-09,212,13,-4.1583,scheduled_duration_under_3h,EGKK → LIRF,6.1321
EGKK,LIRF,2022-12,164,1,-12.3333,scheduled_duration_under_3h,EGKK → LIRF,0.6098
EGKK,LPFR,2022-03,85,1,-2.5833,scheduled_duration_under_3h,EGKK → LPFR,1.1765
EGKK,LPFR,2022-06,201,16,3.3333,scheduled_duration_under_3h,EGKK → LPFR,7.9602
EGKK,LPFR,2022-09,209,20,3.2833,scheduled_duration_under_3h,EGKK → LPFR,9.5694
EGKK,LPFR,2022-12,120,7,2.025,scheduled_duration_under_3h,EGKK → LPFR,5.8333
EGKK,LSGG,2022-03,226,8,-6.05,scheduled_duration_under_3h,EGKK → LSGG,3.5398
EGKK,LSGG,2022-06,143,16,-1.0667,scheduled_duration_under_3h,EGKK → LSGG,11.1888
EGKK,LSGG,2022-09,162,16,-1.6833,scheduled_duration_under_3h,EGKK → LSGG,9.8765
EGKK,LSGG,2022-12,314,13,-6.3417,scheduled_duration_under_3h,EGKK → LSGG,4.1401
EGLC,EDDF,2022-03,127,0,-13.6833,scheduled_duration_under_3h,EGLC → EDDF,0.0
EGLC,EDDF,2022-06,144,4,-3.8417,scheduled_duration_under_3h,EGLC → EDDF,2.7778
EGLC,EDDF,2022-09,153,6,-4.2167,scheduled_duration_under_3h,EGLC → EDDF,3.9216
EGLC,EDDF,2022-12,138,2,-8.225,scheduled_duration_under_3h,EGLC → EDDF,1.4493
EGLC,EGPH,2022-03,174,5,-1.0917,scheduled_duration_under_3h,EGLC → EGPH,2.8736
EGLC,EGPH,2022-06,187,37,5.45,scheduled_duration_under_3h,EGLC → EGPH,19.7861
EGLC,EGPH,2022-09,191,36,5.4833,scheduled_duration_under_3h,EGLC → EGPH,18.8482
EGLC,EGPH,2022-12,191,25,4.8,scheduled_duration_under_3h,EGLC → EGPH,13.089
EGLC,EHAM,2022-03,204,9,-1.525,scheduled_duration_under_3h,EGLC → EHAM,4.4118
EGLC,EHAM,2022-06,289,52,4.9167,scheduled_duration_under_3h,EGLC → EHAM,17.9931
EGLC,EHAM,2022-09,297,46,4.55,scheduled_duration_under_3h,EGLC → EHAM,15.4882
EGLC,EHAM,2022-12,250,34,4.25,scheduled_duration_under_3h,EGLC → EHAM,13.6
EGLC,EIDW,2022-03,144,2,-4.5833,scheduled_duration_under_3h,EGLC → EIDW,1.3889
EGLC,EIDW,2022-06,118,20,5.4083,scheduled_duration_under_3h,EGLC → EIDW,16.9492
EGLC,EIDW,2022-09,145,12,0.65,scheduled_duration_under_3h,EGLC → EIDW,8.2759
EGLC,EIDW,2022-12,128,13,-0.975,scheduled_duration_under_3h,EGLC → EIDW,10.1562
EGLC,ELLX,2022-03,138,1,-11.9583,scheduled_duration_under_3h,EGLC → ELLX,0.7246
EGLC,ELLX,2022-06,198,10,-2.2333,scheduled_duration_under_3h,EGLC → ELLX,5.0505
EGLC,ELLX,2022-09,194,13,-1.5667,scheduled_duration_under_3h,EGLC → ELLX,6.701
EGLC,ELLX,2022-12,140,5,-1.65,scheduled_duration_under_3h,EGLC → ELLX,3.5714
EGLC,LSZH,2022-03,144,12,0.9167,scheduled_duration_under_3h,EGLC → LSZH,8.3333
EGLC,LSZH,2022-06,153,15,3.4,scheduled_duration_under_3h,EGLC → LSZH,9.8039
EGLC,LSZH,2022-09,161,27,3.5333,scheduled_duration_under_3h,EGLC → LSZH,16.7702
EGLC,LSZH,2022-12,157,21,2.9833,scheduled_duration_under_3h,EGLC → LSZH,13.3758
EGLL,EBBR,2022-03,173,30,5.0167,scheduled_duration_under_3h,EGLL → EBBR,17.341
EGLL,EBBR,2022-06,212,43,7.1917,scheduled_duration_under_3h,EGLL → EBBR,20.283
EGLL,EBBR,2022-09,172,48,9.0333,scheduled_duration_under_3h,EGLL → EBBR,27.907
EGLL,EBBR,2022-12,225,56,7.8667,scheduled_duration_under_3h,EGLL → EBBR,24.8889
EGLL,EDDF,2022-03,298,10,-5.75,scheduled_duration_under_3h,EGLL → EDDF,3.3557
EGLL,EDDF,2022-06,406,29,-3.375,scheduled_duration_under_3h,EGLL → EDDF,7.1429
EGLL,EDDF,2022-09,339,31,-2.6833,scheduled_duration_under_3h,EGLL → EDDF,9.1445
EGLL,EDDF,2022-12,451,23,-5.2167,scheduled_duration_under_3h,EGLL → EDDF,5.0998
EGLL,EDDH,2022-03,151,23,2.0667,scheduled_duration_under_3h,EGLL → EDDH,15.2318
EGLL,EDDH,2022-06,153,26,2.6667,scheduled_duration_under_3h,EGLL → EDDH,16.9935
EGLL,EDDH,2022-09,135,38,4.1167,scheduled_duration_under_3h,EGLL → EDDH,28.1481
EGLL,EDDH,2022-12,182,27,1.3417,scheduled_duration_under_3h,EGLL → EDDH,14.8352
EGLL,EDDL,2022-03,179,18,1.7667,scheduled_duration_under_3h,EGLL → EDDL,10.0559
EGLL,EDDL,2022-06,178,27,4.4417,scheduled_duration_under_3h,EGLL → EDDL,15.1685
EGLL,EDDL,2022-09,169,40,4.2,scheduled_duration_under_3h,EGLL → EDDL,23.6686
EGLL,EDDL,2022-12,198,24,1.6,scheduled_duration_under_3h,EGLL → EDDL,12.1212
EGLL,EDDM,2022-03,227,12,-2.8,scheduled_duration_under_3h,EGLL → EDDM,5.2863
EGLL,EDDM,2022-06,331,97,7.9,scheduled_duration_under_3h,EGLL → EDDM,29.3051
EGLL,EDDM,2022-09,294,60,4.0583,scheduled_duration_under_3h,EGLL → EDDM,20.4082
EGLL,EDDM,2022-12,350,55,2.0583,scheduled_duration_under_3h,EGLL → EDDM,15.7143
EGLL,EGAC,2022-03,211,22,2.7333,scheduled_duration_under_3h,EGLL → EGAC,10.4265
EGLL,EGAC,2022-06,240,40,3.675,scheduled_duration_under_3h,EGLL → EGAC,16.6667
EGLL,EGAC,2022-09,232,56,5.6333,scheduled_duration_under_3h,EGLL → EGAC,24.1379
EGLL,EGAC,2022-12,158,35,6.625,scheduled_duration_under_3h,EGLL → EGAC,22.1519
EGLL,EGCC,2022-03,152,63,12.7917,scheduled_duration_under_3h,EGLL → EGCC,41.4474
EGLL,EGCC,2022-06,142,53,11.7,scheduled_duration_under_3h,EGLL → EGCC,37.3239
EGLL,EGCC,2022-09,79,41,15.6167,scheduled_duration_under_3h,EGLL → EGCC,51.8987
EGLL,EGCC,2022-12,190,68,12.0083,scheduled_duration_under_3h,EGLL → EGCC,35.7895
EGLL,EGPD,2022-03,159,49,9.1,scheduled_duration_under_3h,EGLL → EGPD,30.8176
EGLL,EGPD,2022-06,127,42,10.95,scheduled_duration_under_3h,EGLL → EGPD,33.0709
EGLL,EGPD,2022-09,93,39,12.75,scheduled_duration_under_3h,EGLL → EGPD,41.9355
EGLL,EGPD,2022-12,166,58,10.6417,scheduled_duration_under_3h,EGLL → EGPD,34.9398
EGLL,EGPF,2022-03,214,49,7.1833,scheduled_duration_under_3h,EGLL → EGPF,22.8972
EGLL,EGPF,2022-06,252,92,10.9583,scheduled_duration_under_3h,EGLL → EGPF,36.5079
EGLL,EGPF,2022-09,173,79,14.0833,scheduled_duration_under_3h,EGLL → EGPF,45.6647
EGLL,EGPF,2022-12,210,65,9.15,scheduled_duration_under_3h,EGLL → EGPF,30.9524
EGLL,EGPH,2022-03,219,54,8.3333,scheduled_duration_under_3h,EGLL → EGPH,24.6575
EGLL,EGPH,2022-06,234,72,10.4083,scheduled_duration_under_3h,EGLL → EGPH,30.7692
EGLL,EGPH,2022-09,184,83,13.65,scheduled_duration_under_3h,EGLL → EGPH,45.1087
EGLL,EGPH,2022-12,240,64,8.5333,scheduled_duration_under_3h,EGLL → EGPH,26.6667
EGLL,EHAM,2022-03,343,66,6.4333,scheduled_duration_under_3h,EGLL → EHAM,19.242
EGLL,EHAM,2022-06,482,146,8.675,scheduled_duration_under_3h,EGLL → EHAM,30.2905
EGLL,EHAM,2022-09,443,127,8.35,scheduled_duration_under_3h,EGLL → EHAM,28.6682
EGLL,EHAM,2022-12,513,112,6.3,scheduled_duration_under_3h,EGLL → EHAM,21.8324
EGLL,EIDW,2022-03,411,49,0.1667,scheduled_duration_under_3h,EGLL → EIDW,11.9221
EGLL,EIDW,2022-06,474,99,5.25,scheduled_duration_under_3h,EGLL → EIDW,20.8861
EGLL,EIDW,2022-09,453,62,2.9667,scheduled_duration_under_3h,EGLL → EIDW,13.6865
EGLL,EIDW,2022-12,461,76,2.9833,scheduled_duration_under_3h,EGLL → EIDW,16.4859
EGLL,EKCH,2022-03,211,29,3.0,scheduled_duration_under_3h,EGLL → EKCH,13.7441
EGLL,EKCH,2022-06,250,35,3.2667,scheduled_duration_under_3h,EGLL → EKCH,14.0
EGLL,EKCH,2022-09,226,44,4.6167,scheduled_duration_under_3h,EGLL → EKCH,19.469
EGLL,EKCH,2022-12,258,19,-1.0667,scheduled_duration_under_3h,EGLL → EKCH,7.3643
EGLL,ENGM,2022-03,176,17,2.7,scheduled_duration_under_3h,EGLL → ENGM,9.6591
EGLL,ENGM,2022-06,198,33,5.1083,scheduled_duration_under_3h,EGLL → ENGM,16.6667
EGLL,ENGM,2022-09,142,25,3.6417,scheduled_duration_under_3h,EGLL → ENGM,17.6056
EGLL,ENGM,2022-12,196,25,2.275,scheduled_duration_under_3h,EGLL → ENGM,12.7551
EGLL,EPWA,2022-03,95,21,4.9833,scheduled_duration_under_3h,EGLL → EPWA,22.1053
EGLL,EPWA,2022-06,155,26,2.4833,scheduled_duration_under_3h,EGLL → EPWA,16.7742
EGLL,EPWA,2022-09,152,30,3.6083,scheduled_duration_under_3h,EGLL → EPWA,19.7368
EGLL,EPWA,2022-12,161,26,2.35,scheduled_duration_under_3h,EGLL → EPWA,16.1491
EGLL,ESSA,2022-03,190,23,3.6333,scheduled_duration_under_3h,EGLL → ESSA,12.1053
EGLL,ESSA,2022-06,224,42,5.8083,scheduled_duration_under_3h,EGLL → ESSA,18.75
EGLL,ESSA,2022-09,205,29,4.0667,scheduled_duration_under_3h,EGLL → ESSA,14.1463
EGLL,ESSA,2022-12,251,36,4.55,scheduled_duration_under_3h,EGLL → ESSA,14.3426
EGLL,LEBL,2022-03,156,56,11.5417,scheduled_duration_under_3h,EGLL → LEBL,35.8974
EGLL,LEBL,2022-06,178,60,10.175,scheduled_duration_under_3h,EGLL → LEBL,33.7079
EGLL,LEBL,2022-09,175,84,14.1167,scheduled_duration_under_3h,EGLL → LEBL,48.0
EGLL,LEBL,2022-12,202,64,10.2917,scheduled_duration_under_3h,EGLL → LEBL,31.6832
EGLL,LEMD,2022-03,289,45,2.5833,scheduled_duration_under_3h,EGLL → LEMD,15.5709
EGLL,LEMD,2022-06,335,75,4.7,scheduled_duration_under_3h,EGLL → LEMD,22.3881
EGLL,LEMD,2022-09,332,68,5.9917,scheduled_duration_under_3h,EGLL → LEMD,20.4819
EGLL,LEMD,2022-12,374,57,1.3833,scheduled_duration_under_3h,EGLL → LEMD,15.2406
EGLL,LFMN,2022-03,124,31,7.1333,scheduled_duration_under_3h,EGLL → LFMN,25.0
EGLL,LFMN,2022-06,209,72,8.9333,scheduled_duration_under_3h,EGLL → LFMN,34.4498
EGLL,LFMN,2022-09,128,54,11.325,scheduled_duration_under_3h,EGLL → LFMN,42.1875
EGLL,LFMN,2022-12,156,40,8.15,scheduled_duration_under_3h,EGLL → LFMN,25.641
EGLL,LFPG,2022-03,314,38,3.4,scheduled_duration_under_3h,EGLL → LFPG,12.1019
EGLL,LFPG,2022-06,368,84,7.0667,scheduled_duration_under_3h,EGLL → LFPG,22.8261
EGLL,LFPG,2022-09,267,61,6.5333,scheduled_duration_under_3h,EGLL → LFPG,22.8464
EGLL,LFPG,2022-12,341,70,5.55,scheduled_duration_under_3h,EGLL → LFPG,20.5279
EGLL,LIML,2022-03,178,34,4.6083,scheduled_duration_under_3h,EGLL → LIML,19.1011
EGLL,LIML,2022-06,135,25,5.3333,scheduled_duration_under_3h,EGLL → LIML,18.5185
EGLL,LIML,2022-09,179,55,6.1333,scheduled_duration_under_3h,EGLL → LIML,30.7263
EGLL,LIML,2022-12,192,34,4.8,scheduled_duration_under_3h,EGLL → LIML,17.7083
EGLL,LIRF,2022-03,179,10,-3.3,scheduled_duration_under_3h,EGLL → LIRF,5.5866
EGLL,LIRF,2022-06,164,26,0.95,scheduled_duration_under_3h,EGLL → LIRF,15.8537
EGLL,LIRF,2022-09,222,39,1.0917,scheduled_duration_under_3h,EGLL → LIRF,17.5676
EGLL,LIRF,2022-12,189,11,-4.35,scheduled_duration_under_3h,EGLL → LIRF,5.8201
EGLL,LOWW,2022-03,131,31,6.7667,scheduled_duration_under_3h,EGLL → LOWW,23.6641
EGLL,LOWW,2022-06,190,88,14.075,scheduled_duration_under_3h,EGLL → LOWW,46.3158
EGLL,LOWW,2022-09,209,93,13.2667,scheduled_duration_under_3h,EGLL → LOWW,44.4976
EGLL,LOWW,2022-12,222,81,10.9333,scheduled_duration_under_3h,EGLL → LOWW,36.4865
EGLL,LPPT,2022-03,308,60,5.5917,scheduled_duration_under_3h,EGLL → LPPT,19.4805
EGLL,LPPT,2022-06,271,96,11.2,scheduled_duration_under_3h,EGLL → LPPT,35.4244
EGLL,LPPT,2022-09,290,104,10.7333,scheduled_duration_under_3h,EGLL → LPPT,35.8621
EGLL,LPPT,2022-12,294,119,11.1833,scheduled_duration_under_3h,EGLL → LPPT,40.4762
EGLL,LSGG,2022-03,452,110,6.8333,scheduled_duration_under_3h,EGLL → LSGG,24.3363
EGLL,LSGG,2022-06,251,48,2.4833,scheduled_duration_under_3h,EGLL → LSGG,19.1235
EGLL,LSGG,2022-09,267,42,2.5,scheduled_duration_under_3h,EGLL → LSGG,15.7303
EGLL,LSGG,2022-12,433,76,1.7,scheduled_duration_under_3h,EGLL → LSGG,17.552
EGLL,LSZH,2022-03,244,27,3.5333,scheduled_duration_under_3h,EGLL → LSZH,11.0656
EGLL,LSZH,2022-06,284,73,4.8167,scheduled_duration_under_3h,EGLL → LSZH,25.7042
EGLL,LSZH,2022-09,280,57,4.925,scheduled_duration_under_3h,EGLL → LSZH,20.3571
EGLL,LSZH,2022-12,368,77,3.6167,scheduled_duration_under_3h,EGLL → LSZH,20.9239
EGNX,EDDK,2022-03,172,9,-0.3417,scheduled_duration_under_3h,EGNX → EDDK,5.2326
EGNX,EDDK,2022-06,115,30,3.3833,scheduled_duration_under_3h,EGNX → EDDK,26.087
EGNX,EDDK,2022-09,115,34,6.6833,scheduled_duration_under_3h,EGNX → EDDK,29.5652
EGNX,EDDK,2022-12,114,12,1.7833,scheduled_duration_under_3h,EGNX → EDDK,10.5263
EGNX,EDDP,2022-03,250,7,-5.1417,scheduled_duration_under_3h,EGNX → EDDP,2.8
EGNX,EDDP,2022-06,181,16,-1.0333,scheduled_duration_under_3h,EGNX → EDDP,8.8398
EGNX,EDDP,2022-09,192,13,-1.3417,scheduled_duration_under_3h,EGNX → EDDP,6.7708
EGNX,EDDP,2022-12,200,10,-2.2,scheduled_duration_under_3h,EGNX → EDDP,5.0
EGNX,EGAA,2022-03,168,7,0.6167,scheduled_duration_under_3h,EGNX → EGAA,4.1667
EGNX,EGAA,2022-06,140,3,-3.6333,scheduled_duration_under_3h,EGNX → EGAA,2.1429
EGNX,EGAA,2022-09,132,2,-1.0583,scheduled_duration_under_3h,EGNX → EGAA,1.5152
EGNX,EGAA,2022-12,172,9,0.9917,scheduled_duration_under_3h,EGNX → EGAA,5.2326
EGPB,EGPD,2022-03,314,46,1.75,scheduled_duration_under_3h,EGPB → EGPD,14.6497
EGPB,EGPD,2022-06,332,47,0.5083,scheduled_duration_under_3h,EGPB → EGPD,14.1566
EGPB,EGPD,2022-09,320,53,3.3917,scheduled_duration_under_3h,EGPB → EGPD,16.5625
EGPB,EGPD,2022-12,239,49,4.75,scheduled_duration_under_3h,EGPB → EGPD,20.5021
EGPD,EGLL,2022-03,160,13,1.275,scheduled_duration_under_3h,EGPD → EGLL,8.125
EGPD,EGLL,2022-06,128,48,10.0917,scheduled_duration_under_3h,EGPD → EGLL,37.5
EGPD,EGLL,2022-09,93,48,15.3833,scheduled_duration_under_3h,EGPD → EGLL,51.6129
EGPD,EGLL,2022-12,166,75,12.3667,scheduled_duration_under_3h,EGPD → EGLL,45.1807
EGPD,EGPB,2022-03,342,56,5.1667,scheduled_duration_under_3h,EGPD → EGPB,16.3743
EGPD,EGPB,2022-06,333,41,2.2333,scheduled_duration_under_3h,EGPD → EGPB,12.3123
EGPD,EGPB,2022-09,318,58,4.4417,scheduled_duration_under_3h,EGPD → EGPB,18.239
EGPD,EGPB,2022-12,236,50,6.1167,scheduled_duration_under_3h,EGPD → EGPB,21.1864
EGPF,EGKK,2022-03,123,10,-5.15,scheduled_duration_under_3h,EGPF → EGKK,8.1301
EGPF,EGKK,2022-06,158,65,11.7333,scheduled_duration_under_3h,EGPF → EGKK,41.1392
EGPF,EGKK,2022-09,168,48,6.4917,scheduled_duration_under_3h,EGPF → EGKK,28.5714
EGPF,EGKK,2022-12,115,26,3.6667,scheduled_duration_under_3h,EGPF → EGKK,22.6087
EGPF,EGLL,2022-03,216,19,1.375,scheduled_duration_under_3h,EGPF → EGLL,8.7963
EGPF,EGLL,2022-06,252,55,6.7417,scheduled_duration_under_3h,EGPF → EGLL,21.8254
EGPF,EGLL,2022-09,173,52,8.6667,scheduled_duration_under_3h,EGPF → EGLL,30.0578
EGPF,EGLL,2022-12,209,43,6.7833,scheduled_duration_under_3h,EGPF → EGLL,20.5742
EGPF,EIDW,2022-03,147,6,-4.9,scheduled_duration_under_3h,EGPF → EIDW,4.0816
EGPF,EIDW,2022-06,198,9,0.725,scheduled_duration_under_3h,EGPF → EIDW,4.5455
EGPF,EIDW,2022-09,195,15,0.65,scheduled_duration_under_3h,EGPF → EIDW,7.6923
EGPF,EIDW,2022-12,175,11,-1.7333,scheduled_duration_under_3h,EGPF → EIDW,6.2857
EGPH,EGKK,2022-03,124,4,-10.5667,scheduled_duration_under_3h,EGPH → EGKK,3.2258
EGPH,EGKK,2022-06,131,48,9.6167,scheduled_duration_under_3h,EGPH → EGKK,36.6412
EGPH,EGKK,2022-09,140,42,5.8083,scheduled_duration_under_3h,EGPH → EGKK,30.0
EGPH,EGKK,2022-12,124,28,3.75,scheduled_duration_under_3h,EGPH → EGKK,22.5806
EGPH,EGLC,2022-03,172,2,-9.4333,scheduled_duration_under_3h,EGPH → EGLC,1.1628
EGPH,EGLC,2022-06,187,22,0.1333,scheduled_duration_under_3h,EGPH → EGLC,11.7647
EGPH,EGLC,2022-09,188,15,-3.45,scheduled_duration_under_3h,EGPH → EGLC,7.9787
EGPH,EGLC,2022-12,190,25,-4.3083,scheduled_duration_under_3h,EGPH → EGLC,13.1579
EGPH,EGLL,2022-03,218,37,1.5917,scheduled_duration_under_3h,EGPH → EGLL,16.9725
EGPH,EGLL,2022-06,232,86,9.9083,scheduled_duration_under_3h,EGPH → EGLL,37.069
EGPH,EGLL,2022-09,183,76,11.85,scheduled_duration_under_3h,EGPH → EGLL,41.5301
EGPH,EGLL,2022-12,236,85,10.3333,scheduled_duration_under_3h,EGPH → EGLL,36.0169
EGPH,EGSS,2022-03,130,0,-10.2083,scheduled_duration_under_3h,EGPH → EGSS,0.0
EGPH,EGSS,2022-06,137,5,-4.9667,scheduled_duration_under_3h,EGPH → EGSS,3.6496
EGPH,EGSS,2022-09,131,7,-6.05,scheduled_duration_under_3h,EGPH → EGSS,5.3435
EGPH,EGSS,2022-12,216,28,-2.0917,scheduled_duration_under_3h,EGPH → EGSS,12.963
EGPH,EHAM,2022-03,152,12,-1.475,scheduled_duration_under_3h,EGPH → EHAM,7.8947
EGPH,EHAM,2022-06,163,50,9.0667,scheduled_duration_under_3h,EGPH → EHAM,30.6748
EGPH,EHAM,2022-09,155,28,3.4667,scheduled_duration_under_3h,EGPH → EHAM,18.0645
EGPH,EHAM,2022-12,138,34,3.9917,scheduled_duration_under_3h,EGPH → EHAM,24.6377
EGPH,EIDW,2022-03,177,10,-7.1667,scheduled_duration_under_3h,EGPH → EIDW,5.6497
EGPH,EIDW,2022-06,237,30,0.2,scheduled_duration_under_3h,EGPH → EIDW,12.6582
EGPH,EIDW,2022-09,239,26,0.2333,scheduled_duration_under_3h,EGPH → EIDW,10.8787
EGPH,EIDW,2022-12,242,28,-1.9667,scheduled_duration_under_3h,EGPH → EIDW,11.5702
EGSS,EGPH,2022-03,131,1,-6.9167,scheduled_duration_under_3h,EGSS → EGPH,0.7634
EGSS,EGPH,2022-06,137,4,-3.8167,scheduled_duration_under_3h,EGSS → EGPH,2.9197
EGSS,EGPH,2022-09,132,4,-2.75,scheduled_duration_under_3h,EGSS → EGPH,3.0303
EGSS,EGPH,2022-12,213,20,2.5667,scheduled_duration_under_3h,EGSS → EGPH,9.3897
EGSS,EIDW,2022-03,237,7,-4.9833,scheduled_duration_under_3h,EGSS → EIDW,2.9536
EGSS,EIDW,2022-06,262,19,-0.875,scheduled_duration_under_3h,EGSS → EIDW,7.2519
EGSS,EIDW,2022-09,261,16,-1.0833,scheduled_duration_under_3h,EGSS → EIDW,6.1303
EGSS,EIDW,2022-12,253,25,-0.95,scheduled_duration_under_3h,EGSS → EIDW,9.8814
EGSS,LHBP,2022-03,115,7,0.5833,scheduled_duration_under_3h,EGSS → LHBP,6.087
EGSS,LHBP,2022-06,133,62,12.0667,scheduled_duration_under_3h,EGSS → LHBP,46.6165
EGSS,LHBP,2022-09,137,44,8.6167,scheduled_duration_under_3h,EGSS → LHBP,32.1168
EGSS,LHBP,2022-12,119,10,3.3333,scheduled_duration_under_3h,EGSS → LHBP,8.4034
EGSS,LIME,2022-03,124,2,-13.3333,scheduled_duration_under_3h,EGSS → LIME,1.6129
EGSS,LIME,2022-06,119,21,0.2167,scheduled_duration_under_3h,EGSS → LIME,17.6471
EGSS,LIME,2022-09,120,23,-0.375,scheduled_duration_under_3h,EGSS → LIME,19.1667
EGSS,LIME,2022-12,144,8,-2.2083,scheduled_duration_under_3h,EGSS → LIME,5.5556
EHAM,EDDB,2022-03,221,26,5.8667,scheduled_duration_under_3h,EHAM → EDDB,11.7647
EHAM,EDDB,2022-06,222,88,12.1,scheduled_duration_under_3h,EHAM → EDDB,39.6396
EHAM,EDDB,2022-09,260,102,12.7583,scheduled_duration_under_3h,EHAM → EDDB,39.2308
EHAM,EDDB,2022-12,227,51,6.6833,scheduled_duration_under_3h,EHAM → EDDB,22.467
EHAM,EDDF,2022-03,255,7,-6.4,scheduled_duration_under_3h,EHAM → EDDF,2.7451
EHAM,EDDF,2022-06,324,66,1.225,scheduled_duration_under_3h,EHAM → EDDF,20.3704
EHAM,EDDF,2022-09,245,41,1.45,scheduled_duration_under_3h,EHAM → EDDF,16.7347
EHAM,EDDF,2022-12,317,26,-5.2333,scheduled_duration_under_3h,EHAM → EDDF,8.2019
EHAM,EDDH,2022-03,136,5,-5.5417,scheduled_duration_under_3h,EHAM → EDDH,3.6765
EHAM,EDDH,2022-06,157,20,-0.0333,scheduled_duration_under_3h,EHAM → EDDH,12.7389
EHAM,EDDH,2022-09,169,12,-1.6167,scheduled_duration_under_3h,EHAM → EDDH,7.1006
EHAM,EDDH,2022-12,117,5,-6.3833,scheduled_duration_under_3h,EHAM → EDDH,4.2735
EHAM,EDDM,2022-03,241,6,-0.4833,scheduled_duration_under_3h,EHAM → EDDM,2.4896
EHAM,EDDM,2022-06,269,79,7.15,scheduled_duration_under_3h,EHAM → EDDM,29.368
EHAM,EDDM,2022-09,322,87,8.5833,scheduled_duration_under_3h,EHAM → EDDM,27.0186
EHAM,EDDM,2022-12,285,53,5.2667,scheduled_duration_under_3h,EHAM → EDDM,18.5965
EHAM,EDDS,2022-03,121,6,0.5667,scheduled_duration_under_3h,EHAM → EDDS,4.9587
EHAM,EDDS,2022-06,126,13,3.125,scheduled_duration_under_3h,EHAM → EDDS,10.3175
EHAM,EDDS,2022-09,134,40,8.1167,scheduled_duration_under_3h,EHAM → EDDS,29.8507
EHAM,EDDS,2022-12,133,19,3.4667,scheduled_duration_under_3h,EHAM → EDDS,14.2857
EHAM,EFHK,2022-03,160,10,4.55,scheduled_duration_under_3h,EHAM → EFHK,6.25
EHAM,EFHK,2022-06,172,49,7.475,scheduled_duration_under_3h,EHAM → EFHK,28.4884
EHAM,EFHK,2022-09,165,53,8.1833,scheduled_duration_under_3h,EHAM → EFHK,32.1212
EHAM,EFHK,2022-12,144,40,8.9167,scheduled_duration_under_3h,EHAM → EFHK,27.7778
EHAM,EGBB,2022-03,117,7,2.0667,scheduled_duration_under_3h,EHAM → EGBB,5.9829
EHAM,EGBB,2022-06,216,56,8.775,scheduled_duration_under_3h,EHAM → EGBB,25.9259
EHAM,EGBB,2022-09,213,64,7.8667,scheduled_duration_under_3h,EHAM → EGBB,30.0469
EHAM,EGBB,2022-12,136,19,3.35,scheduled_duration_under_3h,EHAM → EGBB,13.9706
EHAM,EGCC,2022-03,200,18,1.5167,scheduled_duration_under_3h,EHAM → EGCC,9.0
EHAM,EGCC,2022-06,269,49,4.8833,scheduled_duration_under_3h,EHAM → EGCC,18.2156
EHAM,EGCC,2022-09,238,54,5.2417,scheduled_duration_under_3h,EHAM → EGCC,22.6891
EHAM,EGCC,2022-12,214,26,1.15,scheduled_duration_under_3h,EHAM → EGCC,12.1495
EHAM,EGGD,2022-03,146,11,3.1,scheduled_duration_under_3h,EHAM → EGGD,7.5342
EHAM,EGGD,2022-06,161,45,10.3,scheduled_duration_under_3h,EHAM → EGGD,27.9503
EHAM,EGGD,2022-09,137,34,8.6167,scheduled_duration_under_3h,EHAM → EGGD,24.8175
EHAM,EGGD,2022-12,139,30,7.0167,scheduled_duration_under_3h,EHAM → EGGD,21.5827
EHAM,EGGW,2022-03,154,18,2.6917,scheduled_duration_under_3h,EHAM → EGGW,11.6883
EHAM,EGGW,2022-06,156,29,3.1083,scheduled_duration_under_3h,EHAM → EGGW,18.5897
EHAM,EGGW,2022-09,149,33,5.5833,scheduled_duration_under_3h,EHAM → EGGW,22.1477
EHAM,EGGW,2022-12,129,17,3.2,scheduled_duration_under_3h,EHAM → EGGW,13.1783
EHAM,EGKK,2022-03,135,18,3.3667,scheduled_duration_under_3h,EHAM → EGKK,13.3333
EHAM,EGKK,2022-06,237,111,13.8833,scheduled_duration_under_3h,EHAM → EGKK,46.8354
EHAM,EGKK,2022-09,244,102,11.1667,scheduled_duration_under_3h,EHAM → EGKK,41.8033
EHAM,EGKK,2022-12,249,81,8.8667,scheduled_duration_under_3h,EHAM → EGKK,32.5301
EHAM,EGLC,2022-03,205,17,3.7667,scheduled_duration_under_3h,EHAM → EGLC,8.2927
EHAM,EGLC,2022-06,290,79,8.7417,scheduled_duration_under_3h,EHAM → EGLC,27.2414
EHAM,EGLC,2022-09,297,90,8.7333,scheduled_duration_under_3h,EHAM → EGLC,30.303
EHAM,EGLC,2022-12,250,52,5.975,scheduled_duration_under_3h,EHAM → EGLC,20.8
EHAM,EGLL,2022-03,349,117,12.65,scheduled_duration_under_3h,EHAM → EGLL,33.5244
EHAM,EGLL,2022-06,474,323,20.7583,scheduled_duration_under_3h,EHAM → EGLL,68.1435
EHAM,EGLL,2022-09,434,297,20.3083,scheduled_duration_under_3h,EHAM → EGLL,68.4332
EHAM,EGLL,2022-12,521,323,18.25,scheduled_duration_under_3h,EHAM → EGLL,61.9962
EHAM,EGPH,2022-03,153,14,4.6333,scheduled_duration_under_3h,EHAM → EGPH,9.1503
EHAM,EGPH,2022-06,163,44,8.85,scheduled_duration_under_3h,EHAM → EGPH,26.9939
EHAM,EGPH,2022-09,155,52,10.2333,scheduled_duration_under_3h,EHAM → EGPH,33.5484
EHAM,EGPH,2022-12,139,32,7.5667,scheduled_duration_under_3h,EHAM → EGPH,23.0216
EHAM,EIDW,2022-03,367,37,2.25,scheduled_duration_under_3h,EHAM → EIDW,10.0817
EHAM,EIDW,2022-06,373,143,11.4,scheduled_duration_under_3h,EHAM → EIDW,38.3378
EHAM,EIDW,2022-09,360,128,10.55,scheduled_duration_under_3h,EHAM → EIDW,35.5556
EHAM,EIDW,2022-12,303,87,7.5833,scheduled_duration_under_3h,EHAM → EIDW,28.7129
EHAM,EKBI,2022-03,141,7,3.6167,scheduled_duration_under_3h,EHAM → EKBI,4.9645
EHAM,EKBI,2022-06,120,24,7.5833,scheduled_duration_under_3h,EHAM → EKBI,20.0
EHAM,EKBI,2022-09,132,28,7.95,scheduled_duration_under_3h,EHAM → EKBI,21.2121
EHAM,EKBI,2022-12,124,14,5.675,scheduled_duration_under_3h,EHAM → EKBI,11.2903
EHAM,EKCH,2022-03,311,33,3.4167,scheduled_duration_under_3h,EHAM → EKCH,10.6109
EHAM,EKCH,2022-06,387,116,8.25,scheduled_duration_under_3h,EHAM → EKCH,29.9742
EHAM,EKCH,2022-09,412,117,9.6917,scheduled_duration_under_3h,EHAM → EKCH,28.3981
EHAM,EKCH,2022-12,398,35,-0.2083,scheduled_duration_under_3h,EHAM → EKCH,8.794
EHAM,ENGM,2022-03,201,16,3.75,scheduled_duration_under_3h,EHAM → ENGM,7.9602
EHAM,ENGM,2022-06,240,64,9.125,scheduled_duration_under_3h,EHAM → ENGM,26.6667
EHAM,ENGM,2022-09,244,69,8.525,scheduled_duration_under_3h,EHAM → ENGM,28.2787
EHAM,ENGM,2022-12,195,50,7.0667,scheduled_duration_under_3h,EHAM → ENGM,25.641
EHAM,EPWA,2022-03,150,9,-1.4,scheduled_duration_under_3h,EHAM → EPWA,6.0
EHAM,EPWA,2022-06,196,35,4.175,scheduled_duration_under_3h,EHAM → EPWA,17.8571
EHAM,EPWA,2022-09,181,41,6.6833,scheduled_duration_under_3h,EHAM → EPWA,22.6519
EHAM,EPWA,2022-12,181,28,1.8833,scheduled_duration_under_3h,EHAM → EPWA,15.4696
EHAM,ESSA,2022-03,222,20,4.1417,scheduled_duration_under_3h,EHAM → ESSA,9.009
EHAM,ESSA,2022-06,233,80,8.8833,scheduled_duration_under_3h,EHAM → ESSA,34.3348
EHAM,ESSA,2022-09,247,68,8.7167,scheduled_duration_under_3h,EHAM → ESSA,27.5304
EHAM,ESSA,2022-12,230,47,7.1667,scheduled_duration_under_3h,EHAM → ESSA,20.4348
EHAM,LEBL,2022-03,322,55,8.0,scheduled_duration_under_3h,EHAM → LEBL,17.0807
EHAM,LEBL,2022-06,364,164,13.3167,scheduled_duration_under_3h,EHAM → LEBL,45.0549
EHAM,LEBL,2022-09,358,178,14.9167,scheduled_duration_under_3h,EHAM → LEBL,49.7207
EHAM,LEBL,2022-12,288,87,9.4417,scheduled_duration_under_3h,EHAM → LEBL,30.2083
EHAM,LEMD,2022-03,269,54,7.4,scheduled_duration_under_3h,EHAM → LEMD,20.0743
EHAM,LEMD,2022-06,248,90,12.175,scheduled_duration_under_3h,EHAM → LEMD,36.2903
EHAM,LEMD,2022-09,261,96,11.0333,scheduled_duration_under_3h,EHAM → LEMD,36.7816
EHAM,LEMD,2022-12,252,72,8.8333,scheduled_duration_under_3h,EHAM → LEMD,28.5714
EHAM,LFPG,2022-03,327,31,3.7667,scheduled_duration_under_3h,EHAM → LFPG,9.4801
EHAM,LFPG,2022-06,291,112,10.75,scheduled_duration_under_3h,EHAM → LFPG,38.488
EHAM,LFPG,2022-09,287,82,9.6833,scheduled_duration_under_3h,EHAM → LFPG,28.5714
EHAM,LFPG,2022-12,258,66,8.9167,scheduled_duration_under_3h,EHAM → LFPG,25.5814
EHAM,LIMC,2022-03,146,1,-8.65,scheduled_duration_under_3h,EHAM → LIMC,0.6849
EHAM,LIMC,2022-06,177,31,-2.0833,scheduled_duration_under_3h,EHAM → LIMC,17.5141
EHAM,LIMC,2022-09,173,19,-2.4167,scheduled_duration_under_3h,EHAM → LIMC,10.9827
EHAM,LIMC,2022-12,113,15,-3.9,scheduled_duration_under_3h,EHAM → LIMC,13.2743
EHAM,LIML,2022-03,216,23,4.5083,scheduled_duration_under_3h,EHAM → LIML,10.6481
EHAM,LIML,2022-06,193,65,10.15,scheduled_duration_under_3h,EHAM → LIML,33.6788
EHAM,LIML,2022-09,202,76,11.8583,scheduled_duration_under_3h,EHAM → LIML,37.6238
EHAM,LIML,2022-12,192,51,9.875,scheduled_duration_under_3h,EHAM → LIML,26.5625
EHAM,LIRF,2022-03,225,6,-2.8833,scheduled_duration_under_3h,EHAM → LIRF,2.6667
EHAM,LIRF,2022-06,267,62,4.75,scheduled_duration_under_3h,EHAM → LIRF,23.221
EHAM,LIRF,2022-09,267,36,0.3667,scheduled_duration_under_3h,EHAM → LIRF,13.4831
EHAM,LIRF,2022-12,248,14,-2.9833,scheduled_duration_under_3h,EHAM → LIRF,5.6452
EHAM,LKPR,2022-03,147,7,1.6667,scheduled_duration_under_3h,EHAM → LKPR,4.7619
EHAM,LKPR,2022-06,144,49,9.8583,scheduled_duration_under_3h,EHAM → LKPR,34.0278
EHAM,LKPR,2022-09,158,31,5.2667,scheduled_duration_under_3h,EHAM → LKPR,19.6203
EHAM,LKPR,2022-12,128,15,2.5917,scheduled_duration_under_3h,EHAM → LKPR,11.7188
EHAM,LOWW,2022-03,178,26,6.9417,scheduled_duration_under_3h,EHAM → LOWW,14.6067
EHAM,LOWW,2022-06,212,99,14.2917,scheduled_duration_under_3h,EHAM → LOWW,46.6981
EHAM,LOWW,2022-09,223,96,13.65,scheduled_duration_under_3h,EHAM → LOWW,43.0493
EHAM,LOWW,2022-12,193,74,12.1167,scheduled_duration_under_3h,EHAM → LOWW,38.342
EHAM,LPPT,2022-03,214,49,7.325,scheduled_duration_under_3h,EHAM → LPPT,22.8972
EHAM,LPPT,2022-06,191,98,15.65,scheduled_duration_under_3h,EHAM → LPPT,51.3089
EHAM,LPPT,2022-09,214,100,13.8417,scheduled_duration_under_3h,EHAM → LPPT,46.729
EHAM,LPPT,2022-12,146,66,13.55,scheduled_duration_under_3h,EHAM → LPPT,45.2055
EHAM,LROP,2022-03,132,8,-0.85,scheduled_duration_under_3h,EHAM → LROP,6.0606
EHAM,LROP,2022-06,146,35,4.5417,scheduled_duration_under_3h,EHAM → LROP,23.9726
EHAM,LROP,2022-09,135,36,6.2833,scheduled_duration_under_3h,EHAM → LROP,26.6667
EHAM,LROP,2022-12,113,23,3.0,scheduled_duration_under_3h,EHAM → LROP,20.354
EHAM,LSGG,2022-03,246,19,2.2083,scheduled_duration_under_3h,EHAM → LSGG,7.7236
EHAM,LSGG,2022-06,196,51,6.2,scheduled_duration_under_3h,EHAM → LSGG,26.0204
EHAM,LSGG,2022-09,219,46,6.7167,scheduled_duration_under_3h,EHAM → LSGG,21.0046
EHAM,LSGG,2022-12,229,32,1.5833,scheduled_duration_under_3h,EHAM → LSGG,13.9738
EHAM,LSZH,2022-03,235,29,4.05,scheduled_duration_under_3h,EHAM → LSZH,12.3404
EHAM,LSZH,2022-06,252,83,8.225,scheduled_duration_under_3h,EHAM → LSZH,32.9365
EHAM,LSZH,2022-09,268,83,9.7833,scheduled_duration_under_3h,EHAM → LSZH,30.9701
EHAM,LSZH,2022-12,258,59,6.3667,scheduled_duration_under_3h,EHAM → LSZH,22.8682
EIDW,EDDF,2022-03,188,2,-7.05,scheduled_duration_under_3h,EIDW → EDDF,1.0638
EIDW,EDDF,2022-06,177,16,-6.7667,scheduled_duration_under_3h,EIDW → EDDF,9.0395
EIDW,EDDF,2022-09,141,6,-7.7,scheduled_duration_under_3h,EIDW → EDDF,4.2553
EIDW,EDDF,2022-12,181,6,-6.85,scheduled_duration_under_3h,EIDW → EDDF,3.3149
EIDW,EGBB,2022-03,242,3,-1.9333,scheduled_duration_under_3h,EIDW → EGBB,1.2397
EIDW,EGBB,2022-06,256,29,0.1083,scheduled_duration_under_3h,EIDW → EGBB,11.3281
EIDW,EGBB,2022-09,246,18,0.725,scheduled_duration_under_3h,EIDW → EGBB,7.3171
EIDW,EGBB,2022-12,291,16,-1.8833,scheduled_duration_under_3h,EIDW → EGBB,5.4983
EIDW,EGCC,2022-03,272,8,-1.5,scheduled_duration_under_3h,EIDW → EGCC,2.9412
EIDW,EGCC,2022-06,315,33,1.3333,scheduled_duration_under_3h,EIDW → EGCC,10.4762
EIDW,EGCC,2022-09,301,30,2.7333,scheduled_duration_under_3h,EIDW → EGCC,9.9668
EIDW,EGCC,2022-12,310,16,-0.3917,scheduled_duration_under_3h,EIDW → EGCC,5.1613
EIDW,EGGD,2022-03,112,0,-2.725,scheduled_duration_under_3h,EIDW → EGGD,0.0
EIDW,EGGD,2022-06,163,21,0.4667,scheduled_duration_under_3h,EIDW → EGGD,12.8834
EIDW,EGGD,2022-09,155,14,1.65,scheduled_duration_under_3h,EIDW → EGGD,9.0323
EIDW,EGGD,2022-12,137,9,-0.6167,scheduled_duration_under_3h,EIDW → EGGD,6.5693
EIDW,EGKK,2022-03,354,15,-4.4833,scheduled_duration_under_3h,EIDW → EGKK,4.2373
EIDW,EGKK,2022-06,359,122,9.3667,scheduled_duration_under_3h,EIDW → EGKK,33.9833
EIDW,EGKK,2022-09,360,100,4.225,scheduled_duration_under_3h,EIDW → EGKK,27.7778
EIDW,EGKK,2022-12,381,66,0.6167,scheduled_duration_under_3h,EIDW → EGKK,17.3228
EIDW,EGLC,2022-03,142,5,-4.175,scheduled_duration_under_3h,EIDW → EGLC,3.5211
EIDW,EGLC,2022-06,116,12,-3.8417,scheduled_duration_under_3h,EIDW → EGLC,10.3448
EIDW,EGLC,2022-09,145,6,-7.9833,scheduled_duration_under_3h,EIDW → EGLC,4.1379
EIDW,EGLC,2022-12,126,12,-9.0833,scheduled_duration_under_3h,EIDW → EGLC,9.5238
EIDW,EGLL,2022-03,411,31,-0.5333,scheduled_duration_under_3h,EIDW → EGLL,7.5426
EIDW,EGLL,2022-06,474,67,2.425,scheduled_duration_under_3h,EIDW → EGLL,14.135
EIDW,EGLL,2022-09,453,69,1.75,scheduled_duration_under_3h,EIDW → EGLL,15.2318
EIDW,EGLL,2022-12,463,102,2.5,scheduled_duration_under_3h,EIDW → EGLL,22.0302
EIDW,EGPF,2022-03,147,0,-5.8167,scheduled_duration_under_3h,EIDW → EGPF,0.0
EIDW,EGPF,2022-06,200,0,-5.5917,scheduled_duration_under_3h,EIDW → EGPF,0.0
EIDW,EGPF,2022-09,195,2,-9.1667,scheduled_duration_under_3h,EIDW → EGPF,1.0256
EIDW,EGPF,2022-12,177,2,-9.95,scheduled_duration_under_3h,EIDW → EGPF,1.1299
EIDW,EGPH,2022-03,177,5,-4.6333,scheduled_duration_under_3h,EIDW → EGPH,2.8249
EIDW,EGPH,2022-06,239,10,-1.3167,scheduled_duration_under_3h,EIDW → EGPH,4.1841
EIDW,EGPH,2022-09,240,13,-0.3667,scheduled_duration_under_3h,EIDW → EGPH,5.4167
EIDW,EGPH,2022-12,242,7,-1.275,scheduled_duration_under_3h,EIDW → EGPH,2.8926
EIDW,EGSS,2022-03,237,17,-2.2,scheduled_duration_under_3h,EIDW → EGSS,7.173
EIDW,EGSS,2022-06,262,16,-2.0417,scheduled_duration_under_3h,EIDW → EGSS,6.1069
EIDW,EGSS,2022-09,260,20,-1.15,scheduled_duration_under_3h,EIDW → EGSS,7.6923
EIDW,EGSS,2022-12,248,14,-3.4667,scheduled_duration_under_3h,EIDW → EGSS,5.6452
EIDW,EHAM,2022-03,368,26,1.85,scheduled_duration_under_3h,EIDW → EHAM,7.0652
EIDW,EHAM,2022-06,376,149,11.3417,scheduled_duration_under_3h,EIDW → EHAM,39.6277
EIDW,EHAM,2022-09,361,78,5.4833,scheduled_duration_under_3h,EIDW → EHAM,21.6066
EIDW,EHAM,2022-12,306,53,3.3417,scheduled_duration_under_3h,EIDW → EHAM,17.3203
EIDW,LEBL,2022-03,125,5,-3.0333,scheduled_duration_under_3h,EIDW → LEBL,4.0
EIDW,LEBL,2022-06,171,26,2.7833,scheduled_duration_under_3h,EIDW → LEBL,15.2047
EIDW,LEBL,2022-09,172,27,0.0833,scheduled_duration_under_3h,EIDW → LEBL,15.6977
EIDW,LEBL,2022-12,145,3,-2.2333,scheduled_duration_under_3h,EIDW → LEBL,2.069
EIDW,LEMD,2022-03,113,7,-1.0,scheduled_duration_under_3h,EIDW → LEMD,6.1947
EIDW,LEMD,2022-06,127,14,0.45,scheduled_duration_under_3h,EIDW → LEMD,11.0236
EIDW,LEMD,2022-09,119,9,-2.8167,scheduled_duration_under_3h,EIDW → LEMD,7.563
EIDW,LEMD,2022-12,152,8,-3.1333,scheduled_duration_under_3h,EIDW → LEMD,5.2632
EIDW,LFPG,2022-03,198,9,-1.975,scheduled_duration_under_3h,EIDW → LFPG,4.5455
EIDW,LFPG,2022-06,240,33,0.8083,scheduled_duration_under_3h,EIDW → LFPG,13.75
EIDW,LFPG,2022-09,244,33,-0.575,scheduled_duration_under_3h,EIDW → LFPG,13.5246
EIDW,LFPG,2022-12,234,10,-3.0667,scheduled_duration_under_3h,EIDW → LFPG,4.2735
EIDW,LPPT,2022-03,156,23,2.4417,scheduled_duration_under_3h,EIDW → LPPT,14.7436
EIDW,LPPT,2022-06,167,56,8.25,scheduled_duration_under_3h,EIDW → LPPT,33.5329
EIDW,LPPT,2022-09,169,63,8.55,scheduled_duration_under_3h,EIDW → LPPT,37.2781
EIDW,LPPT,2022-12,145,60,11.9,scheduled_duration_under_3h,EIDW → LPPT,41.3793
EKBI,EHAM,2022-03,141,9,0.7333,scheduled_duration_under_3h,EKBI → EHAM,6.383
EKBI,EHAM,2022-06,121,22,6.3833,scheduled_duration_under_3h,EKBI → EHAM,18.1818
EKBI,EHAM,2022-09,131,9,2.7,scheduled_duration_under_3h,EKBI → EHAM,6.8702
EKBI,EHAM,2022-12,123,14,3.0333,scheduled_duration_under_3h,EKBI → EHAM,11.3821
EKCH,EBBR,2022-03,131,11,3.1667,scheduled_duration_under_3h,EKCH → EBBR,8.3969
EKCH,EBBR,2022-06,153,23,6.9667,scheduled_duration_under_3h,EKCH → EBBR,15.0327
EKCH,EBBR,2022-09,179,20,4.4333,scheduled_duration_under_3h,EKCH → EBBR,11.1732
EKCH,EBBR,2022-12,137,22,7.3333,scheduled_duration_under_3h,EKCH → EBBR,16.0584
EKCH,EDDF,2022-03,136,0,-4.3667,scheduled_duration_under_3h,EKCH → EDDF,0.0
EKCH,EDDF,2022-06,163,9,-2.7833,scheduled_duration_under_3h,EKCH → EDDF,5.5215
EKCH,EDDF,2022-09,142,4,-4.1,scheduled_duration_under_3h,EKCH → EDDF,2.8169
EKCH,EDDF,2022-12,156,9,-2.6167,scheduled_duration_under_3h,EKCH → EDDF,5.7692
EKCH,EDDL,2022-03,143,5,2.7,scheduled_duration_under_3h,EKCH → EDDL,3.4965
EKCH,EDDL,2022-06,123,17,7.2833,scheduled_duration_under_3h,EKCH → EDDL,13.8211
EKCH,EDDL,2022-09,154,18,5.5917,scheduled_duration_under_3h,EKCH → EDDL,11.6883
EKCH,EDDL,2022-12,114,16,5.0333,scheduled_duration_under_3h,EKCH → EDDL,14.0351
EKCH,EDDM,2022-03,124,1,-4.1917,scheduled_duration_under_3h,EKCH → EDDM,0.8065
EKCH,EDDM,2022-06,154,3,-2.5583,scheduled_duration_under_3h,EKCH → EDDM,1.9481
EKCH,EDDM,2022-09,167,5,-3.3333,scheduled_duration_under_3h,EKCH → EDDM,2.994
EKCH,EDDM,2022-12,124,9,-2.0417,scheduled_duration_under_3h,EKCH → EDDM,7.2581
EKCH,EFHK,2022-03,165,9,1.8333,scheduled_duration_under_3h,EKCH → EFHK,5.4545
EKCH,EFHK,2022-06,162,30,5.0583,scheduled_duration_under_3h,EKCH → EFHK,18.5185
EKCH,EFHK,2022-09,241,18,3.3,scheduled_duration_under_3h,EKCH → EFHK,7.4689
EKCH,EFHK,2022-12,206,29,4.4583,scheduled_duration_under_3h,EKCH → EFHK,14.0777
EKCH,EGKK,2022-03,90,8,4.9417,scheduled_duration_under_3h,EKCH → EGKK,8.8889
EKCH,EGKK,2022-06,179,63,12.2833,scheduled_duration_under_3h,EKCH → EGKK,35.1955
EKCH,EGKK,2022-09,179,52,10.4,scheduled_duration_under_3h,EKCH → EGKK,29.0503
EKCH,EGKK,2022-12,155,41,9.5833,scheduled_duration_under_3h,EKCH → EGKK,26.4516
EKCH,EGLL,2022-03,211,46,7.9167,scheduled_duration_under_3h,EKCH → EGLL,21.8009
EKCH,EGLL,2022-06,254,104,12.8583,scheduled_duration_under_3h,EKCH → EGLL,40.9449
EKCH,EGLL,2022-09,225,88,12.2667,scheduled_duration_under_3h,EKCH → EGLL,39.1111
EKCH,EGLL,2022-12,255,91,11.2167,scheduled_duration_under_3h,EKCH → EGLL,35.6863
EKCH,EHAM,2022-03,313,31,5.8,scheduled_duration_under_3h,EKCH → EHAM,9.9042
EKCH,EHAM,2022-06,384,110,10.2583,scheduled_duration_under_3h,EKCH → EHAM,28.6458
EKCH,EHAM,2022-09,411,68,6.8167,scheduled_duration_under_3h,EKCH → EHAM,16.545
EKCH,EHAM,2022-12,397,70,7.6833,scheduled_duration_under_3h,EKCH → EHAM,17.6322
EKCH,EKRN,2022-03,194,7,-1.725,scheduled_duration_under_3h,EKCH → EKRN,3.6082
EKCH,EKRN,2022-06,249,12,1.2333,scheduled_duration_under_3h,EKCH → EKRN,4.8193
EKCH,EKRN,2022-09,206,7,0.4167,scheduled_duration_under_3h,EKCH → EKRN,3.3981
EKCH,EKRN,2022-12,173,11,1.6,scheduled_duration_under_3h,EKCH → EKRN,6.3584
EKCH,EKYT,2022-03,446,14,-0.5333,scheduled_duration_under_3h,EKCH → EKYT,3.139
EKCH,EKYT,2022-06,448,16,1.3417,scheduled_duration_under_3h,EKCH → EKYT,3.5714
EKCH,EKYT,2022-09,477,13,0.4333,scheduled_duration_under_3h,EKCH → EKYT,2.7254
EKCH,EKYT,2022-12,395,28,0.8833,scheduled_duration_under_3h,EKCH → EKYT,7.0886
EKCH,ENBR,2022-03,103,1,-3.7167,scheduled_duration_under_3h,EKCH → ENBR,0.9709
EKCH,ENBR,2022-06,144,7,1.1667,scheduled_duration_under_3h,EKCH → ENBR,4.8611
EKCH,ENBR,2022-09,148,10,-0.3583,scheduled_duration_under_3h,EKCH → ENBR,6.7568
EKCH,ENBR,2022-12,114,11,3.7,scheduled_duration_under_3h,EKCH → ENBR,9.6491
EKCH,ENGM,2022-03,384,4,-0.825,scheduled_duration_under_3h,EKCH → ENGM,1.0417
EKCH,ENGM,2022-06,523,35,2.4667,scheduled_duration_under_3h,EKCH → ENGM,6.6922
EKCH,ENGM,2022-09,554,30,1.0833,scheduled_duration_under_3h,EKCH → ENGM,5.4152
EKCH,ENGM,2022-12,457,34,1.8333,scheduled_duration_under_3h,EKCH → ENGM,7.4398
EKCH,ENZV,2022-03,129,1,-1.0833,scheduled_duration_under_3h,EKCH → ENZV,0.7752
EKCH,ENZV,2022-06,166,5,1.725,scheduled_duration_under_3h,EKCH → ENZV,3.012
EKCH,ENZV,2022-09,156,8,0.9417,scheduled_duration_under_3h,EKCH → ENZV,5.1282
EKCH,ENZV,2022-12,154,13,2.9917,scheduled_duration_under_3h,EKCH → ENZV,8.4416
EKCH,EPWA,2022-03,110,0,-9.475,scheduled_duration_under_3h,EKCH → EPWA,0.0
EKCH,EPWA,2022-06,149,3,-3.8667,scheduled_duration_under_3h,EKCH → EPWA,2.0134
EKCH,EPWA,2022-09,162,7,-2.3583,scheduled_duration_under_3h,EKCH → EPWA,4.321
EKCH,EPWA,2022-12,134,10,-1.2,scheduled_duration_under_3h,EKCH → EPWA,7.4627
EKCH,ESSA,2022-03,290,14,0.3417,scheduled_duration_under_3h,EKCH → ESSA,4.8276
EKCH,ESSA,2022-06,406,24,-0.375,scheduled_duration_under_3h,EKCH → ESSA,5.9113
EKCH,ESSA,2022-09,475,23,0.6333,scheduled_duration_under_3h,EKCH → ESSA,4.8421
EKCH,ESSA,2022-12,405,19,-2.8833,scheduled_duration_under_3h,EKCH → ESSA,4.6914
EKCH,LFPG,2022-03,259,22,2.5167,scheduled_duration_under_3h,EKCH → LFPG,8.4942
EKCH,LFPG,2022-06,273,51,6.0833,scheduled_duration_under_3h,EKCH → LFPG,18.6813
EKCH,LFPG,2022-09,275,45,5.0,scheduled_duration_under_3h,EKCH → LFPG,16.3636
EKCH,LFPG,2022-12,238,29,5.6083,scheduled_duration_under_3h,EKCH → LFPG,12.1849
EKCH,LSZH,2022-03,127,3,-1.6667,scheduled_duration_under_3h,EKCH → LSZH,2.3622
EKCH,LSZH,2022-06,135,15,1.45,scheduled_duration_under_3h,EKCH → LSZH,11.1111
EKCH,LSZH,2022-09,127,7,-0.65,scheduled_duration_under_3h,EKCH → LSZH,5.5118
EKCH,LSZH,2022-12,140,12,3.5333,scheduled_duration_under_3h,EKCH → LSZH,8.5714
EKRN,EKCH,2022-03,194,1,-3.275,scheduled_duration_under_3h,EKRN → EKCH,0.5155
EKRN,EKCH,2022-06,245,2,-2.5167,scheduled_duration_under_3h,EKRN → EKCH,0.8163
EKRN,EKCH,2022-09,206,3,-2.375,scheduled_duration_under_3h,EKRN → EKCH,1.4563
EKRN,EKCH,2022-12,175,0,-6.5,scheduled_duration_under_3h,EKRN → EKCH,0.0
EKYT,EKCH,2022-03,448,17,-0.1417,scheduled_duration_under_3h,EKYT → EKCH,3.7946
EKYT,EKCH,2022-06,448,17,-0.1,scheduled_duration_under_3h,EKYT → EKCH,3.7946
EKYT,EKCH,2022-09,479,17,-1.3167,scheduled_duration_under_3h,EKYT → EKCH,3.5491
EKYT,EKCH,2022-12,398,22,-3.5167,scheduled_duration_under_3h,EKYT → EKCH,5.5276
ELLX,EGLC,2022-03,138,3,-9.5333,scheduled_duration_under_3h,ELLX → EGLC,2.1739
ELLX,EGLC,2022-06,199,7,-7.15,scheduled_duration_under_3h,ELLX → EGLC,3.5176
ELLX,EGLC,2022-09,196,11,-7.0417,scheduled_duration_under_3h,ELLX → EGLC,5.6122
ELLX,EGLC,2022-12,141,10,-7.5167,scheduled_duration_under_3h,ELLX → EGLC,7.0922
ELLX,LIMC,2022-03,145,0,-22.4833,scheduled_duration_under_3h,ELLX → LIMC,0.0
ELLX,LIMC,2022-06,129,8,-12.0,scheduled_duration_under_3h,ELLX → LIMC,6.2016
ELLX,LIMC,2022-09,140,5,-14.425,scheduled_duration_under_3h,ELLX → LIMC,3.5714
ELLX,LIMC,2022-12,135,0,-11.6167,scheduled_duration_under_3h,ELLX → LIMC,0.0
ELLX,LPPR,2022-03,118,8,1.8417,scheduled_duration_under_3h,ELLX → LPPR,6.7797
ELLX,LPPR,2022-06,121,36,7.5833,scheduled_duration_under_3h,ELLX → LPPR,29.7521
ELLX,LPPR,2022-09,133,30,6.6167,scheduled_duration_under_3h,ELLX → LPPR,22.5564
ELLX,LPPR,2022-12,165,49,6.6667,scheduled_duration_under_3h,ELLX → LPPR,29.697
ENAL,ENBR,2022-03,182,4,-3.2583,scheduled_duration_under_3h,ENAL → ENBR,2.1978
ENAL,ENBR,2022-06,188,5,-3.325,scheduled_duration_under_3h,ENAL → ENBR,2.6596
ENAL,ENBR,2022-09,227,6,-4.8333,scheduled_duration_under_3h,ENAL → ENBR,2.6432
ENAL,ENBR,2022-12,148,6,-4.2167,scheduled_duration_under_3h,ENAL → ENBR,4.0541
ENAL,ENGM,2022-03,169,5,-1.6333,scheduled_duration_under_3h,ENAL → ENGM,2.9586
ENAL,ENGM,2022-06,197,7,1.8,scheduled_duration_under_3h,ENAL → ENGM,3.5533
ENAL,ENGM,2022-09,220,4,0.5167,scheduled_duration_under_3h,ENAL → ENGM,1.8182
ENAL,ENGM,2022-12,185,11,-0.85,scheduled_duration_under_3h,ENAL → ENGM,5.9459
ENBO,ENGM,2022-03,239,21,2.3167,scheduled_duration_under_3h,ENBO → ENGM,8.7866
ENBO,ENGM,2022-06,291,36,5.0333,scheduled_duration_under_3h,ENBO → ENGM,12.3711
ENBO,ENGM,2022-09,295,26,2.8833,scheduled_duration_under_3h,ENBO → ENGM,8.8136
ENBO,ENGM,2022-12,230,23,3.175,scheduled_duration_under_3h,ENBO → ENGM,10.0
ENBO,ENLK,2022-03,161,3,-9.2167,scheduled_duration_under_3h,ENBO → ENLK,1.8634
ENBO,ENLK,2022-06,148,3,-8.8833,scheduled_duration_under_3h,ENBO → ENLK,2.027
ENBO,ENLK,2022-09,186,0,-12.075,scheduled_duration_under_3h,ENBO → ENLK,0.0
ENBO,ENLK,2022-12,162,5,-7.25,scheduled_duration_under_3h,ENBO → ENLK,3.0864
ENBO,ENSH,2022-03,136,4,-4.2917,scheduled_duration_under_3h,ENBO → ENSH,2.9412
ENBO,ENSH,2022-06,121,0,-6.1667,scheduled_duration_under_3h,ENBO → ENSH,0.0
ENBO,ENSH,2022-09,124,0,-7.95,scheduled_duration_under_3h,ENBO → ENSH,0.0
ENBO,ENSH,2022-12,120,4,-4.9833,scheduled_duration_under_3h,ENBO → ENSH,3.3333
ENBO,ENTC,2022-03,153,12,-0.1667,scheduled_duration_under_3h,ENBO → ENTC,7.8431
ENBO,ENTC,2022-06,157,2,-3.7667,scheduled_duration_under_3h,ENBO → ENTC,1.2739
ENBO,ENTC,2022-09,179,2,-4.05,scheduled_duration_under_3h,ENBO → ENTC,1.1173
ENBO,ENTC,2022-12,119,15,5.1167,scheduled_duration_under_3h,ENBO → ENTC,12.605
ENBO,ENVA,2022-03,114,6,-11.2583,scheduled_duration_under_3h,ENBO → ENVA,5.2632
ENBO,ENVA,2022-06,158,1,-10.9,scheduled_duration_under_3h,ENBO → ENVA,0.6329
ENBO,ENVA,2022-09,192,1,-11.45,scheduled_duration_under_3h,ENBO → ENVA,0.5208
ENBO,ENVA,2022-12,130,14,-7.825,scheduled_duration_under_3h,ENBO → ENVA,10.7692
ENBR,EKCH,2022-03,100,2,-11.2833,scheduled_duration_under_3h,ENBR → EKCH,2.0
ENBR,EKCH,2022-06,142,0,-9.0833,scheduled_duration_under_3h,ENBR → EKCH,0.0
ENBR,EKCH,2022-09,148,4,-7.55,scheduled_duration_under_3h,ENBR → EKCH,2.7027
ENBR,EKCH,2022-12,116,0,-10.225,scheduled_duration_under_3h,ENBR → EKCH,0.0
ENBR,ENAL,2022-03,177,1,-7.1167,scheduled_duration_under_3h,ENBR → ENAL,0.565
ENBR,ENAL,2022-06,191,0,-5.9,scheduled_duration_under_3h,ENBR → ENAL,0.0
ENBR,ENAL,2022-09,225,1,-10.3167,scheduled_duration_under_3h,ENBR → ENAL,0.4444
ENBR,ENAL,2022-12,149,4,-8.9333,scheduled_duration_under_3h,ENBR → ENAL,2.6846
ENBR,ENCN,2022-03,167,0,-14.2167,scheduled_duration_under_3h,ENBR → ENCN,0.0
ENBR,ENCN,2022-06,157,1,-9.8167,scheduled_duration_under_3h,ENBR → ENCN,0.6369
ENBR,ENCN,2022-09,167,1,-12.9333,scheduled_duration_under_3h,ENBR → ENCN,0.5988
ENBR,ENCN,2022-12,135,1,-5.6167,scheduled_duration_under_3h,ENBR → ENCN,0.7407
ENBR,ENFL,2022-03,138,0,-24.7083,scheduled_duration_under_3h,ENBR → ENFL,0.0
ENBR,ENFL,2022-06,128,0,-25.525,scheduled_duration_under_3h,ENBR → ENFL,0.0
ENBR,ENFL,2022-09,152,0,-27.3917,scheduled_duration_under_3h,ENBR → ENFL,0.0
ENBR,ENFL,2022-12,121,0,-24.1667,scheduled_duration_under_3h,ENBR → ENFL,0.0
ENBR,ENGM,2022-03,619,1,-15.1833,scheduled_duration_under_3h,ENBR → ENGM,0.1616
ENBR,ENGM,2022-06,646,4,-11.4667,scheduled_duration_under_3h,ENBR → ENGM,0.6192
ENBR,ENGM,2022-09,811,2,-15.1333,scheduled_duration_under_3h,ENBR → ENGM,0.2466
ENBR,ENGM,2022-12,548,9,-13.1333,scheduled_duration_under_3h,ENBR → ENGM,1.6423
ENBR,ENTO,2022-03,144,0,-21.4417,scheduled_duration_under_3h,ENBR → ENTO,0.0
ENBR,ENTO,2022-06,150,0,-20.2167,scheduled_duration_under_3h,ENBR → ENTO,0.0
ENBR,ENTO,2022-09,154,0,-18.9333,scheduled_duration_under_3h,ENBR → ENTO,0.0
ENBR,ENTO,2022-12,137,0,-16.9667,scheduled_duration_under_3h,ENBR → ENTO,0.0
ENBR,ENVA,2022-03,276,2,-10.9333,scheduled_duration_under_3h,ENBR → ENVA,0.7246
ENBR,ENVA,2022-06,310,2,-8.2917,scheduled_duration_under_3h,ENBR → ENVA,0.6452
ENBR,ENVA,2022-09,351,2,-9.7,scheduled_duration_under_3h,ENBR → ENVA,0.5698
ENBR,ENVA,2022-12,242,7,-5.5667,scheduled_duration_under_3h,ENBR → ENVA,2.8926
ENBR,ENZV,2022-03,411,4,-9.25,scheduled_duration_under_3h,ENBR → ENZV,0.9732
ENBR,ENZV,2022-06,420,5,-7.5667,scheduled_duration_under_3h,ENBR → ENZV,1.1905
ENBR,ENZV,2022-09,507,9,-9.5833,scheduled_duration_under_3h,ENBR → ENZV,1.7751
ENBR,ENZV,2022-12,402,7,-7.075,scheduled_duration_under_3h,ENBR → ENZV,1.7413
ENCN,ENBR,2022-03,167,0,-14.5667,scheduled_duration_under_3h,ENCN → ENBR,0.0
ENCN,ENBR,2022-06,156,0,-11.1167,scheduled_duration_under_3h,ENCN → ENBR,0.0
ENCN,ENBR,2022-09,166,0,-12.1583,scheduled_duration_under_3h,ENCN → ENBR,0.0
ENCN,ENBR,2022-12,136,2,-9.275,scheduled_duration_under_3h,ENCN → ENBR,1.4706
ENCN,ENGM,2022-03,153,1,-6.6333,scheduled_duration_under_3h,ENCN → ENGM,0.6536
ENCN,ENGM,2022-06,158,2,-5.0,scheduled_duration_under_3h,ENCN → ENGM,1.2658
ENCN,ENGM,2022-09,187,2,-3.6667,scheduled_duration_under_3h,ENCN → ENGM,1.0695
ENCN,ENGM,2022-12,143,3,-2.4167,scheduled_duration_under_3h,ENCN → ENGM,2.0979
ENEV,ENGM,2022-03,166,8,0.2417,scheduled_duration_under_3h,ENEV → ENGM,4.8193
ENEV,ENGM,2022-06,202,15,1.825,scheduled_duration_under_3h,ENEV → ENGM,7.4257
ENEV,ENGM,2022-09,209,11,-0.1,scheduled_duration_under_3h,ENEV → ENGM,5.2632
ENEV,ENGM,2022-12,160,19,1.75,scheduled_duration_under_3h,ENEV → ENGM,11.875
ENFL,ENBR,2022-03,138,0,-18.1917,scheduled_duration_under_3h,ENFL → ENBR,0.0
ENFL,ENBR,2022-06,128,0,-16.9,scheduled_duration_under_3h,ENFL → ENBR,0.0
ENFL,ENBR,2022-09,151,0,-16.1333,scheduled_duration_under_3h,ENFL → ENBR,0.0
ENFL,ENBR,2022-12,122,3,-15.1167,scheduled_duration_under_3h,ENFL → ENBR,2.459
ENGM,EDDF,2022-03,111,6,-1.6333,scheduled_duration_under_3h,ENGM → EDDF,5.4054
ENGM,EDDF,2022-06,152,6,-3.9167,scheduled_duration_under_3h,ENGM → EDDF,3.9474
ENGM,EDDF,2022-09,115,3,-5.45,scheduled_duration_under_3h,ENGM → EDDF,2.6087
ENGM,EDDF,2022-12,130,13,1.8667,scheduled_duration_under_3h,ENGM → EDDF,10.0
ENGM,EFHK,2022-03,97,5,0.9833,scheduled_duration_under_3h,ENGM → EFHK,5.1546
ENGM,EFHK,2022-06,135,15,3.9667,scheduled_duration_under_3h,ENGM → EFHK,11.1111
ENGM,EFHK,2022-09,135,13,2.0,scheduled_duration_under_3h,ENGM → EFHK,9.6296
ENGM,EFHK,2022-12,135,28,6.05,scheduled_duration_under_3h,ENGM → EFHK,20.7407
ENGM,EGLL,2022-03,172,59,11.6667,scheduled_duration_under_3h,ENGM → EGLL,34.3023
ENGM,EGLL,2022-06,197,79,11.4167,scheduled_duration_under_3h,ENGM → EGLL,40.1015
ENGM,EGLL,2022-09,141,38,9.2333,scheduled_duration_under_3h,ENGM → EGLL,26.9504
ENGM,EGLL,2022-12,194,86,13.0917,scheduled_duration_under_3h,ENGM → EGLL,44.3299
ENGM,EHAM,2022-03,199,19,6.2167,scheduled_duration_under_3h,ENGM → EHAM,9.5477
ENGM,EHAM,2022-06,240,56,9.0833,scheduled_duration_under_3h,ENGM → EHAM,23.3333
ENGM,EHAM,2022-09,240,35,5.7917,scheduled_duration_under_3h,ENGM → EHAM,14.5833
ENGM,EHAM,2022-12,190,46,7.4,scheduled_duration_under_3h,ENGM → EHAM,24.2105
ENGM,EKCH,2022-03,387,3,-2.7167,scheduled_duration_under_3h,ENGM → EKCH,0.7752
ENGM,EKCH,2022-06,531,21,-1.4333,scheduled_duration_under_3h,ENGM → EKCH,3.9548
ENGM,EKCH,2022-09,557,11,-2.8,scheduled_duration_under_3h,ENGM → EKCH,1.9749
ENGM,EKCH,2022-12,465,19,-5.1167,scheduled_duration_under_3h,ENGM → EKCH,4.086
ENGM,ENAL,2022-03,174,13,3.3667,scheduled_duration_under_3h,ENGM → ENAL,7.4713
ENGM,ENAL,2022-06,202,25,6.4333,scheduled_duration_under_3h,ENGM → ENAL,12.3762
ENGM,ENAL,2022-09,227,18,3.5667,scheduled_duration_under_3h,ENGM → ENAL,7.9295
ENGM,ENAL,2022-12,194,35,4.875,scheduled_duration_under_3h,ENGM → ENAL,18.0412
ENGM,ENBO,2022-03,256,29,5.65,scheduled_duration_under_3h,ENGM → ENBO,11.3281
ENGM,ENBO,2022-06,307,47,7.5167,scheduled_duration_under_3h,ENGM → ENBO,15.3094
ENGM,ENBO,2022-09,313,22,4.5833,scheduled_duration_under_3h,ENGM → ENBO,7.0288
ENGM,ENBO,2022-12,238,48,6.425,scheduled_duration_under_3h,ENGM → ENBO,20.1681
ENGM,ENBR,2022-03,611,3,-3.3667,scheduled_duration_under_3h,ENGM → ENBR,0.491
ENGM,ENBR,2022-06,634,22,-1.3667,scheduled_duration_under_3h,ENGM → ENBR,3.47
ENGM,ENBR,2022-09,807,11,-4.1667,scheduled_duration_under_3h,ENGM → ENBR,1.3631
ENGM,ENBR,2022-12,541,33,-3.1667,scheduled_duration_under_3h,ENGM → ENBR,6.0998
ENGM,ENCN,2022-03,153,1,-6.6167,scheduled_duration_under_3h,ENGM → ENCN,0.6536
ENGM,ENCN,2022-06,158,0,-5.55,scheduled_duration_under_3h,ENGM → ENCN,0.0
ENGM,ENCN,2022-09,187,0,-6.7,scheduled_duration_under_3h,ENGM → ENCN,0.0
ENGM,ENCN,2022-12,143,6,-3.75,scheduled_duration_under_3h,ENGM → ENCN,4.1958
ENGM,ENEV,2022-03,166,36,8.3083,scheduled_duration_under_3h,ENGM → ENEV,21.6867
ENGM,ENEV,2022-06,201,44,8.7,scheduled_duration_under_3h,ENGM → ENEV,21.8905
ENGM,ENEV,2022-09,210,26,6.8667,scheduled_duration_under_3h,ENGM → ENEV,12.381
ENGM,ENEV,2022-12,156,42,8.8083,scheduled_duration_under_3h,ENGM → ENEV,26.9231
ENGM,ENHD,2022-03,161,5,-0.5,scheduled_duration_under_3h,ENGM → ENHD,3.1056
ENGM,ENHD,2022-06,160,7,1.8667,scheduled_duration_under_3h,ENGM → ENHD,4.375
ENGM,ENHD,2022-09,169,0,-0.65,scheduled_duration_under_3h,ENGM → ENHD,0.0
ENGM,ENHD,2022-12,133,13,1.65,scheduled_duration_under_3h,ENGM → ENHD,9.7744
ENGM,ENTC,2022-03,407,95,9.3,scheduled_duration_under_3h,ENGM → ENTC,23.3415
ENGM,ENTC,2022-06,366,92,10.1917,scheduled_duration_under_3h,ENGM → ENTC,25.1366
ENGM,ENTC,2022-09,394,56,7.1,scheduled_duration_under_3h,ENGM → ENTC,14.2132
ENGM,ENTC,2022-12,325,105,9.95,scheduled_duration_under_3h,ENGM → ENTC,32.3077
ENGM,ENVA,2022-03,704,17,-0.8667,scheduled_duration_under_3h,ENGM → ENVA,2.4148
ENGM,ENVA,2022-06,713,39,0.6167,scheduled_duration_under_3h,ENGM → ENVA,5.4698
ENGM,ENVA,2022-09,847,19,-0.5167,scheduled_duration_under_3h,ENGM → ENVA,2.2432
ENGM,ENVA,2022-12,618,50,-0.1,scheduled_duration_under_3h,ENGM → ENVA,8.0906
ENGM,ENZV,2022-03,512,8,0.35,scheduled_duration_under_3h,ENGM → ENZV,1.5625
ENGM,ENZV,2022-06,547,50,3.5833,scheduled_duration_under_3h,ENGM → ENZV,9.1408
ENGM,ENZV,2022-09,646,31,0.9083,scheduled_duration_under_3h,ENGM → ENZV,4.7988
ENGM,ENZV,2022-12,472,29,-0.075,scheduled_duration_under_3h,ENGM → ENZV,6.1441
ENGM,ESSA,2022-03,265,21,3.8333,scheduled_duration_under_3h,ENGM → ESSA,7.9245
ENGM,ESSA,2022-06,400,60,4.725,scheduled_duration_under_3h,ENGM → ESSA,15.0
ENGM,ESSA,2022-09,472,24,2.4083,scheduled_duration_under_3h,ENGM → ESSA,5.0847
ENGM,ESSA,2022-12,358,35,3.7583,scheduled_duration_under_3h,ENGM → ESSA,9.7765
ENGM,LFPG,2022-03,96,13,4.0083,scheduled_duration_under_3h,ENGM → LFPG,13.5417
ENGM,LFPG,2022-06,155,41,7.2,scheduled_duration_under_3h,ENGM → LFPG,26.4516
ENGM,LFPG,2022-09,145,13,2.4833,scheduled_duration_under_3h,ENGM → LFPG,8.9655
ENGM,LFPG,2022-12,123,26,5.65,scheduled_duration_under_3h,ENGM → LFPG,21.1382
ENHD,ENGM,2022-03,161,1,-3.75,scheduled_duration_under_3h,ENHD → ENGM,0.6211
ENHD,ENGM,2022-06,158,3,-1.3,scheduled_duration_under_3h,ENHD → ENGM,1.8987
ENHD,ENGM,2022-09,169,2,-2.2,scheduled_duration_under_3h,ENHD → ENGM,1.1834
ENHD,ENGM,2022-12,133,3,-1.8167,scheduled_duration_under_3h,ENHD → ENGM,2.2556
ENHF,ENTC,2022-03,192,5,-16.7917,scheduled_duration_under_3h,ENHF → ENTC,2.6042
ENHF,ENTC,2022-06,175,0,-19.8667,scheduled_duration_under_3h,ENHF → ENTC,0.0
ENHF,ENTC,2022-09,191,0,-19.4667,scheduled_duration_under_3h,ENHF → ENTC,0.0
ENHF,ENTC,2022-12,153,2,-14.75,scheduled_duration_under_3h,ENHF → ENTC,1.3072
ENLK,ENBO,2022-03,161,1,-6.0667,scheduled_duration_under_3h,ENLK → ENBO,0.6211
ENLK,ENBO,2022-06,149,0,-6.8833,scheduled_duration_under_3h,ENLK → ENBO,0.0
ENLK,ENBO,2022-09,186,0,-9.8167,scheduled_duration_under_3h,ENLK → ENBO,0.0
ENLK,ENBO,2022-12,163,2,-7.4333,scheduled_duration_under_3h,ENLK → ENBO,1.227
ENSH,ENBO,2022-03,136,3,-5.95,scheduled_duration_under_3h,ENSH → ENBO,2.2059
ENSH,ENBO,2022-06,141,1,-6.4333,scheduled_duration_under_3h,ENSH → ENBO,0.7092
ENSH,ENBO,2022-09,144,0,-13.325,scheduled_duration_under_3h,ENSH → ENBO,0.0
ENSH,ENBO,2022-12,132,1,-9.2417,scheduled_duration_under_3h,ENSH → ENBO,0.7576
ENTC,ENAT,2022-03,181,10,-5.9,scheduled_duration_under_3h,ENTC → ENAT,5.5249
ENTC,ENAT,2022-06,139,1,-9.6833,scheduled_duration_under_3h,ENTC → ENAT,0.7194
ENTC,ENAT,2022-09,152,1,-10.15,scheduled_duration_under_3h,ENTC → ENAT,0.6579
ENTC,ENAT,2022-12,140,4,-5.9917,scheduled_duration_under_3h,ENTC → ENAT,2.8571
ENTC,ENBO,2022-03,135,7,-13.3,scheduled_duration_under_3h,ENTC → ENBO,5.1852
ENTC,ENBO,2022-06,129,0,-18.4667,scheduled_duration_under_3h,ENTC → ENBO,0.0
ENTC,ENBO,2022-09,154,1,-17.275,scheduled_duration_under_3h,ENTC → ENBO,0.6494
ENTC,ENBO,2022-12,107,1,-8.9,scheduled_duration_under_3h,ENTC → ENBO,0.9346
ENTC,ENGM,2022-03,431,17,-2.4333,scheduled_duration_under_3h,ENTC → ENGM,3.9443
ENTC,ENGM,2022-06,391,23,-0.0167,scheduled_duration_under_3h,ENTC → ENGM,5.8824
ENTC,ENGM,2022-09,413,26,-1.7667,scheduled_duration_under_3h,ENTC → ENGM,6.2954
ENTC,ENGM,2022-12,339,53,3.9667,scheduled_duration_under_3h,ENTC → ENGM,15.6342
ENTC,ENHF,2022-03,162,9,-14.3417,scheduled_duration_under_3h,ENTC → ENHF,5.5556
ENTC,ENHF,2022-06,151,1,-19.0167,scheduled_duration_under_3h,ENTC → ENHF,0.6623
ENTC,ENHF,2022-09,162,0,-18.9833,scheduled_duration_under_3h,ENTC → ENHF,0.0
ENTC,ENHF,2022-12,130,1,-16.2833,scheduled_duration_under_3h,ENTC → ENHF,0.7692
ENTO,ENBR,2022-03,142,0,-14.9667,scheduled_duration_under_3h,ENTO → ENBR,0.0
ENTO,ENBR,2022-06,154,0,-13.7833,scheduled_duration_under_3h,ENTO → ENBR,0.0
ENTO,ENBR,2022-09,152,1,-14.5917,scheduled_duration_under_3h,ENTO → ENBR,0.6579
ENTO,ENBR,2022-12,135,0,-13.8833,scheduled_duration_under_3h,ENTO → ENBR,0.0
ENVA,ENBO,2022-03,122,7,-6.15,scheduled_duration_under_3h,ENVA → ENBO,5.7377
ENVA,ENBO,2022-06,164,2,-6.6,scheduled_duration_under_3h,ENVA → ENBO,1.2195
ENVA,ENBO,2022-09,188,3,-10.0833,scheduled_duration_under_3h,ENVA → ENBO,1.5957
ENVA,ENBO,2022-12,128,9,-9.4917,scheduled_duration_under_3h,ENVA → ENBO,7.0312
ENVA,ENBR,2022-03,289,3,-7.3833,scheduled_duration_under_3h,ENVA → ENBR,1.0381
ENVA,ENBR,2022-06,307,7,-5.8667,scheduled_duration_under_3h,ENVA → ENBR,2.2801
ENVA,ENBR,2022-09,352,8,-5.6083,scheduled_duration_under_3h,ENVA → ENBR,2.2727
ENVA,ENBR,2022-12,246,14,-3.7583,scheduled_duration_under_3h,ENVA → ENBR,5.6911
ENVA,ENGM,2022-03,696,7,-6.1583,scheduled_duration_under_3h,ENVA → ENGM,1.0057
ENVA,ENGM,2022-06,708,14,-4.1917,scheduled_duration_under_3h,ENVA → ENGM,1.9774
ENVA,ENGM,2022-09,851,6,-7.05,scheduled_duration_under_3h,ENVA → ENGM,0.7051
ENVA,ENGM,2022-12,626,29,-5.7833,scheduled_duration_under_3h,ENVA → ENGM,4.6326
ENZV,EKCH,2022-03,127,0,-6.6667,scheduled_duration_under_3h,ENZV → EKCH,0.0
ENZV,EKCH,2022-06,166,3,-6.7,scheduled_duration_under_3h,ENZV → EKCH,1.8072
ENZV,EKCH,2022-09,151,2,-6.4667,scheduled_duration_under_3h,ENZV → EKCH,1.3245
ENZV,EKCH,2022-12,154,0,-7.5,scheduled_duration_under_3h,ENZV → EKCH,0.0
ENZV,ENBR,2022-03,396,1,-15.9917,scheduled_duration_under_3h,ENZV → ENBR,0.2525
ENZV,ENBR,2022-06,426,2,-11.1667,scheduled_duration_under_3h,ENZV → ENBR,0.4695
ENZV,ENBR,2022-09,504,4,-14.2333,scheduled_duration_under_3h,ENZV → ENBR,0.7937
ENZV,ENBR,2022-12,398,6,-12.7333,scheduled_duration_under_3h,ENZV → ENBR,1.5075
ENZV,ENGM,2022-03,512,1,-11.1667,scheduled_duration_under_3h,ENZV → ENGM,0.1953
ENZV,ENGM,2022-06,539,3,-7.2833,scheduled_duration_under_3h,ENZV → ENGM,0.5566
ENZV,ENGM,2022-09,638,5,-7.825,scheduled_duration_under_3h,ENZV → ENGM,0.7837
ENZV,ENGM,2022-12,471,10,-9.0333,scheduled_duration_under_3h,ENZV → ENGM,2.1231
EPGD,EPWA,2022-03,113,0,-14.3167,scheduled_duration_under_3h,EPGD → EPWA,0.0
EPGD,EPWA,2022-06,164,2,-12.0083,scheduled_duration_under_3h,EPGD → EPWA,1.2195
EPGD,EPWA,2022-09,159,5,-4.8667,scheduled_duration_under_3h,EPGD → EPWA,3.1447
EPGD,EPWA,2022-12,168,15,-4.2917,scheduled_duration_under_3h,EPGD → EPWA,8.9286
EPKK,EPWA,2022-03,131,3,-7.75,scheduled_duration_under_3h,EPKK → EPWA,2.2901
EPKK,EPWA,2022-06,206,48,-1.1833,scheduled_duration_under_3h,EPKK → EPWA,23.301
EPKK,EPWA,2022-09,203,10,-1.2167,scheduled_duration_under_3h,EPKK → EPWA,4.9261
EPKK,EPWA,2022-12,185,6,-4.6,scheduled_duration_under_3h,EPKK → EPWA,3.2432
EPWA,EDDF,2022-03,135,0,-5.35,scheduled_duration_under_3h,EPWA → EDDF,0.0
EPWA,EDDF,2022-06,195,18,-3.6,scheduled_duration_under_3h,EPWA → EDDF,9.2308
EPWA,EDDF,2022-09,157,14,-1.8833,scheduled_duration_under_3h,EPWA → EDDF,8.9172
EPWA,EDDF,2022-12,164,10,-1.8833,scheduled_duration_under_3h,EPWA → EDDF,6.0976
EPWA,EDDM,2022-03,123,5,-2.2167,scheduled_duration_under_3h,EPWA → EDDM,4.065
EPWA,EDDM,2022-06,180,22,0.3083,scheduled_duration_under_3h,EPWA → EDDM,12.2222
EPWA,EDDM,2022-09,173,8,1.2167,scheduled_duration_under_3h,EPWA → EDDM,4.6243
EPWA,EDDM,2022-12,146,7,-2.7917,scheduled_duration_under_3h,EPWA → EDDM,4.7945
EPWA,EGLL,2022-03,94,57,17.1167,scheduled_duration_under_3h,EPWA → EGLL,60.6383
EPWA,EGLL,2022-06,158,88,16.6417,scheduled_duration_under_3h,EPWA → EGLL,55.6962
EPWA,EGLL,2022-09,156,72,13.6583,scheduled_duration_under_3h,EPWA → EGLL,46.1538
EPWA,EGLL,2022-12,165,83,15.1333,scheduled_duration_under_3h,EPWA → EGLL,50.303
EPWA,EHAM,2022-03,150,25,7.5833,scheduled_duration_under_3h,EPWA → EHAM,16.6667
EPWA,EHAM,2022-06,194,59,10.6,scheduled_duration_under_3h,EPWA → EHAM,30.4124
EPWA,EHAM,2022-09,181,33,6.3,scheduled_duration_under_3h,EPWA → EHAM,18.232
EPWA,EHAM,2022-12,180,30,6.8083,scheduled_duration_under_3h,EPWA → EHAM,16.6667
EPWA,EKCH,2022-03,112,2,-5.6667,scheduled_duration_under_3h,EPWA → EKCH,1.7857
EPWA,EKCH,2022-06,150,4,-5.9,scheduled_duration_under_3h,EPWA → EKCH,2.6667
EPWA,EKCH,2022-09,163,3,-5.1667,scheduled_duration_under_3h,EPWA → EKCH,1.8405
EPWA,EKCH,2022-12,133,2,-4.2667,scheduled_duration_under_3h,EPWA → EKCH,1.5038
EPWA,EPGD,2022-03,113,0,-7.8167,scheduled_duration_under_3h,EPWA → EPGD,0.0
EPWA,EPGD,2022-06,164,2,-5.5833,scheduled_duration_under_3h,EPWA → EPGD,1.2195
EPWA,EPGD,2022-09,161,11,-1.6833,scheduled_duration_under_3h,EPWA → EPGD,6.8323
EPWA,EPGD,2022-12,171,17,-0.25,scheduled_duration_under_3h,EPWA → EPGD,9.9415
EPWA,EPKK,2022-03,132,4,-4.2,scheduled_duration_under_3h,EPWA → EPKK,3.0303
EPWA,EPKK,2022-06,206,50,2.9417,scheduled_duration_under_3h,EPWA → EPKK,24.2718
EPWA,EPKK,2022-09,204,16,2.4833,scheduled_duration_under_3h,EPWA → EPKK,7.8431
EPWA,EPKK,2022-12,187,10,0.7167,scheduled_duration_under_3h,EPWA → EPKK,5.3476
EPWA,EPWR,2022-03,115,1,-1.3667,scheduled_duration_under_3h,EPWA → EPWR,0.8696
EPWA,EPWR,2022-06,178,12,1.7583,scheduled_duration_under_3h,EPWA → EPWR,6.7416
EPWA,EPWR,2022-09,176,13,4.5917,scheduled_duration_under_3h,EPWA → EPWR,7.3864
EPWA,EPWR,2022-12,178,12,3.6167,scheduled_duration_under_3h,EPWA → EPWR,6.7416
EPWA,LFPG,2022-03,140,22,4.775,scheduled_duration_under_3h,EPWA → LFPG,15.7143
EPWA,LFPG,2022-06,221,70,10.2,scheduled_duration_under_3h,EPWA → LFPG,31.6742
EPWA,LFPG,2022-09,208,57,9.8167,scheduled_duration_under_3h,EPWA → LFPG,27.4038
EPWA,LFPG,2022-12,188,37,5.5667,scheduled_duration_under_3h,EPWA → LFPG,19.6809
EPWA,LOWW,2022-03,99,7,3.2333,scheduled_duration_under_3h,EPWA → LOWW,7.0707
EPWA,LOWW,2022-06,166,51,10.525,scheduled_duration_under_3h,EPWA → LOWW,30.7229
EPWA,LOWW,2022-09,166,42,9.0417,scheduled_duration_under_3h,EPWA → LOWW,25.3012
EPWA,LOWW,2022-12,156,21,1.9,scheduled_duration_under_3h,EPWA → LOWW,13.4615
EPWR,EPWA,2022-03,115,0,-11.9333,scheduled_duration_under_3h,EPWR → EPWA,0.0
EPWR,EPWA,2022-06,177,5,-7.7,scheduled_duration_under_3h,EPWR → EPWA,2.8249
EPWR,EPWA,2022-09,175,4,-3.1667,scheduled_duration_under_3h,EPWR → EPWA,2.2857
EPWR,EPWA,2022-12,177,4,-8.65,scheduled_duration_under_3h,EPWR → EPWA,2.2599
ESGG,ESSA,2022-03,190,6,-2.1583,scheduled_duration_under_3h,ESGG → ESSA,3.1579
ESGG,ESSA,2022-06,202,15,-0.7917,scheduled_duration_under_3h,ESGG → ESSA,7.4257
ESGG,ESSA,2022-09,214,15,-0.4417,scheduled_duration_under_3h,ESGG → ESSA,7.0093
ESGG,ESSA,2022-12,190,4,-1.5,scheduled_duration_under_3h,ESGG → ESSA,2.1053
ESGG,ESSB,2022-03,114,0,-8.025,scheduled_duration_under_3h,ESGG → ESSB,0.0
ESGG,ESSB,2022-06,135,1,-5.7333,scheduled_duration_under_3h,ESGG → ESSB,0.7407
ESGG,ESSB,2022-09,164,0,-4.4917,scheduled_duration_under_3h,ESGG → ESSB,0.0
ESGG,ESSB,2022-12,127,1,-3.8333,scheduled_duration_under_3h,ESGG → ESSB,0.7874
ESMS,ESSA,2022-03,182,3,-6.8333,scheduled_duration_under_3h,ESMS → ESSA,1.6484
ESMS,ESSA,2022-06,167,2,-5.9833,scheduled_duration_under_3h,ESMS → ESSA,1.1976
ESMS,ESSA,2022-09,186,2,-3.775,scheduled_duration_under_3h,ESMS → ESSA,1.0753
ESMS,ESSA,2022-12,148,4,-3.675,scheduled_duration_under_3h,ESMS → ESSA,2.7027
ESMS,ESSB,2022-03,162,1,-4.9583,scheduled_duration_under_3h,ESMS → ESSB,0.6173
ESMS,ESSB,2022-06,203,4,-3.7167,scheduled_duration_under_3h,ESMS → ESSB,1.9704
ESMS,ESSB,2022-09,250,0,-4.6,scheduled_duration_under_3h,ESMS → ESSB,0.0
ESMS,ESSB,2022-12,209,6,-2.1333,scheduled_duration_under_3h,ESMS → ESSB,2.8708
ESNU,ESSA,2022-03,185,8,-3.0,scheduled_duration_under_3h,ESNU → ESSA,4.3243
ESNU,ESSA,2022-06,185,14,0.5333,scheduled_duration_under_3h,ESNU → ESSA,7.5676
ESNU,ESSA,2022-09,267,9,-1.6833,scheduled_duration_under_3h,ESNU → ESSA,3.3708
ESNU,ESSA,2022-12,213,32,4.9167,scheduled_duration_under_3h,ESNU → ESSA,15.0235
ESPA,ESSA,2022-03,252,34,3.4083,scheduled_duration_under_3h,ESPA → ESSA,13.4921
ESPA,ESSA,2022-06,304,26,1.2583,scheduled_duration_under_3h,ESPA → ESSA,8.5526
ESPA,ESSA,2022-09,345,35,0.75,scheduled_duration_under_3h,ESPA → ESSA,10.1449
ESPA,ESSA,2022-12,331,42,1.7,scheduled_duration_under_3h,ESPA → ESSA,12.6888
ESSA,EDDF,2022-03,113,0,-5.6667,scheduled_duration_under_3h,ESSA → EDDF,0.0
ESSA,EDDF,2022-06,176,5,-4.4917,scheduled_duration_under_3h,ESSA → EDDF,2.8409
ESSA,EDDF,2022-09,138,2,-8.0417,scheduled_duration_under_3h,ESSA → EDDF,1.4493
ESSA,EDDF,2022-12,136,8,-3.8583,scheduled_duration_under_3h,ESSA → EDDF,5.8824
ESSA,EFHK,2022-03,307,2,-5.4333,scheduled_duration_under_3h,ESSA → EFHK,0.6515
ESSA,EFHK,2022-06,345,13,-0.25,scheduled_duration_under_3h,ESSA → EFHK,3.7681
ESSA,EFHK,2022-09,423,7,-4.3,scheduled_duration_under_3h,ESSA → EFHK,1.6548
ESSA,EFHK,2022-12,446,22,-0.9583,scheduled_duration_under_3h,ESSA → EFHK,4.9327
ESSA,EGLL,2022-03,195,31,6.2667,scheduled_duration_under_3h,ESSA → EGLL,15.8974
ESSA,EGLL,2022-06,230,54,7.9417,scheduled_duration_under_3h,ESSA → EGLL,23.4783
ESSA,EGLL,2022-09,209,61,7.6333,scheduled_duration_under_3h,ESSA → EGLL,29.1866
ESSA,EGLL,2022-12,256,87,10.0833,scheduled_duration_under_3h,ESSA → EGLL,33.9844
ESSA,EHAM,2022-03,216,16,-0.0833,scheduled_duration_under_3h,ESSA → EHAM,7.4074
ESSA,EHAM,2022-06,233,71,8.1,scheduled_duration_under_3h,ESSA → EHAM,30.4721
ESSA,EHAM,2022-09,247,41,1.5,scheduled_duration_under_3h,ESSA → EHAM,16.5992
ESSA,EHAM,2022-12,229,39,5.4833,scheduled_duration_under_3h,ESSA → EHAM,17.0306
ESSA,EKCH,2022-03,286,0,-8.525,scheduled_duration_under_3h,ESSA → EKCH,0.0
ESSA,EKCH,2022-06,404,3,-5.875,scheduled_duration_under_3h,ESSA → EKCH,0.7426
ESSA,EKCH,2022-09,472,4,-5.9333,scheduled_duration_under_3h,ESSA → EKCH,0.8475
ESSA,EKCH,2022-12,385,3,-7.2,scheduled_duration_under_3h,ESSA → EKCH,0.7792
ESSA,ENGM,2022-03,262,5,-4.275,scheduled_duration_under_3h,ESSA → ENGM,1.9084
ESSA,ENGM,2022-06,405,13,-1.6667,scheduled_duration_under_3h,ESSA → ENGM,3.2099
ESSA,ENGM,2022-09,473,7,-4.35,scheduled_duration_under_3h,ESSA → ENGM,1.4799
ESSA,ENGM,2022-12,351,15,-0.8833,scheduled_duration_under_3h,ESSA → ENGM,4.2735
ESSA,ESGG,2022-03,197,5,-6.5333,scheduled_duration_under_3h,ESSA → ESGG,2.5381
ESSA,ESGG,2022-06,201,7,-4.4167,scheduled_duration_under_3h,ESSA → ESGG,3.4826
ESSA,ESGG,2022-09,214,6,-3.9167,scheduled_duration_under_3h,ESSA → ESGG,2.8037
ESSA,ESGG,2022-12,189,9,-1.5,scheduled_duration_under_3h,ESSA → ESGG,4.7619
ESSA,ESMS,2022-03,164,3,-11.0833,scheduled_duration_under_3h,ESSA → ESMS,1.8293
ESSA,ESMS,2022-06,152,5,-5.9667,scheduled_duration_under_3h,ESSA → ESMS,3.2895
ESSA,ESMS,2022-09,170,1,-6.575,scheduled_duration_under_3h,ESSA → ESMS,0.5882
ESSA,ESMS,2022-12,137,11,-1.6167,scheduled_duration_under_3h,ESSA → ESMS,8.0292
ESSA,ESNU,2022-03,185,4,-5.2667,scheduled_duration_under_3h,ESSA → ESNU,2.1622
ESSA,ESNU,2022-06,184,4,-3.4583,scheduled_duration_under_3h,ESSA → ESNU,2.1739
ESSA,ESNU,2022-09,267,12,-6.1167,scheduled_duration_under_3h,ESSA → ESNU,4.4944
ESSA,ESNU,2022-12,211,8,-5.5833,scheduled_duration_under_3h,ESSA → ESNU,3.7915
ESSA,ESPA,2022-03,253,7,-2.3667,scheduled_duration_under_3h,ESSA → ESPA,2.7668
ESSA,ESPA,2022-06,308,15,-0.5417,scheduled_duration_under_3h,ESSA → ESPA,4.8701
ESSA,ESPA,2022-09,348,15,-1.3667,scheduled_duration_under_3h,ESSA → ESPA,4.3103
ESSA,ESPA,2022-12,335,23,-0.3167,scheduled_duration_under_3h,ESSA → ESPA,6.8657
ESSA,LFPG,2022-03,142,5,-3.2167,scheduled_duration_under_3h,ESSA → LFPG,3.5211
ESSA,LFPG,2022-06,175,27,3.85,scheduled_duration_under_3h,ESSA → LFPG,15.4286
ESSA,LFPG,2022-09,189,23,1.2167,scheduled_duration_under_3h,ESSA → LFPG,12.1693
ESSA,LFPG,2022-12,160,14,1.6583,scheduled_duration_under_3h,ESSA → LFPG,8.75
ESSB,ESGG,2022-03,114,3,-4.2583,scheduled_duration_under_3h,ESSB → ESGG,2.6316
ESSB,ESGG,2022-06,136,2,-0.625,scheduled_duration_under_3h,ESSB → ESGG,1.4706
ESSB,ESGG,2022-09,165,5,1.5167,scheduled_duration_under_3h,ESSB → ESGG,3.0303
ESSB,ESGG,2022-12,126,10,1.2917,scheduled_duration_under_3h,ESSB → ESGG,7.9365
ESSB,ESMS,2022-03,162,3,-0.8083,scheduled_duration_under_3h,ESSB → ESMS,1.8519
ESSB,ESMS,2022-06,203,4,1.7333,scheduled_duration_under_3h,ESSB → ESMS,1.9704
ESSB,ESMS,2022-09,251,1,0.05,scheduled_duration_under_3h,ESSB → ESMS,0.3984
ESSB,ESMS,2022-12,209,3,0.9333,scheduled_duration_under_3h,ESSB → ESMS,1.4354
ESSB,ESSV,2022-03,117,1,-2.7167,scheduled_duration_under_3h,ESSB → ESSV,0.8547
ESSB,ESSV,2022-06,161,2,0.5167,scheduled_duration_under_3h,ESSB → ESSV,1.2422
ESSB,ESSV,2022-09,183,0,-0.85,scheduled_duration_under_3h,ESSB → ESSV,0.0
ESSB,ESSV,2022-12,148,2,-0.55,scheduled_duration_under_3h,ESSB → ESSV,1.3514
ESSV,ESSB,2022-03,115,1,-5.5,scheduled_duration_under_3h,ESSV → ESSB,0.8696
ESSV,ESSB,2022-06,162,1,-5.0417,scheduled_duration_under_3h,ESSV → ESSB,0.6173
ESSV,ESSB,2022-09,183,0,-6.2167,scheduled_duration_under_3h,ESSV → ESSB,0.0
ESSV,ESSB,2022-12,148,1,-4.8,scheduled_duration_under_3h,ESSV → ESSB,0.6757
EVRA,EFHK,2022-03,132,2,-3.325,scheduled_duration_under_3h,EVRA → EFHK,1.5152
EVRA,EFHK,2022-06,173,7,0.4,scheduled_duration_under_3h,EVRA → EFHK,4.0462
EVRA,EFHK,2022-09,188,3,-2.725,scheduled_duration_under_3h,EVRA → EFHK,1.5957
EVRA,EFHK,2022-12,202,18,-0.325,scheduled_duration_under_3h,EVRA → EFHK,8.9109
GCFV,GCLP,2022-03,491,6,-5.4167,scheduled_duration_under_3h,GCFV → GCLP,1.222
GCFV,GCLP,2022-06,462,5,-5.8917,scheduled_duration_under_3h,GCFV → GCLP,1.0823
GCFV,GCLP,2022-09,474,19,-3.8083,scheduled_duration_under_3h,GCFV → GCLP,4.0084
GCFV,GCLP,2022-12,499,30,-3.4833,scheduled_duration_under_3h,GCFV → GCLP,6.012
GCFV,GCXO,2022-03,216,0,-15.825,scheduled_duration_under_3h,GCFV → GCXO,0.0
GCFV,GCXO,2022-06,221,6,-13.75,scheduled_duration_under_3h,GCFV → GCXO,2.7149
GCFV,GCXO,2022-09,279,1,-13.0333,scheduled_duration_under_3h,GCFV → GCXO,0.3584
GCFV,GCXO,2022-12,208,7,-11.6333,scheduled_duration_under_3h,GCFV → GCXO,3.3654
GCHI,GCXO,2022-03,175,0,-5.9333,scheduled_duration_under_3h,GCHI → GCXO,0.0
GCHI,GCXO,2022-06,170,5,-4.0083,scheduled_duration_under_3h,GCHI → GCXO,2.9412
GCHI,GCXO,2022-09,164,0,-6.1667,scheduled_duration_under_3h,GCHI → GCXO,0.0
GCHI,GCXO,2022-12,168,0,-5.2167,scheduled_duration_under_3h,GCHI → GCXO,0.0
GCLA,GCLP,2022-03,173,2,-2.1667,scheduled_duration_under_3h,GCLA → GCLP,1.1561
GCLA,GCLP,2022-06,165,3,-1.4,scheduled_duration_under_3h,GCLA → GCLP,1.8182
GCLA,GCLP,2022-09,186,2,-1.5167,scheduled_duration_under_3h,GCLA → GCLP,1.0753
GCLA,GCLP,2022-12,179,12,0.1833,scheduled_duration_under_3h,GCLA → GCLP,6.7039
GCLA,GCXO,2022-03,488,5,-3.95,scheduled_duration_under_3h,GCLA → GCXO,1.0246
GCLA,GCXO,2022-06,501,17,-3.2333,scheduled_duration_under_3h,GCLA → GCXO,3.3932
GCLA,GCXO,2022-09,463,10,-3.8,scheduled_duration_under_3h,GCLA → GCXO,2.1598
GCLA,GCXO,2022-12,514,11,-5.625,scheduled_duration_under_3h,GCLA → GCXO,2.1401
GCLP,GCFV,2022-03,482,14,-1.8417,scheduled_duration_under_3h,GCLP → GCFV,2.9046
GCLP,GCFV,2022-06,466,3,-2.6083,scheduled_duration_under_3h,GCLP → GCFV,0.6438
GCLP,GCFV,2022-09,468,18,-1.2583,scheduled_duration_under_3h,GCLP → GCFV,3.8462
GCLP,GCFV,2022-12,488,37,-0.7917,scheduled_duration_under_3h,GCLP → GCFV,7.582
GCLP,GCLA,2022-03,161,2,-4.6167,scheduled_duration_under_3h,GCLP → GCLA,1.2422
GCLP,GCLA,2022-06,164,3,-4.1083,scheduled_duration_under_3h,GCLP → GCLA,1.8293
GCLP,GCLA,2022-09,181,3,-4.75,scheduled_duration_under_3h,GCLP → GCLA,1.6575
GCLP,GCLA,2022-12,180,9,-2.9,scheduled_duration_under_3h,GCLP → GCLA,5.0
GCLP,GCRR,2022-03,580,16,-2.6167,scheduled_duration_under_3h,GCLP → GCRR,2.7586
GCLP,GCRR,2022-06,575,6,-3.1333,scheduled_duration_under_3h,GCLP → GCRR,1.0435
GCLP,GCRR,2022-09,590,16,-2.5917,scheduled_duration_under_3h,GCLP → GCRR,2.7119
GCLP,GCRR,2022-12,645,55,-1.3167,scheduled_duration_under_3h,GCLP → GCRR,8.5271
GCLP,GCTS,2022-03,167,4,-10.1667,scheduled_duration_under_3h,GCLP → GCTS,2.3952
GCLP,GCTS,2022-06,136,4,-13.275,scheduled_duration_under_3h,GCLP → GCTS,2.9412
GCLP,GCTS,2022-09,131,7,-11.3667,scheduled_duration_under_3h,GCLP → GCTS,5.3435
GCLP,GCTS,2022-12,204,23,-3.2083,scheduled_duration_under_3h,GCLP → GCTS,11.2745
GCLP,GCXO,2022-03,645,6,-8.8167,scheduled_duration_under_3h,GCLP → GCXO,0.9302
GCLP,GCXO,2022-06,640,18,-9.2,scheduled_duration_under_3h,GCLP → GCXO,2.8125
GCLP,GCXO,2022-09,486,13,-7.0417,scheduled_duration_under_3h,GCLP → GCXO,2.6749
GCLP,GCXO,2022-12,618,25,-5.5417,scheduled_duration_under_3h,GCLP → GCXO,4.0453
GCLP,LEMD,2022-03,308,30,3.9083,scheduled_duration_under_3h,GCLP → LEMD,9.7403
GCLP,LEMD,2022-06,325,39,3.6,scheduled_duration_under_3h,GCLP → LEMD,12.0
GCLP,LEMD,2022-09,341,51,4.7833,scheduled_duration_under_3h,GCLP → LEMD,14.956
GCLP,LEMD,2022-12,408,62,4.5833,scheduled_duration_under_3h,GCLP → LEMD,15.1961
GCRR,GCLP,2022-03,577,8,-8.6167,scheduled_duration_under_3h,GCRR → GCLP,1.3865
GCRR,GCLP,2022-06,579,3,-8.45,scheduled_duration_under_3h,GCRR → GCLP,0.5181
GCRR,GCLP,2022-09,590,20,-7.3667,scheduled_duration_under_3h,GCRR → GCLP,3.3898
GCRR,GCLP,2022-12,646,42,-7.6083,scheduled_duration_under_3h,GCRR → GCLP,6.5015
GCRR,GCXO,2022-03,266,0,-14.6083,scheduled_duration_under_3h,GCRR → GCXO,0.0
GCRR,GCXO,2022-06,265,3,-12.1167,scheduled_duration_under_3h,GCRR → GCXO,1.1321
GCRR,GCXO,2022-09,352,3,-13.6667,scheduled_duration_under_3h,GCRR → GCXO,0.8523
GCRR,GCXO,2022-12,283,5,-11.5,scheduled_duration_under_3h,GCRR → GCXO,1.7668
GCRR,LEMD,2022-03,139,11,3.1333,scheduled_duration_under_3h,GCRR → LEMD,7.9137
GCRR,LEMD,2022-06,137,12,3.35,scheduled_duration_under_3h,GCRR → LEMD,8.7591
GCRR,LEMD,2022-09,147,14,1.8333,scheduled_duration_under_3h,GCRR → LEMD,9.5238
GCRR,LEMD,2022-12,154,15,3.3917,scheduled_duration_under_3h,GCRR → LEMD,9.7403
GCTS,GCLP,2022-03,143,6,-8.1667,scheduled_duration_under_3h,GCTS → GCLP,4.1958
GCTS,GCLP,2022-06,158,0,-8.7667,scheduled_duration_under_3h,GCTS → GCLP,0.0
GCTS,GCLP,2022-09,151,8,-6.2167,scheduled_duration_under_3h,GCTS → GCLP,5.298
GCTS,GCLP,2022-12,164,10,-4.9583,scheduled_duration_under_3h,GCTS → GCLP,6.0976
GCXO,GCFV,2022-03,217,0,-5.9667,scheduled_duration_under_3h,GCXO → GCFV,0.0
GCXO,GCFV,2022-06,222,4,-3.6333,scheduled_duration_under_3h,GCXO → GCFV,1.8018
GCXO,GCFV,2022-09,283,0,-5.0833,scheduled_duration_under_3h,GCXO → GCFV,0.0
GCXO,GCFV,2022-12,208,5,-6.3,scheduled_duration_under_3h,GCXO → GCFV,2.4038
GCXO,GCHI,2022-03,175,1,-3.1167,scheduled_duration_under_3h,GCXO → GCHI,0.5714
GCXO,GCHI,2022-06,173,4,-1.5167,scheduled_duration_under_3h,GCXO → GCHI,2.3121
GCXO,GCHI,2022-09,169,1,-2.5667,scheduled_duration_under_3h,GCXO → GCHI,0.5917
GCXO,GCHI,2022-12,168,6,0.275,scheduled_duration_under_3h,GCXO → GCHI,3.5714
GCXO,GCLA,2022-03,490,3,-5.4917,scheduled_duration_under_3h,GCXO → GCLA,0.6122
GCXO,GCLA,2022-06,505,5,-4.25,scheduled_duration_under_3h,GCXO → GCLA,0.9901
GCXO,GCLA,2022-09,466,11,-4.425,scheduled_duration_under_3h,GCXO → GCLA,2.3605
GCXO,GCLA,2022-12,513,18,-2.4167,scheduled_duration_under_3h,GCXO → GCLA,3.5088
GCXO,GCLP,2022-03,645,8,-8.2667,scheduled_duration_under_3h,GCXO → GCLP,1.2403
GCXO,GCLP,2022-06,643,5,-6.8667,scheduled_duration_under_3h,GCXO → GCLP,0.7776
GCXO,GCLP,2022-09,481,9,-6.8667,scheduled_duration_under_3h,GCXO → GCLP,1.8711
GCXO,GCLP,2022-12,616,26,-7.5583,scheduled_duration_under_3h,GCXO → GCLP,4.2208
GCXO,GCRR,2022-03,267,4,-3.9333,scheduled_duration_under_3h,GCXO → GCRR,1.4981
GCXO,GCRR,2022-06,270,5,-1.5833,scheduled_duration_under_3h,GCXO → GCRR,1.8519
GCXO,GCRR,2022-09,351,2,-4.0167,scheduled_duration_under_3h,GCXO → GCRR,0.5698
GCXO,GCRR,2022-12,286,25,-2.4583,scheduled_duration_under_3h,GCXO → GCRR,8.7413
GCXO,LEMD,2022-03,302,30,3.075,scheduled_duration_under_3h,GCXO → LEMD,9.9338
GCXO,LEMD,2022-06,289,34,1.7,scheduled_duration_under_3h,GCXO → LEMD,11.7647
GCXO,LEMD,2022-09,295,26,3.4667,scheduled_duration_under_3h,GCXO → LEMD,8.8136
GCXO,LEMD,2022-12,366,33,2.3667,scheduled_duration_under_3h,GCXO → LEMD,9.0164
GEML,LEMG,2022-03,168,1,-15.1667,scheduled_duration_under_3h,GEML → LEMG,0.5952
GEML,LEMG,2022-06,192,1,-6.3667,scheduled_duration_under_3h,GEML → LEMG,0.5208
GEML,LEMG,2022-09,198,2,-8.7167,scheduled_duration_under_3h,GEML → LEMG,1.0101
GEML,LEMG,2022-12,176,0,-11.4917,scheduled_duration_under_3h,GEML → LEMG,0.0
GMMN,LFPG,2022-03,136,16,2.85,scheduled_duration_under_3h,GMMN → LFPG,11.7647
GMMN,LFPG,2022-06,160,19,1.5167,scheduled_duration_under_3h,GMMN → LFPG,11.875
GMMN,LFPG,2022-09,152,31,6.7333,scheduled_duration_under_3h,GMMN → LFPG,20.3947
GMMN,LFPG,2022-12,131,23,5.2667,scheduled_duration_under_3h,GMMN → LFPG,17.5573
GMMN,LFPO,2022-03,167,20,2.7833,scheduled_duration_under_3h,GMMN → LFPO,11.976
GMMN,LFPO,2022-06,169,44,9.6333,scheduled_duration_under_3h,GMMN → LFPO,26.0355
GMMN,LFPO,2022-09,207,63,10.7667,scheduled_duration_under_3h,GMMN → LFPO,30.4348
GMMN,LFPO,2022-12,191,61,9.5833,scheduled_duration_under_3h,GMMN → LFPO,31.9372
GMMX,LFPO,2022-03,100,12,3.2167,scheduled_duration_under_3h,GMMX → LFPO,12.0
GMMX,LFPO,2022-06,136,30,5.2083,scheduled_duration_under_3h,GMMX → LFPO,22.0588
GMMX,LFPO,2022-09,126,33,8.8833,scheduled_duration_under_3h,GMMX → LFPO,26.1905
GMMX,LFPO,2022-12,138,37,8.4583,scheduled_duration_under_3h,GMMX → LFPO,26.8116
HECA,LTFM,2022-03,202,66,8.775,scheduled_duration_under_3h,HECA → LTFM,32.6733
HECA,LTFM,2022-06,196,48,7.9833,scheduled_duration_under_3h,HECA → LTFM,24.4898
HECA,LTFM,2022-09,192,51,5.8333,scheduled_duration_under_3h,HECA → LTFM,26.5625
HECA,LTFM,2022-12,199,44,4.15,scheduled_duration_under_3h,HECA → LTFM,22.1106
HECA,OLBA,2022-03,115,20,0.6167,scheduled_duration_under_3h,HECA → OLBA,17.3913
HECA,OLBA,2022-06,140,31,2.3083,scheduled_duration_under_3h,HECA → OLBA,22.1429
HECA,OLBA,2022-09,142,17,0.525,scheduled_duration_under_3h,HECA → OLBA,11.9718
HECA,OLBA,2022-12,159,25,2.2167,scheduled_duration_under_3h,HECA → OLBA,15.7233
LCLK,LGAV,2022-03,284,21,1.7583,scheduled_duration_under_3h,LCLK → LGAV,7.3944
LCLK,LGAV,2022-06,374,92,7.8333,scheduled_duration_under_3h,LCLK → LGAV,24.5989
LCLK,LGAV,2022-09,357,57,6.55,scheduled_duration_under_3h,LCLK → LGAV,15.9664
LCLK,LGAV,2022-12,378,12,-1.3333,scheduled_duration_under_3h,LCLK → LGAV,3.1746
LCLK,LLBG,2022-03,88,15,1.1917,scheduled_duration_under_3h,LCLK → LLBG,17.0455
LCLK,LLBG,2022-06,163,32,6.6667,scheduled_duration_under_3h,LCLK → LLBG,19.6319
LCLK,LLBG,2022-09,180,45,6.25,scheduled_duration_under_3h,LCLK → LLBG,25.0
LCLK,LLBG,2022-12,153,8,-0.8,scheduled_duration_under_3h,LCLK → LLBG,5.2288
LDZA,EDDF,2022-03,123,1,-6.0,scheduled_duration_under_3h,LDZA → EDDF,0.813
LDZA,EDDF,2022-06,133,17,-2.5667,scheduled_duration_under_3h,LDZA → EDDF,12.782
LDZA,EDDF,2022-09,121,8,-0.1333,scheduled_duration_under_3h,LDZA → EDDF,6.6116
LDZA,EDDF,2022-12,136,8,-3.1,scheduled_duration_under_3h,LDZA → EDDF,5.8824
LEAL,EGCC,2022-03,155,7,2.4,scheduled_duration_under_3h,LEAL → EGCC,4.5161
LEAL,EGCC,2022-06,194,34,4.9417,scheduled_duration_under_3h,LEAL → EGCC,17.5258
LEAL,EGCC,2022-09,200,37,6.2833,scheduled_duration_under_3h,LEAL → EGCC,18.5
LEAL,EGCC,2022-12,140,9,-0.7667,scheduled_duration_under_3h,LEAL → EGCC,6.4286
LEAL,EGKK,2022-03,107,1,-3.3,scheduled_duration_under_3h,LEAL → EGKK,0.9346
LEAL,EGKK,2022-06,175,32,3.55,scheduled_duration_under_3h,LEAL → EGKK,18.2857
LEAL,EGKK,2022-09,182,55,7.2417,scheduled_duration_under_3h,LEAL → EGKK,30.2198
LEAL,EGKK,2022-12,133,15,3.0167,scheduled_duration_under_3h,LEAL → EGKK,11.2782
LEAL,LEMD,2022-03,141,3,-1.4833,scheduled_duration_under_3h,LEAL → LEMD,2.1277
LEAL,LEMD,2022-06,159,22,4.3167,scheduled_duration_under_3h,LEAL → LEMD,13.8365
LEAL,LEMD,2022-09,145,20,4.7167,scheduled_duration_under_3h,LEAL → LEMD,13.7931
LEAL,LEMD,2022-12,137,23,6.2333,scheduled_duration_under_3h,LEAL → LEMD,16.7883
LEAL,LEPA,2022-03,102,0,-6.55,scheduled_duration_under_3h,LEAL → LEPA,0.0
LEAL,LEPA,2022-06,157,2,-1.8833,scheduled_duration_under_3h,LEAL → LEPA,1.2739
LEAL,LEPA,2022-09,161,12,-0.1167,scheduled_duration_under_3h,LEAL → LEPA,7.4534
LEAL,LEPA,2022-12,125,3,-3.5167,scheduled_duration_under_3h,LEAL → LEPA,2.4
LEBB,LEBL,2022-03,157,4,-4.9667,scheduled_duration_under_3h,LEBB → LEBL,2.5478
LEBB,LEBL,2022-06,166,8,-0.3333,scheduled_duration_under_3h,LEBB → LEBL,4.8193
LEBB,LEBL,2022-09,156,16,4.5,scheduled_duration_under_3h,LEBB → LEBL,10.2564
LEBB,LEBL,2022-12,140,8,0.7333,scheduled_duration_under_3h,LEBB → LEBL,5.7143
LEBB,LEMD,2022-03,208,10,-3.4917,scheduled_duration_under_3h,LEBB → LEMD,4.8077
LEBB,LEMD,2022-06,208,31,2.2917,scheduled_duration_under_3h,LEBB → LEMD,14.9038
LEBB,LEMD,2022-09,242,32,0.625,scheduled_duration_under_3h,LEBB → LEMD,13.2231
LEBB,LEMD,2022-12,246,17,-1.4333,scheduled_duration_under_3h,LEBB → LEMD,6.9106
LEBL,EBBR,2022-03,173,22,4.1667,scheduled_duration_under_3h,LEBL → EBBR,12.7168
LEBL,EBBR,2022-06,212,63,8.525,scheduled_duration_under_3h,LEBL → EBBR,29.717
LEBL,EBBR,2022-09,217,44,5.45,scheduled_duration_under_3h,LEBL → EBBR,20.2765
LEBL,EBBR,2022-12,161,38,7.0167,scheduled_duration_under_3h,LEBL → EBBR,23.6025
LEBL,EDDF,2022-03,154,0,-10.8167,scheduled_duration_under_3h,LEBL → EDDF,0.0
LEBL,EDDF,2022-06,234,11,-6.7,scheduled_duration_under_3h,LEBL → EDDF,4.7009
LEBL,EDDF,2022-09,194,8,-11.875,scheduled_duration_under_3h,LEBL → EDDF,4.1237
LEBL,EDDF,2022-12,190,3,-10.7167,scheduled_duration_under_3h,LEBL → EDDF,1.5789
LEBL,EDDM,2022-03,142,2,-4.3917,scheduled_duration_under_3h,LEBL → EDDM,1.4085
LEBL,EDDM,2022-06,229,29,-0.4333,scheduled_duration_under_3h,LEBL → EDDM,12.6638
LEBL,EDDM,2022-09,221,8,-6.1667,scheduled_duration_under_3h,LEBL → EDDM,3.6199
LEBL,EDDM,2022-12,151,8,-3.7833,scheduled_duration_under_3h,LEBL → EDDM,5.298
LEBL,EGKK,2022-03,156,12,1.05,scheduled_duration_under_3h,LEBL → EGKK,7.6923
LEBL,EGKK,2022-06,330,148,13.3917,scheduled_duration_under_3h,LEBL → EGKK,44.8485
LEBL,EGKK,2022-09,350,134,11.3833,scheduled_duration_under_3h,LEBL → EGKK,38.2857
LEBL,EGKK,2022-12,261,65,5.7667,scheduled_duration_under_3h,LEBL → EGKK,24.9042
LEBL,EGLL,2022-03,155,39,8.8167,scheduled_duration_under_3h,LEBL → EGLL,25.1613
LEBL,EGLL,2022-06,176,87,14.875,scheduled_duration_under_3h,LEBL → EGLL,49.4318
LEBL,EGLL,2022-09,174,76,11.0083,scheduled_duration_under_3h,LEBL → EGLL,43.6782
LEBL,EGLL,2022-12,198,72,8.8583,scheduled_duration_under_3h,LEBL → EGLL,36.3636
LEBL,EHAM,2022-03,325,35,5.2333,scheduled_duration_under_3h,LEBL → EHAM,10.7692
LEBL,EHAM,2022-06,364,159,13.1833,scheduled_duration_under_3h,LEBL → EHAM,43.6813
LEBL,EHAM,2022-09,360,83,7.5167,scheduled_duration_under_3h,LEBL → EHAM,23.0556
LEBL,EHAM,2022-12,289,68,9.1667,scheduled_duration_under_3h,LEBL → EHAM,23.5294
LEBL,EIDW,2022-03,124,22,3.075,scheduled_duration_under_3h,LEBL → EIDW,17.7419
LEBL,EIDW,2022-06,165,53,9.1,scheduled_duration_under_3h,LEBL → EIDW,32.1212
LEBL,EIDW,2022-09,162,28,0.8,scheduled_duration_under_3h,LEBL → EIDW,17.284
LEBL,EIDW,2022-12,135,31,5.55,scheduled_duration_under_3h,LEBL → EIDW,22.963
LEBL,LEBB,2022-03,157,10,2.1,scheduled_duration_under_3h,LEBL → LEBB,6.3694
LEBL,LEBB,2022-06,167,24,5.8333,scheduled_duration_under_3h,LEBL → LEBB,14.3713
LEBL,LEBB,2022-09,157,11,-0.0167,scheduled_duration_under_3h,LEBL → LEBB,7.0064
LEBL,LEBB,2022-12,139,31,5.7667,scheduled_duration_under_3h,LEBL → LEBB,22.3022
LEBL,LEIB,2022-03,242,6,-3.6833,scheduled_duration_under_3h,LEBL → LEIB,2.4793
LEBL,LEIB,2022-06,363,45,1.7,scheduled_duration_under_3h,LEBL → LEIB,12.3967
LEBL,LEIB,2022-09,351,17,-5.0333,scheduled_duration_under_3h,LEBL → LEIB,4.8433
LEBL,LEIB,2022-12,251,10,-4.1667,scheduled_duration_under_3h,LEBL → LEIB,3.9841
LEBL,LEMD,2022-03,426,24,2.0167,scheduled_duration_under_3h,LEBL → LEMD,5.6338
LEBL,LEMD,2022-06,430,100,8.8,scheduled_duration_under_3h,LEBL → LEMD,23.2558
LEBL,LEMD,2022-09,491,58,2.5333,scheduled_duration_under_3h,LEBL → LEMD,11.8126
LEBL,LEMD,2022-12,453,126,9.2667,scheduled_duration_under_3h,LEBL → LEMD,27.8146
LEBL,LEMG,2022-03,193,21,5.2667,scheduled_duration_under_3h,LEBL → LEMG,10.8808
LEBL,LEMG,2022-06,193,61,11.6833,scheduled_duration_under_3h,LEBL → LEMG,31.6062
LEBL,LEMG,2022-09,198,30,4.4667,scheduled_duration_under_3h,LEBL → LEMG,15.1515
LEBL,LEMG,2022-12,185,54,9.8833,scheduled_duration_under_3h,LEBL → LEMG,29.1892
LEBL,LEMH,2022-03,175,2,-1.3667,scheduled_duration_under_3h,LEBL → LEMH,1.1429
LEBL,LEMH,2022-06,313,35,2.3667,scheduled_duration_under_3h,LEBL → LEMH,11.1821
LEBL,LEMH,2022-09,299,8,-5.0833,scheduled_duration_under_3h,LEBL → LEMH,2.6756
LEBL,LEMH,2022-12,145,4,-2.6,scheduled_duration_under_3h,LEBL → LEMH,2.7586
LEBL,LEPA,2022-03,527,11,-1.0167,scheduled_duration_under_3h,LEBL → LEPA,2.0873
LEBL,LEPA,2022-06,670,98,3.85,scheduled_duration_under_3h,LEBL → LEPA,14.6269
LEBL,LEPA,2022-09,667,52,-2.3667,scheduled_duration_under_3h,LEBL → LEPA,7.7961
LEBL,LEPA,2022-12,551,33,0.3167,scheduled_duration_under_3h,LEBL → LEPA,5.9891
LEBL,LEZL,2022-03,253,14,3.1167,scheduled_duration_under_3h,LEBL → LEZL,5.5336
LEBL,LEZL,2022-06,227,53,7.1167,scheduled_duration_under_3h,LEBL → LEZL,23.348
LEBL,LEZL,2022-09,245,30,2.2833,scheduled_duration_under_3h,LEBL → LEZL,12.2449
LEBL,LEZL,2022-12,207,34,7.6,scheduled_duration_under_3h,LEBL → LEZL,16.4251
LEBL,LFPG,2022-03,288,14,-0.1833,scheduled_duration_under_3h,LEBL → LFPG,4.8611
LEBL,LFPG,2022-06,349,70,5.8667,scheduled_duration_under_3h,LEBL → LFPG,20.0573
LEBL,LFPG,2022-09,356,43,1.1417,scheduled_duration_under_3h,LEBL → LFPG,12.0787
LEBL,LFPG,2022-12,309,41,4.65,scheduled_duration_under_3h,LEBL → LFPG,13.2686
LEBL,LFPO,2022-03,219,24,2.9667,scheduled_duration_under_3h,LEBL → LFPO,10.9589
LEBL,LFPO,2022-06,260,50,6.8833,scheduled_duration_under_3h,LEBL → LFPO,19.2308
LEBL,LFPO,2022-09,258,38,2.6667,scheduled_duration_under_3h,LEBL → LFPO,14.7287
LEBL,LFPO,2022-12,205,33,7.15,scheduled_duration_under_3h,LEBL → LFPO,16.0976
LEBL,LIMC,2022-03,265,2,-14.2667,scheduled_duration_under_3h,LEBL → LIMC,0.7547
LEBL,LIMC,2022-06,272,13,-9.8833,scheduled_duration_under_3h,LEBL → LIMC,4.7794
LEBL,LIMC,2022-09,302,13,-14.9167,scheduled_duration_under_3h,LEBL → LIMC,4.3046
LEBL,LIMC,2022-12,239,7,-14.4333,scheduled_duration_under_3h,LEBL → LIMC,2.9289
LEBL,LIRF,2022-03,225,4,-7.1167,scheduled_duration_under_3h,LEBL → LIRF,1.7778
LEBL,LIRF,2022-06,309,20,-2.0333,scheduled_duration_under_3h,LEBL → LIRF,6.4725
LEBL,LIRF,2022-09,308,17,-9.0833,scheduled_duration_under_3h,LEBL → LIRF,5.5195
LEBL,LIRF,2022-12,311,16,-6.6333,scheduled_duration_under_3h,LEBL → LIRF,5.1447
LEBL,LOWW,2022-03,92,20,8.3167,scheduled_duration_under_3h,LEBL → LOWW,21.7391
LEBL,LOWW,2022-06,161,46,8.85,scheduled_duration_under_3h,LEBL → LOWW,28.5714
LEBL,LOWW,2022-09,166,35,6.4,scheduled_duration_under_3h,LEBL → LOWW,21.0843
LEBL,LOWW,2022-12,139,36,7.4,scheduled_duration_under_3h,LEBL → LOWW,25.8993
LEBL,LPPR,2022-03,133,3,0.1833,scheduled_duration_under_3h,LEBL → LPPR,2.2556
LEBL,LPPR,2022-06,152,32,7.0167,scheduled_duration_under_3h,LEBL → LPPR,21.0526
LEBL,LPPR,2022-09,158,24,1.625,scheduled_duration_under_3h,LEBL → LPPR,15.1899
LEBL,LPPR,2022-12,129,20,7.5333,scheduled_duration_under_3h,LEBL → LPPR,15.5039
LEBL,LPPT,2022-03,236,30,5.8417,scheduled_duration_under_3h,LEBL → LPPT,12.7119
LEBL,LPPT,2022-06,286,117,12.975,scheduled_duration_under_3h,LEBL → LPPT,40.9091
LEBL,LPPT,2022-09,297,85,8.1,scheduled_duration_under_3h,LEBL → LPPT,28.6195
LEBL,LPPT,2022-12,317,122,11.3667,scheduled_duration_under_3h,LEBL → LPPT,38.4858
LEBL,LSGG,2022-03,143,4,-3.6833,scheduled_duration_under_3h,LEBL → LSGG,2.7972
LEBL,LSGG,2022-06,117,28,4.35,scheduled_duration_under_3h,LEBL → LSGG,23.9316
LEBL,LSGG,2022-09,141,21,0.1333,scheduled_duration_under_3h,LEBL → LSGG,14.8936
LEBL,LSGG,2022-12,165,7,-1.35,scheduled_duration_under_3h,LEBL → LSGG,4.2424
LEBL,LSZH,2022-03,105,7,-0.0333,scheduled_duration_under_3h,LEBL → LSZH,6.6667
LEBL,LSZH,2022-06,170,35,4.3333,scheduled_duration_under_3h,LEBL → LSZH,20.5882
LEBL,LSZH,2022-09,178,15,-2.9083,scheduled_duration_under_3h,LEBL → LSZH,8.427
LEBL,LSZH,2022-12,165,11,-0.7833,scheduled_duration_under_3h,LEBL → LSZH,6.6667
LECO,LEMD,2022-03,172,6,0.4,scheduled_duration_under_3h,LECO → LEMD,3.4884
LECO,LEMD,2022-06,127,14,4.5667,scheduled_duration_under_3h,LECO → LEMD,11.0236
LECO,LEMD,2022-09,234,26,2.2167,scheduled_duration_under_3h,LECO → LEMD,11.1111
LECO,LEMD,2022-12,237,10,1.6333,scheduled_duration_under_3h,LECO → LEMD,4.2194
LEIB,LEBL,2022-03,242,4,-7.3667,scheduled_duration_under_3h,LEIB → LEBL,1.6529
LEIB,LEBL,2022-06,361,11,0.5,scheduled_duration_under_3h,LEIB → LEBL,3.0471
LEIB,LEBL,2022-09,352,23,0.3333,scheduled_duration_under_3h,LEIB → LEBL,6.5341
LEIB,LEBL,2022-12,251,1,-4.95,scheduled_duration_under_3h,LEIB → LEBL,0.3984
LEIB,LEMD,2022-03,191,7,-3.4667,scheduled_duration_under_3h,LEIB → LEMD,3.6649
LEIB,LEMD,2022-06,295,35,4.4333,scheduled_duration_under_3h,LEIB → LEMD,11.8644
LEIB,LEMD,2022-09,318,41,4.425,scheduled_duration_under_3h,LEIB → LEMD,12.8931
LEIB,LEMD,2022-12,208,30,2.1417,scheduled_duration_under_3h,LEIB → LEMD,14.4231
LEIB,LEPA,2022-03,363,0,-9.45,scheduled_duration_under_3h,LEIB → LEPA,0.0
LEIB,LEPA,2022-06,381,9,-2.2333,scheduled_duration_under_3h,LEIB → LEPA,2.3622
LEIB,LEPA,2022-09,439,23,-4.6667,scheduled_duration_under_3h,LEIB → LEPA,5.2392
LEIB,LEPA,2022-12,366,3,-12.0833,scheduled_duration_under_3h,LEIB → LEPA,0.8197
LEMD,EBBR,2022-03,246,25,4.3583,scheduled_duration_under_3h,LEMD → EBBR,10.1626
LEMD,EBBR,2022-06,270,47,5.4583,scheduled_duration_under_3h,LEMD → EBBR,17.4074
LEMD,EBBR,2022-09,281,58,7.0833,scheduled_duration_under_3h,LEMD → EBBR,20.6406
LEMD,EBBR,2022-12,276,36,5.275,scheduled_duration_under_3h,LEMD → EBBR,13.0435
LEMD,EDDF,2022-03,241,1,-10.6667,scheduled_duration_under_3h,LEMD → EDDF,0.4149
LEMD,EDDF,2022-06,280,15,-6.075,scheduled_duration_under_3h,LEMD → EDDF,5.3571
LEMD,EDDF,2022-09,245,13,-5.9167,scheduled_duration_under_3h,LEMD → EDDF,5.3061
LEMD,EDDF,2022-12,262,10,-6.7917,scheduled_duration_under_3h,LEMD → EDDF,3.8168
LEMD,EDDM,2022-03,221,1,-5.05,scheduled_duration_under_3h,LEMD → EDDM,0.4525
LEMD,EDDM,2022-06,259,23,0.4333,scheduled_duration_under_3h,LEMD → EDDM,8.8803
LEMD,EDDM,2022-09,249,25,1.1167,scheduled_duration_under_3h,LEMD → EDDM,10.0402
LEMD,EDDM,2022-12,248,10,-1.35,scheduled_duration_under_3h,LEMD → EDDM,4.0323
LEMD,EGKK,2022-03,140,13,1.5083,scheduled_duration_under_3h,LEMD → EGKK,9.2857
LEMD,EGKK,2022-06,209,68,10.9167,scheduled_duration_under_3h,LEMD → EGKK,32.5359
LEMD,EGKK,2022-09,201,91,13.5667,scheduled_duration_under_3h,LEMD → EGKK,45.2736
LEMD,EGKK,2022-12,209,61,6.6333,scheduled_duration_under_3h,LEMD → EGKK,29.1866
LEMD,EGLL,2022-03,293,61,7.0,scheduled_duration_under_3h,LEMD → EGLL,20.8191
LEMD,EGLL,2022-06,340,111,9.8083,scheduled_duration_under_3h,LEMD → EGLL,32.6471
LEMD,EGLL,2022-09,336,154,13.4083,scheduled_duration_under_3h,LEMD → EGLL,45.8333
LEMD,EGLL,2022-12,379,140,11.1667,scheduled_duration_under_3h,LEMD → EGLL,36.9393
LEMD,EHAM,2022-03,268,24,3.6333,scheduled_duration_under_3h,LEMD → EHAM,8.9552
LEMD,EHAM,2022-06,246,69,9.7667,scheduled_duration_under_3h,LEMD → EHAM,28.0488
LEMD,EHAM,2022-09,260,56,8.15,scheduled_duration_under_3h,LEMD → EHAM,21.5385
LEMD,EHAM,2022-12,250,52,6.6667,scheduled_duration_under_3h,LEMD → EHAM,20.8
LEMD,EIDW,2022-03,114,12,3.4417,scheduled_duration_under_3h,LEMD → EIDW,10.5263
LEMD,EIDW,2022-06,128,33,7.8833,scheduled_duration_under_3h,LEMD → EIDW,25.7812
LEMD,EIDW,2022-09,118,18,3.0833,scheduled_duration_under_3h,LEMD → EIDW,15.2542
LEMD,EIDW,2022-12,151,22,3.2167,scheduled_duration_under_3h,LEMD → EIDW,14.5695
LEMD,GCLP,2022-03,302,42,5.5417,scheduled_duration_under_3h,LEMD → GCLP,13.9073
LEMD,GCLP,2022-06,321,78,8.2167,scheduled_duration_under_3h,LEMD → GCLP,24.2991
LEMD,GCLP,2022-09,337,83,8.7,scheduled_duration_under_3h,LEMD → GCLP,24.6291
LEMD,GCLP,2022-12,392,94,8.2333,scheduled_duration_under_3h,LEMD → GCLP,23.9796
LEMD,GCRR,2022-03,139,2,-6.3333,scheduled_duration_under_3h,LEMD → GCRR,1.4388
LEMD,GCRR,2022-06,131,5,-4.95,scheduled_duration_under_3h,LEMD → GCRR,3.8168
LEMD,GCRR,2022-09,146,9,-4.7667,scheduled_duration_under_3h,LEMD → GCRR,6.1644
LEMD,GCRR,2022-12,148,15,-1.5667,scheduled_duration_under_3h,LEMD → GCRR,10.1351
LEMD,GCXO,2022-03,303,23,2.5,scheduled_duration_under_3h,LEMD → GCXO,7.5908
LEMD,GCXO,2022-06,285,55,5.8667,scheduled_duration_under_3h,LEMD → GCXO,19.2982
LEMD,GCXO,2022-09,287,49,5.65,scheduled_duration_under_3h,LEMD → GCXO,17.0732
LEMD,GCXO,2022-12,340,62,6.925,scheduled_duration_under_3h,LEMD → GCXO,18.2353
LEMD,LEAL,2022-03,141,10,2.4167,scheduled_duration_under_3h,LEMD → LEAL,7.0922
LEMD,LEAL,2022-06,159,37,6.6833,scheduled_duration_under_3h,LEMD → LEAL,23.2704
LEMD,LEAL,2022-09,145,16,5.9667,scheduled_duration_under_3h,LEMD → LEAL,11.0345
LEMD,LEAL,2022-12,137,27,7.0833,scheduled_duration_under_3h,LEMD → LEAL,19.708
LEMD,LEBB,2022-03,210,12,1.6833,scheduled_duration_under_3h,LEMD → LEBB,5.7143
LEMD,LEBB,2022-06,208,26,3.0667,scheduled_duration_under_3h,LEMD → LEBB,12.5
LEMD,LEBB,2022-09,244,21,2.65,scheduled_duration_under_3h,LEMD → LEBB,8.6066
LEMD,LEBB,2022-12,246,29,4.025,scheduled_duration_under_3h,LEMD → LEBB,11.7886
LEMD,LEBL,2022-03,425,22,0.1333,scheduled_duration_under_3h,LEMD → LEBL,5.1765
LEMD,LEBL,2022-06,430,49,3.2083,scheduled_duration_under_3h,LEMD → LEBL,11.3953
LEMD,LEBL,2022-09,489,52,2.8833,scheduled_duration_under_3h,LEMD → LEBL,10.6339
LEMD,LEBL,2022-12,447,33,1.1667,scheduled_duration_under_3h,LEMD → LEBL,7.3826
LEMD,LECO,2022-03,170,18,4.8417,scheduled_duration_under_3h,LEMD → LECO,10.5882
LEMD,LECO,2022-06,126,19,4.3917,scheduled_duration_under_3h,LEMD → LECO,15.0794
LEMD,LECO,2022-09,234,38,4.7917,scheduled_duration_under_3h,LEMD → LECO,16.2393
LEMD,LECO,2022-12,236,35,5.15,scheduled_duration_under_3h,LEMD → LECO,14.8305
LEMD,LEIB,2022-03,190,4,-3.3083,scheduled_duration_under_3h,LEMD → LEIB,2.1053
LEMD,LEIB,2022-06,295,15,-1.1667,scheduled_duration_under_3h,LEMD → LEIB,5.0847
LEMD,LEIB,2022-09,318,13,-2.2417,scheduled_duration_under_3h,LEMD → LEIB,4.0881
LEMD,LEIB,2022-12,209,8,-3.05,scheduled_duration_under_3h,LEMD → LEIB,3.8278
LEMD,LEMG,2022-03,132,17,5.9167,scheduled_duration_under_3h,LEMD → LEMG,12.8788
LEMD,LEMG,2022-06,177,55,9.3667,scheduled_duration_under_3h,LEMD → LEMG,31.0734
LEMD,LEMG,2022-09,224,25,4.4833,scheduled_duration_under_3h,LEMD → LEMG,11.1607
LEMD,LEMG,2022-12,211,43,7.1167,scheduled_duration_under_3h,LEMD → LEMG,20.3791
LEMD,LEPA,2022-03,470,9,-2.7167,scheduled_duration_under_3h,LEMD → LEPA,1.9149
LEMD,LEPA,2022-06,497,26,-2.0333,scheduled_duration_under_3h,LEMD → LEPA,5.2314
LEMD,LEPA,2022-09,502,39,-2.975,scheduled_duration_under_3h,LEMD → LEPA,7.7689
LEMD,LEPA,2022-12,509,17,-6.3667,scheduled_duration_under_3h,LEMD → LEPA,3.3399
LEMD,LEST,2022-03,150,6,0.7417,scheduled_duration_under_3h,LEMD → LEST,4.0
LEMD,LEST,2022-06,133,26,5.5167,scheduled_duration_under_3h,LEMD → LEST,19.5489
LEMD,LEST,2022-09,139,17,3.8167,scheduled_duration_under_3h,LEMD → LEST,12.2302
LEMD,LEST,2022-12,138,30,7.3833,scheduled_duration_under_3h,LEMD → LEST,21.7391
LEMD,LEVC,2022-03,155,9,-0.7,scheduled_duration_under_3h,LEMD → LEVC,5.8065
LEMD,LEVC,2022-06,147,13,1.45,scheduled_duration_under_3h,LEMD → LEVC,8.8435
LEMD,LEVC,2022-09,150,18,4.7583,scheduled_duration_under_3h,LEMD → LEVC,12.0
LEMD,LEVC,2022-12,144,16,3.9333,scheduled_duration_under_3h,LEMD → LEVC,11.1111
LEMD,LEVX,2022-03,182,22,5.525,scheduled_duration_under_3h,LEMD → LEVX,12.0879
LEMD,LEVX,2022-06,188,38,8.2917,scheduled_duration_under_3h,LEMD → LEVX,20.2128
LEMD,LEVX,2022-09,239,47,7.8333,scheduled_duration_under_3h,LEMD → LEVX,19.6653
LEMD,LEVX,2022-12,226,61,9.3833,scheduled_duration_under_3h,LEMD → LEVX,26.9912
LEMD,LFPG,2022-03,309,9,-0.5333,scheduled_duration_under_3h,LEMD → LFPG,2.9126
LEMD,LFPG,2022-06,312,37,1.7583,scheduled_duration_under_3h,LEMD → LFPG,11.859
LEMD,LFPG,2022-09,308,33,3.2083,scheduled_duration_under_3h,LEMD → LFPG,10.7143
LEMD,LFPG,2022-12,301,35,4.1333,scheduled_duration_under_3h,LEMD → LFPG,11.6279
LEMD,LFPO,2022-03,325,19,2.1,scheduled_duration_under_3h,LEMD → LFPO,5.8462
LEMD,LFPO,2022-06,352,25,3.2917,scheduled_duration_under_3h,LEMD → LFPO,7.1023
LEMD,LFPO,2022-09,365,49,3.2667,scheduled_duration_under_3h,LEMD → LFPO,13.4247
LEMD,LFPO,2022-12,377,45,4.6833,scheduled_duration_under_3h,LEMD → LFPO,11.9363
LEMD,LIMC,2022-03,190,0,-12.5417,scheduled_duration_under_3h,LEMD → LIMC,0.0
LEMD,LIMC,2022-06,171,13,-8.65,scheduled_duration_under_3h,LEMD → LIMC,7.6023
LEMD,LIMC,2022-09,180,7,-8.95,scheduled_duration_under_3h,LEMD → LIMC,3.8889
LEMD,LIMC,2022-12,214,3,-12.55,scheduled_duration_under_3h,LEMD → LIMC,1.4019
LEMD,LIRF,2022-03,272,1,-3.8917,scheduled_duration_under_3h,LEMD → LIRF,0.3676
LEMD,LIRF,2022-06,349,30,-0.1833,scheduled_duration_under_3h,LEMD → LIRF,8.596
LEMD,LIRF,2022-09,349,18,-4.35,scheduled_duration_under_3h,LEMD → LIRF,5.1576
LEMD,LIRF,2022-12,369,14,-4.9667,scheduled_duration_under_3h,LEMD → LIRF,3.794
LEMD,LPPR,2022-03,243,20,2.4167,scheduled_duration_under_3h,LEMD → LPPR,8.2305
LEMD,LPPR,2022-06,325,44,4.6333,scheduled_duration_under_3h,LEMD → LPPR,13.5385
LEMD,LPPR,2022-09,335,37,3.9,scheduled_duration_under_3h,LEMD → LPPR,11.0448
LEMD,LPPR,2022-12,315,57,4.95,scheduled_duration_under_3h,LEMD → LPPR,18.0952
LEMD,LPPT,2022-03,437,38,1.75,scheduled_duration_under_3h,LEMD → LPPT,8.6957
LEMD,LPPT,2022-06,530,120,7.0583,scheduled_duration_under_3h,LEMD → LPPT,22.6415
LEMD,LPPT,2022-09,536,149,8.4,scheduled_duration_under_3h,LEMD → LPPT,27.7985
LEMD,LPPT,2022-12,553,141,7.4333,scheduled_duration_under_3h,LEMD → LPPT,25.4973
LEMD,LSGG,2022-03,171,4,-3.7833,scheduled_duration_under_3h,LEMD → LSGG,2.3392
LEMD,LSGG,2022-06,166,8,-1.3083,scheduled_duration_under_3h,LEMD → LSGG,4.8193
LEMD,LSGG,2022-09,161,15,-1.4333,scheduled_duration_under_3h,LEMD → LSGG,9.3168
LEMD,LSGG,2022-12,192,15,-1.1917,scheduled_duration_under_3h,LEMD → LSGG,7.8125
LEMD,LSZH,2022-03,168,2,-2.0,scheduled_duration_under_3h,LEMD → LSZH,1.1905
LEMD,LSZH,2022-06,174,30,3.3917,scheduled_duration_under_3h,LEMD → LSZH,17.2414
LEMD,LSZH,2022-09,172,24,4.475,scheduled_duration_under_3h,LEMD → LSZH,13.9535
LEMD,LSZH,2022-12,199,14,-0.6,scheduled_duration_under_3h,LEMD → LSZH,7.0352
LEMG,EGKK,2022-03,125,13,2.7167,scheduled_duration_under_3h,LEMG → EGKK,10.4
LEMG,EGKK,2022-06,294,108,10.5917,scheduled_duration_under_3h,LEMG → EGKK,36.7347
LEMG,EGKK,2022-09,296,94,9.4667,scheduled_duration_under_3h,LEMG → EGKK,31.7568
LEMG,EGKK,2022-12,223,43,4.7167,scheduled_duration_under_3h,LEMG → EGKK,19.2825
LEMG,EHAM,2022-03,145,16,5.25,scheduled_duration_under_3h,LEMG → EHAM,11.0345
LEMG,EHAM,2022-06,183,64,9.3333,scheduled_duration_under_3h,LEMG → EHAM,34.9727
LEMG,EHAM,2022-09,151,46,9.9833,scheduled_duration_under_3h,LEMG → EHAM,30.4636
LEMG,EHAM,2022-12,127,15,3.85,scheduled_duration_under_3h,LEMG → EHAM,11.811
LEMG,GEML,2022-03,168,3,0.8083,scheduled_duration_under_3h,LEMG → GEML,1.7857
LEMG,GEML,2022-06,194,20,6.5333,scheduled_duration_under_3h,LEMG → GEML,10.3093
LEMG,GEML,2022-09,196,27,5.2,scheduled_duration_under_3h,LEMG → GEML,13.7755
LEMG,GEML,2022-12,178,12,2.5583,scheduled_duration_under_3h,LEMG → GEML,6.7416
LEMG,LEBL,2022-03,190,36,5.9083,scheduled_duration_under_3h,LEMG → LEBL,18.9474
LEMG,LEBL,2022-06,192,42,7.8333,scheduled_duration_under_3h,LEMG → LEBL,21.875
LEMG,LEBL,2022-09,196,44,8.3083,scheduled_duration_under_3h,LEMG → LEBL,22.449
LEMG,LEBL,2022-12,184,30,5.6333,scheduled_duration_under_3h,LEMG → LEBL,16.3043
LEMG,LEMD,2022-03,132,15,4.45,scheduled_duration_under_3h,LEMG → LEMD,11.3636
LEMG,LEMD,2022-06,184,36,5.0333,scheduled_duration_under_3h,LEMG → LEMD,19.5652
LEMG,LEMD,2022-09,213,31,2.8833,scheduled_duration_under_3h,LEMG → LEMD,14.554
LEMG,LEMD,2022-12,211,25,2.4667,scheduled_duration_under_3h,LEMG → LEMD,11.8483
LEMH,LEBL,2022-03,177,0,-7.6833,scheduled_duration_under_3h,LEMH → LEBL,0.0
LEMH,LEBL,2022-06,313,12,-0.25,scheduled_duration_under_3h,LEMH → LEBL,3.8339
LEMH,LEBL,2022-09,301,35,1.8167,scheduled_duration_under_3h,LEMH → LEBL,11.6279
LEMH,LEBL,2022-12,145,4,-6.1167,scheduled_duration_under_3h,LEMH → LEBL,2.7586
LEMH,LEPA,2022-03,284,0,-4.5667,scheduled_duration_under_3h,LEMH → LEPA,0.0
LEMH,LEPA,2022-06,308,19,-2.6917,scheduled_duration_under_3h,LEMH → LEPA,6.1688
LEMH,LEPA,2022-09,338,23,-5.225,scheduled_duration_under_3h,LEMH → LEPA,6.8047
LEMH,LEPA,2022-12,274,0,-9.25,scheduled_duration_under_3h,LEMH → LEPA,0.0
LEPA,EDDB,2022-03,144,18,2.225,scheduled_duration_under_3h,LEPA → EDDB,12.5
LEPA,EDDB,2022-06,256,118,13.1667,scheduled_duration_under_3h,LEPA → EDDB,46.0938
LEPA,EDDB,2022-09,244,98,10.925,scheduled_duration_under_3h,LEPA → EDDB,40.1639
LEPA,EDDB,2022-12,80,13,3.2083,scheduled_duration_under_3h,LEPA → EDDB,16.25
LEPA,EDDF,2022-03,129,2,-8.4333,scheduled_duration_under_3h,LEPA → EDDF,1.5504
LEPA,EDDF,2022-06,257,25,-3.4333,scheduled_duration_under_3h,LEPA → EDDF,9.7276
LEPA,EDDF,2022-09,279,18,-8.3833,scheduled_duration_under_3h,LEPA → EDDF,6.4516
LEPA,EDDF,2022-12,66,2,-7.1083,scheduled_duration_under_3h,LEPA → EDDF,3.0303
LEPA,EDDH,2022-03,126,6,-4.4083,scheduled_duration_under_3h,LEPA → EDDH,4.7619
LEPA,EDDH,2022-06,219,44,3.2333,scheduled_duration_under_3h,LEPA → EDDH,20.0913
LEPA,EDDH,2022-09,224,27,-2.6333,scheduled_duration_under_3h,LEPA → EDDH,12.0536
LEPA,EDDH,2022-12,58,5,-4.125,scheduled_duration_under_3h,LEPA → EDDH,8.6207
LEPA,EDDK,2022-03,133,5,-2.5,scheduled_duration_under_3h,LEPA → EDDK,3.7594
LEPA,EDDK,2022-06,287,107,10.15,scheduled_duration_under_3h,LEPA → EDDK,37.2822
LEPA,EDDK,2022-09,307,67,3.1,scheduled_duration_under_3h,LEPA → EDDK,21.8241
LEPA,EDDK,2022-12,82,5,-2.0833,scheduled_duration_under_3h,LEPA → EDDK,6.0976
LEPA,EDDL,2022-03,157,8,-0.8167,scheduled_duration_under_3h,LEPA → EDDL,5.0955
LEPA,EDDL,2022-06,431,122,7.5,scheduled_duration_under_3h,LEPA → EDDL,28.3063
LEPA,EDDL,2022-09,459,41,-1.5833,scheduled_duration_under_3h,LEPA → EDDL,8.9325
LEPA,EDDL,2022-12,74,7,-3.675,scheduled_duration_under_3h,LEPA → EDDL,9.4595
LEPA,EDDM,2022-03,92,3,-7.4167,scheduled_duration_under_3h,LEPA → EDDM,3.2609
LEPA,EDDM,2022-06,262,32,0.3333,scheduled_duration_under_3h,LEPA → EDDM,12.2137
LEPA,EDDM,2022-09,256,25,-1.4333,scheduled_duration_under_3h,LEPA → EDDM,9.7656
LEPA,EDDM,2022-12,56,2,-5.175,scheduled_duration_under_3h,LEPA → EDDM,3.5714
LEPA,EDDS,2022-03,81,3,-1.3833,scheduled_duration_under_3h,LEPA → EDDS,3.7037
LEPA,EDDS,2022-06,216,47,3.8917,scheduled_duration_under_3h,LEPA → EDDS,21.7593
LEPA,EDDS,2022-09,232,27,-0.7083,scheduled_duration_under_3h,LEPA → EDDS,11.6379
LEPA,EDDS,2022-12,39,1,-5.9167,scheduled_duration_under_3h,LEPA → EDDS,2.5641
LEPA,EGCC,2022-03,60,2,3.675,scheduled_duration_under_3h,LEPA → EGCC,3.3333
LEPA,EGCC,2022-06,257,93,11.55,scheduled_duration_under_3h,LEPA → EGCC,36.1868
LEPA,EGCC,2022-09,257,76,8.3667,scheduled_duration_under_3h,LEPA → EGCC,29.572
LEPA,EGCC,2022-12,30,2,3.0333,scheduled_duration_under_3h,LEPA → EGCC,6.6667
LEPA,EGKK,2022-03,72,4,0.675,scheduled_duration_under_3h,LEPA → EGKK,5.5556
LEPA,EGKK,2022-06,233,102,13.6333,scheduled_duration_under_3h,LEPA → EGKK,43.7768
LEPA,EGKK,2022-09,227,77,9.25,scheduled_duration_under_3h,LEPA → EGKK,33.9207
LEPA,EGKK,2022-12,91,15,4.05,scheduled_duration_under_3h,LEPA → EGKK,16.4835
LEPA,LEAL,2022-03,102,3,0.7,scheduled_duration_under_3h,LEPA → LEAL,2.9412
LEPA,LEAL,2022-06,165,31,8.2333,scheduled_duration_under_3h,LEPA → LEAL,18.7879
LEPA,LEAL,2022-09,161,14,1.4333,scheduled_duration_under_3h,LEPA → LEAL,8.6957
LEPA,LEAL,2022-12,126,5,3.1667,scheduled_duration_under_3h,LEPA → LEAL,3.9683
LEPA,LEBL,2022-03,532,13,-1.6,scheduled_duration_under_3h,LEPA → LEBL,2.4436
LEPA,LEBL,2022-06,670,93,4.125,scheduled_duration_under_3h,LEPA → LEBL,13.8806
LEPA,LEBL,2022-09,666,70,-0.4,scheduled_duration_under_3h,LEPA → LEBL,10.5105
LEPA,LEBL,2022-12,551,24,-0.3333,scheduled_duration_under_3h,LEPA → LEBL,4.3557
LEPA,LEIB,2022-03,366,2,-8.125,scheduled_duration_under_3h,LEPA → LEIB,0.5464
LEPA,LEIB,2022-06,389,26,-3.3333,scheduled_duration_under_3h,LEPA → LEIB,6.6838
LEPA,LEIB,2022-09,445,17,-9.7167,scheduled_duration_under_3h,LEPA → LEIB,3.8202
LEPA,LEIB,2022-12,366,3,-7.6167,scheduled_duration_under_3h,LEPA → LEIB,0.8197
LEPA,LEMD,2022-03,469,33,1.8333,scheduled_duration_under_3h,LEPA → LEMD,7.0362
LEPA,LEMD,2022-06,499,136,8.6667,scheduled_duration_under_3h,LEPA → LEMD,27.2545
LEPA,LEMD,2022-09,498,99,5.0667,scheduled_duration_under_3h,LEPA → LEMD,19.8795
LEPA,LEMD,2022-12,513,77,5.8,scheduled_duration_under_3h,LEPA → LEMD,15.0097
LEPA,LEMH,2022-03,276,6,0.1833,scheduled_duration_under_3h,LEPA → LEMH,2.1739
LEPA,LEMH,2022-06,307,50,4.5833,scheduled_duration_under_3h,LEPA → LEMH,16.2866
LEPA,LEMH,2022-09,337,20,-2.6833,scheduled_duration_under_3h,LEPA → LEMH,5.9347
LEPA,LEMH,2022-12,273,9,0.4167,scheduled_duration_under_3h,LEPA → LEMH,3.2967
LEPA,LEVC,2022-03,187,8,-1.65,scheduled_duration_under_3h,LEPA → LEVC,4.2781
LEPA,LEVC,2022-06,270,33,2.4,scheduled_duration_under_3h,LEPA → LEVC,12.2222
LEPA,LEVC,2022-09,271,19,-1.4333,scheduled_duration_under_3h,LEPA → LEVC,7.0111
LEPA,LEVC,2022-12,184,4,-1.6083,scheduled_duration_under_3h,LEPA → LEVC,2.1739
LEPA,LOWW,2022-03,79,11,6.5667,scheduled_duration_under_3h,LEPA → LOWW,13.9241
LEPA,LOWW,2022-06,198,63,9.8667,scheduled_duration_under_3h,LEPA → LOWW,31.8182
LEPA,LOWW,2022-09,217,74,9.1667,scheduled_duration_under_3h,LEPA → LOWW,34.1014
LEPA,LOWW,2022-12,48,11,6.7917,scheduled_duration_under_3h,LEPA → LOWW,22.9167
LEPA,LSZH,2022-03,72,5,-0.3167,scheduled_duration_under_3h,LEPA → LSZH,6.9444
LEPA,LSZH,2022-06,243,30,-1.1833,scheduled_duration_under_3h,LEPA → LSZH,12.3457
LEPA,LSZH,2022-09,264,28,-3.625,scheduled_duration_under_3h,LEPA → LSZH,10.6061
LEPA,LSZH,2022-12,67,3,-5.7667,scheduled_duration_under_3h,LEPA → LSZH,4.4776
LEST,LEMD,2022-03,150,3,-3.6167,scheduled_duration_under_3h,LEST → LEMD,2.0
LEST,LEMD,2022-06,133,25,4.5833,scheduled_duration_under_3h,LEST → LEMD,18.797
LEST,LEMD,2022-09,139,28,2.2333,scheduled_duration_under_3h,LEST → LEMD,20.1439
LEST,LEMD,2022-12,139,16,-0.8167,scheduled_duration_under_3h,LEST → LEMD,11.5108
LEVC,LEMD,2022-03,155,5,1.9167,scheduled_duration_under_3h,LEVC → LEMD,3.2258
LEVC,LEMD,2022-06,147,15,4.25,scheduled_duration_under_3h,LEVC → LEMD,10.2041
LEVC,LEMD,2022-09,153,22,5.8,scheduled_duration_under_3h,LEVC → LEMD,14.3791
LEVC,LEMD,2022-12,142,17,5.3,scheduled_duration_under_3h,LEVC → LEMD,11.9718
LEVC,LEPA,2022-03,188,1,-4.8833,scheduled_duration_under_3h,LEVC → LEPA,0.5319
LEVC,LEPA,2022-06,270,5,-6.8583,scheduled_duration_under_3h,LEVC → LEPA,1.8519
LEVC,LEPA,2022-09,272,12,-5.9,scheduled_duration_under_3h,LEVC → LEPA,4.4118
LEVC,LEPA,2022-12,185,1,-10.4333,scheduled_duration_under_3h,LEVC → LEPA,0.5405
LEVX,LEMD,2022-03,182,8,0.2667,scheduled_duration_under_3h,LEVX → LEMD,4.3956
LEVX,LEMD,2022-06,188,20,4.675,scheduled_duration_under_3h,LEVX → LEMD,10.6383
LEVX,LEMD,2022-09,238,41,6.8167,scheduled_duration_under_3h,LEVX → LEMD,17.2269
LEVX,LEMD,2022-12,226,25,4.8417,scheduled_duration_under_3h,LEVX → LEMD,11.0619
LEZL,LEBL,2022-03,251,15,4.0,scheduled_duration_under_3h,LEZL → LEBL,5.9761
LEZL,LEBL,2022-06,227,15,3.7833,scheduled_duration_under_3h,LEZL → LEBL,6.6079
LEZL,LEBL,2022-09,244,20,2.7917,scheduled_duration_under_3h,LEZL → LEBL,8.1967
LEZL,LEBL,2022-12,211,6,1.0,scheduled_duration_under_3h,LEZL → LEBL,2.8436
LFBD,LFLL,2022-03,186,6,-10.4333,scheduled_duration_under_3h,LFBD → LFLL,3.2258
LFBD,LFLL,2022-06,176,45,3.8333,scheduled_duration_under_3h,LFBD → LFLL,25.5682
LFBD,LFLL,2022-09,152,5,-9.1833,scheduled_duration_under_3h,LFBD → LFLL,3.2895
LFBD,LFLL,2022-12,133,9,-3.4333,scheduled_duration_under_3h,LFBD → LFLL,6.7669
LFBD,LFPG,2022-03,234,10,-4.2083,scheduled_duration_under_3h,LFBD → LFPG,4.2735
LFBD,LFPG,2022-06,220,24,4.8333,scheduled_duration_under_3h,LFBD → LFPG,10.9091
LFBD,LFPG,2022-09,222,35,4.5667,scheduled_duration_under_3h,LFBD → LFPG,15.7658
LFBD,LFPG,2022-12,222,33,5.8333,scheduled_duration_under_3h,LFBD → LFPG,14.8649
LFBO,LFLL,2022-03,150,4,-9.4333,scheduled_duration_under_3h,LFBO → LFLL,2.6667
LFBO,LFLL,2022-06,161,14,-1.8167,scheduled_duration_under_3h,LFBO → LFLL,8.6957
LFBO,LFLL,2022-09,131,9,-2.6333,scheduled_duration_under_3h,LFBO → LFLL,6.8702
LFBO,LFLL,2022-12,140,6,-2.2917,scheduled_duration_under_3h,LFBO → LFLL,4.2857
LFBO,LFPG,2022-03,271,1,-7.85,scheduled_duration_under_3h,LFBO → LFPG,0.369
LFBO,LFPG,2022-06,230,16,-1.7417,scheduled_duration_under_3h,LFBO → LFPG,6.9565
LFBO,LFPG,2022-09,251,19,-1.5667,scheduled_duration_under_3h,LFBO → LFPG,7.5697
LFBO,LFPG,2022-12,243,11,-0.4,scheduled_duration_under_3h,LFBO → LFPG,4.5267
LFBO,LFPO,2022-03,598,18,-8.175,scheduled_duration_under_3h,LFBO → LFPO,3.01
LFBO,LFPO,2022-06,734,24,-7.0917,scheduled_duration_under_3h,LFBO → LFPO,3.2698
LFBO,LFPO,2022-09,618,54,-7.6583,scheduled_duration_under_3h,LFBO → LFPO,8.7379
LFBO,LFPO,2022-12,675,41,-4.5833,scheduled_duration_under_3h,LFBO → LFPO,6.0741
LFLL,LFBD,2022-03,187,11,0.05,scheduled_duration_under_3h,LFLL → LFBD,5.8824
LFLL,LFBD,2022-06,177,32,6.1833,scheduled_duration_under_3h,LFLL → LFBD,18.0791
LFLL,LFBD,2022-09,150,10,-0.5833,scheduled_duration_under_3h,LFLL → LFBD,6.6667
LFLL,LFBD,2022-12,134,21,4.0417,scheduled_duration_under_3h,LFLL → LFBD,15.6716
LFLL,LFBO,2022-03,170,11,-0.9667,scheduled_duration_under_3h,LFLL → LFBO,6.4706
LFLL,LFBO,2022-06,177,27,4.25,scheduled_duration_under_3h,LFLL → LFBO,15.2542
LFLL,LFBO,2022-09,148,21,3.0083,scheduled_duration_under_3h,LFLL → LFBO,14.1892
LFLL,LFBO,2022-12,158,14,-0.6333,scheduled_duration_under_3h,LFLL → LFBO,8.8608
LFLL,LFPG,2022-03,164,24,3.0,scheduled_duration_under_3h,LFLL → LFPG,14.6341
LFLL,LFPG,2022-06,171,43,6.2167,scheduled_duration_under_3h,LFLL → LFPG,25.1462
LFLL,LFPG,2022-09,200,51,5.675,scheduled_duration_under_3h,LFLL → LFPG,25.5
LFLL,LFPG,2022-12,182,37,7.425,scheduled_duration_under_3h,LFLL → LFPG,20.3297
LFLL,LFRS,2022-03,184,3,-3.8083,scheduled_duration_under_3h,LFLL → LFRS,1.6304
LFLL,LFRS,2022-06,150,11,-1.5917,scheduled_duration_under_3h,LFLL → LFRS,7.3333
LFLL,LFRS,2022-09,152,2,-5.0583,scheduled_duration_under_3h,LFLL → LFRS,1.3158
LFLL,LFRS,2022-12,154,23,0.6667,scheduled_duration_under_3h,LFLL → LFRS,14.9351
LFML,LFKJ,2022-03,124,1,-7.1833,scheduled_duration_under_3h,LFML → LFKJ,0.8065
LFML,LFKJ,2022-06,118,9,0.225,scheduled_duration_under_3h,LFML → LFKJ,7.6271
LFML,LFKJ,2022-09,122,15,-0.175,scheduled_duration_under_3h,LFML → LFKJ,12.2951
LFML,LFKJ,2022-12,137,5,0.1333,scheduled_duration_under_3h,LFML → LFKJ,3.6496
LFML,LFPG,2022-03,232,24,2.25,scheduled_duration_under_3h,LFML → LFPG,10.3448
LFML,LFPG,2022-06,257,83,9.5,scheduled_duration_under_3h,LFML → LFPG,32.2957
LFML,LFPG,2022-09,270,76,7.1667,scheduled_duration_under_3h,LFML → LFPG,28.1481
LFML,LFPG,2022-12,262,69,7.8583,scheduled_duration_under_3h,LFML → LFPG,26.3359
LFML,LFPO,2022-03,250,7,-3.8083,scheduled_duration_under_3h,LFML → LFPO,2.8
LFML,LFPO,2022-06,298,29,-0.6583,scheduled_duration_under_3h,LFML → LFPO,9.7315
LFML,LFPO,2022-09,259,23,-2.4167,scheduled_duration_under_3h,LFML → LFPO,8.8803
LFML,LFPO,2022-12,241,28,1.7333,scheduled_duration_under_3h,LFML → LFPO,11.6183
LFMN,EGKK,2022-03,83,20,8.65,scheduled_duration_under_3h,LFMN → EGKK,24.0964
LFMN,EGKK,2022-06,154,122,24.3917,scheduled_duration_under_3h,LFMN → EGKK,79.2208
LFMN,EGKK,2022-09,193,112,18.75,scheduled_duration_under_3h,LFMN → EGKK,58.0311
LFMN,EGKK,2022-12,83,35,14.1333,scheduled_duration_under_3h,LFMN → EGKK,42.1687
LFMN,EGLL,2022-03,124,44,12.65,scheduled_duration_under_3h,LFMN → EGLL,35.4839
LFMN,EGLL,2022-06,207,145,19.2167,scheduled_duration_under_3h,LFMN → EGLL,70.0483
LFMN,EGLL,2022-09,129,84,20.2667,scheduled_duration_under_3h,LFMN → EGLL,65.1163
LFMN,EGLL,2022-12,156,73,14.6583,scheduled_duration_under_3h,LFMN → EGLL,46.7949
LFMN,LFPG,2022-03,324,28,2.4417,scheduled_duration_under_3h,LFMN → LFPG,8.642
LFMN,LFPG,2022-06,335,137,12.3,scheduled_duration_under_3h,LFMN → LFPG,40.8955
LFMN,LFPG,2022-09,315,104,10.3833,scheduled_duration_under_3h,LFMN → LFPG,33.0159
LFMN,LFPG,2022-12,270,72,9.5167,scheduled_duration_under_3h,LFMN → LFPG,26.6667
LFMN,LFPO,2022-03,573,48,1.25,scheduled_duration_under_3h,LFMN → LFPO,8.377
LFMN,LFPO,2022-06,667,161,5.3667,scheduled_duration_under_3h,LFMN → LFPO,24.1379
LFMN,LFPO,2022-09,562,102,5.925,scheduled_duration_under_3h,LFMN → LFPO,18.1495
LFMN,LFPO,2022-12,674,78,2.8917,scheduled_duration_under_3h,LFMN → LFPO,11.5727
LFMN,LSGG,2022-03,108,0,-3.05,scheduled_duration_under_3h,LFMN → LSGG,0.0
LFMN,LSGG,2022-06,144,24,1.7917,scheduled_duration_under_3h,LFMN → LSGG,16.6667
LFMN,LSGG,2022-09,156,20,1.4667,scheduled_duration_under_3h,LFMN → LSGG,12.8205
LFMN,LSGG,2022-12,120,16,1.7917,scheduled_duration_under_3h,LFMN → LSGG,13.3333
LFMT,LFPG,2022-03,144,5,-2.625,scheduled_duration_under_3h,LFMT → LFPG,3.4722
LFMT,LFPG,2022-06,128,30,4.4,scheduled_duration_under_3h,LFMT → LFPG,23.4375
LFMT,LFPG,2022-09,114,20,2.5083,scheduled_duration_under_3h,LFMT → LFPG,17.5439
LFMT,LFPG,2022-12,138,22,3.6833,scheduled_duration_under_3h,LFMT → LFPG,15.942
LFPG,DAAG,2022-03,60,26,11.225,scheduled_duration_under_3h,LFPG → DAAG,43.3333
LFPG,DAAG,2022-06,166,88,16.6583,scheduled_duration_under_3h,LFPG → DAAG,53.012
LFPG,DAAG,2022-09,305,96,7.05,scheduled_duration_under_3h,LFPG → DAAG,31.4754
LFPG,DAAG,2022-12,293,114,10.65,scheduled_duration_under_3h,LFPG → DAAG,38.9078
LFPG,DTTA,2022-03,128,25,6.775,scheduled_duration_under_3h,LFPG → DTTA,19.5312
LFPG,DTTA,2022-06,185,62,8.3833,scheduled_duration_under_3h,LFPG → DTTA,33.5135
LFPG,DTTA,2022-09,161,48,6.9,scheduled_duration_under_3h,LFPG → DTTA,29.8137
LFPG,DTTA,2022-12,143,53,9.0833,scheduled_duration_under_3h,LFPG → DTTA,37.0629
LFPG,EDDB,2022-03,213,55,6.6833,scheduled_duration_under_3h,LFPG → EDDB,25.8216
LFPG,EDDB,2022-06,238,107,13.25,scheduled_duration_under_3h,LFPG → EDDB,44.958
LFPG,EDDB,2022-09,223,96,11.45,scheduled_duration_under_3h,LFPG → EDDB,43.0493
LFPG,EDDB,2022-12,238,73,9.5917,scheduled_duration_under_3h,LFPG → EDDB,30.6723
LFPG,EDDF,2022-03,326,27,-8.4333,scheduled_duration_under_3h,LFPG → EDDF,8.2822
LFPG,EDDF,2022-06,317,43,-3.8833,scheduled_duration_under_3h,LFPG → EDDF,13.5647
LFPG,EDDF,2022-09,320,37,-3.675,scheduled_duration_under_3h,LFPG → EDDF,11.5625
LFPG,EDDF,2022-12,330,44,-3.1083,scheduled_duration_under_3h,LFPG → EDDF,13.3333
LFPG,EDDH,2022-03,116,5,-4.125,scheduled_duration_under_3h,LFPG → EDDH,4.3103
LFPG,EDDH,2022-06,162,36,2.6083,scheduled_duration_under_3h,LFPG → EDDH,22.2222
LFPG,EDDH,2022-09,174,22,-1.0083,scheduled_duration_under_3h,LFPG → EDDH,12.6437
LFPG,EDDH,2022-12,143,18,1.2167,scheduled_duration_under_3h,LFPG → EDDH,12.5874
LFPG,EDDL,2022-03,95,17,4.5667,scheduled_duration_under_3h,LFPG → EDDL,17.8947
LFPG,EDDL,2022-06,165,66,11.2333,scheduled_duration_under_3h,LFPG → EDDL,40.0
LFPG,EDDL,2022-09,164,41,5.1,scheduled_duration_under_3h,LFPG → EDDL,25.0
LFPG,EDDL,2022-12,137,42,7.3667,scheduled_duration_under_3h,LFPG → EDDL,30.6569
LFPG,EDDM,2022-03,216,9,-2.2083,scheduled_duration_under_3h,LFPG → EDDM,4.1667
LFPG,EDDM,2022-06,287,110,9.35,scheduled_duration_under_3h,LFPG → EDDM,38.3275
LFPG,EDDM,2022-09,295,77,7.0,scheduled_duration_under_3h,LFPG → EDDM,26.1017
LFPG,EDDM,2022-12,280,50,2.9833,scheduled_duration_under_3h,LFPG → EDDM,17.8571
LFPG,EDDV,2022-03,100,18,3.1667,scheduled_duration_under_3h,LFPG → EDDV,18.0
LFPG,EDDV,2022-06,140,52,8.8167,scheduled_duration_under_3h,LFPG → EDDV,37.1429
LFPG,EDDV,2022-09,160,44,6.975,scheduled_duration_under_3h,LFPG → EDDV,27.5
LFPG,EDDV,2022-12,115,27,5.8667,scheduled_duration_under_3h,LFPG → EDDV,23.4783
LFPG,EFHK,2022-03,175,29,6.3667,scheduled_duration_under_3h,LFPG → EFHK,16.5714
LFPG,EFHK,2022-06,214,71,8.5167,scheduled_duration_under_3h,LFPG → EFHK,33.1776
LFPG,EFHK,2022-09,184,39,5.8917,scheduled_duration_under_3h,LFPG → EFHK,21.1957
LFPG,EFHK,2022-12,188,55,8.7083,scheduled_duration_under_3h,LFPG → EFHK,29.2553
LFPG,EGCC,2022-03,185,45,5.9333,scheduled_duration_under_3h,LFPG → EGCC,24.3243
LFPG,EGCC,2022-06,152,47,8.2,scheduled_duration_under_3h,LFPG → EGCC,30.9211
LFPG,EGCC,2022-09,152,76,15.1083,scheduled_duration_under_3h,LFPG → EGCC,50.0
LFPG,EGCC,2022-12,181,78,13.2333,scheduled_duration_under_3h,LFPG → EGCC,43.0939
LFPG,EGLL,2022-03,306,81,7.4333,scheduled_duration_under_3h,LFPG → EGLL,26.4706
LFPG,EGLL,2022-06,362,173,14.5083,scheduled_duration_under_3h,LFPG → EGLL,47.7901
LFPG,EGLL,2022-09,250,153,18.375,scheduled_duration_under_3h,LFPG → EGLL,61.2
LFPG,EGLL,2022-12,328,186,17.1083,scheduled_duration_under_3h,LFPG → EGLL,56.7073
LFPG,EHAM,2022-03,327,60,6.55,scheduled_duration_under_3h,LFPG → EHAM,18.3486
LFPG,EHAM,2022-06,290,159,16.5917,scheduled_duration_under_3h,LFPG → EHAM,54.8276
LFPG,EHAM,2022-09,287,116,12.6333,scheduled_duration_under_3h,LFPG → EHAM,40.4181
LFPG,EHAM,2022-12,264,118,13.9167,scheduled_duration_under_3h,LFPG → EHAM,44.697
LFPG,EIDW,2022-03,188,35,4.45,scheduled_duration_under_3h,LFPG → EIDW,18.617
LFPG,EIDW,2022-06,225,110,14.6,scheduled_duration_under_3h,LFPG → EIDW,48.8889
LFPG,EIDW,2022-09,226,106,12.1833,scheduled_duration_under_3h,LFPG → EIDW,46.9027
LFPG,EIDW,2022-12,218,69,7.3,scheduled_duration_under_3h,LFPG → EIDW,31.6514
LFPG,EKCH,2022-03,259,43,4.1333,scheduled_duration_under_3h,LFPG → EKCH,16.6023
LFPG,EKCH,2022-06,266,78,7.9167,scheduled_duration_under_3h,LFPG → EKCH,29.3233
LFPG,EKCH,2022-09,270,69,6.8833,scheduled_duration_under_3h,LFPG → EKCH,25.5556
LFPG,EKCH,2022-12,233,27,0.7667,scheduled_duration_under_3h,LFPG → EKCH,11.588
LFPG,ENGM,2022-03,101,19,4.75,scheduled_duration_under_3h,LFPG → ENGM,18.8119
LFPG,ENGM,2022-06,182,58,7.8583,scheduled_duration_under_3h,LFPG → ENGM,31.8681
LFPG,ENGM,2022-09,172,44,5.7167,scheduled_duration_under_3h,LFPG → ENGM,25.5814
LFPG,ENGM,2022-12,149,35,6.6,scheduled_duration_under_3h,LFPG → ENGM,23.4899
LFPG,EPWA,2022-03,138,6,-2.9167,scheduled_duration_under_3h,LFPG → EPWA,4.3478
LFPG,EPWA,2022-06,219,62,3.3333,scheduled_duration_under_3h,LFPG → EPWA,28.3105
LFPG,EPWA,2022-09,212,36,2.8583,scheduled_duration_under_3h,LFPG → EPWA,16.9811
LFPG,EPWA,2022-12,192,36,0.6417,scheduled_duration_under_3h,LFPG → EPWA,18.75
LFPG,ESSA,2022-03,141,25,6.7167,scheduled_duration_under_3h,LFPG → ESSA,17.7305
LFPG,ESSA,2022-06,181,59,10.8167,scheduled_duration_under_3h,LFPG → ESSA,32.5967
LFPG,ESSA,2022-09,189,67,8.3833,scheduled_duration_under_3h,LFPG → ESSA,35.4497
LFPG,ESSA,2022-12,156,54,9.5583,scheduled_duration_under_3h,LFPG → ESSA,34.6154
LFPG,LEBL,2022-03,289,54,6.95,scheduled_duration_under_3h,LFPG → LEBL,18.6851
LFPG,LEBL,2022-06,345,114,10.6,scheduled_duration_under_3h,LFPG → LEBL,33.0435
LFPG,LEBL,2022-09,354,120,9.3583,scheduled_duration_under_3h,LFPG → LEBL,33.8983
LFPG,LEBL,2022-12,302,70,3.825,scheduled_duration_under_3h,LFPG → LEBL,23.1788
LFPG,LEMD,2022-03,309,56,3.9167,scheduled_duration_under_3h,LFPG → LEMD,18.123
LFPG,LEMD,2022-06,308,87,7.7,scheduled_duration_under_3h,LFPG → LEMD,28.2468
LFPG,LEMD,2022-09,303,92,9.0,scheduled_duration_under_3h,LFPG → LEMD,30.363
LFPG,LEMD,2022-12,293,79,7.2667,scheduled_duration_under_3h,LFPG → LEMD,26.9625
LFPG,LFBD,2022-03,216,30,4.025,scheduled_duration_under_3h,LFPG → LFBD,13.8889
LFPG,LFBD,2022-06,203,96,13.9167,scheduled_duration_under_3h,LFPG → LFBD,47.2906
LFPG,LFBD,2022-09,202,59,7.3667,scheduled_duration_under_3h,LFPG → LFBD,29.2079
LFPG,LFBD,2022-12,209,64,9.15,scheduled_duration_under_3h,LFPG → LFBD,30.622
LFPG,LFBO,2022-03,270,24,1.35,scheduled_duration_under_3h,LFPG → LFBO,8.8889
LFPG,LFBO,2022-06,228,69,8.3167,scheduled_duration_under_3h,LFPG → LFBO,30.2632
LFPG,LFBO,2022-09,248,51,4.1083,scheduled_duration_under_3h,LFPG → LFBO,20.5645
LFPG,LFBO,2022-12,240,27,2.1917,scheduled_duration_under_3h,LFPG → LFBO,11.25
LFPG,LFLL,2022-03,177,24,-0.5833,scheduled_duration_under_3h,LFPG → LFLL,13.5593
LFPG,LFLL,2022-06,169,59,7.8167,scheduled_duration_under_3h,LFPG → LFLL,34.9112
LFPG,LFLL,2022-09,197,62,5.5667,scheduled_duration_under_3h,LFPG → LFLL,31.4721
LFPG,LFLL,2022-12,183,38,4.0167,scheduled_duration_under_3h,LFPG → LFLL,20.765
LFPG,LFML,2022-03,217,20,0.5833,scheduled_duration_under_3h,LFPG → LFML,9.2166
LFPG,LFML,2022-06,254,75,7.975,scheduled_duration_under_3h,LFPG → LFML,29.5276
LFPG,LFML,2022-09,261,75,3.6167,scheduled_duration_under_3h,LFPG → LFML,28.7356
LFPG,LFML,2022-12,259,59,5.65,scheduled_duration_under_3h,LFPG → LFML,22.7799
LFPG,LFMN,2022-03,322,38,2.4167,scheduled_duration_under_3h,LFPG → LFMN,11.8012
LFPG,LFMN,2022-06,328,133,12.5583,scheduled_duration_under_3h,LFPG → LFMN,40.5488
LFPG,LFMN,2022-09,316,91,7.45,scheduled_duration_under_3h,LFPG → LFMN,28.7975
LFPG,LFMN,2022-12,270,59,6.55,scheduled_duration_under_3h,LFPG → LFMN,21.8519
LFPG,LFMT,2022-03,139,9,-2.1,scheduled_duration_under_3h,LFPG → LFMT,6.4748
LFPG,LFMT,2022-06,118,32,6.575,scheduled_duration_under_3h,LFPG → LFMT,27.1186
LFPG,LFMT,2022-09,116,17,1.3833,scheduled_duration_under_3h,LFPG → LFMT,14.6552
LFPG,LFMT,2022-12,140,16,0.1583,scheduled_duration_under_3h,LFPG → LFMT,11.4286
LFPG,LFRS,2022-03,129,14,0.9667,scheduled_duration_under_3h,LFPG → LFRS,10.8527
LFPG,LFRS,2022-06,126,40,8.3833,scheduled_duration_under_3h,LFPG → LFRS,31.746
LFPG,LFRS,2022-09,125,39,7.3667,scheduled_duration_under_3h,LFPG → LFRS,31.2
LFPG,LFRS,2022-12,138,44,9.85,scheduled_duration_under_3h,LFPG → LFRS,31.8841
LFPG,LIMC,2022-03,336,8,-13.725,scheduled_duration_under_3h,LFPG → LIMC,2.381
LFPG,LIMC,2022-06,324,47,-3.325,scheduled_duration_under_3h,LFPG → LIMC,14.5062
LFPG,LIMC,2022-09,291,34,-4.9833,scheduled_duration_under_3h,LFPG → LIMC,11.6838
LFPG,LIMC,2022-12,313,17,-11.2167,scheduled_duration_under_3h,LFPG → LIMC,5.4313
LFPG,LIML,2022-03,214,36,4.9167,scheduled_duration_under_3h,LFPG → LIML,16.8224
LFPG,LIML,2022-06,241,94,9.8667,scheduled_duration_under_3h,LFPG → LIML,39.0041
LFPG,LIML,2022-09,251,72,6.9167,scheduled_duration_under_3h,LFPG → LIML,28.6853
LFPG,LIML,2022-12,274,60,5.0667,scheduled_duration_under_3h,LFPG → LIML,21.8978
LFPG,LIPZ,2022-03,216,11,-6.1167,scheduled_duration_under_3h,LFPG → LIPZ,5.0926
LFPG,LIPZ,2022-06,242,34,-1.725,scheduled_duration_under_3h,LFPG → LIPZ,14.0496
LFPG,LIPZ,2022-09,216,37,-1.4333,scheduled_duration_under_3h,LFPG → LIPZ,17.1296
LFPG,LIPZ,2022-12,196,13,-6.2417,scheduled_duration_under_3h,LFPG → LIPZ,6.6327
LFPG,LIRF,2022-03,204,19,-0.2667,scheduled_duration_under_3h,LFPG → LIRF,9.3137
LFPG,LIRF,2022-06,289,74,5.1,scheduled_duration_under_3h,LFPG → LIRF,25.6055
LFPG,LIRF,2022-09,288,65,1.4083,scheduled_duration_under_3h,LFPG → LIRF,22.5694
LFPG,LIRF,2022-12,281,27,-1.9,scheduled_duration_under_3h,LFPG → LIRF,9.6085
LFPG,LIRQ,2022-03,125,15,2.85,scheduled_duration_under_3h,LFPG → LIRQ,12.0
LFPG,LIRQ,2022-06,175,46,4.0833,scheduled_duration_under_3h,LFPG → LIRQ,26.2857
LFPG,LIRQ,2022-09,174,39,5.4083,scheduled_duration_under_3h,LFPG → LIRQ,22.4138
LFPG,LIRQ,2022-12,142,19,-1.1333,scheduled_duration_under_3h,LFPG → LIRQ,13.3803
LFPG,LKPR,2022-03,123,8,-0.8,scheduled_duration_under_3h,LFPG → LKPR,6.5041
LFPG,LKPR,2022-06,125,62,14.9333,scheduled_duration_under_3h,LFPG → LKPR,49.6
LFPG,LKPR,2022-09,142,58,10.575,scheduled_duration_under_3h,LFPG → LKPR,40.8451
LFPG,LKPR,2022-12,132,35,7.125,scheduled_duration_under_3h,LFPG → LKPR,26.5152
LFPG,LOWW,2022-03,171,25,4.8833,scheduled_duration_under_3h,LFPG → LOWW,14.6199
LFPG,LOWW,2022-06,238,126,17.0083,scheduled_duration_under_3h,LFPG → LOWW,52.9412
LFPG,LOWW,2022-09,247,97,10.4,scheduled_duration_under_3h,LFPG → LOWW,39.2713
LFPG,LOWW,2022-12,220,68,9.45,scheduled_duration_under_3h,LFPG → LOWW,30.9091
LFPG,LPPT,2022-03,176,43,7.4167,scheduled_duration_under_3h,LFPG → LPPT,24.4318
LFPG,LPPT,2022-06,190,91,14.1417,scheduled_duration_under_3h,LFPG → LPPT,47.8947
LFPG,LPPT,2022-09,190,96,15.1167,scheduled_duration_under_3h,LFPG → LPPT,50.5263
LFPG,LPPT,2022-12,186,97,15.6083,scheduled_duration_under_3h,LFPG → LPPT,52.1505
LFPG,LROP,2022-03,116,14,-1.5833,scheduled_duration_under_3h,LFPG → LROP,12.069
LFPG,LROP,2022-06,162,72,13.575,scheduled_duration_under_3h,LFPG → LROP,44.4444
LFPG,LROP,2022-09,142,43,6.7583,scheduled_duration_under_3h,LFPG → LROP,30.2817
LFPG,LROP,2022-12,126,24,3.3167,scheduled_duration_under_3h,LFPG → LROP,19.0476
LFPG,LSGG,2022-03,231,16,-3.5833,scheduled_duration_under_3h,LFPG → LSGG,6.9264
LFPG,LSGG,2022-06,269,44,0.55,scheduled_duration_under_3h,LFPG → LSGG,16.3569
LFPG,LSGG,2022-09,213,35,-1.7833,scheduled_duration_under_3h,LFPG → LSGG,16.4319
LFPG,LSGG,2022-12,249,38,1.9,scheduled_duration_under_3h,LFPG → LSGG,15.261
LFPG,LSZH,2022-03,157,34,7.6167,scheduled_duration_under_3h,LFPG → LSZH,21.6561
LFPG,LSZH,2022-06,223,74,7.7833,scheduled_duration_under_3h,LFPG → LSZH,33.1839
LFPG,LSZH,2022-09,199,58,8.6667,scheduled_duration_under_3h,LFPG → LSZH,29.1457
LFPG,LSZH,2022-12,207,51,7.4333,scheduled_duration_under_3h,LFPG → LSZH,24.6377
LFPO,DAAG,2022-03,43,35,34.9167,scheduled_duration_under_3h,LFPO → DAAG,81.3953
LFPO,DAAG,2022-06,150,96,21.2833,scheduled_duration_under_3h,LFPO → DAAG,64.0
LFPO,DAAG,2022-09,162,57,10.1,scheduled_duration_under_3h,LFPO → DAAG,35.1852
LFPO,DAAG,2022-12,252,91,10.8167,scheduled_duration_under_3h,LFPO → DAAG,36.1111
LFPO,DTTA,2022-03,164,61,11.125,scheduled_duration_under_3h,LFPO → DTTA,37.1951
LFPO,DTTA,2022-06,152,70,13.3333,scheduled_duration_under_3h,LFPO → DTTA,46.0526
LFPO,DTTA,2022-09,173,65,9.7167,scheduled_duration_under_3h,LFPO → DTTA,37.5723
LFPO,DTTA,2022-12,174,57,10.2083,scheduled_duration_under_3h,LFPO → DTTA,32.7586
LFPO,GMMN,2022-03,157,39,5.8,scheduled_duration_under_3h,LFPO → GMMN,24.8408
LFPO,GMMN,2022-06,121,43,10.4167,scheduled_duration_under_3h,LFPO → GMMN,35.5372
LFPO,GMMN,2022-09,170,50,5.675,scheduled_duration_under_3h,LFPO → GMMN,29.4118
LFPO,GMMN,2022-12,140,55,12.6083,scheduled_duration_under_3h,LFPO → GMMN,39.2857
LFPO,LEBL,2022-03,220,36,6.2167,scheduled_duration_under_3h,LFPO → LEBL,16.3636
LFPO,LEBL,2022-06,260,86,10.9917,scheduled_duration_under_3h,LFPO → LEBL,33.0769
LFPO,LEBL,2022-09,259,84,10.1667,scheduled_duration_under_3h,LFPO → LEBL,32.4324
LFPO,LEBL,2022-12,205,37,4.6333,scheduled_duration_under_3h,LFPO → LEBL,18.0488
LFPO,LEMD,2022-03,325,47,3.7167,scheduled_duration_under_3h,LFPO → LEMD,14.4615
LFPO,LEMD,2022-06,350,89,8.3583,scheduled_duration_under_3h,LFPO → LEMD,25.4286
LFPO,LEMD,2022-09,366,102,7.5083,scheduled_duration_under_3h,LFPO → LEMD,27.8689
LFPO,LEMD,2022-12,377,81,4.7667,scheduled_duration_under_3h,LFPO → LEMD,21.4854
LFPO,LFBO,2022-03,600,24,-0.775,scheduled_duration_under_3h,LFPO → LFBO,4.0
LFPO,LFBO,2022-06,737,67,-0.8,scheduled_duration_under_3h,LFPO → LFBO,9.0909
LFPO,LFBO,2022-09,616,47,-3.3333,scheduled_duration_under_3h,LFPO → LFBO,7.6299
LFPO,LFBO,2022-12,669,21,-5.4,scheduled_duration_under_3h,LFPO → LFBO,3.139
LFPO,LFML,2022-03,251,8,-2.6833,scheduled_duration_under_3h,LFPO → LFML,3.1873
LFPO,LFML,2022-06,299,26,-3.6333,scheduled_duration_under_3h,LFPO → LFML,8.6957
LFPO,LFML,2022-09,261,17,-6.3167,scheduled_duration_under_3h,LFPO → LFML,6.5134
LFPO,LFML,2022-12,241,29,-1.3167,scheduled_duration_under_3h,LFPO → LFML,12.0332
LFPO,LFMN,2022-03,576,39,1.2167,scheduled_duration_under_3h,LFPO → LFMN,6.7708
LFPO,LFMN,2022-06,674,169,4.825,scheduled_duration_under_3h,LFPO → LFMN,25.0742
LFPO,LFMN,2022-09,565,80,1.2,scheduled_duration_under_3h,LFPO → LFMN,14.1593
LFPO,LFMN,2022-12,673,72,-0.9333,scheduled_duration_under_3h,LFPO → LFMN,10.6984
LFPO,LIML,2022-03,121,15,0.4333,scheduled_duration_under_3h,LFPO → LIML,12.3967
LFPO,LIML,2022-06,103,37,6.1333,scheduled_duration_under_3h,LFPO → LIML,35.9223
LFPO,LIML,2022-09,122,24,1.325,scheduled_duration_under_3h,LFPO → LIML,19.6721
LFPO,LIML,2022-12,162,25,2.5917,scheduled_duration_under_3h,LFPO → LIML,15.4321
LFPO,LIRF,2022-03,129,9,-2.7,scheduled_duration_under_3h,LFPO → LIRF,6.9767
LFPO,LIRF,2022-06,200,31,1.45,scheduled_duration_under_3h,LFPO → LIRF,15.5
LFPO,LIRF,2022-09,226,30,-0.0333,scheduled_duration_under_3h,LFPO → LIRF,13.2743
LFPO,LIRF,2022-12,233,21,-2.2167,scheduled_duration_under_3h,LFPO → LIRF,9.0129
LFPO,LPPR,2022-03,211,28,5.2,scheduled_duration_under_3h,LFPO → LPPR,13.2701
LFPO,LPPR,2022-06,273,92,9.5833,scheduled_duration_under_3h,LFPO → LPPR,33.6996
LFPO,LPPR,2022-09,308,94,9.3,scheduled_duration_under_3h,LFPO → LPPR,30.5195
LFPO,LPPR,2022-12,253,99,11.8,scheduled_duration_under_3h,LFPO → LPPR,39.1304
LFPO,LPPT,2022-03,312,75,7.575,scheduled_duration_under_3h,LFPO → LPPT,24.0385
LFPO,LPPT,2022-06,371,166,13.2833,scheduled_duration_under_3h,LFPO → LPPT,44.7439
LFPO,LPPT,2022-09,378,168,13.2083,scheduled_duration_under_3h,LFPO → LPPT,44.4444
LFPO,LPPT,2022-12,349,185,16.1,scheduled_duration_under_3h,LFPO → LPPT,53.0086
LFRS,LFLL,2022-03,184,1,-16.3917,scheduled_duration_under_3h,LFRS → LFLL,0.5435
LFRS,LFLL,2022-06,151,4,-6.3333,scheduled_duration_under_3h,LFRS → LFLL,2.649
LFRS,LFLL,2022-09,155,8,-11.9333,scheduled_duration_under_3h,LFRS → LFLL,5.1613
LFRS,LFLL,2022-12,151,5,-7.1667,scheduled_duration_under_3h,LFRS → LFLL,3.3113
LFRS,LFPG,2022-03,129,3,-5.4667,scheduled_duration_under_3h,LFRS → LFPG,2.3256
LFRS,LFPG,2022-06,126,17,2.65,scheduled_duration_under_3h,LFRS → LFPG,13.4921
LFRS,LFPG,2022-09,124,12,2.5417,scheduled_duration_under_3h,LFRS → LFPG,9.6774
LFRS,LFPG,2022-12,137,12,2.5167,scheduled_duration_under_3h,LFRS → LFPG,8.7591
LGAL,LGAV,2022-03,143,0,-3.95,scheduled_duration_under_3h,LGAL → LGAV,0.0
LGAL,LGAV,2022-06,119,23,5.7667,scheduled_duration_under_3h,LGAL → LGAV,19.3277
LGAL,LGAV,2022-09,126,16,2.4167,scheduled_duration_under_3h,LGAL → LGAV,12.6984
LGAL,LGAV,2022-12,158,0,-6.125,scheduled_duration_under_3h,LGAL → LGAV,0.0
LGAV,EDDM,2022-03,128,2,-4.1833,scheduled_duration_under_3h,LGAV → EDDM,1.5625
LGAV,EDDM,2022-06,174,8,-2.2167,scheduled_duration_under_3h,LGAV → EDDM,4.5977
LGAV,EDDM,2022-09,176,11,-1.5917,scheduled_duration_under_3h,LGAV → EDDM,6.25
LGAV,EDDM,2022-12,159,4,-6.4333,scheduled_duration_under_3h,LGAV → EDDM,2.5157
LGAV,LCLK,2022-03,287,9,0.5,scheduled_duration_under_3h,LGAV → LCLK,3.1359
LGAV,LCLK,2022-06,376,13,0.725,scheduled_duration_under_3h,LGAV → LCLK,3.4574
LGAV,LCLK,2022-09,358,18,-0.4417,scheduled_duration_under_3h,LGAV → LCLK,5.0279
LGAV,LCLK,2022-12,377,12,-0.0333,scheduled_duration_under_3h,LGAV → LCLK,3.183
LGAV,LGAL,2022-03,142,0,-7.475,scheduled_duration_under_3h,LGAV → LGAL,0.0
LGAV,LGAL,2022-06,119,3,-6.6,scheduled_duration_under_3h,LGAV → LGAL,2.521
LGAV,LGAL,2022-09,127,3,-7.4,scheduled_duration_under_3h,LGAV → LGAL,2.3622
LGAV,LGAL,2022-12,158,0,-13.975,scheduled_duration_under_3h,LGAV → LGAL,0.0
LGAV,LGHI,2022-03,140,0,-4.1,scheduled_duration_under_3h,LGAV → LGHI,0.0
LGAV,LGHI,2022-06,161,5,-3.2167,scheduled_duration_under_3h,LGAV → LGHI,3.1056
LGAV,LGHI,2022-09,163,5,-7.45,scheduled_duration_under_3h,LGAV → LGHI,3.0675
LGAV,LGHI,2022-12,163,2,-10.6667,scheduled_duration_under_3h,LGAV → LGHI,1.227
LGAV,LGIR,2022-03,276,0,-9.5583,scheduled_duration_under_3h,LGAV → LGIR,0.0
LGAV,LGIR,2022-06,303,15,-3.9167,scheduled_duration_under_3h,LGAV → LGIR,4.9505
LGAV,LGIR,2022-09,314,6,-4.925,scheduled_duration_under_3h,LGAV → LGIR,1.9108
LGAV,LGIR,2022-12,292,0,-8.0917,scheduled_duration_under_3h,LGAV → LGIR,0.0
LGAV,LGKO,2022-03,147,1,-10.1,scheduled_duration_under_3h,LGAV → LGKO,0.6803
LGAV,LGKO,2022-06,141,8,-2.8833,scheduled_duration_under_3h,LGAV → LGKO,5.6738
LGAV,LGKO,2022-09,136,1,-7.725,scheduled_duration_under_3h,LGAV → LGKO,0.7353
LGAV,LGKO,2022-12,137,0,-9.6,scheduled_duration_under_3h,LGAV → LGKO,0.0
LGAV,LGKR,2022-03,138,0,-4.35,scheduled_duration_under_3h,LGAV → LGKR,0.0
LGAV,LGKR,2022-06,170,11,-1.3167,scheduled_duration_under_3h,LGAV → LGKR,6.4706
LGAV,LGKR,2022-09,175,7,-2.05,scheduled_duration_under_3h,LGAV → LGKR,4.0
LGAV,LGKR,2022-12,151,0,-3.65,scheduled_duration_under_3h,LGAV → LGKR,0.0
LGAV,LGMK,2022-03,82,1,-5.0083,scheduled_duration_under_3h,LGAV → LGMK,1.2195
LGAV,LGMK,2022-06,333,34,-2.0833,scheduled_duration_under_3h,LGAV → LGMK,10.2102
LGAV,LGMK,2022-09,323,18,-3.8833,scheduled_duration_under_3h,LGAV → LGMK,5.5728
LGAV,LGMK,2022-12,91,0,-11.3833,scheduled_duration_under_3h,LGAV → LGMK,0.0
LGAV,LGMT,2022-03,155,1,-5.35,scheduled_duration_under_3h,LGAV → LGMT,0.6452
LGAV,LGMT,2022-06,166,3,-4.1833,scheduled_duration_under_3h,LGAV → LGMT,1.8072
LGAV,LGMT,2022-09,163,4,-6.7333,scheduled_duration_under_3h,LGAV → LGMT,2.454
LGAV,LGMT,2022-12,177,1,-11.25,scheduled_duration_under_3h,LGAV → LGMT,0.565
LGAV,LGNX,2022-03,46,0,-14.5167,scheduled_duration_under_3h,LGAV → LGNX,0.0
LGAV,LGNX,2022-06,194,0,-12.475,scheduled_duration_under_3h,LGAV → LGNX,0.0
LGAV,LGNX,2022-09,242,0,-14.225,scheduled_duration_under_3h,LGAV → LGNX,0.0
LGAV,LGNX,2022-12,50,0,-16.55,scheduled_duration_under_3h,LGAV → LGNX,0.0
LGAV,LGPA,2022-03,76,1,-11.975,scheduled_duration_under_3h,LGAV → LGPA,1.3158
LGAV,LGPA,2022-06,351,3,-5.8,scheduled_duration_under_3h,LGAV → LGPA,0.8547
LGAV,LGPA,2022-09,299,1,-7.2667,scheduled_duration_under_3h,LGAV → LGPA,0.3344
LGAV,LGPA,2022-12,80,0,-16.6083,scheduled_duration_under_3h,LGAV → LGPA,0.0
LGAV,LGRP,2022-03,155,0,-7.9167,scheduled_duration_under_3h,LGAV → LGRP,0.0
LGAV,LGRP,2022-06,193,2,-5.0833,scheduled_duration_under_3h,LGAV → LGRP,1.0363
LGAV,LGRP,2022-09,191,0,-6.3667,scheduled_duration_under_3h,LGAV → LGRP,0.0
LGAV,LGRP,2022-12,178,3,-7.4833,scheduled_duration_under_3h,LGAV → LGRP,1.6854
LGAV,LGSA,2022-03,212,2,-8.0583,scheduled_duration_under_3h,LGAV → LGSA,0.9434
LGAV,LGSA,2022-06,237,42,-1.3667,scheduled_duration_under_3h,LGAV → LGSA,17.7215
LGAV,LGSA,2022-09,239,29,-1.5833,scheduled_duration_under_3h,LGAV → LGSA,12.1339
LGAV,LGSA,2022-12,223,0,-7.7833,scheduled_duration_under_3h,LGAV → LGSA,0.0
LGAV,LGSR,2022-03,193,2,-6.4667,scheduled_duration_under_3h,LGAV → LGSR,1.0363
LGAV,LGSR,2022-06,665,17,-2.8333,scheduled_duration_under_3h,LGAV → LGSR,2.5564
LGAV,LGSR,2022-09,649,21,-4.5333,scheduled_duration_under_3h,LGAV → LGSR,3.2357
LGAV,LGSR,2022-12,216,0,-10.6583,scheduled_duration_under_3h,LGAV → LGSR,0.0
LGAV,LGTS,2022-03,414,1,-11.6667,scheduled_duration_under_3h,LGAV → LGTS,0.2415
LGAV,LGTS,2022-06,462,4,-8.6,scheduled_duration_under_3h,LGAV → LGTS,0.8658
LGAV,LGTS,2022-09,462,5,-11.3167,scheduled_duration_under_3h,LGAV → LGTS,1.0823
LGAV,LGTS,2022-12,497,3,-10.7,scheduled_duration_under_3h,LGAV → LGTS,0.6036
LGAV,LIRF,2022-03,117,0,-8.1,scheduled_duration_under_3h,LGAV → LIRF,0.0
LGAV,LIRF,2022-06,225,3,-8.6,scheduled_duration_under_3h,LGAV → LIRF,1.3333
LGAV,LIRF,2022-09,222,3,-7.45,scheduled_duration_under_3h,LGAV → LIRF,1.3514
LGAV,LIRF,2022-12,169,2,-9.6833,scheduled_duration_under_3h,LGAV → LIRF,1.1834
LGAV,LLBG,2022-03,89,10,3.1833,scheduled_duration_under_3h,LGAV → LLBG,11.236
LGAV,LLBG,2022-06,137,25,5.5833,scheduled_duration_under_3h,LGAV → LLBG,18.2482
LGAV,LLBG,2022-09,143,43,9.0667,scheduled_duration_under_3h,LGAV → LLBG,30.0699
LGAV,LLBG,2022-12,195,13,0.4,scheduled_duration_under_3h,LGAV → LLBG,6.6667
LGAV,LTFM,2022-03,127,7,-5.65,scheduled_duration_under_3h,LGAV → LTFM,5.5118
LGAV,LTFM,2022-06,178,6,-4.2833,scheduled_duration_under_3h,LGAV → LTFM,3.3708
LGAV,LTFM,2022-09,197,7,-5.1667,scheduled_duration_under_3h,LGAV → LTFM,3.5533
LGAV,LTFM,2022-12,139,2,-4.9333,scheduled_duration_under_3h,LGAV → LTFM,1.4388
LGHI,LGAV,2022-03,140,3,-3.7667,scheduled_duration_under_3h,LGHI → LGAV,2.1429
LGHI,LGAV,2022-06,160,24,1.9833,scheduled_duration_under_3h,LGHI → LGAV,15.0
LGHI,LGAV,2022-09,164,8,0.5083,scheduled_duration_under_3h,LGHI → LGAV,4.878
LGHI,LGAV,2022-12,163,0,-8.4667,scheduled_duration_under_3h,LGHI → LGAV,0.0
LGIR,LGAV,2022-03,276,13,0.3333,scheduled_duration_under_3h,LGIR → LGAV,4.7101
LGIR,LGAV,2022-06,309,57,5.8167,scheduled_duration_under_3h,LGIR → LGAV,18.4466
LGIR,LGAV,2022-09,319,43,2.1,scheduled_duration_under_3h,LGIR → LGAV,13.4796
LGIR,LGAV,2022-12,294,5,-1.0083,scheduled_duration_under_3h,LGIR → LGAV,1.7007
LGKO,LGAV,2022-03,147,2,-13.85,scheduled_duration_under_3h,LGKO → LGAV,1.3605
LGKO,LGAV,2022-06,140,29,6.3167,scheduled_duration_under_3h,LGKO → LGAV,20.7143
LGKO,LGAV,2022-09,136,18,3.975,scheduled_duration_under_3h,LGKO → LGAV,13.2353
LGKO,LGAV,2022-12,137,1,-11.8167,scheduled_duration_under_3h,LGKO → LGAV,0.7299
LGKR,LGAV,2022-03,138,0,-13.9667,scheduled_duration_under_3h,LGKR → LGAV,0.0
LGKR,LGAV,2022-06,170,28,2.9417,scheduled_duration_under_3h,LGKR → LGAV,16.4706
LGKR,LGAV,2022-09,172,16,1.5167,scheduled_duration_under_3h,LGKR → LGAV,9.3023
LGKR,LGAV,2022-12,151,1,-10.95,scheduled_duration_under_3h,LGKR → LGAV,0.6623
LGMK,LGAV,2022-03,82,2,-6.1833,scheduled_duration_under_3h,LGMK → LGAV,2.439
LGMK,LGAV,2022-06,342,24,0.2083,scheduled_duration_under_3h,LGMK → LGAV,7.0175
LGMK,LGAV,2022-09,333,7,-3.65,scheduled_duration_under_3h,LGMK → LGAV,2.1021
LGMK,LGAV,2022-12,91,0,-14.3167,scheduled_duration_under_3h,LGMK → LGAV,0.0
LGMT,LGAV,2022-03,155,4,-4.35,scheduled_duration_under_3h,LGMT → LGAV,2.5806
LGMT,LGAV,2022-06,167,25,3.9833,scheduled_duration_under_3h,LGMT → LGAV,14.9701
LGMT,LGAV,2022-09,163,9,-1.3,scheduled_duration_under_3h,LGMT → LGAV,5.5215
LGMT,LGAV,2022-12,177,3,-6.6833,scheduled_duration_under_3h,LGMT → LGAV,1.6949
LGNX,LGAV,2022-03,47,0,-3.0667,scheduled_duration_under_3h,LGNX → LGAV,0.0
LGNX,LGAV,2022-06,195,23,0.3833,scheduled_duration_under_3h,LGNX → LGAV,11.7949
LGNX,LGAV,2022-09,244,10,-1.325,scheduled_duration_under_3h,LGNX → LGAV,4.0984
LGNX,LGAV,2022-12,50,1,-5.2333,scheduled_duration_under_3h,LGNX → LGAV,2.0
LGPA,LGAV,2022-03,76,9,-2.7833,scheduled_duration_under_3h,LGPA → LGAV,11.8421
LGPA,LGAV,2022-06,351,80,5.5167,scheduled_duration_under_3h,LGPA → LGAV,22.792
LGPA,LGAV,2022-09,299,46,4.45,scheduled_duration_under_3h,LGPA → LGAV,15.3846
LGPA,LGAV,2022-12,80,0,-4.6583,scheduled_duration_under_3h,LGPA → LGAV,0.0
LGRP,LGAV,2022-03,156,3,1.7083,scheduled_duration_under_3h,LGRP → LGAV,1.9231
LGRP,LGAV,2022-06,195,20,1.95,scheduled_duration_under_3h,LGRP → LGAV,10.2564
LGRP,LGAV,2022-09,191,18,2.6833,scheduled_duration_under_3h,LGRP → LGAV,9.4241
LGRP,LGAV,2022-12,174,4,-5.225,scheduled_duration_under_3h,LGRP → LGAV,2.2989
LGSA,LGAV,2022-03,214,1,-9.1583,scheduled_duration_under_3h,LGSA → LGAV,0.4673
LGSA,LGAV,2022-06,239,18,-4.2667,scheduled_duration_under_3h,LGSA → LGAV,7.5314
LGSA,LGAV,2022-09,239,10,-5.4167,scheduled_duration_under_3h,LGSA → LGAV,4.1841
LGSA,LGAV,2022-12,223,0,-9.8333,scheduled_duration_under_3h,LGSA → LGAV,0.0
LGSR,LGAV,2022-03,194,5,-1.9583,scheduled_duration_under_3h,LGSR → LGAV,2.5773
LGSR,LGAV,2022-06,681,41,1.5333,scheduled_duration_under_3h,LGSR → LGAV,6.0206
LGSR,LGAV,2022-09,666,34,0.7083,scheduled_duration_under_3h,LGSR → LGAV,5.1051
LGSR,LGAV,2022-12,216,2,-10.875,scheduled_duration_under_3h,LGSR → LGAV,0.9259
LGTS,LGAV,2022-03,391,4,-10.4,scheduled_duration_under_3h,LGTS → LGAV,1.023
LGTS,LGAV,2022-06,439,42,-2.2833,scheduled_duration_under_3h,LGTS → LGAV,9.5672
LGTS,LGAV,2022-09,439,25,-5.35,scheduled_duration_under_3h,LGTS → LGAV,5.6948
LGTS,LGAV,2022-12,473,3,-10.6,scheduled_duration_under_3h,LGTS → LGAV,0.6342
LHBP,EGSS,2022-03,115,18,7.8333,scheduled_duration_under_3h,LHBP → EGSS,15.6522
LHBP,EGSS,2022-06,134,77,18.3583,scheduled_duration_under_3h,LHBP → EGSS,57.4627
LHBP,EGSS,2022-09,136,63,13.7583,scheduled_duration_under_3h,LHBP → EGSS,46.3235
LHBP,EGSS,2022-12,121,49,12.4667,scheduled_duration_under_3h,LHBP → EGSS,40.4959
LIBD,LIMC,2022-03,157,0,-16.2,scheduled_duration_under_3h,LIBD → LIMC,0.0
LIBD,LIMC,2022-06,176,5,-7.5667,scheduled_duration_under_3h,LIBD → LIMC,2.8409
LIBD,LIMC,2022-09,192,9,-6.5417,scheduled_duration_under_3h,LIBD → LIMC,4.6875
LIBD,LIMC,2022-12,128,0,-16.5333,scheduled_duration_under_3h,LIBD → LIMC,0.0
LIBD,LIML,2022-03,215,0,-9.0167,scheduled_duration_under_3h,LIBD → LIML,0.0
LIBD,LIML,2022-06,190,12,0.025,scheduled_duration_under_3h,LIBD → LIML,6.3158
LIBD,LIML,2022-09,180,14,-1.725,scheduled_duration_under_3h,LIBD → LIML,7.7778
LIBD,LIML,2022-12,276,8,-4.775,scheduled_duration_under_3h,LIBD → LIML,2.8986
LIBD,LIRF,2022-03,179,2,-7.85,scheduled_duration_under_3h,LIBD → LIRF,1.1173
LIBD,LIRF,2022-06,219,7,-2.1167,scheduled_duration_under_3h,LIBD → LIRF,3.1963
LIBD,LIRF,2022-09,223,11,-2.4833,scheduled_duration_under_3h,LIBD → LIRF,4.9327
LIBD,LIRF,2022-12,155,2,-8.4,scheduled_duration_under_3h,LIBD → LIRF,1.2903
LIBR,LIMC,2022-03,145,0,-18.75,scheduled_duration_under_3h,LIBR → LIMC,0.0
LIBR,LIMC,2022-06,165,1,-12.4,scheduled_duration_under_3h,LIBR → LIMC,0.6061
LIBR,LIMC,2022-09,168,14,-9.1,scheduled_duration_under_3h,LIBR → LIMC,8.3333
LIBR,LIMC,2022-12,113,0,-19.6333,scheduled_duration_under_3h,LIBR → LIMC,0.0
LIBR,LIRF,2022-03,111,0,-12.3833,scheduled_duration_under_3h,LIBR → LIRF,0.0
LIBR,LIRF,2022-06,148,0,-8.925,scheduled_duration_under_3h,LIBR → LIRF,0.0
LIBR,LIRF,2022-09,173,6,-9.8,scheduled_duration_under_3h,LIBR → LIRF,3.4682
LIBR,LIRF,2022-12,111,3,-9.1,scheduled_duration_under_3h,LIBR → LIRF,2.7027
LICA,LIMC,2022-03,186,0,-14.625,scheduled_duration_under_3h,LICA → LIMC,0.0
LICA,LIMC,2022-06,189,3,-9.2667,scheduled_duration_under_3h,LICA → LIMC,1.5873
LICA,LIMC,2022-09,220,7,-11.9083,scheduled_duration_under_3h,LICA → LIMC,3.1818
LICA,LIMC,2022-12,174,0,-16.3917,scheduled_duration_under_3h,LICA → LIMC,0.0
LICC,LIMC,2022-03,319,0,-20.0833,scheduled_duration_under_3h,LICC → LIMC,0.0
LICC,LIMC,2022-06,358,8,-12.8167,scheduled_duration_under_3h,LICC → LIMC,2.2346
LICC,LIMC,2022-09,358,7,-10.3333,scheduled_duration_under_3h,LICC → LIMC,1.9553
LICC,LIMC,2022-12,295,2,-16.1833,scheduled_duration_under_3h,LICC → LIMC,0.678
LICC,LIML,2022-03,151,4,-8.6667,scheduled_duration_under_3h,LICC → LIML,2.649
LICC,LIML,2022-06,173,21,3.0,scheduled_duration_under_3h,LICC → LIML,12.1387
LICC,LIML,2022-09,208,36,5.1417,scheduled_duration_under_3h,LICC → LIML,17.3077
LICC,LIML,2022-12,205,18,3.0333,scheduled_duration_under_3h,LICC → LIML,8.7805
LICC,LIPE,2022-03,128,12,0.2,scheduled_duration_under_3h,LICC → LIPE,9.375
LICC,LIPE,2022-06,143,8,-0.2667,scheduled_duration_under_3h,LICC → LIPE,5.5944
LICC,LIPE,2022-09,142,25,5.5083,scheduled_duration_under_3h,LICC → LIPE,17.6056
LICC,LIPE,2022-12,152,7,-5.5917,scheduled_duration_under_3h,LICC → LIPE,4.6053
LICC,LIRF,2022-03,461,1,-15.9667,scheduled_duration_under_3h,LICC → LIRF,0.2169
LICC,LIRF,2022-06,477,8,-10.7667,scheduled_duration_under_3h,LICC → LIRF,1.6771
LICC,LIRF,2022-09,545,11,-9.25,scheduled_duration_under_3h,LICC → LIRF,2.0183
LICC,LIRF,2022-12,391,3,-10.1667,scheduled_duration_under_3h,LICC → LIRF,0.7673
LICJ,LIMC,2022-03,285,0,-18.85,scheduled_duration_under_3h,LICJ → LIMC,0.0
LICJ,LIMC,2022-06,293,9,-13.1667,scheduled_duration_under_3h,LICJ → LIMC,3.0717
LICJ,LIMC,2022-09,295,6,-12.05,scheduled_duration_under_3h,LICJ → LIMC,2.0339
LICJ,LIMC,2022-12,218,0,-16.8667,scheduled_duration_under_3h,LICJ → LIMC,0.0
LICJ,LIML,2022-03,121,0,-10.15,scheduled_duration_under_3h,LICJ → LIML,0.0
LICJ,LIML,2022-06,147,8,0.2833,scheduled_duration_under_3h,LICJ → LIML,5.4422
LICJ,LIML,2022-09,149,18,3.35,scheduled_duration_under_3h,LICJ → LIML,12.0805
LICJ,LIML,2022-12,142,4,0.6417,scheduled_duration_under_3h,LICJ → LIML,2.8169
LICJ,LIRF,2022-03,345,0,-16.0667,scheduled_duration_under_3h,LICJ → LIRF,0.0
LICJ,LIRF,2022-06,389,1,-9.75,scheduled_duration_under_3h,LICJ → LIRF,0.2571
LICJ,LIRF,2022-09,449,6,-9.2667,scheduled_duration_under_3h,LICJ → LIRF,1.3363
LICJ,LIRF,2022-12,274,0,-11.425,scheduled_duration_under_3h,LICJ → LIRF,0.0
LIEE,LIML,2022-03,95,2,-1.6333,scheduled_duration_under_3h,LIEE → LIML,2.1053
LIEE,LIML,2022-06,180,7,-5.2917,scheduled_duration_under_3h,LIEE → LIML,3.8889
LIEE,LIML,2022-09,183,11,-1.3667,scheduled_duration_under_3h,LIEE → LIML,6.0109
LIEE,LIML,2022-12,139,3,-3.6667,scheduled_duration_under_3h,LIEE → LIML,2.1583
LIEE,LIRF,2022-03,208,0,-12.1,scheduled_duration_under_3h,LIEE → LIRF,0.0
LIEE,LIRF,2022-06,255,1,-11.2167,scheduled_duration_under_3h,LIEE → LIRF,0.3922
LIEE,LIRF,2022-09,264,0,-11.9667,scheduled_duration_under_3h,LIEE → LIRF,0.0
LIEE,LIRF,2022-12,217,0,-15.3833,scheduled_duration_under_3h,LIEE → LIRF,0.0
LIMC,EDDF,2022-03,129,0,-11.0,scheduled_duration_under_3h,LIMC → EDDF,0.0
LIMC,EDDF,2022-06,155,5,-9.0,scheduled_duration_under_3h,LIMC → EDDF,3.2258
LIMC,EDDF,2022-09,145,6,-8.6333,scheduled_duration_under_3h,LIMC → EDDF,4.1379
LIMC,EDDF,2022-12,95,0,-12.3167,scheduled_duration_under_3h,LIMC → EDDF,0.0
LIMC,EDDP,2022-03,190,11,-0.3,scheduled_duration_under_3h,LIMC → EDDP,5.7895
LIMC,EDDP,2022-06,183,40,2.9167,scheduled_duration_under_3h,LIMC → EDDP,21.8579
LIMC,EDDP,2022-09,184,26,3.4,scheduled_duration_under_3h,LIMC → EDDP,14.1304
LIMC,EDDP,2022-12,184,22,1.7833,scheduled_duration_under_3h,LIMC → EDDP,11.9565
LIMC,EGKK,2022-03,113,22,7.5833,scheduled_duration_under_3h,LIMC → EGKK,19.469
LIMC,EGKK,2022-06,179,103,18.0333,scheduled_duration_under_3h,LIMC → EGKK,57.5419
LIMC,EGKK,2022-09,209,119,17.05,scheduled_duration_under_3h,LIMC → EGKK,56.9378
LIMC,EGKK,2022-12,196,69,10.4333,scheduled_duration_under_3h,LIMC → EGKK,35.2041
LIMC,EHAM,2022-03,133,10,2.1333,scheduled_duration_under_3h,LIMC → EHAM,7.5188
LIMC,EHAM,2022-06,160,46,8.275,scheduled_duration_under_3h,LIMC → EHAM,28.75
LIMC,EHAM,2022-09,155,32,8.2833,scheduled_duration_under_3h,LIMC → EHAM,20.6452
LIMC,EHAM,2022-12,94,17,6.35,scheduled_duration_under_3h,LIMC → EHAM,18.0851
LIMC,ELLX,2022-03,153,9,-1.7667,scheduled_duration_under_3h,LIMC → ELLX,5.8824
LIMC,ELLX,2022-06,128,19,3.3333,scheduled_duration_under_3h,LIMC → ELLX,14.8438
LIMC,ELLX,2022-09,144,23,5.9917,scheduled_duration_under_3h,LIMC → ELLX,15.9722
LIMC,ELLX,2022-12,138,25,2.3083,scheduled_duration_under_3h,LIMC → ELLX,18.1159
LIMC,LEBL,2022-03,261,20,4.3667,scheduled_duration_under_3h,LIMC → LEBL,7.6628
LIMC,LEBL,2022-06,267,66,7.3833,scheduled_duration_under_3h,LIMC → LEBL,24.7191
LIMC,LEBL,2022-09,296,66,7.1,scheduled_duration_under_3h,LIMC → LEBL,22.2973
LIMC,LEBL,2022-12,240,42,6.025,scheduled_duration_under_3h,LIMC → LEBL,17.5
LIMC,LEMD,2022-03,159,12,1.0167,scheduled_duration_under_3h,LIMC → LEMD,7.5472
LIMC,LEMD,2022-06,148,34,8.0833,scheduled_duration_under_3h,LIMC → LEMD,22.973
LIMC,LEMD,2022-09,154,36,8.2917,scheduled_duration_under_3h,LIMC → LEMD,23.3766
LIMC,LEMD,2022-12,199,28,6.1167,scheduled_duration_under_3h,LIMC → LEMD,14.0704
LIMC,LFPG,2022-03,293,62,6.25,scheduled_duration_under_3h,LIMC → LFPG,21.1604
LIMC,LFPG,2022-06,289,69,9.0,scheduled_duration_under_3h,LIMC → LFPG,23.8754
LIMC,LFPG,2022-09,260,79,9.3167,scheduled_duration_under_3h,LIMC → LFPG,30.3846
LIMC,LFPG,2022-12,283,57,8.5,scheduled_duration_under_3h,LIMC → LFPG,20.1413
LIMC,LIBD,2022-03,157,8,2.25,scheduled_duration_under_3h,LIMC → LIBD,5.0955
LIMC,LIBD,2022-06,178,31,6.6583,scheduled_duration_under_3h,LIMC → LIBD,17.4157
LIMC,LIBD,2022-09,192,43,6.35,scheduled_duration_under_3h,LIMC → LIBD,22.3958
LIMC,LIBD,2022-12,130,24,5.0833,scheduled_duration_under_3h,LIMC → LIBD,18.4615
LIMC,LIBR,2022-03,145,15,3.2833,scheduled_duration_under_3h,LIMC → LIBR,10.3448
LIMC,LIBR,2022-06,165,46,9.6833,scheduled_duration_under_3h,LIMC → LIBR,27.8788
LIMC,LIBR,2022-09,164,30,7.0583,scheduled_duration_under_3h,LIMC → LIBR,18.2927
LIMC,LIBR,2022-12,114,22,6.975,scheduled_duration_under_3h,LIMC → LIBR,19.2982
LIMC,LICA,2022-03,183,14,3.65,scheduled_duration_under_3h,LIMC → LICA,7.6503
LIMC,LICA,2022-06,186,58,8.125,scheduled_duration_under_3h,LIMC → LICA,31.1828
LIMC,LICA,2022-09,219,39,5.3667,scheduled_duration_under_3h,LIMC → LICA,17.8082
LIMC,LICA,2022-12,170,43,6.4583,scheduled_duration_under_3h,LIMC → LICA,25.2941
LIMC,LICC,2022-03,349,39,-3.1333,scheduled_duration_under_3h,LIMC → LICC,11.1748
LIMC,LICC,2022-06,377,43,-0.35,scheduled_duration_under_3h,LIMC → LICC,11.4058
LIMC,LICC,2022-09,384,66,6.2167,scheduled_duration_under_3h,LIMC → LICC,17.1875
LIMC,LICC,2022-12,317,70,6.2,scheduled_duration_under_3h,LIMC → LICC,22.082
LIMC,LICJ,2022-03,283,6,-0.4167,scheduled_duration_under_3h,LIMC → LICJ,2.1201
LIMC,LICJ,2022-06,290,44,3.325,scheduled_duration_under_3h,LIMC → LICJ,15.1724
LIMC,LICJ,2022-09,291,37,1.1167,scheduled_duration_under_3h,LIMC → LICJ,12.7148
LIMC,LICJ,2022-12,218,36,4.0083,scheduled_duration_under_3h,LIMC → LICJ,16.5138
LIMC,LIEE,2022-03,106,7,1.0417,scheduled_duration_under_3h,LIMC → LIEE,6.6038
LIMC,LIEE,2022-06,157,30,5.2667,scheduled_duration_under_3h,LIMC → LIEE,19.1083
LIMC,LIEE,2022-09,158,23,4.5917,scheduled_duration_under_3h,LIMC → LIEE,14.557
LIMC,LIEE,2022-12,79,26,8.2,scheduled_duration_under_3h,LIMC → LIEE,32.9114
LIMC,LIRN,2022-03,261,11,2.0333,scheduled_duration_under_3h,LIMC → LIRN,4.2146
LIMC,LIRN,2022-06,294,40,1.425,scheduled_duration_under_3h,LIMC → LIRN,13.6054
LIMC,LIRN,2022-09,343,42,-0.4,scheduled_duration_under_3h,LIMC → LIRN,12.2449
LIMC,LIRN,2022-12,221,23,-5.4,scheduled_duration_under_3h,LIMC → LIRN,10.4072
LIMC,LOWW,2022-03,139,10,5.8167,scheduled_duration_under_3h,LIMC → LOWW,7.1942
LIMC,LOWW,2022-06,161,25,7.4167,scheduled_duration_under_3h,LIMC → LOWW,15.528
LIMC,LOWW,2022-09,155,31,7.7167,scheduled_duration_under_3h,LIMC → LOWW,20.0
LIMC,LOWW,2022-12,119,25,6.0167,scheduled_duration_under_3h,LIMC → LOWW,21.0084
LIMC,LPPT,2022-03,112,25,7.675,scheduled_duration_under_3h,LIMC → LPPT,22.3214
LIMC,LPPT,2022-06,167,59,11.3667,scheduled_duration_under_3h,LIMC → LPPT,35.3293
LIMC,LPPT,2022-09,167,73,12.55,scheduled_duration_under_3h,LIMC → LPPT,43.7126
LIMC,LPPT,2022-12,136,76,17.3167,scheduled_duration_under_3h,LIMC → LPPT,55.8824
LIME,EGSS,2022-03,124,8,5.4833,scheduled_duration_under_3h,LIME → EGSS,6.4516
LIME,EGSS,2022-06,116,44,11.2583,scheduled_duration_under_3h,LIME → EGSS,37.931
LIME,EGSS,2022-09,119,39,11.95,scheduled_duration_under_3h,LIME → EGSS,32.7731
LIME,EGSS,2022-12,141,46,11.9333,scheduled_duration_under_3h,LIME → EGSS,32.6241
LIML,EBBR,2022-03,118,3,-1.3917,scheduled_duration_under_3h,LIML → EBBR,2.5424
LIML,EBBR,2022-06,144,30,4.425,scheduled_duration_under_3h,LIML → EBBR,20.8333
LIML,EBBR,2022-09,155,17,2.05,scheduled_duration_under_3h,LIML → EBBR,10.9677
LIML,EBBR,2022-12,141,19,1.0667,scheduled_duration_under_3h,LIML → EBBR,13.4752
LIML,EDDF,2022-03,184,0,-11.8333,scheduled_duration_under_3h,LIML → EDDF,0.0
LIML,EDDF,2022-06,203,11,-5.1667,scheduled_duration_under_3h,LIML → EDDF,5.4187
LIML,EDDF,2022-09,188,8,-5.4083,scheduled_duration_under_3h,LIML → EDDF,4.2553
LIML,EDDF,2022-12,208,4,-8.6167,scheduled_duration_under_3h,LIML → EDDF,1.9231
LIML,EGLL,2022-03,178,46,7.6167,scheduled_duration_under_3h,LIML → EGLL,25.8427
LIML,EGLL,2022-06,137,60,13.1,scheduled_duration_under_3h,LIML → EGLL,43.7956
LIML,EGLL,2022-09,181,88,14.2,scheduled_duration_under_3h,LIML → EGLL,48.6188
LIML,EGLL,2022-12,191,63,10.6833,scheduled_duration_under_3h,LIML → EGLL,32.9843
LIML,EHAM,2022-03,215,19,4.3833,scheduled_duration_under_3h,LIML → EHAM,8.8372
LIML,EHAM,2022-06,191,69,11.9667,scheduled_duration_under_3h,LIML → EHAM,36.1257
LIML,EHAM,2022-09,203,65,10.0833,scheduled_duration_under_3h,LIML → EHAM,32.0197
LIML,EHAM,2022-12,192,44,7.7667,scheduled_duration_under_3h,LIML → EHAM,22.9167
LIML,LFPG,2022-03,213,32,6.3667,scheduled_duration_under_3h,LIML → LFPG,15.0235
LIML,LFPG,2022-06,241,55,7.7667,scheduled_duration_under_3h,LIML → LFPG,22.8216
LIML,LFPG,2022-09,251,63,8.9667,scheduled_duration_under_3h,LIML → LFPG,25.0996
LIML,LFPG,2022-12,274,47,6.325,scheduled_duration_under_3h,LIML → LFPG,17.1533
LIML,LFPO,2022-03,122,7,4.075,scheduled_duration_under_3h,LIML → LFPO,5.7377
LIML,LFPO,2022-06,103,25,7.9167,scheduled_duration_under_3h,LIML → LFPO,24.2718
LIML,LFPO,2022-09,123,22,6.6333,scheduled_duration_under_3h,LIML → LFPO,17.8862
LIML,LFPO,2022-12,161,21,3.8833,scheduled_duration_under_3h,LIML → LFPO,13.0435
LIML,LIBD,2022-03,215,7,2.2333,scheduled_duration_under_3h,LIML → LIBD,3.2558
LIML,LIBD,2022-06,188,36,7.0,scheduled_duration_under_3h,LIML → LIBD,19.1489
LIML,LIBD,2022-09,179,32,5.8,scheduled_duration_under_3h,LIML → LIBD,17.8771
LIML,LIBD,2022-12,276,19,3.6917,scheduled_duration_under_3h,LIML → LIBD,6.8841
LIML,LICC,2022-03,152,12,-2.0167,scheduled_duration_under_3h,LIML → LICC,7.8947
LIML,LICC,2022-06,173,15,1.5667,scheduled_duration_under_3h,LIML → LICC,8.6705
LIML,LICC,2022-09,210,30,6.0333,scheduled_duration_under_3h,LIML → LICC,14.2857
LIML,LICC,2022-12,204,63,9.925,scheduled_duration_under_3h,LIML → LICC,30.8824
LIML,LICJ,2022-03,121,2,-0.3333,scheduled_duration_under_3h,LIML → LICJ,1.6529
LIML,LICJ,2022-06,148,31,7.4583,scheduled_duration_under_3h,LIML → LICJ,20.9459
LIML,LICJ,2022-09,150,14,4.7083,scheduled_duration_under_3h,LIML → LICJ,9.3333
LIML,LICJ,2022-12,141,25,7.2667,scheduled_duration_under_3h,LIML → LICJ,17.7305
LIML,LIEE,2022-03,95,2,-0.5833,scheduled_duration_under_3h,LIML → LIEE,2.1053
LIML,LIEE,2022-06,182,15,3.8,scheduled_duration_under_3h,LIML → LIEE,8.2418
LIML,LIEE,2022-09,184,15,2.2667,scheduled_duration_under_3h,LIML → LIEE,8.1522
LIML,LIEE,2022-12,137,21,5.4667,scheduled_duration_under_3h,LIML → LIEE,15.3285
LIML,LIRF,2022-03,318,1,-6.275,scheduled_duration_under_3h,LIML → LIRF,0.3145
LIML,LIRF,2022-06,296,15,-2.4333,scheduled_duration_under_3h,LIML → LIRF,5.0676
LIML,LIRF,2022-09,308,8,-3.4417,scheduled_duration_under_3h,LIML → LIRF,2.5974
LIML,LIRF,2022-12,374,11,-3.3833,scheduled_duration_under_3h,LIML → LIRF,2.9412
LIML,LIRN,2022-03,217,9,4.0333,scheduled_duration_under_3h,LIML → LIRN,4.1475
LIML,LIRN,2022-06,182,20,4.825,scheduled_duration_under_3h,LIML → LIRN,10.989
LIML,LIRN,2022-09,173,24,3.15,scheduled_duration_under_3h,LIML → LIRN,13.8728
LIML,LIRN,2022-12,233,15,-1.2,scheduled_duration_under_3h,LIML → LIRN,6.4378
LIPE,LICC,2022-03,128,9,-7.6583,scheduled_duration_under_3h,LIPE → LICC,7.0312
LIPE,LICC,2022-06,146,3,-6.0833,scheduled_duration_under_3h,LIPE → LICC,2.0548
LIPE,LICC,2022-09,143,2,-0.9667,scheduled_duration_under_3h,LIPE → LICC,1.3986
LIPE,LICC,2022-12,148,16,-3.8083,scheduled_duration_under_3h,LIPE → LICC,10.8108
LIPZ,LFPG,2022-03,219,20,3.0167,scheduled_duration_under_3h,LIPZ → LFPG,9.1324
LIPZ,LFPG,2022-06,235,49,7.65,scheduled_duration_under_3h,LIPZ → LFPG,20.8511
LIPZ,LFPG,2022-09,217,40,8.2833,scheduled_duration_under_3h,LIPZ → LFPG,18.4332
LIPZ,LFPG,2022-12,199,39,7.2833,scheduled_duration_under_3h,LIPZ → LFPG,19.598
LIRF,EBBR,2022-03,156,1,-1.5583,scheduled_duration_under_3h,LIRF → EBBR,0.641
LIRF,EBBR,2022-06,179,43,4.8,scheduled_duration_under_3h,LIRF → EBBR,24.0223
LIRF,EBBR,2022-09,199,32,1.8667,scheduled_duration_under_3h,LIRF → EBBR,16.0804
LIRF,EBBR,2022-12,146,10,2.575,scheduled_duration_under_3h,LIRF → EBBR,6.8493
LIRF,EDDF,2022-03,127,0,-6.8667,scheduled_duration_under_3h,LIRF → EDDF,0.0
LIRF,EDDF,2022-06,176,14,-4.075,scheduled_duration_under_3h,LIRF → EDDF,7.9545
LIRF,EDDF,2022-09,144,6,-3.7417,scheduled_duration_under_3h,LIRF → EDDF,4.1667
LIRF,EDDF,2022-12,101,1,-6.0167,scheduled_duration_under_3h,LIRF → EDDF,0.9901
LIRF,EDDM,2022-03,157,0,-6.1667,scheduled_duration_under_3h,LIRF → EDDM,0.0
LIRF,EDDM,2022-06,175,18,2.0167,scheduled_duration_under_3h,LIRF → EDDM,10.2857
LIRF,EDDM,2022-09,171,14,1.6833,scheduled_duration_under_3h,LIRF → EDDM,8.1871
LIRF,EDDM,2022-12,155,17,0.2333,scheduled_duration_under_3h,LIRF → EDDM,10.9677
LIRF,EGKK,2022-03,62,6,3.0583,scheduled_duration_under_3h,LIRF → EGKK,9.6774
LIRF,EGKK,2022-06,182,89,14.8417,scheduled_duration_under_3h,LIRF → EGKK,48.9011
LIRF,EGKK,2022-09,204,78,11.4833,scheduled_duration_under_3h,LIRF → EGKK,38.2353
LIRF,EGKK,2022-12,163,60,11.2333,scheduled_duration_under_3h,LIRF → EGKK,36.8098
LIRF,EGLL,2022-03,179,11,1.7333,scheduled_duration_under_3h,LIRF → EGLL,6.1453
LIRF,EGLL,2022-06,166,50,7.6167,scheduled_duration_under_3h,LIRF → EGLL,30.1205
LIRF,EGLL,2022-09,222,58,7.9333,scheduled_duration_under_3h,LIRF → EGLL,26.1261
LIRF,EGLL,2022-12,188,51,9.325,scheduled_duration_under_3h,LIRF → EGLL,27.1277
LIRF,EHAM,2022-03,225,11,2.85,scheduled_duration_under_3h,LIRF → EHAM,4.8889
LIRF,EHAM,2022-06,268,91,11.2167,scheduled_duration_under_3h,LIRF → EHAM,33.9552
LIRF,EHAM,2022-09,271,73,8.5167,scheduled_duration_under_3h,LIRF → EHAM,26.9373
LIRF,EHAM,2022-12,249,48,5.7333,scheduled_duration_under_3h,LIRF → EHAM,19.2771
LIRF,LEBL,2022-03,224,13,2.1083,scheduled_duration_under_3h,LIRF → LEBL,5.8036
LIRF,LEBL,2022-06,306,66,7.8333,scheduled_duration_under_3h,LIRF → LEBL,21.5686
LIRF,LEBL,2022-09,311,80,8.9,scheduled_duration_under_3h,LIRF → LEBL,25.7235
LIRF,LEBL,2022-12,311,41,5.6833,scheduled_duration_under_3h,LIRF → LEBL,13.1833
LIRF,LEMD,2022-03,274,12,0.8583,scheduled_duration_under_3h,LIRF → LEMD,4.3796
LIRF,LEMD,2022-06,349,63,6.4,scheduled_duration_under_3h,LIRF → LEMD,18.0516
LIRF,LEMD,2022-09,357,69,6.5667,scheduled_duration_under_3h,LIRF → LEMD,19.3277
LIRF,LEMD,2022-12,369,76,5.5667,scheduled_duration_under_3h,LIRF → LEMD,20.5962
LIRF,LFPG,2022-03,250,19,2.525,scheduled_duration_under_3h,LIRF → LFPG,7.6
LIRF,LFPG,2022-06,318,62,6.9083,scheduled_duration_under_3h,LIRF → LFPG,19.4969
LIRF,LFPG,2022-09,320,81,9.2417,scheduled_duration_under_3h,LIRF → LFPG,25.3125
LIRF,LFPG,2022-12,307,49,6.7,scheduled_duration_under_3h,LIRF → LFPG,15.9609
LIRF,LFPO,2022-03,129,12,3.1167,scheduled_duration_under_3h,LIRF → LFPO,9.3023
LIRF,LFPO,2022-06,199,47,7.7,scheduled_duration_under_3h,LIRF → LFPO,23.6181
LIRF,LFPO,2022-09,224,52,7.275,scheduled_duration_under_3h,LIRF → LFPO,23.2143
LIRF,LFPO,2022-12,232,53,7.3333,scheduled_duration_under_3h,LIRF → LFPO,22.8448
LIRF,LGAV,2022-03,114,1,-4.1167,scheduled_duration_under_3h,LIRF → LGAV,0.8772
LIRF,LGAV,2022-06,207,21,3.8667,scheduled_duration_under_3h,LIRF → LGAV,10.1449
LIRF,LGAV,2022-09,217,18,2.5667,scheduled_duration_under_3h,LIRF → LGAV,8.2949
LIRF,LGAV,2022-12,166,16,1.475,scheduled_duration_under_3h,LIRF → LGAV,9.6386
LIRF,LIBD,2022-03,180,2,-5.0,scheduled_duration_under_3h,LIRF → LIBD,1.1111
LIRF,LIBD,2022-06,217,25,2.0,scheduled_duration_under_3h,LIRF → LIBD,11.5207
LIRF,LIBD,2022-09,219,16,1.4167,scheduled_duration_under_3h,LIRF → LIBD,7.3059
LIRF,LIBD,2022-12,156,8,-0.7583,scheduled_duration_under_3h,LIRF → LIBD,5.1282
LIRF,LIBR,2022-03,111,1,-3.9667,scheduled_duration_under_3h,LIRF → LIBR,0.9009
LIRF,LIBR,2022-06,148,16,2.55,scheduled_duration_under_3h,LIRF → LIBR,10.8108
LIRF,LIBR,2022-09,173,8,0.0333,scheduled_duration_under_3h,LIRF → LIBR,4.6243
LIRF,LIBR,2022-12,110,10,2.3833,scheduled_duration_under_3h,LIRF → LIBR,9.0909
LIRF,LICC,2022-03,461,23,-8.4667,scheduled_duration_under_3h,LIRF → LICC,4.9892
LIRF,LICC,2022-06,487,36,-2.8167,scheduled_duration_under_3h,LIRF → LICC,7.3922
LIRF,LICC,2022-09,541,66,2.4,scheduled_duration_under_3h,LIRF → LICC,12.1996
LIRF,LICC,2022-12,388,50,4.4083,scheduled_duration_under_3h,LIRF → LICC,12.8866
LIRF,LICJ,2022-03,347,6,-4.0167,scheduled_duration_under_3h,LIRF → LICJ,1.7291
LIRF,LICJ,2022-06,378,53,4.6833,scheduled_duration_under_3h,LIRF → LICJ,14.0212
LIRF,LICJ,2022-09,449,38,0.8833,scheduled_duration_under_3h,LIRF → LICJ,8.4633
LIRF,LICJ,2022-12,269,23,2.2333,scheduled_duration_under_3h,LIRF → LICJ,8.5502
LIRF,LIEE,2022-03,213,1,-2.15,scheduled_duration_under_3h,LIRF → LIEE,0.4695
LIRF,LIEE,2022-06,260,22,0.6083,scheduled_duration_under_3h,LIRF → LIEE,8.4615
LIRF,LIEE,2022-09,265,31,1.0667,scheduled_duration_under_3h,LIRF → LIEE,11.6981
LIRF,LIEE,2022-12,221,11,1.4833,scheduled_duration_under_3h,LIRF → LIEE,4.9774
LIRF,LIML,2022-03,318,0,-5.05,scheduled_duration_under_3h,LIRF → LIML,0.0
LIRF,LIML,2022-06,297,19,1.7167,scheduled_duration_under_3h,LIRF → LIML,6.3973
LIRF,LIML,2022-09,309,25,1.7333,scheduled_duration_under_3h,LIRF → LIML,8.0906
LIRF,LIML,2022-12,370,22,0.0417,scheduled_duration_under_3h,LIRF → LIML,5.9459
LIRN,LIMC,2022-03,261,0,-12.3333,scheduled_duration_under_3h,LIRN → LIMC,0.0
LIRN,LIMC,2022-06,293,9,-6.35,scheduled_duration_under_3h,LIRN → LIMC,3.0717
LIRN,LIMC,2022-09,342,13,-8.7417,scheduled_duration_under_3h,LIRN → LIMC,3.8012
LIRN,LIMC,2022-12,217,0,-14.7333,scheduled_duration_under_3h,LIRN → LIMC,0.0
LIRN,LIML,2022-03,215,4,-1.3667,scheduled_duration_under_3h,LIRN → LIML,1.8605
LIRN,LIML,2022-06,182,18,3.2583,scheduled_duration_under_3h,LIRN → LIML,9.8901
LIRN,LIML,2022-09,172,28,5.45,scheduled_duration_under_3h,LIRN → LIML,16.2791
LIRN,LIML,2022-12,234,13,1.2917,scheduled_duration_under_3h,LIRN → LIML,5.5556
LIRQ,LFPG,2022-03,124,24,6.4917,scheduled_duration_under_3h,LIRQ → LFPG,19.3548
LIRQ,LFPG,2022-06,178,64,12.25,scheduled_duration_under_3h,LIRQ → LFPG,35.9551
LIRQ,LFPG,2022-09,170,63,12.2,scheduled_duration_under_3h,LIRQ → LFPG,37.0588
LIRQ,LFPG,2022-12,140,25,5.975,scheduled_duration_under_3h,LIRQ → LFPG,17.8571
LKPR,EHAM,2022-03,147,19,5.85,scheduled_duration_under_3h,LKPR → EHAM,12.9252
LKPR,EHAM,2022-06,145,55,9.7167,scheduled_duration_under_3h,LKPR → EHAM,37.931
LKPR,EHAM,2022-09,157,26,7.35,scheduled_duration_under_3h,LKPR → EHAM,16.5605
LKPR,EHAM,2022-12,127,30,8.0667,scheduled_duration_under_3h,LKPR → EHAM,23.622
LKPR,LFPG,2022-03,123,12,1.9167,scheduled_duration_under_3h,LKPR → LFPG,9.7561
LKPR,LFPG,2022-06,129,55,11.3167,scheduled_duration_under_3h,LKPR → LFPG,42.6357
LKPR,LFPG,2022-09,146,47,10.3917,scheduled_duration_under_3h,LKPR → LFPG,32.1918
LKPR,LFPG,2022-12,138,33,6.5917,scheduled_duration_under_3h,LKPR → LFPG,23.913
LLBG,LCLK,2022-03,70,3,4.15,scheduled_duration_under_3h,LLBG → LCLK,4.2857
LLBG,LCLK,2022-06,141,15,4.55,scheduled_duration_under_3h,LLBG → LCLK,10.6383
LLBG,LCLK,2022-09,167,12,3.9833,scheduled_duration_under_3h,LLBG → LCLK,7.1856
LLBG,LCLK,2022-12,136,20,4.6583,scheduled_duration_under_3h,LLBG → LCLK,14.7059
LLBG,LGAV,2022-03,90,14,8.2833,scheduled_duration_under_3h,LLBG → LGAV,15.5556
LLBG,LGAV,2022-06,138,44,10.625,scheduled_duration_under_3h,LLBG → LGAV,31.8841
LLBG,LGAV,2022-09,145,45,11.2167,scheduled_duration_under_3h,LLBG → LGAV,31.0345
LLBG,LGAV,2022-12,196,33,6.3417,scheduled_duration_under_3h,LLBG → LGAV,16.8367
LLBG,LLER,2022-03,243,39,3.2833,scheduled_duration_under_3h,LLBG → LLER,16.0494
LLBG,LLER,2022-06,197,39,3.25,scheduled_duration_under_3h,LLBG → LLER,19.797
LLBG,LLER,2022-09,175,29,1.0667,scheduled_duration_under_3h,LLBG → LLER,16.5714
LLBG,LLER,2022-12,282,49,4.6,scheduled_duration_under_3h,LLBG → LLER,17.3759
LLBG,LTFJ,2022-03,193,16,-2.6,scheduled_duration_under_3h,LLBG → LTFJ,8.2902
LLBG,LTFJ,2022-06,177,22,-0.3167,scheduled_duration_under_3h,LLBG → LTFJ,12.4294
LLBG,LTFJ,2022-09,192,25,-1.7417,scheduled_duration_under_3h,LLBG → LTFJ,13.0208
LLBG,LTFJ,2022-12,220,17,-2.0167,scheduled_duration_under_3h,LLBG → LTFJ,7.7273
LLBG,LTFM,2022-03,186,27,-0.6333,scheduled_duration_under_3h,LLBG → LTFM,14.5161
LLBG,LTFM,2022-06,218,17,-1.85,scheduled_duration_under_3h,LLBG → LTFM,7.7982
LLBG,LTFM,2022-09,267,17,-1.9333,scheduled_duration_under_3h,LLBG → LTFM,6.367
LLBG,LTFM,2022-12,254,20,-1.55,scheduled_duration_under_3h,LLBG → LTFM,7.874
LLBG,OMDB,2022-03,122,56,13.2917,scheduled_duration_under_3h,LLBG → OMDB,45.9016
LLBG,OMDB,2022-06,33,13,12.0667,scheduled_duration_under_3h,LLBG → OMDB,39.3939
LLBG,OMDB,2022-09,81,47,18.4667,scheduled_duration_under_3h,LLBG → OMDB,58.0247
LLBG,OMDB,2022-12,272,101,10.4333,scheduled_duration_under_3h,LLBG → OMDB,37.1324
LLER,LLBG,2022-03,242,29,-0.9,scheduled_duration_under_3h,LLER → LLBG,11.9835
LLER,LLBG,2022-06,195,21,-1.45,scheduled_duration_under_3h,LLER → LLBG,10.7692
LLER,LLBG,2022-09,177,18,-2.0,scheduled_duration_under_3h,LLER → LLBG,10.1695
LLER,LLBG,2022-12,280,24,-4.075,scheduled_duration_under_3h,LLER → LLBG,8.5714
LOWW,EBBR,2022-03,124,12,2.2167,scheduled_duration_under_3h,LOWW → EBBR,9.6774
LOWW,EBBR,2022-06,180,75,12.5667,scheduled_duration_under_3h,LOWW → EBBR,41.6667
LOWW,EBBR,2022-09,214,44,6.95,scheduled_duration_under_3h,LOWW → EBBR,20.5607
LOWW,EBBR,2022-12,178,35,6.6583,scheduled_duration_under_3h,LOWW → EBBR,19.6629
LOWW,EDDB,2022-03,135,7,1.7667,scheduled_duration_under_3h,LOWW → EDDB,5.1852
LOWW,EDDB,2022-06,184,35,7.0917,scheduled_duration_under_3h,LOWW → EDDB,19.0217
LOWW,EDDB,2022-09,203,38,7.5333,scheduled_duration_under_3h,LOWW → EDDB,18.7192
LOWW,EDDB,2022-12,169,20,4.45,scheduled_duration_under_3h,LOWW → EDDB,11.8343
LOWW,EDDF,2022-03,262,5,-6.8833,scheduled_duration_under_3h,LOWW → EDDF,1.9084
LOWW,EDDF,2022-06,284,23,-2.175,scheduled_duration_under_3h,LOWW → EDDF,8.0986
LOWW,EDDF,2022-09,286,12,-2.7417,scheduled_duration_under_3h,LOWW → EDDF,4.1958
LOWW,EDDF,2022-12,279,23,-1.6667,scheduled_duration_under_3h,LOWW → EDDF,8.2437
LOWW,EDDH,2022-03,118,1,-11.025,scheduled_duration_under_3h,LOWW → EDDH,0.8475
LOWW,EDDH,2022-06,160,40,2.7083,scheduled_duration_under_3h,LOWW → EDDH,25.0
LOWW,EDDH,2022-09,197,18,-3.9167,scheduled_duration_under_3h,LOWW → EDDH,9.1371
LOWW,EDDH,2022-12,167,7,-4.15,scheduled_duration_under_3h,LOWW → EDDH,4.1916
LOWW,EDDK,2022-03,113,7,-1.4167,scheduled_duration_under_3h,LOWW → EDDK,6.1947
LOWW,EDDK,2022-06,134,45,7.4333,scheduled_duration_under_3h,LOWW → EDDK,33.5821
LOWW,EDDK,2022-09,155,29,2.4333,scheduled_duration_under_3h,LOWW → EDDK,18.7097
LOWW,EDDK,2022-12,147,23,4.1,scheduled_duration_under_3h,LOWW → EDDK,15.6463
LOWW,EDDL,2022-03,129,1,-3.3667,scheduled_duration_under_3h,LOWW → EDDL,0.7752
LOWW,EDDL,2022-06,158,51,8.3417,scheduled_duration_under_3h,LOWW → EDDL,32.2785
LOWW,EDDL,2022-09,191,23,4.9833,scheduled_duration_under_3h,LOWW → EDDL,12.0419
LOWW,EDDL,2022-12,165,17,4.3667,scheduled_duration_under_3h,LOWW → EDDL,10.303
LOWW,EDDM,2022-03,138,0,-4.35,scheduled_duration_under_3h,LOWW → EDDM,0.0
LOWW,EDDM,2022-06,165,15,1.2167,scheduled_duration_under_3h,LOWW → EDDM,9.0909
LOWW,EDDM,2022-09,181,12,1.5,scheduled_duration_under_3h,LOWW → EDDM,6.6298
LOWW,EDDM,2022-12,164,14,1.1667,scheduled_duration_under_3h,LOWW → EDDM,8.5366
LOWW,EGLL,2022-03,132,42,10.5167,scheduled_duration_under_3h,LOWW → EGLL,31.8182
LOWW,EGLL,2022-06,195,116,16.9333,scheduled_duration_under_3h,LOWW → EGLL,59.4872
LOWW,EGLL,2022-09,207,122,18.5167,scheduled_duration_under_3h,LOWW → EGLL,58.9372
LOWW,EGLL,2022-12,221,132,17.7,scheduled_duration_under_3h,LOWW → EGLL,59.7285
LOWW,EHAM,2022-03,178,12,3.9583,scheduled_duration_under_3h,LOWW → EHAM,6.7416
LOWW,EHAM,2022-06,214,76,10.9583,scheduled_duration_under_3h,LOWW → EHAM,35.514
LOWW,EHAM,2022-09,224,51,8.3333,scheduled_duration_under_3h,LOWW → EHAM,22.7679
LOWW,EHAM,2022-12,192,40,8.95,scheduled_duration_under_3h,LOWW → EHAM,20.8333
LOWW,EPWA,2022-03,99,0,-15.4167,scheduled_duration_under_3h,LOWW → EPWA,0.0
LOWW,EPWA,2022-06,166,21,-2.0167,scheduled_duration_under_3h,LOWW → EPWA,12.6506
LOWW,EPWA,2022-09,165,12,-0.35,scheduled_duration_under_3h,LOWW → EPWA,7.2727
LOWW,EPWA,2022-12,155,8,-3.7833,scheduled_duration_under_3h,LOWW → EPWA,5.1613
LOWW,LEBL,2022-03,92,1,0.9083,scheduled_duration_under_3h,LOWW → LEBL,1.087
LOWW,LEBL,2022-06,154,24,6.6917,scheduled_duration_under_3h,LOWW → LEBL,15.5844
LOWW,LEBL,2022-09,164,31,7.625,scheduled_duration_under_3h,LOWW → LEBL,18.9024
LOWW,LEBL,2022-12,139,23,6.1333,scheduled_duration_under_3h,LOWW → LEBL,16.5468
LOWW,LEPA,2022-03,78,6,-0.5333,scheduled_duration_under_3h,LOWW → LEPA,7.6923
LOWW,LEPA,2022-06,199,28,3.2167,scheduled_duration_under_3h,LOWW → LEPA,14.0704
LOWW,LEPA,2022-09,212,57,6.5833,scheduled_duration_under_3h,LOWW → LEPA,26.8868
LOWW,LEPA,2022-12,49,14,2.7167,scheduled_duration_under_3h,LOWW → LEPA,28.5714
LOWW,LFPG,2022-03,172,10,2.5833,scheduled_duration_under_3h,LOWW → LFPG,5.814
LOWW,LFPG,2022-06,239,92,11.05,scheduled_duration_under_3h,LOWW → LFPG,38.4937
LOWW,LFPG,2022-09,251,67,9.2833,scheduled_duration_under_3h,LOWW → LFPG,26.6932
LOWW,LFPG,2022-12,225,71,10.6,scheduled_duration_under_3h,LOWW → LFPG,31.5556
LOWW,LIMC,2022-03,165,0,-13.9667,scheduled_duration_under_3h,LOWW → LIMC,0.0
LOWW,LIMC,2022-06,171,7,-6.45,scheduled_duration_under_3h,LOWW → LIMC,4.0936
LOWW,LIMC,2022-09,179,5,-4.55,scheduled_duration_under_3h,LOWW → LIMC,2.7933
LOWW,LIMC,2022-12,142,5,-5.3583,scheduled_duration_under_3h,LOWW → LIMC,3.5211
LOWW,LROP,2022-03,99,1,-4.1333,scheduled_duration_under_3h,LOWW → LROP,1.0101
LOWW,LROP,2022-06,149,10,0.7667,scheduled_duration_under_3h,LOWW → LROP,6.7114
LOWW,LROP,2022-09,166,15,1.4833,scheduled_duration_under_3h,LOWW → LROP,9.0361
LOWW,LROP,2022-12,129,13,1.6667,scheduled_duration_under_3h,LOWW → LROP,10.0775
LOWW,LSZH,2022-03,179,5,-1.0167,scheduled_duration_under_3h,LOWW → LSZH,2.7933
LOWW,LSZH,2022-06,215,55,7.9833,scheduled_duration_under_3h,LOWW → LSZH,25.5814
LOWW,LSZH,2022-09,232,48,8.7667,scheduled_duration_under_3h,LOWW → LSZH,20.6897
LOWW,LSZH,2022-12,209,35,6.6167,scheduled_duration_under_3h,LOWW → LSZH,16.7464
LOWW,LYBE,2022-03,89,0,-3.1,scheduled_duration_under_3h,LOWW → LYBE,0.0
LOWW,LYBE,2022-06,142,7,0.1667,scheduled_duration_under_3h,LOWW → LYBE,4.9296
LOWW,LYBE,2022-09,145,12,3.8333,scheduled_duration_under_3h,LOWW → LYBE,8.2759
LOWW,LYBE,2022-12,140,18,2.3917,scheduled_duration_under_3h,LOWW → LYBE,12.8571
LPFR,EGKK,2022-03,88,5,1.3083,scheduled_duration_under_3h,LPFR → EGKK,5.6818
LPFR,EGKK,2022-06,221,100,11.8833,scheduled_duration_under_3h,LPFR → EGKK,45.2489
LPFR,EGKK,2022-09,215,88,11.85,scheduled_duration_under_3h,LPFR → EGKK,40.9302
LPFR,EGKK,2022-12,135,15,-0.9833,scheduled_duration_under_3h,LPFR → EGKK,11.1111
LPLA,LPPD,2022-03,152,14,1.5917,scheduled_duration_under_3h,LPLA → LPPD,9.2105
LPLA,LPPD,2022-06,212,36,4.1,scheduled_duration_under_3h,LPLA → LPPD,16.9811
LPLA,LPPD,2022-09,205,24,0.3167,scheduled_duration_under_3h,LPLA → LPPD,11.7073
LPLA,LPPD,2022-12,149,27,4.4667,scheduled_duration_under_3h,LPLA → LPPD,18.1208
LPMA,LPPR,2022-03,131,16,2.2667,scheduled_duration_under_3h,LPMA → LPPR,12.2137
LPMA,LPPR,2022-06,167,14,0.4667,scheduled_duration_under_3h,LPMA → LPPR,8.3832
LPMA,LPPR,2022-09,169,15,0.4667,scheduled_duration_under_3h,LPMA → LPPR,8.8757
LPMA,LPPR,2022-12,185,26,4.8167,scheduled_duration_under_3h,LPMA → LPPR,14.0541
LPMA,LPPT,2022-03,259,15,-0.3167,scheduled_duration_under_3h,LPMA → LPPT,5.7915
LPMA,LPPT,2022-06,355,59,5.5167,scheduled_duration_under_3h,LPMA → LPPT,16.6197
LPMA,LPPT,2022-09,360,83,6.8583,scheduled_duration_under_3h,LPMA → LPPT,23.0556
LPMA,LPPT,2022-12,348,93,6.3833,scheduled_duration_under_3h,LPMA → LPPT,26.7241
LPPD,LPLA,2022-03,151,10,1.5,scheduled_duration_under_3h,LPPD → LPLA,6.6225
LPPD,LPLA,2022-06,207,26,4.4,scheduled_duration_under_3h,LPPD → LPLA,12.5604
LPPD,LPLA,2022-09,202,21,-0.1833,scheduled_duration_under_3h,LPPD → LPLA,10.396
LPPD,LPLA,2022-12,155,24,4.55,scheduled_duration_under_3h,LPPD → LPLA,15.4839
LPPD,LPPT,2022-03,193,9,0.05,scheduled_duration_under_3h,LPPD → LPPT,4.6632
LPPD,LPPT,2022-06,242,66,6.65,scheduled_duration_under_3h,LPPD → LPPT,27.2727
LPPD,LPPT,2022-09,246,57,6.95,scheduled_duration_under_3h,LPPD → LPPT,23.1707
LPPD,LPPT,2022-12,213,67,9.55,scheduled_duration_under_3h,LPPD → LPPT,31.4554
LPPR,ELLX,2022-03,118,4,-3.4167,scheduled_duration_under_3h,LPPR → ELLX,3.3898
LPPR,ELLX,2022-06,121,42,8.05,scheduled_duration_under_3h,LPPR → ELLX,34.7107
LPPR,ELLX,2022-09,129,46,9.1833,scheduled_duration_under_3h,LPPR → ELLX,35.6589
LPPR,ELLX,2022-12,165,9,-4.1333,scheduled_duration_under_3h,LPPR → ELLX,5.4545
LPPR,LEBL,2022-03,133,0,-4.5333,scheduled_duration_under_3h,LPPR → LEBL,0.0
LPPR,LEBL,2022-06,152,7,-3.7917,scheduled_duration_under_3h,LPPR → LEBL,4.6053
LPPR,LEBL,2022-09,160,14,-4.0417,scheduled_duration_under_3h,LPPR → LEBL,8.75
LPPR,LEBL,2022-12,131,2,-6.2,scheduled_duration_under_3h,LPPR → LEBL,1.5267
LPPR,LEMD,2022-03,220,5,-5.15,scheduled_duration_under_3h,LPPR → LEMD,2.2727
LPPR,LEMD,2022-06,304,16,-3.4417,scheduled_duration_under_3h,LPPR → LEMD,5.2632
LPPR,LEMD,2022-09,318,34,-1.9,scheduled_duration_under_3h,LPPR → LEMD,10.6918
LPPR,LEMD,2022-12,299,15,-6.8667,scheduled_duration_under_3h,LPPR → LEMD,5.0167
LPPR,LFPO,2022-03,212,10,-1.475,scheduled_duration_under_3h,LPPR → LFPO,4.717
LPPR,LFPO,2022-06,271,28,-1.3833,scheduled_duration_under_3h,LPPR → LFPO,10.3321
LPPR,LFPO,2022-09,312,33,-1.05,scheduled_duration_under_3h,LPPR → LFPO,10.5769
LPPR,LFPO,2022-12,250,30,-1.875,scheduled_duration_under_3h,LPPR → LFPO,12.0
LPPR,LPMA,2022-03,131,7,-0.8,scheduled_duration_under_3h,LPPR → LPMA,5.3435
LPPR,LPMA,2022-06,167,22,3.9667,scheduled_duration_under_3h,LPPR → LPMA,13.1737
LPPR,LPMA,2022-09,169,6,-2.9667,scheduled_duration_under_3h,LPPR → LPMA,3.5503
LPPR,LPMA,2022-12,186,13,-0.4167,scheduled_duration_under_3h,LPPR → LPMA,6.9892
LPPR,LPPT,2022-03,235,3,-7.7333,scheduled_duration_under_3h,LPPR → LPPT,1.2766
LPPR,LPPT,2022-06,301,34,0.0167,scheduled_duration_under_3h,LPPR → LPPT,11.2957
LPPR,LPPT,2022-09,314,60,1.9167,scheduled_duration_under_3h,LPPR → LPPT,19.1083
LPPR,LPPT,2022-12,288,76,5.4417,scheduled_duration_under_3h,LPPR → LPPT,26.3889
LPPR,LSGG,2022-03,142,0,-7.4583,scheduled_duration_under_3h,LPPR → LSGG,0.0
LPPR,LSGG,2022-06,188,3,-4.85,scheduled_duration_under_3h,LPPR → LSGG,1.5957
LPPR,LSGG,2022-09,202,12,-4.4917,scheduled_duration_under_3h,LPPR → LSGG,5.9406
LPPR,LSGG,2022-12,182,15,-3.8667,scheduled_duration_under_3h,LPPR → LSGG,8.2418
LPPT,EBBR,2022-03,147,40,8.4667,scheduled_duration_under_3h,LPPT → EBBR,27.2109
LPPT,EBBR,2022-06,183,71,11.6,scheduled_duration_under_3h,LPPT → EBBR,38.7978
LPPT,EBBR,2022-09,182,98,16.15,scheduled_duration_under_3h,LPPT → EBBR,53.8462
LPPT,EBBR,2022-12,140,65,13.8333,scheduled_duration_under_3h,LPPT → EBBR,46.4286
LPPT,EDDF,2022-03,100,0,-8.525,scheduled_duration_under_3h,LPPT → EDDF,0.0
LPPT,EDDF,2022-06,171,29,-1.1667,scheduled_duration_under_3h,LPPT → EDDF,16.9591
LPPT,EDDF,2022-09,127,25,4.0167,scheduled_duration_under_3h,LPPT → EDDF,19.685
LPPT,EDDF,2022-12,107,8,-2.2833,scheduled_duration_under_3h,LPPT → EDDF,7.4766
LPPT,EGLL,2022-03,308,56,6.1833,scheduled_duration_under_3h,LPPT → EGLL,18.1818
LPPT,EGLL,2022-06,277,150,16.3,scheduled_duration_under_3h,LPPT → EGLL,54.1516
LPPT,EGLL,2022-09,292,199,21.4833,scheduled_duration_under_3h,LPPT → EGLL,68.1507
LPPT,EGLL,2022-12,293,126,13.3833,scheduled_duration_under_3h,LPPT → EGLL,43.0034
LPPT,EHAM,2022-03,220,34,5.625,scheduled_duration_under_3h,LPPT → EHAM,15.4545
LPPT,EHAM,2022-06,305,163,16.4667,scheduled_duration_under_3h,LPPT → EHAM,53.4426
LPPT,EHAM,2022-09,284,137,14.025,scheduled_duration_under_3h,LPPT → EHAM,48.2394
LPPT,EHAM,2022-12,204,87,12.8167,scheduled_duration_under_3h,LPPT → EHAM,42.6471
LPPT,EIDW,2022-03,153,10,2.3667,scheduled_duration_under_3h,LPPT → EIDW,6.5359
LPPT,EIDW,2022-06,154,46,7.8167,scheduled_duration_under_3h,LPPT → EIDW,29.8701
LPPT,EIDW,2022-09,152,54,9.6333,scheduled_duration_under_3h,LPPT → EIDW,35.5263
LPPT,EIDW,2022-12,136,45,9.6083,scheduled_duration_under_3h,LPPT → EIDW,33.0882
LPPT,LEBL,2022-03,233,25,2.2667,scheduled_duration_under_3h,LPPT → LEBL,10.7296
LPPT,LEBL,2022-06,283,106,10.9667,scheduled_duration_under_3h,LPPT → LEBL,37.4558
LPPT,LEBL,2022-09,295,116,11.4167,scheduled_duration_under_3h,LPPT → LEBL,39.322
LPPT,LEBL,2022-12,318,116,8.925,scheduled_duration_under_3h,LPPT → LEBL,36.478
LPPT,LEMD,2022-03,437,44,2.05,scheduled_duration_under_3h,LPPT → LEMD,10.0686
LPPT,LEMD,2022-06,533,166,9.2833,scheduled_duration_under_3h,LPPT → LEMD,31.1445
LPPT,LEMD,2022-09,539,208,11.3333,scheduled_duration_under_3h,LPPT → LEMD,38.59
LPPT,LEMD,2022-12,562,185,8.2333,scheduled_duration_under_3h,LPPT → LEMD,32.9181
LPPT,LFPG,2022-03,176,8,0.8167,scheduled_duration_under_3h,LPPT → LFPG,4.5455
LPPT,LFPG,2022-06,195,48,7.7833,scheduled_duration_under_3h,LPPT → LFPG,24.6154
LPPT,LFPG,2022-09,190,63,9.35,scheduled_duration_under_3h,LPPT → LFPG,33.1579
LPPT,LFPG,2022-12,182,40,8.4917,scheduled_duration_under_3h,LPPT → LFPG,21.978
LPPT,LFPO,2022-03,313,44,3.5833,scheduled_duration_under_3h,LPPT → LFPO,14.0575
LPPT,LFPO,2022-06,368,117,9.35,scheduled_duration_under_3h,LPPT → LFPO,31.7935
LPPT,LFPO,2022-09,375,135,9.4167,scheduled_duration_under_3h,LPPT → LFPO,36.0
LPPT,LFPO,2022-12,347,123,11.2,scheduled_duration_under_3h,LPPT → LFPO,35.4467
LPPT,LIMC,2022-03,111,1,-9.4,scheduled_duration_under_3h,LPPT → LIMC,0.9009
LPPT,LIMC,2022-06,174,35,-0.7333,scheduled_duration_under_3h,LPPT → LIMC,20.1149
LPPT,LIMC,2022-09,167,19,-2.3833,scheduled_duration_under_3h,LPPT → LIMC,11.3772
LPPT,LIMC,2022-12,131,12,-6.4333,scheduled_duration_under_3h,LPPT → LIMC,9.1603
LPPT,LPMA,2022-03,258,62,8.4,scheduled_duration_under_3h,LPPT → LPMA,24.031
LPPT,LPMA,2022-06,354,206,17.75,scheduled_duration_under_3h,LPPT → LPMA,58.1921
LPPT,LPMA,2022-09,359,177,14.8,scheduled_duration_under_3h,LPPT → LPMA,49.3036
LPPT,LPMA,2022-12,350,159,13.425,scheduled_duration_under_3h,LPPT → LPMA,45.4286
LPPT,LPPD,2022-03,206,20,3.0833,scheduled_duration_under_3h,LPPT → LPPD,9.7087
LPPT,LPPD,2022-06,249,90,9.45,scheduled_duration_under_3h,LPPT → LPPD,36.1446
LPPT,LPPD,2022-09,249,89,10.85,scheduled_duration_under_3h,LPPT → LPPD,35.743
LPPT,LPPD,2022-12,210,93,11.9333,scheduled_duration_under_3h,LPPT → LPPD,44.2857
LPPT,LPPR,2022-03,235,18,-1.3833,scheduled_duration_under_3h,LPPT → LPPR,7.6596
LPPT,LPPR,2022-06,299,71,5.2,scheduled_duration_under_3h,LPPT → LPPR,23.7458
LPPT,LPPR,2022-09,310,83,7.175,scheduled_duration_under_3h,LPPT → LPPR,26.7742
LPPT,LPPR,2022-12,306,94,7.175,scheduled_duration_under_3h,LPPT → LPPR,30.719
LPPT,LSGG,2022-03,161,20,1.5167,scheduled_duration_under_3h,LPPT → LSGG,12.4224
LPPT,LSGG,2022-06,183,56,8.6,scheduled_duration_under_3h,LPPT → LSGG,30.6011
LPPT,LSGG,2022-09,199,65,6.5833,scheduled_duration_under_3h,LPPT → LSGG,32.6633
LPPT,LSGG,2022-12,186,76,11.55,scheduled_duration_under_3h,LPPT → LSGG,40.8602
LPPT,LSZH,2022-03,104,4,2.1833,scheduled_duration_under_3h,LPPT → LSZH,3.8462
LPPT,LSZH,2022-06,117,44,11.5167,scheduled_duration_under_3h,LPPT → LSZH,37.6068
LPPT,LSZH,2022-09,117,40,8.85,scheduled_duration_under_3h,LPPT → LSZH,34.188
LPPT,LSZH,2022-12,169,39,6.1167,scheduled_duration_under_3h,LPPT → LSZH,23.0769
LRCL,LROP,2022-03,125,1,-13.6667,scheduled_duration_under_3h,LRCL → LROP,0.8
LRCL,LROP,2022-06,193,1,-11.9333,scheduled_duration_under_3h,LRCL → LROP,0.5181
LRCL,LROP,2022-09,162,0,-9.7333,scheduled_duration_under_3h,LRCL → LROP,0.0
LRCL,LROP,2022-12,150,0,-16.2667,scheduled_duration_under_3h,LRCL → LROP,0.0
LROP,EHAM,2022-03,132,13,6.8417,scheduled_duration_under_3h,LROP → EHAM,9.8485
LROP,EHAM,2022-06,162,85,16.1917,scheduled_duration_under_3h,LROP → EHAM,52.4691
LROP,EHAM,2022-09,140,34,7.2917,scheduled_duration_under_3h,LROP → EHAM,24.2857
LROP,EHAM,2022-12,107,22,7.95,scheduled_duration_under_3h,LROP → EHAM,20.5607
LROP,LOWW,2022-03,99,4,4.8167,scheduled_duration_under_3h,LROP → LOWW,4.0404
LROP,LOWW,2022-06,150,35,7.9583,scheduled_duration_under_3h,LROP → LOWW,23.3333
LROP,LOWW,2022-09,168,47,9.75,scheduled_duration_under_3h,LROP → LOWW,27.9762
LROP,LOWW,2022-12,129,15,5.8167,scheduled_duration_under_3h,LROP → LOWW,11.6279
LROP,LRCL,2022-03,127,2,-10.4333,scheduled_duration_under_3h,LROP → LRCL,1.5748
LROP,LRCL,2022-06,194,3,-9.1,scheduled_duration_under_3h,LROP → LRCL,1.5464
LROP,LRCL,2022-09,159,4,-7.6833,scheduled_duration_under_3h,LROP → LRCL,2.5157
LROP,LRCL,2022-12,148,2,-12.575,scheduled_duration_under_3h,LROP → LRCL,1.3514
LROP,LRTR,2022-03,83,1,-0.4833,scheduled_duration_under_3h,LROP → LRTR,1.2048
LROP,LRTR,2022-06,162,8,1.2917,scheduled_duration_under_3h,LROP → LRTR,4.9383
LROP,LRTR,2022-09,151,4,0.95,scheduled_duration_under_3h,LROP → LRTR,2.649
LROP,LRTR,2022-12,125,3,-3.6667,scheduled_duration_under_3h,LROP → LRTR,2.4
LRTR,LROP,2022-03,83,0,-16.7833,scheduled_duration_under_3h,LRTR → LROP,0.0
LRTR,LROP,2022-06,159,0,-13.2333,scheduled_duration_under_3h,LRTR → LROP,0.0
LRTR,LROP,2022-09,149,0,-11.6333,scheduled_duration_under_3h,LRTR → LROP,0.0
LRTR,LROP,2022-12,121,0,-12.3333,scheduled_duration_under_3h,LRTR → LROP,0.0
LSGG,EBBR,2022-03,195,12,-3.6,scheduled_duration_under_3h,LSGG → EBBR,6.1538
LSGG,EBBR,2022-06,132,27,2.925,scheduled_duration_under_3h,LSGG → EBBR,20.4545
LSGG,EBBR,2022-09,172,14,-0.9333,scheduled_duration_under_3h,LSGG → EBBR,8.1395
LSGG,EBBR,2022-12,186,15,-1.7917,scheduled_duration_under_3h,LSGG → EBBR,8.0645
LSGG,EDDF,2022-03,162,1,-17.7583,scheduled_duration_under_3h,LSGG → EDDF,0.6173
LSGG,EDDF,2022-06,150,3,-12.7417,scheduled_duration_under_3h,LSGG → EDDF,2.0
LSGG,EDDF,2022-09,162,4,-14.2667,scheduled_duration_under_3h,LSGG → EDDF,2.4691
LSGG,EDDF,2022-12,157,4,-14.8667,scheduled_duration_under_3h,LSGG → EDDF,2.5478
LSGG,EGKK,2022-03,227,72,9.3167,scheduled_duration_under_3h,LSGG → EGKK,31.7181
LSGG,EGKK,2022-06,144,55,10.3,scheduled_duration_under_3h,LSGG → EGKK,38.1944
LSGG,EGKK,2022-09,165,76,13.4167,scheduled_duration_under_3h,LSGG → EGKK,46.0606
LSGG,EGKK,2022-12,313,98,8.8,scheduled_duration_under_3h,LSGG → EGKK,31.3099
LSGG,EGLL,2022-03,455,97,6.9667,scheduled_duration_under_3h,LSGG → EGLL,21.3187
LSGG,EGLL,2022-06,248,71,9.55,scheduled_duration_under_3h,LSGG → EGLL,28.629
LSGG,EGLL,2022-09,266,84,9.0917,scheduled_duration_under_3h,LSGG → EGLL,31.5789
LSGG,EGLL,2022-12,433,144,8.15,scheduled_duration_under_3h,LSGG → EGLL,33.2564
LSGG,EHAM,2022-03,246,24,3.1583,scheduled_duration_under_3h,LSGG → EHAM,9.7561
LSGG,EHAM,2022-06,196,69,9.575,scheduled_duration_under_3h,LSGG → EHAM,35.2041
LSGG,EHAM,2022-09,220,52,7.325,scheduled_duration_under_3h,LSGG → EHAM,23.6364
LSGG,EHAM,2022-12,226,53,7.7583,scheduled_duration_under_3h,LSGG → EHAM,23.4513
LSGG,LEBL,2022-03,143,20,2.05,scheduled_duration_under_3h,LSGG → LEBL,13.986
LSGG,LEBL,2022-06,118,36,8.6167,scheduled_duration_under_3h,LSGG → LEBL,30.5085
LSGG,LEBL,2022-09,142,42,7.6917,scheduled_duration_under_3h,LSGG → LEBL,29.5775
LSGG,LEBL,2022-12,165,36,5.6333,scheduled_duration_under_3h,LSGG → LEBL,21.8182
LSGG,LEMD,2022-03,170,7,-4.15,scheduled_duration_under_3h,LSGG → LEMD,4.1176
LSGG,LEMD,2022-06,166,18,1.0667,scheduled_duration_under_3h,LSGG → LEMD,10.8434
LSGG,LEMD,2022-09,161,24,0.45,scheduled_duration_under_3h,LSGG → LEMD,14.9068
LSGG,LEMD,2022-12,192,31,3.025,scheduled_duration_under_3h,LSGG → LEMD,16.1458
LSGG,LFMN,2022-03,108,1,-8.1833,scheduled_duration_under_3h,LSGG → LFMN,0.9259
LSGG,LFMN,2022-06,143,12,-3.8667,scheduled_duration_under_3h,LSGG → LFMN,8.3916
LSGG,LFMN,2022-09,156,7,-6.3667,scheduled_duration_under_3h,LSGG → LFMN,4.4872
LSGG,LFMN,2022-12,120,6,-9.3583,scheduled_duration_under_3h,LSGG → LFMN,5.0
LSGG,LFPG,2022-03,232,13,-1.3333,scheduled_duration_under_3h,LSGG → LFPG,5.6034
LSGG,LFPG,2022-06,260,35,1.8583,scheduled_duration_under_3h,LSGG → LFPG,13.4615
LSGG,LFPG,2022-09,214,23,3.075,scheduled_duration_under_3h,LSGG → LFPG,10.7477
LSGG,LFPG,2022-12,249,50,5.45,scheduled_duration_under_3h,LSGG → LFPG,20.0803
LSGG,LPPR,2022-03,143,35,5.65,scheduled_duration_under_3h,LSGG → LPPR,24.4755
LSGG,LPPR,2022-06,186,35,7.1417,scheduled_duration_under_3h,LSGG → LPPR,18.8172
LSGG,LPPR,2022-09,202,52,7.05,scheduled_duration_under_3h,LSGG → LPPR,25.7426
LSGG,LPPR,2022-12,182,70,10.9417,scheduled_duration_under_3h,LSGG → LPPR,38.4615
LSGG,LPPT,2022-03,164,40,5.7917,scheduled_duration_under_3h,LSGG → LPPT,24.3902
LSGG,LPPT,2022-06,185,71,10.65,scheduled_duration_under_3h,LSGG → LPPT,38.3784
LSGG,LPPT,2022-09,194,58,9.675,scheduled_duration_under_3h,LSGG → LPPT,29.8969
LSGG,LPPT,2022-12,188,99,16.5583,scheduled_duration_under_3h,LSGG → LPPT,52.6596
LSGG,LSZH,2022-03,119,7,-3.2833,scheduled_duration_under_3h,LSGG → LSZH,5.8824
LSGG,LSZH,2022-06,157,11,-1.95,scheduled_duration_under_3h,LSGG → LSZH,7.0064
LSGG,LSZH,2022-09,157,10,0.5167,scheduled_duration_under_3h,LSGG → LSZH,6.3694
LSGG,LSZH,2022-12,169,15,0.4333,scheduled_duration_under_3h,LSGG → LSZH,8.8757
LSZH,EDDB,2022-03,153,10,0.1833,scheduled_duration_under_3h,LSZH → EDDB,6.5359
LSZH,EDDB,2022-06,202,35,6.6333,scheduled_duration_under_3h,LSZH → EDDB,17.3267
LSZH,EDDB,2022-09,219,46,7.6,scheduled_duration_under_3h,LSZH → EDDB,21.0046
LSZH,EDDB,2022-12,245,33,3.3667,scheduled_duration_under_3h,LSZH → EDDB,13.4694
LSZH,EDDF,2022-03,210,1,-14.7,scheduled_duration_under_3h,LSZH → EDDF,0.4762
LSZH,EDDF,2022-06,177,2,-12.7833,scheduled_duration_under_3h,LSZH → EDDF,1.1299
LSZH,EDDF,2022-09,187,1,-14.9667,scheduled_duration_under_3h,LSZH → EDDF,0.5348
LSZH,EDDF,2022-12,202,13,-9.1417,scheduled_duration_under_3h,LSZH → EDDF,6.4356
LSZH,EDDH,2022-03,145,5,-4.0,scheduled_duration_under_3h,LSZH → EDDH,3.4483
LSZH,EDDH,2022-06,161,32,2.4,scheduled_duration_under_3h,LSZH → EDDH,19.8758
LSZH,EDDH,2022-09,170,13,1.7417,scheduled_duration_under_3h,LSZH → EDDH,7.6471
LSZH,EDDH,2022-12,167,22,-0.7,scheduled_duration_under_3h,LSZH → EDDH,13.1737
LSZH,EDDL,2022-03,132,5,-4.4833,scheduled_duration_under_3h,LSZH → EDDL,3.7879
LSZH,EDDL,2022-06,139,26,5.4667,scheduled_duration_under_3h,LSZH → EDDL,18.705
LSZH,EDDL,2022-09,162,22,4.8917,scheduled_duration_under_3h,LSZH → EDDL,13.5802
LSZH,EDDL,2022-12,158,36,4.3583,scheduled_duration_under_3h,LSZH → EDDL,22.7848
LSZH,EDDM,2022-03,158,3,-7.575,scheduled_duration_under_3h,LSZH → EDDM,1.8987
LSZH,EDDM,2022-06,161,5,-4.7,scheduled_duration_under_3h,LSZH → EDDM,3.1056
LSZH,EDDM,2022-09,178,8,-2.6167,scheduled_duration_under_3h,LSZH → EDDM,4.4944
LSZH,EDDM,2022-12,154,17,-3.3333,scheduled_duration_under_3h,LSZH → EDDM,11.039
LSZH,EGLC,2022-03,144,14,1.95,scheduled_duration_under_3h,LSZH → EGLC,9.7222
LSZH,EGLC,2022-06,153,25,3.6833,scheduled_duration_under_3h,LSZH → EGLC,16.3399
LSZH,EGLC,2022-09,163,34,3.8667,scheduled_duration_under_3h,LSZH → EGLC,20.8589
LSZH,EGLC,2022-12,155,21,2.3167,scheduled_duration_under_3h,LSZH → EGLC,13.5484
LSZH,EGLL,2022-03,245,54,7.4667,scheduled_duration_under_3h,LSZH → EGLL,22.0408
LSZH,EGLL,2022-06,283,89,11.1,scheduled_duration_under_3h,LSZH → EGLL,31.4488
LSZH,EGLL,2022-09,280,102,11.3083,scheduled_duration_under_3h,LSZH → EGLL,36.4286
LSZH,EGLL,2022-12,366,150,11.7917,scheduled_duration_under_3h,LSZH → EGLL,40.9836
LSZH,EHAM,2022-03,236,17,1.2917,scheduled_duration_under_3h,LSZH → EHAM,7.2034
LSZH,EHAM,2022-06,251,100,12.6333,scheduled_duration_under_3h,LSZH → EHAM,39.8406
LSZH,EHAM,2022-09,270,55,6.825,scheduled_duration_under_3h,LSZH → EHAM,20.3704
LSZH,EHAM,2022-12,259,74,8.6833,scheduled_duration_under_3h,LSZH → EHAM,28.5714
LSZH,EKCH,2022-03,127,9,-0.5667,scheduled_duration_under_3h,LSZH → EKCH,7.0866
LSZH,EKCH,2022-06,136,15,3.8333,scheduled_duration_under_3h,LSZH → EKCH,11.0294
LSZH,EKCH,2022-09,128,15,4.85,scheduled_duration_under_3h,LSZH → EKCH,11.7188
LSZH,EKCH,2022-12,141,15,-0.7333,scheduled_duration_under_3h,LSZH → EKCH,10.6383
LSZH,LEBL,2022-03,106,9,4.5917,scheduled_duration_under_3h,LSZH → LEBL,8.4906
LSZH,LEBL,2022-06,171,42,7.6167,scheduled_duration_under_3h,LSZH → LEBL,24.5614
LSZH,LEBL,2022-09,178,44,8.55,scheduled_duration_under_3h,LSZH → LEBL,24.7191
LSZH,LEBL,2022-12,166,44,6.8,scheduled_duration_under_3h,LSZH → LEBL,26.506
LSZH,LEMD,2022-03,168,3,-0.3917,scheduled_duration_under_3h,LSZH → LEMD,1.7857
LSZH,LEMD,2022-06,174,36,5.4333,scheduled_duration_under_3h,LSZH → LEMD,20.6897
LSZH,LEMD,2022-09,171,35,7.6,scheduled_duration_under_3h,LSZH → LEMD,20.4678
LSZH,LEMD,2022-12,200,53,7.175,scheduled_duration_under_3h,LSZH → LEMD,26.5
LSZH,LEPA,2022-03,72,7,1.8333,scheduled_duration_under_3h,LSZH → LEPA,9.7222
LSZH,LEPA,2022-06,243,46,4.0167,scheduled_duration_under_3h,LSZH → LEPA,18.93
LSZH,LEPA,2022-09,266,56,5.2167,scheduled_duration_under_3h,LSZH → LEPA,21.0526
LSZH,LEPA,2022-12,67,10,1.55,scheduled_duration_under_3h,LSZH → LEPA,14.9254
LSZH,LFPG,2022-03,157,29,6.6667,scheduled_duration_under_3h,LSZH → LFPG,18.4713
LSZH,LFPG,2022-06,224,45,6.7167,scheduled_duration_under_3h,LSZH → LFPG,20.0893
LSZH,LFPG,2022-09,199,50,8.1,scheduled_duration_under_3h,LSZH → LFPG,25.1256
LSZH,LFPG,2022-12,207,69,9.15,scheduled_duration_under_3h,LSZH → LFPG,33.3333
LSZH,LOWW,2022-03,175,16,2.7833,scheduled_duration_under_3h,LSZH → LOWW,9.1429
LSZH,LOWW,2022-06,211,45,7.9667,scheduled_duration_under_3h,LSZH → LOWW,21.327
LSZH,LOWW,2022-09,228,50,8.35,scheduled_duration_under_3h,LSZH → LOWW,21.9298
LSZH,LOWW,2022-12,205,48,6.5833,scheduled_duration_under_3h,LSZH → LOWW,23.4146
LSZH,LSGG,2022-03,120,14,3.3583,scheduled_duration_under_3h,LSZH → LSGG,11.6667
LSZH,LSGG,2022-06,163,45,7.1667,scheduled_duration_under_3h,LSZH → LSGG,27.6074
LSZH,LSGG,2022-09,168,44,6.925,scheduled_duration_under_3h,LSZH → LSGG,26.1905
LSZH,LSGG,2022-12,170,51,9.8333,scheduled_duration_under_3h,LSZH → LSGG,30.0
LSZH,LYBE,2022-03,127,6,0.1833,scheduled_duration_under_3h,LSZH → LYBE,4.7244
LSZH,LYBE,2022-06,161,38,7.1167,scheduled_duration_under_3h,LSZH → LYBE,23.6025
LSZH,LYBE,2022-09,165,42,7.9,scheduled_duration_under_3h,LSZH → LYBE,25.4545
LSZH,LYBE,2022-12,134,42,9.7583,scheduled_duration_under_3h,LSZH → LYBE,31.3433
LTAC,LTAI,2022-03,144,25,3.8,scheduled_duration_under_3h,LTAC → LTAI,17.3611
LTAC,LTAI,2022-06,115,36,8.4667,scheduled_duration_under_3h,LTAC → LTAI,31.3043
LTAC,LTAI,2022-09,104,25,6.75,scheduled_duration_under_3h,LTAC → LTAI,24.0385
LTAC,LTAI,2022-12,153,5,-0.5667,scheduled_duration_under_3h,LTAC → LTAI,3.268
LTAC,LTBJ,2022-03,161,18,1.8667,scheduled_duration_under_3h,LTAC → LTBJ,11.1801
LTAC,LTBJ,2022-06,183,13,1.1,scheduled_duration_under_3h,LTAC → LTBJ,7.1038
LTAC,LTBJ,2022-09,149,11,-0.55,scheduled_duration_under_3h,LTAC → LTBJ,7.3826
LTAC,LTBJ,2022-12,168,8,-3.9417,scheduled_duration_under_3h,LTAC → LTBJ,4.7619
LTAC,LTFJ,2022-03,348,48,-3.7833,scheduled_duration_under_3h,LTAC → LTFJ,13.7931
LTAC,LTFJ,2022-06,336,31,-5.2,scheduled_duration_under_3h,LTAC → LTFJ,9.2262
LTAC,LTFJ,2022-09,313,21,-5.5333,scheduled_duration_under_3h,LTAC → LTFJ,6.7093
LTAC,LTFJ,2022-12,331,40,-4.5167,scheduled_duration_under_3h,LTAC → LTFJ,12.0846
LTAC,LTFM,2022-03,379,58,4.0167,scheduled_duration_under_3h,LTAC → LTFM,15.3034
LTAC,LTFM,2022-06,434,73,3.35,scheduled_duration_under_3h,LTAC → LTFM,16.8203
LTAC,LTFM,2022-09,373,39,0.5333,scheduled_duration_under_3h,LTAC → LTFM,10.4558
LTAC,LTFM,2022-12,424,35,-0.8667,scheduled_duration_under_3h,LTAC → LTFM,8.2547
LTAF,LTFJ,2022-03,258,29,-1.425,scheduled_duration_under_3h,LTAF → LTFJ,11.2403
LTAF,LTFJ,2022-06,265,23,-3.2833,scheduled_duration_under_3h,LTAF → LTFJ,8.6792
LTAF,LTFJ,2022-09,233,24,-1.9333,scheduled_duration_under_3h,LTAF → LTFJ,10.3004
LTAF,LTFJ,2022-12,247,33,3.7167,scheduled_duration_under_3h,LTAF → LTFJ,13.3603
LTAF,LTFM,2022-03,289,32,0.9167,scheduled_duration_under_3h,LTAF → LTFM,11.0727
LTAF,LTFM,2022-06,330,45,1.6333,scheduled_duration_under_3h,LTAF → LTFM,13.6364
LTAF,LTFM,2022-09,293,41,5.2667,scheduled_duration_under_3h,LTAF → LTFM,13.9932
LTAF,LTFM,2022-12,328,47,2.8083,scheduled_duration_under_3h,LTAF → LTFM,14.3293
LTAI,LTAC,2022-03,145,15,2.2667,scheduled_duration_under_3h,LTAI → LTAC,10.3448
LTAI,LTAC,2022-06,110,17,2.0167,scheduled_duration_under_3h,LTAI → LTAC,15.4545
LTAI,LTAC,2022-09,105,20,3.4,scheduled_duration_under_3h,LTAI → LTAC,19.0476
LTAI,LTAC,2022-12,156,13,-3.5917,scheduled_duration_under_3h,LTAI → LTAC,8.3333
LTAI,LTFJ,2022-03,467,46,-9.7333,scheduled_duration_under_3h,LTAI → LTFJ,9.8501
LTAI,LTFJ,2022-06,515,62,-4.4,scheduled_duration_under_3h,LTAI → LTFJ,12.0388
LTAI,LTFJ,2022-09,498,60,-3.2833,scheduled_duration_under_3h,LTAI → LTFJ,12.0482
LTAI,LTFJ,2022-12,479,28,-8.7333,scheduled_duration_under_3h,LTAI → LTFJ,5.8455
LTAI,LTFM,2022-03,423,47,-4.8667,scheduled_duration_under_3h,LTAI → LTFM,11.1111
LTAI,LTFM,2022-06,524,87,0.3,scheduled_duration_under_3h,LTAI → LTFM,16.6031
LTAI,LTFM,2022-09,470,75,0.55,scheduled_duration_under_3h,LTAI → LTFM,15.9574
LTAI,LTFM,2022-12,398,26,-4.3167,scheduled_duration_under_3h,LTAI → LTFM,6.5327
LTAJ,LTFJ,2022-03,157,43,5.15,scheduled_duration_under_3h,LTAJ → LTFJ,27.3885
LTAJ,LTFJ,2022-06,155,25,1.0333,scheduled_duration_under_3h,LTAJ → LTFJ,16.129
LTAJ,LTFJ,2022-09,141,18,-0.3,scheduled_duration_under_3h,LTAJ → LTFJ,12.766
LTAJ,LTFJ,2022-12,183,19,-1.2833,scheduled_duration_under_3h,LTAJ → LTFJ,10.3825
LTAJ,LTFM,2022-03,197,49,7.5,scheduled_duration_under_3h,LTAJ → LTFM,24.8731
LTAJ,LTFM,2022-06,233,62,6.3667,scheduled_duration_under_3h,LTAJ → LTFM,26.6094
LTAJ,LTFM,2022-09,227,48,5.7667,scheduled_duration_under_3h,LTAJ → LTFM,21.1454
LTAJ,LTFM,2022-12,216,38,5.9833,scheduled_duration_under_3h,LTAJ → LTFM,17.5926
LTAU,LTFJ,2022-03,178,25,-1.3167,scheduled_duration_under_3h,LTAU → LTFJ,14.0449
LTAU,LTFJ,2022-06,220,36,-0.2333,scheduled_duration_under_3h,LTAU → LTFJ,16.3636
LTAU,LTFJ,2022-09,195,27,-0.25,scheduled_duration_under_3h,LTAU → LTFJ,13.8462
LTAU,LTFJ,2022-12,232,31,-1.9,scheduled_duration_under_3h,LTAU → LTFJ,13.3621
LTAU,LTFM,2022-03,161,20,-4.15,scheduled_duration_under_3h,LTAU → LTFM,12.4224
LTAU,LTFM,2022-06,236,43,3.825,scheduled_duration_under_3h,LTAU → LTFM,18.2203
LTAU,LTFM,2022-09,199,26,0.3333,scheduled_duration_under_3h,LTAU → LTFM,13.0653
LTAU,LTFM,2022-12,192,15,-2.5333,scheduled_duration_under_3h,LTAU → LTFM,7.8125
LTBJ,LTAC,2022-03,161,31,3.6167,scheduled_duration_under_3h,LTBJ → LTAC,19.2547
LTBJ,LTAC,2022-06,183,37,5.6333,scheduled_duration_under_3h,LTBJ → LTAC,20.2186
LTBJ,LTAC,2022-09,147,39,8.6667,scheduled_duration_under_3h,LTBJ → LTAC,26.5306
LTBJ,LTAC,2022-12,167,32,3.8667,scheduled_duration_under_3h,LTBJ → LTAC,19.1617
LTBJ,LTFJ,2022-03,381,37,-6.9,scheduled_duration_under_3h,LTBJ → LTFJ,9.7113
LTBJ,LTFJ,2022-06,405,20,-6.2,scheduled_duration_under_3h,LTBJ → LTFJ,4.9383
LTBJ,LTFJ,2022-09,396,33,-5.6333,scheduled_duration_under_3h,LTBJ → LTFJ,8.3333
LTBJ,LTFJ,2022-12,371,25,-4.4667,scheduled_duration_under_3h,LTBJ → LTFJ,6.7385
LTBJ,LTFM,2022-03,381,32,-6.4667,scheduled_duration_under_3h,LTBJ → LTFM,8.399
LTBJ,LTFM,2022-06,538,37,-2.6583,scheduled_duration_under_3h,LTBJ → LTFM,6.8773
LTBJ,LTFM,2022-09,422,33,-0.475,scheduled_duration_under_3h,LTBJ → LTFM,7.8199
LTBJ,LTFM,2022-12,435,25,-5.1,scheduled_duration_under_3h,LTBJ → LTFM,5.7471
LTBS,LTFJ,2022-03,112,6,-8.9667,scheduled_duration_under_3h,LTBS → LTFJ,5.3571
LTBS,LTFJ,2022-06,299,38,-2.5833,scheduled_duration_under_3h,LTBS → LTFJ,12.709
LTBS,LTFJ,2022-09,297,26,-6.4333,scheduled_duration_under_3h,LTBS → LTFJ,8.7542
LTBS,LTFJ,2022-12,125,9,-4.8,scheduled_duration_under_3h,LTBS → LTFJ,7.2
LTBS,LTFM,2022-03,89,4,-4.0833,scheduled_duration_under_3h,LTBS → LTFM,4.4944
LTBS,LTFM,2022-06,283,73,7.4167,scheduled_duration_under_3h,LTBS → LTFM,25.7951
LTBS,LTFM,2022-09,240,44,4.45,scheduled_duration_under_3h,LTBS → LTFM,18.3333
LTBS,LTFM,2022-12,88,5,2.3083,scheduled_duration_under_3h,LTBS → LTFM,5.6818
LTCG,LTFJ,2022-03,252,29,-2.0417,scheduled_duration_under_3h,LTCG → LTFJ,11.5079
LTCG,LTFJ,2022-06,283,34,0.7667,scheduled_duration_under_3h,LTCG → LTFJ,12.0141
LTCG,LTFJ,2022-09,276,34,0.8583,scheduled_duration_under_3h,LTCG → LTFJ,12.3188
LTCG,LTFJ,2022-12,271,17,-0.6833,scheduled_duration_under_3h,LTCG → LTFJ,6.2731
LTCG,LTFM,2022-03,155,19,2.0167,scheduled_duration_under_3h,LTCG → LTFM,12.2581
LTCG,LTFM,2022-06,223,46,6.4167,scheduled_duration_under_3h,LTCG → LTFM,20.6278
LTCG,LTFM,2022-09,239,59,7.0,scheduled_duration_under_3h,LTCG → LTFM,24.6862
LTCG,LTFM,2022-12,173,13,2.5833,scheduled_duration_under_3h,LTCG → LTFM,7.5145
LTFE,LTFJ,2022-03,150,8,-12.0167,scheduled_duration_under_3h,LTFE → LTFJ,5.3333
LTFE,LTFJ,2022-06,353,22,-8.1833,scheduled_duration_under_3h,LTFE → LTFJ,6.2323
LTFE,LTFJ,2022-09,322,11,-7.7583,scheduled_duration_under_3h,LTFE → LTFJ,3.4161
LTFE,LTFJ,2022-12,159,6,-9.1667,scheduled_duration_under_3h,LTFE → LTFJ,3.7736
LTFE,LTFM,2022-03,95,3,-8.65,scheduled_duration_under_3h,LTFE → LTFM,3.1579
LTFE,LTFM,2022-06,348,31,-4.2833,scheduled_duration_under_3h,LTFE → LTFM,8.908
LTFE,LTFM,2022-09,292,20,-3.375,scheduled_duration_under_3h,LTFE → LTFM,6.8493
LTFE,LTFM,2022-12,99,3,-7.4667,scheduled_duration_under_3h,LTFE → LTFM,3.0303
LTFH,LTFJ,2022-03,143,16,-5.3,scheduled_duration_under_3h,LTFH → LTFJ,11.1888
LTFH,LTFJ,2022-06,131,9,-4.9833,scheduled_duration_under_3h,LTFH → LTFJ,6.8702
LTFH,LTFJ,2022-09,104,7,-4.2917,scheduled_duration_under_3h,LTFH → LTFJ,6.7308
LTFH,LTFJ,2022-12,145,7,-6.7833,scheduled_duration_under_3h,LTFH → LTFJ,4.8276
LTFJ,LLBG,2022-03,194,80,11.2583,scheduled_duration_under_3h,LTFJ → LLBG,41.2371
LTFJ,LLBG,2022-06,179,47,8.5167,scheduled_duration_under_3h,LTFJ → LLBG,26.257
LTFJ,LLBG,2022-09,192,56,8.6333,scheduled_duration_under_3h,LTFJ → LLBG,29.1667
LTFJ,LLBG,2022-12,223,72,10.2667,scheduled_duration_under_3h,LTFJ → LLBG,32.287
LTFJ,LTAC,2022-03,343,54,1.3167,scheduled_duration_under_3h,LTFJ → LTAC,15.7434
LTFJ,LTAC,2022-06,339,62,3.9,scheduled_duration_under_3h,LTFJ → LTAC,18.2891
LTFJ,LTAC,2022-09,303,50,2.9167,scheduled_duration_under_3h,LTFJ → LTAC,16.5017
LTFJ,LTAC,2022-12,334,86,6.45,scheduled_duration_under_3h,LTFJ → LTAC,25.7485
LTFJ,LTAF,2022-03,262,43,0.9333,scheduled_duration_under_3h,LTFJ → LTAF,16.4122
LTFJ,LTAF,2022-06,265,57,4.7,scheduled_duration_under_3h,LTFJ → LTAF,21.5094
LTFJ,LTAF,2022-09,233,35,3.3,scheduled_duration_under_3h,LTFJ → LTAF,15.0215
LTFJ,LTAF,2022-12,250,69,8.2583,scheduled_duration_under_3h,LTFJ → LTAF,27.6
LTFJ,LTAI,2022-03,472,76,2.375,scheduled_duration_under_3h,LTFJ → LTAI,16.1017
LTFJ,LTAI,2022-06,513,114,5.95,scheduled_duration_under_3h,LTFJ → LTAI,22.2222
LTFJ,LTAI,2022-09,501,114,4.8667,scheduled_duration_under_3h,LTFJ → LTAI,22.7545
LTFJ,LTAI,2022-12,478,95,2.275,scheduled_duration_under_3h,LTFJ → LTAI,19.8745
LTFJ,LTAJ,2022-03,159,38,6.0167,scheduled_duration_under_3h,LTFJ → LTAJ,23.8994
LTFJ,LTAJ,2022-06,155,29,5.5167,scheduled_duration_under_3h,LTFJ → LTAJ,18.7097
LTFJ,LTAJ,2022-09,141,22,2.15,scheduled_duration_under_3h,LTFJ → LTAJ,15.6028
LTFJ,LTAJ,2022-12,183,53,8.25,scheduled_duration_under_3h,LTFJ → LTAJ,28.9617
LTFJ,LTAU,2022-03,178,30,3.9667,scheduled_duration_under_3h,LTFJ → LTAU,16.8539
LTFJ,LTAU,2022-06,220,45,6.0333,scheduled_duration_under_3h,LTFJ → LTAU,20.4545
LTFJ,LTAU,2022-09,195,40,5.5333,scheduled_duration_under_3h,LTFJ → LTAU,20.5128
LTFJ,LTAU,2022-12,231,80,9.0333,scheduled_duration_under_3h,LTFJ → LTAU,34.632
LTFJ,LTBJ,2022-03,368,34,-3.7333,scheduled_duration_under_3h,LTFJ → LTBJ,9.2391
LTFJ,LTBJ,2022-06,405,43,-0.7333,scheduled_duration_under_3h,LTFJ → LTBJ,10.6173
LTFJ,LTBJ,2022-09,396,39,-0.475,scheduled_duration_under_3h,LTFJ → LTBJ,9.8485
LTFJ,LTBJ,2022-12,371,68,2.4833,scheduled_duration_under_3h,LTFJ → LTBJ,18.3288
LTFJ,LTBS,2022-03,114,29,6.5917,scheduled_duration_under_3h,LTFJ → LTBS,25.4386
LTFJ,LTBS,2022-06,299,81,6.75,scheduled_duration_under_3h,LTFJ → LTBS,27.0903
LTFJ,LTBS,2022-09,294,50,3.8833,scheduled_duration_under_3h,LTFJ → LTBS,17.0068
LTFJ,LTBS,2022-12,126,35,6.95,scheduled_duration_under_3h,LTFJ → LTBS,27.7778
LTFJ,LTCG,2022-03,254,51,2.4833,scheduled_duration_under_3h,LTFJ → LTCG,20.0787
LTFJ,LTCG,2022-06,282,72,6.125,scheduled_duration_under_3h,LTFJ → LTCG,25.5319
LTFJ,LTCG,2022-09,271,59,5.4,scheduled_duration_under_3h,LTFJ → LTCG,21.7712
LTFJ,LTCG,2022-12,272,89,9.8917,scheduled_duration_under_3h,LTFJ → LTCG,32.7206
LTFJ,LTFE,2022-03,150,15,0.4417,scheduled_duration_under_3h,LTFJ → LTFE,10.0
LTFJ,LTFE,2022-06,354,55,0.3583,scheduled_duration_under_3h,LTFJ → LTFE,15.5367
LTFJ,LTFE,2022-09,321,41,0.6333,scheduled_duration_under_3h,LTFJ → LTFE,12.7726
LTFJ,LTFE,2022-12,159,33,3.15,scheduled_duration_under_3h,LTFJ → LTFE,20.7547
LTFJ,LTFH,2022-03,144,24,1.1333,scheduled_duration_under_3h,LTFJ → LTFH,16.6667
LTFJ,LTFH,2022-06,133,31,3.8833,scheduled_duration_under_3h,LTFJ → LTFH,23.3083
LTFJ,LTFH,2022-09,106,9,0.1333,scheduled_duration_under_3h,LTFJ → LTFH,8.4906
LTFJ,LTFH,2022-12,144,26,4.05,scheduled_duration_under_3h,LTFJ → LTFH,18.0556
LTFM,DTTA,2022-03,119,21,2.65,scheduled_duration_under_3h,LTFM → DTTA,17.6471
LTFM,DTTA,2022-06,147,37,5.85,scheduled_duration_under_3h,LTFM → DTTA,25.1701
LTFM,DTTA,2022-09,148,39,5.2333,scheduled_duration_under_3h,LTFM → DTTA,26.3514
LTFM,DTTA,2022-12,138,35,7.7333,scheduled_duration_under_3h,LTFM → DTTA,25.3623
LTFM,HECA,2022-03,204,49,2.3917,scheduled_duration_under_3h,LTFM → HECA,24.0196
LTFM,HECA,2022-06,198,62,8.775,scheduled_duration_under_3h,LTFM → HECA,31.3131
LTFM,HECA,2022-09,203,47,6.8833,scheduled_duration_under_3h,LTFM → HECA,23.1527
LTFM,HECA,2022-12,208,52,7.2667,scheduled_duration_under_3h,LTFM → HECA,25.0
LTFM,LGAV,2022-03,124,6,-2.0083,scheduled_duration_under_3h,LTFM → LGAV,4.8387
LTFM,LGAV,2022-06,176,40,7.025,scheduled_duration_under_3h,LTFM → LGAV,22.7273
LTFM,LGAV,2022-09,193,37,5.7167,scheduled_duration_under_3h,LTFM → LGAV,19.171
LTFM,LGAV,2022-12,135,21,1.8333,scheduled_duration_under_3h,LTFM → LGAV,15.5556
LTFM,LLBG,2022-03,187,40,5.0833,scheduled_duration_under_3h,LTFM → LLBG,21.3904
LTFM,LLBG,2022-06,222,64,6.275,scheduled_duration_under_3h,LTFM → LLBG,28.8288
LTFM,LLBG,2022-09,267,80,8.1333,scheduled_duration_under_3h,LTFM → LLBG,29.9625
LTFM,LLBG,2022-12,247,38,3.75,scheduled_duration_under_3h,LTFM → LLBG,15.3846
LTFM,LTAC,2022-03,378,19,-5.2083,scheduled_duration_under_3h,LTFM → LTAC,5.0265
LTFM,LTAC,2022-06,438,67,2.7833,scheduled_duration_under_3h,LTFM → LTAC,15.2968
LTFM,LTAC,2022-09,375,47,1.6833,scheduled_duration_under_3h,LTFM → LTAC,12.5333
LTFM,LTAC,2022-12,422,40,1.825,scheduled_duration_under_3h,LTFM → LTAC,9.4787
LTFM,LTAF,2022-03,288,11,-5.075,scheduled_duration_under_3h,LTFM → LTAF,3.8194
LTFM,LTAF,2022-06,328,43,2.7083,scheduled_duration_under_3h,LTFM → LTAF,13.1098
LTFM,LTAF,2022-09,291,27,0.4333,scheduled_duration_under_3h,LTFM → LTAF,9.2784
LTFM,LTAF,2022-12,326,38,1.55,scheduled_duration_under_3h,LTFM → LTAF,11.6564
LTFM,LTAI,2022-03,429,27,-2.95,scheduled_duration_under_3h,LTFM → LTAI,6.2937
LTFM,LTAI,2022-06,523,139,7.9833,scheduled_duration_under_3h,LTFM → LTAI,26.5774
LTFM,LTAI,2022-09,466,103,7.2833,scheduled_duration_under_3h,LTFM → LTAI,22.103
LTFM,LTAI,2022-12,395,38,3.0833,scheduled_duration_under_3h,LTFM → LTAI,9.6203
LTFM,LTAJ,2022-03,196,7,-4.525,scheduled_duration_under_3h,LTFM → LTAJ,3.5714
LTFM,LTAJ,2022-06,235,43,4.3833,scheduled_duration_under_3h,LTFM → LTAJ,18.2979
LTFM,LTAJ,2022-09,224,28,2.7167,scheduled_duration_under_3h,LTFM → LTAJ,12.5
LTFM,LTAJ,2022-12,218,35,4.0083,scheduled_duration_under_3h,LTFM → LTAJ,16.055
LTFM,LTAU,2022-03,162,10,-3.1083,scheduled_duration_under_3h,LTFM → LTAU,6.1728
LTFM,LTAU,2022-06,236,50,5.1667,scheduled_duration_under_3h,LTFM → LTAU,21.1864
LTFM,LTAU,2022-09,202,23,2.6667,scheduled_duration_under_3h,LTFM → LTAU,11.3861
LTFM,LTAU,2022-12,191,25,3.8167,scheduled_duration_under_3h,LTFM → LTAU,13.089
LTFM,LTBJ,2022-03,382,9,-4.4167,scheduled_duration_under_3h,LTFM → LTBJ,2.356
LTFM,LTBJ,2022-06,538,59,1.7,scheduled_duration_under_3h,LTFM → LTBJ,10.9665
LTFM,LTBJ,2022-09,418,44,2.175,scheduled_duration_under_3h,LTFM → LTBJ,10.5263
LTFM,LTBJ,2022-12,435,35,-0.1667,scheduled_duration_under_3h,LTFM → LTBJ,8.046
LTFM,LTBS,2022-03,90,2,-3.7333,scheduled_duration_under_3h,LTFM → LTBS,2.2222
LTFM,LTBS,2022-06,286,69,7.1167,scheduled_duration_under_3h,LTFM → LTBS,24.1259
LTFM,LTBS,2022-09,240,47,5.5,scheduled_duration_under_3h,LTFM → LTBS,19.5833
LTFM,LTBS,2022-12,89,12,4.4,scheduled_duration_under_3h,LTFM → LTBS,13.4831
LTFM,LTCG,2022-03,155,13,-2.45,scheduled_duration_under_3h,LTFM → LTCG,8.3871
LTFM,LTCG,2022-06,224,52,7.0333,scheduled_duration_under_3h,LTFM → LTCG,23.2143
LTFM,LTCG,2022-09,235,44,5.1167,scheduled_duration_under_3h,LTFM → LTCG,18.7234
LTFM,LTCG,2022-12,169,28,4.3833,scheduled_duration_under_3h,LTFM → LTCG,16.568
LTFM,LTFE,2022-03,95,4,-4.6833,scheduled_duration_under_3h,LTFM → LTFE,4.2105
LTFM,LTFE,2022-06,349,73,6.3167,scheduled_duration_under_3h,LTFM → LTFE,20.9169
LTFM,LTFE,2022-09,290,76,7.65,scheduled_duration_under_3h,LTFM → LTFE,26.2069
LTFM,LTFE,2022-12,100,11,3.275,scheduled_duration_under_3h,LTFM → LTFE,11.0
LTFM,LYBE,2022-03,94,7,0.1,scheduled_duration_under_3h,LTFM → LYBE,7.4468
LTFM,LYBE,2022-06,127,36,8.3667,scheduled_duration_under_3h,LTFM → LYBE,28.3465
LTFM,LYBE,2022-09,137,36,7.4833,scheduled_duration_under_3h,LTFM → LYBE,26.2774
LTFM,LYBE,2022-12,166,38,6.1083,scheduled_duration_under_3h,LTFM → LYBE,22.8916
LTFM,OIIE,2022-03,388,92,5.6667,scheduled_duration_under_3h,LTFM → OIIE,23.7113
LTFM,OIIE,2022-06,414,123,8.225,scheduled_duration_under_3h,LTFM → OIIE,29.7101
LTFM,OIIE,2022-09,455,123,6.2667,scheduled_duration_under_3h,LTFM → OIIE,27.033
LTFM,OIIE,2022-12,368,104,7.3583,scheduled_duration_under_3h,LTFM → OIIE,28.2609
LTFM,OJAI,2022-03,141,20,0.9667,scheduled_duration_under_3h,LTFM → OJAI,14.1844
LTFM,OJAI,2022-06,181,33,4.2,scheduled_duration_under_3h,LTFM → OJAI,18.232
LTFM,OJAI,2022-09,205,36,3.7,scheduled_duration_under_3h,LTFM → OJAI,17.561
LTFM,OJAI,2022-12,125,13,0.1667,scheduled_duration_under_3h,LTFM → OJAI,10.4
LTFM,OLBA,2022-03,180,22,1.3417,scheduled_duration_under_3h,LTFM → OLBA,12.2222
LTFM,OLBA,2022-06,192,47,6.2833,scheduled_duration_under_3h,LTFM → OLBA,24.4792
LTFM,OLBA,2022-09,200,30,2.1417,scheduled_duration_under_3h,LTFM → OLBA,15.0
LTFM,OLBA,2022-12,166,33,5.4417,scheduled_duration_under_3h,LTFM → OLBA,19.8795
LTFM,UBBB,2022-03,152,7,-2.925,scheduled_duration_under_3h,LTFM → UBBB,4.6053
LTFM,UBBB,2022-06,191,31,2.5167,scheduled_duration_under_3h,LTFM → UBBB,16.2304
LTFM,UBBB,2022-09,191,27,3.4667,scheduled_duration_under_3h,LTFM → UBBB,14.1361
LTFM,UBBB,2022-12,199,19,0.7667,scheduled_duration_under_3h,LTFM → UBBB,9.5477
LTFM,URSS,2022-03,1,0,10.95,scheduled_duration_under_3h,LTFM → URSS,0.0
LTFM,URSS,2022-06,150,20,2.0417,scheduled_duration_under_3h,LTFM → URSS,13.3333
LTFM,URSS,2022-09,180,30,4.575,scheduled_duration_under_3h,LTFM → URSS,16.6667
LTFM,URSS,2022-12,180,40,3.0917,scheduled_duration_under_3h,LTFM → URSS,22.2222
LYBE,LOWW,2022-03,88,0,-4.5167,scheduled_duration_under_3h,LYBE → LOWW,0.0
LYBE,LOWW,2022-06,141,14,2.75,scheduled_duration_under_3h,LYBE → LOWW,9.9291
LYBE,LOWW,2022-09,146,49,10.0167,scheduled_duration_under_3h,LYBE → LOWW,33.5616
LYBE,LOWW,2022-12,139,11,1.4667,scheduled_duration_under_3h,LYBE → LOWW,7.9137
LYBE,LSZH,2022-03,127,6,2.5,scheduled_duration_under_3h,LYBE → LSZH,4.7244
LYBE,LSZH,2022-06,160,73,13.4667,scheduled_duration_under_3h,LYBE → LSZH,45.625
LYBE,LSZH,2022-09,163,71,13.85,scheduled_duration_under_3h,LYBE → LSZH,43.5583
LYBE,LSZH,2022-12,134,20,5.85,scheduled_duration_under_3h,LYBE → LSZH,14.9254
LYBE,LTFM,2022-03,96,9,-2.4833,scheduled_duration_under_3h,LYBE → LTFM,9.375
LYBE,LTFM,2022-06,123,11,-0.7333,scheduled_duration_under_3h,LYBE → LTFM,8.9431
LYBE,LTFM,2022-09,138,13,1.0333,scheduled_duration_under_3h,LYBE → LTFM,9.4203
LYBE,LTFM,2022-12,167,7,-3.75,scheduled_duration_under_3h,LYBE → LTFM,4.1916
LYBE,LYPG,2022-03,119,1,-6.9667,scheduled_duration_under_3h,LYBE → LYPG,0.8403
LYBE,LYPG,2022-06,134,6,-3.1583,scheduled_duration_under_3h,LYBE → LYPG,4.4776
LYBE,LYPG,2022-09,145,10,0.1833,scheduled_duration_under_3h,LYBE → LYPG,6.8966
LYBE,LYPG,2022-12,146,3,-4.95,scheduled_duration_under_3h,LYBE → LYPG,2.0548
LYBE,LYTV,2022-03,79,1,-6.5833,scheduled_duration_under_3h,LYBE → LYTV,1.2658
LYBE,LYTV,2022-06,168,5,-2.7583,scheduled_duration_under_3h,LYBE → LYTV,2.9762
LYBE,LYTV,2022-09,166,22,2.175,scheduled_duration_under_3h,LYBE → LYTV,13.253
LYBE,LYTV,2022-12,91,2,-2.1333,scheduled_duration_under_3h,LYBE → LYTV,2.1978
LYPG,LYBE,2022-03,119,0,-8.95,scheduled_duration_under_3h,LYPG → LYBE,0.0
LYPG,LYBE,2022-06,133,5,-6.3167,scheduled_duration_under_3h,LYPG → LYBE,3.7594
LYPG,LYBE,2022-09,143,5,-2.7167,scheduled_duration_under_3h,LYPG → LYBE,3.4965
LYPG,LYBE,2022-12,147,2,-6.8833,scheduled_duration_under_3h,LYPG → LYBE,1.3605
LYTV,LYBE,2022-03,79,0,-12.1833,scheduled_duration_under_3h,LYTV → LYBE,0.0
LYTV,LYBE,2022-06,170,7,-5.7833,scheduled_duration_under_3h,LYTV → LYBE,4.1176
LYTV,LYBE,2022-09,167,9,-1.1667,scheduled_duration_under_3h,LYTV → LYBE,5.3892
LYTV,LYBE,2022-12,91,0,-9.2167,scheduled_duration_under_3h,LYTV → LYBE,0.0
OJAI,LTFM,2022-03,144,11,-5.2167,scheduled_duration_under_3h,OJAI → LTFM,7.6389
OJAI,LTFM,2022-06,184,24,-3.0667,scheduled_duration_under_3h,OJAI → LTFM,13.0435
OJAI,LTFM,2022-09,208,17,-6.175,scheduled_duration_under_3h,OJAI → LTFM,8.1731
OJAI,LTFM,2022-12,125,12,-5.7833,scheduled_duration_under_3h,OJAI → LTFM,9.6
OLBA,HECA,2022-03,119,25,6.1667,scheduled_duration_under_3h,OLBA → HECA,21.0084
OLBA,HECA,2022-06,144,17,1.2417,scheduled_duration_under_3h,OLBA → HECA,11.8056
OLBA,HECA,2022-09,151,31,3.8167,scheduled_duration_under_3h,OLBA → HECA,20.5298
OLBA,HECA,2022-12,167,27,2.5667,scheduled_duration_under_3h,OLBA → HECA,16.1677
OLBA,LTFM,2022-03,178,15,-5.5833,scheduled_duration_under_3h,OLBA → LTFM,8.427
OLBA,LTFM,2022-06,192,10,-9.525,scheduled_duration_under_3h,OLBA → LTFM,5.2083
OLBA,LTFM,2022-09,199,15,-5.8167,scheduled_duration_under_3h,OLBA → LTFM,7.5377
OLBA,LTFM,2022-12,166,10,-5.575,scheduled_duration_under_3h,OLBA → LTFM,6.0241
ORBI,LTFM,2022-03,102,27,5.4333,scheduled_duration_under_3h,ORBI → LTFM,26.4706
ORBI,LTFM,2022-06,127,35,7.8,scheduled_duration_under_3h,ORBI → LTFM,27.5591
ORBI,LTFM,2022-09,166,58,7.3667,scheduled_duration_under_3h,ORBI → LTFM,34.9398
ORBI,LTFM,2022-12,111,55,14.5,scheduled_duration_under_3h,ORBI → LTFM,49.5495
UBBB,LTFM,2022-03,109,9,-0.9333,scheduled_duration_under_3h,UBBB → LTFM,8.2569
UBBB,LTFM,2022-06,137,9,-0.3,scheduled_duration_under_3h,UBBB → LTFM,6.5693
UBBB,LTFM,2022-09,146,17,4.0083,scheduled_duration_under_3h,UBBB → LTFM,11.6438
UBBB,LTFM,2022-12,130,9,-0.4667,scheduled_duration_under_3h,UBBB → LTFM,6.9231
UBBB,UBBN,2022-03,252,15,2.9833,scheduled_duration_under_3h,UBBB → UBBN,5.9524
UBBB,UBBN,2022-06,347,18,2.0333,scheduled_duration_under_3h,UBBB → UBBN,5.1873
UBBB,UBBN,2022-09,187,2,-1.7333,scheduled_duration_under_3h,UBBB → UBBN,1.0695
UBBB,UBBN,2022-12,147,9,1.95,scheduled_duration_under_3h,UBBB → UBBN,6.1224
UBBN,UBBB,2022-03,251,33,1.9833,scheduled_duration_under_3h,UBBN → UBBB,13.1474
UBBN,UBBB,2022-06,348,25,3.2,scheduled_duration_under_3h,UBBN → UBBB,7.1839
UBBN,UBBB,2022-09,187,10,1.05,scheduled_duration_under_3h,UBBN → UBBB,5.3476
UBBN,UBBB,2022-12,147,14,4.3,scheduled_duration_under_3h,UBBN → UBBB,9.5238
ULLI,UMKK,2022-03,193,21,1.5833,scheduled_duration_under_3h,ULLI → UMKK,10.8808
ULLI,UMKK,2022-06,439,89,6.3667,scheduled_duration_under_3h,ULLI → UMKK,20.2733
ULLI,UMKK,2022-09,456,118,7.6667,scheduled_duration_under_3h,ULLI → UMKK,25.8772
ULLI,UMKK,2022-12,253,140,17.7833,scheduled_duration_under_3h,ULLI → UMKK,55.336
UMKK,ULLI,2022-03,201,22,0.0667,scheduled_duration_under_3h,UMKK → ULLI,10.9453
UMKK,ULLI,2022-06,437,78,2.05,scheduled_duration_under_3h,UMKK → ULLI,17.849
UMKK,ULLI,2022-09,459,100,6.05,scheduled_duration_under_3h,UMKK → ULLI,21.7865
UMKK,ULLI,2022-12,250,86,7.9417,scheduled_duration_under_3h,UMKK → ULLI,34.4
UMKK,UUDD,2022-03,113,27,3.8167,scheduled_duration_under_3h,UMKK → UUDD,23.8938
UMKK,UUDD,2022-06,206,54,6.8833,scheduled_duration_under_3h,UMKK → UUDD,26.2136
UMKK,UUDD,2022-09,224,80,9.4917,scheduled_duration_under_3h,UMKK → UUDD,35.7143
UMKK,UUDD,2022-12,196,99,15.6083,scheduled_duration_under_3h,UMKK → UUDD,50.5102
UMKK,UUEE,2022-03,127,10,-4.3333,scheduled_duration_under_3h,UMKK → UUEE,7.874
UMKK,UUEE,2022-06,319,42,0.6,scheduled_duration_under_3h,UMKK → UUEE,13.1661
UMKK,UUEE,2022-09,365,36,-0.45,scheduled_duration_under_3h,UMKK → UUEE,9.863
UMKK,UUEE,2022-12,258,79,9.6667,scheduled_duration_under_3h,UMKK → UUEE,30.6202
URSS,LTFM,2022-03,5,0,0.9833,scheduled_duration_under_3h,URSS → LTFM,0.0
URSS,LTFM,2022-06,149,24,1.5,scheduled_duration_under_3h,URSS → LTFM,16.1074
URSS,LTFM,2022-09,181,50,5.5833,scheduled_duration_under_3h,URSS → LTFM,27.6243
URSS,LTFM,2022-12,182,29,0.4667,scheduled_duration_under_3h,URSS → LTFM,15.9341
UUDD,UMKK,2022-03,111,16,2.4333,scheduled_duration_under_3h,UUDD → UMKK,14.4144
UUDD,UMKK,2022-06,209,46,6.6167,scheduled_duration_under_3h,UUDD → UMKK,22.0096
UUDD,UMKK,2022-09,228,89,11.625,scheduled_duration_under_3h,UUDD → UMKK,39.0351
UUDD,UMKK,2022-12,195,119,21.9,scheduled_duration_under_3h,UUDD → UMKK,61.0256
UUEE,UMKK,2022-03,96,11,-6.025,scheduled_duration_under_3h,UUEE → UMKK,11.4583
UUEE,UMKK,2022-06,319,23,-2.3,scheduled_duration_under_3h,UUEE → UMKK,7.21
UUEE,UMKK,2022-09,365,27,-4.7,scheduled_duration_under_3h,UUEE → UMKK,7.3973
UUEE,UMKK,2022-12,256,79,7.1333,scheduled_duration_under_3h,UUEE → UMKK,30.8594
CYUL,LFPG,2022-03,120,92,25.2167,scheduled_duration_3h_or_more,CYUL → LFPG,76.6667
CYUL,LFPG,2022-06,182,172,52.3083,scheduled_duration_3h_or_more,CYUL → LFPG,94.5055
CYUL,LFPG,2022-09,189,152,39.15,scheduled_duration_3h_or_more,CYUL → LFPG,80.4233
CYUL,LFPG,2022-12,156,147,42.5667,scheduled_duration_3h_or_more,CYUL → LFPG,94.2308
CYYZ,EGLL,2022-03,108,104,37.275,scheduled_duration_3h_or_more,CYYZ → EGLL,96.2963
CYYZ,EGLL,2022-06,131,128,67.3,scheduled_duration_3h_or_more,CYYZ → EGLL,97.7099
CYYZ,EGLL,2022-09,129,128,43.4,scheduled_duration_3h_or_more,CYYZ → EGLL,99.2248
CYYZ,EGLL,2022-12,153,153,65.0167,scheduled_duration_3h_or_more,CYYZ → EGLL,100.0
EDDF,KJFK,2022-03,106,24,6.325,scheduled_duration_3h_or_more,EDDF → KJFK,22.6415
EDDF,KJFK,2022-06,166,68,11.5917,scheduled_duration_3h_or_more,EDDF → KJFK,40.9639
EDDF,KJFK,2022-09,156,70,13.3,scheduled_duration_3h_or_more,EDDF → KJFK,44.8718
EDDF,KJFK,2022-12,142,70,14.1,scheduled_duration_3h_or_more,EDDF → KJFK,49.2958
EDDF,KORD,2022-03,160,21,3.6,scheduled_duration_3h_or_more,EDDF → KORD,13.125
EDDF,KORD,2022-06,149,60,10.3667,scheduled_duration_3h_or_more,EDDF → KORD,40.2685
EDDF,KORD,2022-09,168,49,8.8667,scheduled_duration_3h_or_more,EDDF → KORD,29.1667
EDDF,KORD,2022-12,136,69,15.2,scheduled_duration_3h_or_more,EDDF → KORD,50.7353
EDDF,RKSI,2022-03,104,18,4.25,scheduled_duration_3h_or_more,EDDF → RKSI,17.3077
EDDF,RKSI,2022-06,147,52,9.4833,scheduled_duration_3h_or_more,EDDF → RKSI,35.3741
EDDF,RKSI,2022-09,164,50,9.9917,scheduled_duration_3h_or_more,EDDF → RKSI,30.4878
EDDF,RKSI,2022-12,144,52,10.5833,scheduled_duration_3h_or_more,EDDF → RKSI,36.1111
EDDK,LTAI,2022-03,37,3,3.7333,scheduled_duration_3h_or_more,EDDK → LTAI,8.1081
EDDK,LTAI,2022-06,252,88,10.2833,scheduled_duration_3h_or_more,EDDK → LTAI,34.9206
EDDK,LTAI,2022-09,273,81,8.5833,scheduled_duration_3h_or_more,EDDK → LTAI,29.6703
EDDK,LTAI,2022-12,32,2,2.1,scheduled_duration_3h_or_more,EDDK → LTAI,6.25
EDDL,LTAI,2022-03,50,11,8.0583,scheduled_duration_3h_or_more,EDDL → LTAI,22.0
EDDL,LTAI,2022-06,283,171,19.1833,scheduled_duration_3h_or_more,EDDL → LTAI,60.424
EDDL,LTAI,2022-09,319,122,11.1333,scheduled_duration_3h_or_more,EDDL → LTAI,38.2445
EDDL,LTAI,2022-12,76,15,6.9333,scheduled_duration_3h_or_more,EDDL → LTAI,19.7368
EGCC,GCTS,2022-03,198,8,-5.775,scheduled_duration_3h_or_more,EGCC → GCTS,4.0404
EGCC,GCTS,2022-06,139,15,-2.4667,scheduled_duration_3h_or_more,EGCC → GCTS,10.7914
EGCC,GCTS,2022-09,168,20,-1.1667,scheduled_duration_3h_or_more,EGCC → GCTS,11.9048
EGCC,GCTS,2022-12,207,31,-0.25,scheduled_duration_3h_or_more,EGCC → GCTS,14.9758
EGKK,GCTS,2022-03,110,0,-6.1083,scheduled_duration_3h_or_more,EGKK → GCTS,0.0
EGKK,GCTS,2022-06,111,11,-3.7833,scheduled_duration_3h_or_more,EGKK → GCTS,9.9099
EGKK,GCTS,2022-09,119,14,-2.1167,scheduled_duration_3h_or_more,EGKK → GCTS,11.7647
EGKK,GCTS,2022-12,201,21,-0.7,scheduled_duration_3h_or_more,EGKK → GCTS,10.4478
EGLL,CYYZ,2022-03,107,28,10.0333,scheduled_duration_3h_or_more,EGLL → CYYZ,26.1682
EGLL,CYYZ,2022-06,131,61,14.1833,scheduled_duration_3h_or_more,EGLL → CYYZ,46.5649
EGLL,CYYZ,2022-09,131,28,6.3333,scheduled_duration_3h_or_more,EGLL → CYYZ,21.374
EGLL,CYYZ,2022-12,154,43,7.7333,scheduled_duration_3h_or_more,EGLL → CYYZ,27.9221
EGLL,KBOS,2022-03,127,18,3.4167,scheduled_duration_3h_or_more,EGLL → KBOS,14.1732
EGLL,KBOS,2022-06,203,35,6.7167,scheduled_duration_3h_or_more,EGLL → KBOS,17.2414
EGLL,KBOS,2022-09,205,28,2.8333,scheduled_duration_3h_or_more,EGLL → KBOS,13.6585
EGLL,KBOS,2022-12,216,42,6.075,scheduled_duration_3h_or_more,EGLL → KBOS,19.4444
EGLL,KEWR,2022-03,142,18,2.7417,scheduled_duration_3h_or_more,EGLL → KEWR,12.6761
EGLL,KEWR,2022-06,276,41,4.45,scheduled_duration_3h_or_more,EGLL → KEWR,14.8551
EGLL,KEWR,2022-09,232,30,2.65,scheduled_duration_3h_or_more,EGLL → KEWR,12.931
EGLL,KEWR,2022-12,254,52,5.2583,scheduled_duration_3h_or_more,EGLL → KEWR,20.4724
EGLL,KIAD,2022-03,138,14,4.075,scheduled_duration_3h_or_more,EGLL → KIAD,10.1449
EGLL,KIAD,2022-06,158,26,4.8833,scheduled_duration_3h_or_more,EGLL → KIAD,16.4557
EGLL,KIAD,2022-09,122,23,4.8083,scheduled_duration_3h_or_more,EGLL → KIAD,18.8525
EGLL,KIAD,2022-12,143,27,6.1167,scheduled_duration_3h_or_more,EGLL → KIAD,18.8811
EGLL,KJFK,2022-03,412,72,4.6083,scheduled_duration_3h_or_more,EGLL → KJFK,17.4757
EGLL,KJFK,2022-06,533,100,4.7667,scheduled_duration_3h_or_more,EGLL → KJFK,18.7617
EGLL,KJFK,2022-09,496,87,4.4583,scheduled_duration_3h_or_more,EGLL → KJFK,17.5403
EGLL,KJFK,2022-12,495,102,4.9833,scheduled_duration_3h_or_more,EGLL → KJFK,20.6061
EGLL,KLAX,2022-03,165,19,5.4167,scheduled_duration_3h_or_more,EGLL → KLAX,11.5152
EGLL,KLAX,2022-06,266,59,7.9083,scheduled_duration_3h_or_more,EGLL → KLAX,22.1805
EGLL,KLAX,2022-09,235,39,4.2,scheduled_duration_3h_or_more,EGLL → KLAX,16.5957
EGLL,KLAX,2022-12,212,40,5.6667,scheduled_duration_3h_or_more,EGLL → KLAX,18.8679
EGLL,KMIA,2022-03,123,23,6.5333,scheduled_duration_3h_or_more,EGLL → KMIA,18.6992
EGLL,KMIA,2022-06,118,28,6.1167,scheduled_duration_3h_or_more,EGLL → KMIA,23.7288
EGLL,KMIA,2022-09,120,28,6.1167,scheduled_duration_3h_or_more,EGLL → KMIA,23.3333
EGLL,KMIA,2022-12,183,37,6.6,scheduled_duration_3h_or_more,EGLL → KMIA,20.2186
EGLL,KORD,2022-03,150,17,4.3917,scheduled_duration_3h_or_more,EGLL → KORD,11.3333
EGLL,KORD,2022-06,254,58,7.3417,scheduled_duration_3h_or_more,EGLL → KORD,22.8346
EGLL,KORD,2022-09,229,39,2.7167,scheduled_duration_3h_or_more,EGLL → KORD,17.0306
EGLL,KORD,2022-12,170,40,7.6583,scheduled_duration_3h_or_more,EGLL → KORD,23.5294
EGLL,KSFO,2022-03,127,19,3.5,scheduled_duration_3h_or_more,EGLL → KSFO,14.9606
EGLL,KSFO,2022-06,200,37,6.9833,scheduled_duration_3h_or_more,EGLL → KSFO,18.5
EGLL,KSFO,2022-09,199,40,5.05,scheduled_duration_3h_or_more,EGLL → KSFO,20.1005
EGLL,KSFO,2022-12,149,39,7.8167,scheduled_duration_3h_or_more,EGLL → KSFO,26.1745
EGLL,LGAV,2022-03,189,17,0.6667,scheduled_duration_3h_or_more,EGLL → LGAV,8.9947
EGLL,LGAV,2022-06,233,72,8.0833,scheduled_duration_3h_or_more,EGLL → LGAV,30.9013
EGLL,LGAV,2022-09,259,74,5.7833,scheduled_duration_3h_or_more,EGLL → LGAV,28.5714
EGLL,LGAV,2022-12,176,16,0.0,scheduled_duration_3h_or_more,EGLL → LGAV,9.0909
EGLL,LTFM,2022-03,182,31,1.75,scheduled_duration_3h_or_more,EGLL → LTFM,17.033
EGLL,LTFM,2022-06,236,96,11.925,scheduled_duration_3h_or_more,EGLL → LTFM,40.678
EGLL,LTFM,2022-09,257,53,4.2333,scheduled_duration_3h_or_more,EGLL → LTFM,20.6226
EGLL,LTFM,2022-12,248,50,2.0917,scheduled_duration_3h_or_more,EGLL → LTFM,20.1613
EGLL,OMDB,2022-03,253,82,10.5,scheduled_duration_3h_or_more,EGLL → OMDB,32.4111
EGLL,OMDB,2022-06,213,105,14.7,scheduled_duration_3h_or_more,EGLL → OMDB,49.2958
EGLL,OMDB,2022-09,238,103,12.5667,scheduled_duration_3h_or_more,EGLL → OMDB,43.2773
EGLL,OMDB,2022-12,282,161,17.6333,scheduled_duration_3h_or_more,EGLL → OMDB,57.0922
EGLL,OTHH,2022-03,155,79,16.0,scheduled_duration_3h_or_more,EGLL → OTHH,50.9677
EGLL,OTHH,2022-06,166,98,18.625,scheduled_duration_3h_or_more,EGLL → OTHH,59.0361
EGLL,OTHH,2022-09,211,105,14.8333,scheduled_duration_3h_or_more,EGLL → OTHH,49.763
EGLL,OTHH,2022-12,203,89,13.1833,scheduled_duration_3h_or_more,EGLL → OTHH,43.8424
EGLL,VIDP,2022-03,83,9,1.7667,scheduled_duration_3h_or_more,EGLL → VIDP,10.8434
EGLL,VIDP,2022-06,168,91,17.575,scheduled_duration_3h_or_more,EGLL → VIDP,54.1667
EGLL,VIDP,2022-09,197,56,7.8,scheduled_duration_3h_or_more,EGLL → VIDP,28.4264
EGLL,VIDP,2022-12,214,55,5.0417,scheduled_duration_3h_or_more,EGLL → VIDP,25.7009
EGLL,WSSS,2022-03,113,17,2.3833,scheduled_duration_3h_or_more,EGLL → WSSS,15.0442
EGLL,WSSS,2022-06,160,65,11.9833,scheduled_duration_3h_or_more,EGLL → WSSS,40.625
EGLL,WSSS,2022-09,180,53,7.9083,scheduled_duration_3h_or_more,EGLL → WSSS,29.4444
EGLL,WSSS,2022-12,215,70,7.3,scheduled_duration_3h_or_more,EGLL → WSSS,32.5581
EGSS,LTFJ,2022-03,163,20,-1.0833,scheduled_duration_3h_or_more,EGSS → LTFJ,12.2699
EGSS,LTFJ,2022-06,177,51,7.8167,scheduled_duration_3h_or_more,EGSS → LTFJ,28.8136
EGSS,LTFJ,2022-09,189,42,5.75,scheduled_duration_3h_or_more,EGSS → LTFJ,22.2222
EGSS,LTFJ,2022-12,167,19,0.7667,scheduled_duration_3h_or_more,EGSS → LTFJ,11.3772
EHAM,LTFM,2022-03,140,26,4.0,scheduled_duration_3h_or_more,EHAM → LTFM,18.5714
EHAM,LTFM,2022-06,174,40,5.475,scheduled_duration_3h_or_more,EHAM → LTFM,22.9885
EHAM,LTFM,2022-09,161,42,5.55,scheduled_duration_3h_or_more,EHAM → LTFM,26.087
EHAM,LTFM,2022-12,98,32,4.8167,scheduled_duration_3h_or_more,EHAM → LTFM,32.6531
EKCH,LEMG,2022-03,123,8,3.1667,scheduled_duration_3h_or_more,EKCH → LEMG,6.5041
EKCH,LEMG,2022-06,154,32,7.2917,scheduled_duration_3h_or_more,EKCH → LEMG,20.7792
EKCH,LEMG,2022-09,153,30,6.8167,scheduled_duration_3h_or_more,EKCH → LEMG,19.6078
EKCH,LEMG,2022-12,111,14,4.2667,scheduled_duration_3h_or_more,EKCH → LEMG,12.6126
GCTS,EGCC,2022-03,199,6,-2.7,scheduled_duration_3h_or_more,GCTS → EGCC,3.0151
GCTS,EGCC,2022-06,141,17,-0.9,scheduled_duration_3h_or_more,GCTS → EGCC,12.0567
GCTS,EGCC,2022-09,168,20,1.5833,scheduled_duration_3h_or_more,GCTS → EGCC,11.9048
GCTS,EGCC,2022-12,210,23,1.6083,scheduled_duration_3h_or_more,GCTS → EGCC,10.9524
GCTS,EGKK,2022-03,111,2,-4.9833,scheduled_duration_3h_or_more,GCTS → EGKK,1.8018
GCTS,EGKK,2022-06,112,21,2.4,scheduled_duration_3h_or_more,GCTS → EGKK,18.75
GCTS,EGKK,2022-09,120,33,6.4917,scheduled_duration_3h_or_more,GCTS → EGKK,27.5
GCTS,EGKK,2022-12,202,32,1.75,scheduled_duration_3h_or_more,GCTS → EGKK,15.8416
KBOS,EGLL,2022-03,128,42,7.8333,scheduled_duration_3h_or_more,KBOS → EGLL,32.8125
KBOS,EGLL,2022-06,201,101,15.1333,scheduled_duration_3h_or_more,KBOS → EGLL,50.2488
KBOS,EGLL,2022-09,203,69,8.0667,scheduled_duration_3h_or_more,KBOS → EGLL,33.9901
KBOS,EGLL,2022-12,216,98,11.7917,scheduled_duration_3h_or_more,KBOS → EGLL,45.3704
KEWR,EGLL,2022-03,143,70,13.9167,scheduled_duration_3h_or_more,KEWR → EGLL,48.951
KEWR,EGLL,2022-06,275,195,27.35,scheduled_duration_3h_or_more,KEWR → EGLL,70.9091
KEWR,EGLL,2022-09,231,132,18.5333,scheduled_duration_3h_or_more,KEWR → EGLL,57.1429
KEWR,EGLL,2022-12,259,164,24.3667,scheduled_duration_3h_or_more,KEWR → EGLL,63.3205
KIAD,EGLL,2022-03,143,59,11.85,scheduled_duration_3h_or_more,KIAD → EGLL,41.2587
KIAD,EGLL,2022-06,159,86,18.3667,scheduled_duration_3h_or_more,KIAD → EGLL,54.0881
KIAD,EGLL,2022-09,122,57,12.7,scheduled_duration_3h_or_more,KIAD → EGLL,46.7213
KIAD,EGLL,2022-12,143,70,14.6667,scheduled_duration_3h_or_more,KIAD → EGLL,48.951
KJFK,EDDF,2022-03,101,14,-9.0,scheduled_duration_3h_or_more,KJFK → EDDF,13.8614
KJFK,EDDF,2022-06,161,51,0.8667,scheduled_duration_3h_or_more,KJFK → EDDF,31.677
KJFK,EDDF,2022-09,150,32,-2.35,scheduled_duration_3h_or_more,KJFK → EDDF,21.3333
KJFK,EDDF,2022-12,137,42,-1.15,scheduled_duration_3h_or_more,KJFK → EDDF,30.6569
KJFK,EGLL,2022-03,419,120,2.4167,scheduled_duration_3h_or_more,KJFK → EGLL,28.6396
KJFK,EGLL,2022-06,533,242,12.5167,scheduled_duration_3h_or_more,KJFK → EGLL,45.4034
KJFK,EGLL,2022-09,494,181,8.075,scheduled_duration_3h_or_more,KJFK → EGLL,36.6397
KJFK,EGLL,2022-12,498,209,11.4083,scheduled_duration_3h_or_more,KJFK → EGLL,41.9679
KJFK,LEMD,2022-03,113,24,-6.45,scheduled_duration_3h_or_more,KJFK → LEMD,21.2389
KJFK,LEMD,2022-06,142,30,0.8917,scheduled_duration_3h_or_more,KJFK → LEMD,21.1268
KJFK,LEMD,2022-09,137,18,-3.4333,scheduled_duration_3h_or_more,KJFK → LEMD,13.1387
KJFK,LEMD,2022-12,141,36,-0.1,scheduled_duration_3h_or_more,KJFK → LEMD,25.5319
KJFK,LFPG,2022-03,223,45,-0.3167,scheduled_duration_3h_or_more,KJFK → LFPG,20.1794
KJFK,LFPG,2022-06,266,128,14.3333,scheduled_duration_3h_or_more,KJFK → LFPG,48.1203
KJFK,LFPG,2022-09,265,104,9.0,scheduled_duration_3h_or_more,KJFK → LFPG,39.2453
KJFK,LFPG,2022-12,270,133,14.75,scheduled_duration_3h_or_more,KJFK → LFPG,49.2593
KJFK,LIMC,2022-03,103,8,-16.8833,scheduled_duration_3h_or_more,KJFK → LIMC,7.767
KJFK,LIMC,2022-06,150,43,-1.5167,scheduled_duration_3h_or_more,KJFK → LIMC,28.6667
KJFK,LIMC,2022-09,153,30,-8.7667,scheduled_duration_3h_or_more,KJFK → LIMC,19.6078
KJFK,LIMC,2022-12,135,31,-4.4667,scheduled_duration_3h_or_more,KJFK → LIMC,22.963
KLAX,EGLL,2022-03,166,79,14.6,scheduled_duration_3h_or_more,KLAX → EGLL,47.5904
KLAX,EGLL,2022-06,269,164,21.1,scheduled_duration_3h_or_more,KLAX → EGLL,60.9665
KLAX,EGLL,2022-09,237,138,18.4333,scheduled_duration_3h_or_more,KLAX → EGLL,58.2278
KLAX,EGLL,2022-12,210,143,21.6833,scheduled_duration_3h_or_more,KLAX → EGLL,68.0952
KMIA,EGLL,2022-03,123,110,36.7833,scheduled_duration_3h_or_more,KMIA → EGLL,89.4309
KMIA,EGLL,2022-06,121,85,24.1833,scheduled_duration_3h_or_more,KMIA → EGLL,70.2479
KMIA,EGLL,2022-09,119,85,26.4167,scheduled_duration_3h_or_more,KMIA → EGLL,71.4286
KMIA,EGLL,2022-12,182,140,24.8583,scheduled_duration_3h_or_more,KMIA → EGLL,76.9231
KORD,EDDF,2022-03,157,25,-4.8333,scheduled_duration_3h_or_more,KORD → EDDF,15.9236
KORD,EDDF,2022-06,142,44,0.975,scheduled_duration_3h_or_more,KORD → EDDF,30.9859
KORD,EDDF,2022-09,159,19,-5.55,scheduled_duration_3h_or_more,KORD → EDDF,11.9497
KORD,EDDF,2022-12,129,52,7.8667,scheduled_duration_3h_or_more,KORD → EDDF,40.3101
KORD,EGLL,2022-03,140,32,-0.5583,scheduled_duration_3h_or_more,KORD → EGLL,22.8571
KORD,EGLL,2022-06,257,106,9.9833,scheduled_duration_3h_or_more,KORD → EGLL,41.2451
KORD,EGLL,2022-09,228,63,2.1667,scheduled_duration_3h_or_more,KORD → EGLL,27.6316
KORD,EGLL,2022-12,169,91,16.6,scheduled_duration_3h_or_more,KORD → EGLL,53.8462
KSFO,EGLL,2022-03,132,63,14.175,scheduled_duration_3h_or_more,KSFO → EGLL,47.7273
KSFO,EGLL,2022-06,201,148,23.1833,scheduled_duration_3h_or_more,KSFO → EGLL,73.6318
KSFO,EGLL,2022-09,198,114,17.9667,scheduled_duration_3h_or_more,KSFO → EGLL,57.5758
KSFO,EGLL,2022-12,149,105,24.1,scheduled_duration_3h_or_more,KSFO → EGLL,70.4698
LEBL,GCXO,2022-03,130,5,0.7333,scheduled_duration_3h_or_more,LEBL → GCXO,3.8462
LEBL,GCXO,2022-06,129,29,6.5,scheduled_duration_3h_or_more,LEBL → GCXO,22.4806
LEBL,GCXO,2022-09,123,10,2.0833,scheduled_duration_3h_or_more,LEBL → GCXO,8.1301
LEBL,GCXO,2022-12,153,24,4.95,scheduled_duration_3h_or_more,LEBL → GCXO,15.6863
LEMD,KJFK,2022-03,111,9,-0.2333,scheduled_duration_3h_or_more,LEMD → KJFK,8.1081
LEMD,KJFK,2022-06,141,19,3.3833,scheduled_duration_3h_or_more,LEMD → KJFK,13.4752
LEMD,KJFK,2022-09,136,13,0.4333,scheduled_duration_3h_or_more,LEMD → KJFK,9.5588
LEMD,KJFK,2022-12,142,17,1.3083,scheduled_duration_3h_or_more,LEMD → KJFK,11.9718
LEMD,MMMX,2022-03,125,16,5.0,scheduled_duration_3h_or_more,LEMD → MMMX,12.8
LEMD,MMMX,2022-06,143,23,5.1167,scheduled_duration_3h_or_more,LEMD → MMMX,16.0839
LEMD,MMMX,2022-09,145,14,3.1833,scheduled_duration_3h_or_more,LEMD → MMMX,9.6552
LEMD,MMMX,2022-12,154,24,5.6,scheduled_duration_3h_or_more,LEMD → MMMX,15.5844
LEMD,SKBO,2022-03,154,19,5.0917,scheduled_duration_3h_or_more,LEMD → SKBO,12.3377
LEMD,SKBO,2022-06,178,41,6.0417,scheduled_duration_3h_or_more,LEMD → SKBO,23.0337
LEMD,SKBO,2022-09,192,32,3.725,scheduled_duration_3h_or_more,LEMD → SKBO,16.6667
LEMD,SKBO,2022-12,208,45,6.9917,scheduled_duration_3h_or_more,LEMD → SKBO,21.6346
LEMG,EKCH,2022-03,123,4,0.0167,scheduled_duration_3h_or_more,LEMG → EKCH,3.252
LEMG,EKCH,2022-06,153,15,0.3,scheduled_duration_3h_or_more,LEMG → EKCH,9.8039
LEMG,EKCH,2022-09,153,20,0.9,scheduled_duration_3h_or_more,LEMG → EKCH,13.0719
LEMG,EKCH,2022-12,112,4,-3.9917,scheduled_duration_3h_or_more,LEMG → EKCH,3.5714
LFPG,CYUL,2022-03,121,44,12.0333,scheduled_duration_3h_or_more,LFPG → CYUL,36.3636
LFPG,CYUL,2022-06,180,103,18.1667,scheduled_duration_3h_or_more,LFPG → CYUL,57.2222
LFPG,CYUL,2022-09,185,90,14.0333,scheduled_duration_3h_or_more,LFPG → CYUL,48.6486
LFPG,CYUL,2022-12,153,63,11.2,scheduled_duration_3h_or_more,LFPG → CYUL,41.1765
LFPG,KJFK,2022-03,223,80,10.4833,scheduled_duration_3h_or_more,LFPG → KJFK,35.8744
LFPG,KJFK,2022-06,267,113,13.0667,scheduled_duration_3h_or_more,LFPG → KJFK,42.3221
LFPG,KJFK,2022-09,266,125,13.775,scheduled_duration_3h_or_more,LFPG → KJFK,46.9925
LFPG,KJFK,2022-12,268,100,11.775,scheduled_duration_3h_or_more,LFPG → KJFK,37.3134
LFPG,LLBG,2022-03,136,61,12.1167,scheduled_duration_3h_or_more,LFPG → LLBG,44.8529
LFPG,LLBG,2022-06,164,111,20.7667,scheduled_duration_3h_or_more,LFPG → LLBG,67.6829
LFPG,LLBG,2022-09,153,95,18.4667,scheduled_duration_3h_or_more,LFPG → LLBG,62.0915
LFPG,LLBG,2022-12,180,61,10.5167,scheduled_duration_3h_or_more,LFPG → LLBG,33.8889
LFPG,LTFM,2022-03,182,42,3.9,scheduled_duration_3h_or_more,LFPG → LTFM,23.0769
LFPG,LTFM,2022-06,237,112,13.8,scheduled_duration_3h_or_more,LFPG → LTFM,47.2574
LFPG,LTFM,2022-09,227,86,9.1167,scheduled_duration_3h_or_more,LFPG → LTFM,37.8855
LFPG,LTFM,2022-12,171,40,4.45,scheduled_duration_3h_or_more,LFPG → LTFM,23.3918
LFPG,OMDB,2022-03,183,83,13.6333,scheduled_duration_3h_or_more,LFPG → OMDB,45.3552
LFPG,OMDB,2022-06,136,116,27.1,scheduled_duration_3h_or_more,LFPG → OMDB,85.2941
LFPG,OMDB,2022-09,163,133,25.7667,scheduled_duration_3h_or_more,LFPG → OMDB,81.5951
LFPG,OMDB,2022-12,185,118,20.2833,scheduled_duration_3h_or_more,LFPG → OMDB,63.7838
LFPG,OTHH,2022-03,137,75,17.5333,scheduled_duration_3h_or_more,LFPG → OTHH,54.7445
LFPG,OTHH,2022-06,119,95,31.9,scheduled_duration_3h_or_more,LFPG → OTHH,79.8319
LFPG,OTHH,2022-09,114,97,27.1333,scheduled_duration_3h_or_more,LFPG → OTHH,85.0877
LFPG,OTHH,2022-12,132,86,21.275,scheduled_duration_3h_or_more,LFPG → OTHH,65.1515
LGAV,EGLL,2022-03,189,15,-0.3,scheduled_duration_3h_or_more,LGAV → EGLL,7.9365
LGAV,EGLL,2022-06,233,128,16.0,scheduled_duration_3h_or_more,LGAV → EGLL,54.9356
LGAV,EGLL,2022-09,259,106,11.7167,scheduled_duration_3h_or_more,LGAV → EGLL,40.9266
LGAV,EGLL,2022-12,179,43,5.1333,scheduled_duration_3h_or_more,LGAV → EGLL,24.0223
LGAV,EHAM,2022-03,121,6,3.0333,scheduled_duration_3h_or_more,LGAV → EHAM,4.9587
LGAV,EHAM,2022-06,150,64,11.9083,scheduled_duration_3h_or_more,LGAV → EHAM,42.6667
LGAV,EHAM,2022-09,148,30,8.0333,scheduled_duration_3h_or_more,LGAV → EHAM,20.2703
LGAV,EHAM,2022-12,89,11,2.7,scheduled_duration_3h_or_more,LGAV → EHAM,12.3596
LGAV,LFPG,2022-03,136,6,0.2833,scheduled_duration_3h_or_more,LGAV → LFPG,4.4118
LGAV,LFPG,2022-06,251,51,4.2,scheduled_duration_3h_or_more,LGAV → LFPG,20.3187
LGAV,LFPG,2022-09,222,34,5.725,scheduled_duration_3h_or_more,LGAV → LFPG,15.3153
LGAV,LFPG,2022-12,138,5,-0.525,scheduled_duration_3h_or_more,LGAV → LFPG,3.6232
LIMC,KJFK,2022-03,106,12,3.4,scheduled_duration_3h_or_more,LIMC → KJFK,11.3208
LIMC,KJFK,2022-06,158,51,8.7083,scheduled_duration_3h_or_more,LIMC → KJFK,32.2785
LIMC,KJFK,2022-09,161,47,8.35,scheduled_duration_3h_or_more,LIMC → KJFK,29.1925
LIMC,KJFK,2022-12,145,31,5.0167,scheduled_duration_3h_or_more,LIMC → KJFK,21.3793
LIRF,LLBG,2022-03,98,12,3.2,scheduled_duration_3h_or_more,LIRF → LLBG,12.2449
LIRF,LLBG,2022-06,131,25,7.25,scheduled_duration_3h_or_more,LIRF → LLBG,19.084
LIRF,LLBG,2022-09,147,28,5.1,scheduled_duration_3h_or_more,LIRF → LLBG,19.0476
LIRF,LLBG,2022-12,176,20,4.8167,scheduled_duration_3h_or_more,LIRF → LLBG,11.3636
LLBG,LFPG,2022-03,154,19,4.975,scheduled_duration_3h_or_more,LLBG → LFPG,12.3377
LLBG,LFPG,2022-06,164,57,9.3333,scheduled_duration_3h_or_more,LLBG → LFPG,34.7561
LLBG,LFPG,2022-09,155,52,8.9333,scheduled_duration_3h_or_more,LLBG → LFPG,33.5484
LLBG,LFPG,2022-12,178,32,5.4417,scheduled_duration_3h_or_more,LLBG → LFPG,17.9775
LLBG,LHBP,2022-03,103,9,1.4167,scheduled_duration_3h_or_more,LLBG → LHBP,8.7379
LLBG,LHBP,2022-06,115,11,-0.65,scheduled_duration_3h_or_more,LLBG → LHBP,9.5652
LLBG,LHBP,2022-09,120,13,1.6167,scheduled_duration_3h_or_more,LLBG → LHBP,10.8333
LLBG,LHBP,2022-12,192,20,-0.5417,scheduled_duration_3h_or_more,LLBG → LHBP,10.4167
LLBG,LIRF,2022-03,116,8,-0.4583,scheduled_duration_3h_or_more,LLBG → LIRF,6.8966
LLBG,LIRF,2022-06,142,8,-2.6583,scheduled_duration_3h_or_more,LLBG → LIRF,5.6338
LLBG,LIRF,2022-09,167,12,-1.6,scheduled_duration_3h_or_more,LLBG → LIRF,7.1856
LLBG,LIRF,2022-12,195,11,-3.7833,scheduled_duration_3h_or_more,LLBG → LIRF,5.641
LLBG,LOWW,2022-03,106,13,4.1083,scheduled_duration_3h_or_more,LLBG → LOWW,12.2642
LLBG,LOWW,2022-06,151,38,6.0,scheduled_duration_3h_or_more,LLBG → LOWW,25.1656
LLBG,LOWW,2022-09,176,40,7.4083,scheduled_duration_3h_or_more,LLBG → LOWW,22.7273
LLBG,LOWW,2022-12,167,37,6.2333,scheduled_duration_3h_or_more,LLBG → LOWW,22.1557
LOWW,LLBG,2022-03,108,23,6.0417,scheduled_duration_3h_or_more,LOWW → LLBG,21.2963
LOWW,LLBG,2022-06,135,55,12.3,scheduled_duration_3h_or_more,LOWW → LLBG,40.7407
LOWW,LLBG,2022-09,168,81,14.4583,scheduled_duration_3h_or_more,LOWW → LLBG,48.2143
LOWW,LLBG,2022-12,147,44,9.2167,scheduled_duration_3h_or_more,LOWW → LLBG,29.932
LTAI,EDDK,2022-03,39,2,1.75,scheduled_duration_3h_or_more,LTAI → EDDK,5.1282
LTAI,EDDK,2022-06,250,151,18.6417,scheduled_duration_3h_or_more,LTAI → EDDK,60.4
LTAI,EDDK,2022-09,270,127,14.1833,scheduled_duration_3h_or_more,LTAI → EDDK,47.037
LTAI,EDDK,2022-12,32,2,3.8417,scheduled_duration_3h_or_more,LTAI → EDDK,6.25
LTAI,EDDL,2022-03,53,1,2.1833,scheduled_duration_3h_or_more,LTAI → EDDL,1.8868
LTAI,EDDL,2022-06,278,133,14.0667,scheduled_duration_3h_or_more,LTAI → EDDL,47.8417
LTAI,EDDL,2022-09,318,80,6.4917,scheduled_duration_3h_or_more,LTAI → EDDL,25.1572
LTAI,EDDL,2022-12,74,5,-1.0083,scheduled_duration_3h_or_more,LTAI → EDDL,6.7568
LTAI,UUDD,2022-03,13,3,1.65,scheduled_duration_3h_or_more,LTAI → UUDD,23.0769
LTAI,UUDD,2022-06,257,95,8.3667,scheduled_duration_3h_or_more,LTAI → UUDD,36.965
LTAI,UUDD,2022-09,265,100,9.5333,scheduled_duration_3h_or_more,LTAI → UUDD,37.7358
LTAI,UUDD,2022-12,94,15,1.9,scheduled_duration_3h_or_more,LTAI → UUDD,15.9574
LTAI,UUWW,2022-03,7,0,-5.7333,scheduled_duration_3h_or_more,LTAI → UUWW,0.0
LTAI,UUWW,2022-06,419,131,7.9333,scheduled_duration_3h_or_more,LTAI → UUWW,31.2649
LTAI,UUWW,2022-09,422,137,9.6167,scheduled_duration_3h_or_more,LTAI → UUWW,32.4645
LTAI,UUWW,2022-12,123,19,0.0333,scheduled_duration_3h_or_more,LTAI → UUWW,15.4472
LTFJ,EDDK,2022-03,120,34,7.4417,scheduled_duration_3h_or_more,LTFJ → EDDK,28.3333
LTFJ,EDDK,2022-06,135,56,11.7833,scheduled_duration_3h_or_more,LTFJ → EDDK,41.4815
LTFJ,EDDK,2022-09,138,57,12.6,scheduled_duration_3h_or_more,LTFJ → EDDK,41.3043
LTFJ,EDDK,2022-12,145,59,11.7,scheduled_duration_3h_or_more,LTFJ → EDDK,40.6897
LTFJ,EDDL,2022-03,148,11,-1.0833,scheduled_duration_3h_or_more,LTFJ → EDDL,7.4324
LTFJ,EDDL,2022-06,149,43,8.4667,scheduled_duration_3h_or_more,LTFJ → EDDL,28.8591
LTFJ,EDDL,2022-09,146,36,7.125,scheduled_duration_3h_or_more,LTFJ → EDDL,24.6575
LTFJ,EDDL,2022-12,140,29,6.375,scheduled_duration_3h_or_more,LTFJ → EDDL,20.7143
LTFJ,EGSS,2022-03,164,59,9.9167,scheduled_duration_3h_or_more,LTFJ → EGSS,35.9756
LTFJ,EGSS,2022-06,177,57,10.2167,scheduled_duration_3h_or_more,LTFJ → EGSS,32.2034
LTFJ,EGSS,2022-09,188,83,12.8833,scheduled_duration_3h_or_more,LTFJ → EGSS,44.1489
LTFJ,EGSS,2022-12,167,76,13.4,scheduled_duration_3h_or_more,LTFJ → EGSS,45.509
LTFJ,EHAM,2022-03,127,45,11.0,scheduled_duration_3h_or_more,LTFJ → EHAM,35.4331
LTFJ,EHAM,2022-06,135,64,13.9,scheduled_duration_3h_or_more,LTFJ → EHAM,47.4074
LTFJ,EHAM,2022-09,136,69,15.175,scheduled_duration_3h_or_more,LTFJ → EHAM,50.7353
LTFJ,EHAM,2022-12,106,63,17.275,scheduled_duration_3h_or_more,LTFJ → EHAM,59.434
LTFM,EDDF,2022-03,119,4,-9.1667,scheduled_duration_3h_or_more,LTFM → EDDF,3.3613
LTFM,EDDF,2022-06,156,24,-2.6333,scheduled_duration_3h_or_more,LTFM → EDDF,15.3846
LTFM,EDDF,2022-09,195,23,-0.9167,scheduled_duration_3h_or_more,LTFM → EDDF,11.7949
LTFM,EDDF,2022-12,161,14,-2.4333,scheduled_duration_3h_or_more,LTFM → EDDF,8.6957
LTFM,EGLL,2022-03,184,42,9.1917,scheduled_duration_3h_or_more,LTFM → EGLL,22.8261
LTFM,EGLL,2022-06,239,137,17.4833,scheduled_duration_3h_or_more,LTFM → EGLL,57.3222
LTFM,EGLL,2022-09,257,141,17.35,scheduled_duration_3h_or_more,LTFM → EGLL,54.8638
LTFM,EGLL,2022-12,251,139,16.6333,scheduled_duration_3h_or_more,LTFM → EGLL,55.3785
LTFM,EHAM,2022-03,163,10,1.8833,scheduled_duration_3h_or_more,LTFM → EHAM,6.135
LTFM,EHAM,2022-06,187,84,13.5,scheduled_duration_3h_or_more,LTFM → EHAM,44.9198
LTFM,EHAM,2022-09,185,55,8.95,scheduled_duration_3h_or_more,LTFM → EHAM,29.7297
LTFM,EHAM,2022-12,142,34,8.95,scheduled_duration_3h_or_more,LTFM → EHAM,23.9437
LTFM,HLLM,2022-03,120,22,-0.475,scheduled_duration_3h_or_more,LTFM → HLLM,18.3333
LTFM,HLLM,2022-06,146,25,0.0833,scheduled_duration_3h_or_more,LTFM → HLLM,17.1233
LTFM,HLLM,2022-09,149,39,3.25,scheduled_duration_3h_or_more,LTFM → HLLM,26.1745
LTFM,HLLM,2022-12,117,44,10.7,scheduled_duration_3h_or_more,LTFM → HLLM,37.6068
LTFM,LFPG,2022-03,189,17,-1.6667,scheduled_duration_3h_or_more,LTFM → LFPG,8.9947
LTFM,LFPG,2022-06,262,92,10.5417,scheduled_duration_3h_or_more,LTFM → LFPG,35.1145
LTFM,LFPG,2022-09,259,100,12.25,scheduled_duration_3h_or_more,LTFM → LFPG,38.61
LTFM,LFPG,2022-12,244,47,6.15,scheduled_duration_3h_or_more,LTFM → LFPG,19.2623
LTFM,OKBK,2022-03,168,38,2.6417,scheduled_duration_3h_or_more,LTFM → OKBK,22.619
LTFM,OKBK,2022-06,209,43,3.4333,scheduled_duration_3h_or_more,LTFM → OKBK,20.5742
LTFM,OKBK,2022-09,227,58,5.85,scheduled_duration_3h_or_more,LTFM → OKBK,25.5507
LTFM,OKBK,2022-12,171,44,6.4667,scheduled_duration_3h_or_more,LTFM → OKBK,25.731
LTFM,OMDB,2022-03,199,62,8.9333,scheduled_duration_3h_or_more,LTFM → OMDB,31.1558
LTFM,OMDB,2022-06,183,59,9.9,scheduled_duration_3h_or_more,LTFM → OMDB,32.2404
LTFM,OMDB,2022-09,195,62,10.75,scheduled_duration_3h_or_more,LTFM → OMDB,31.7949
LTFM,OMDB,2022-12,249,74,8.65,scheduled_duration_3h_or_more,LTFM → OMDB,29.7189
LTFM,OTHH,2022-03,142,50,5.7083,scheduled_duration_3h_or_more,LTFM → OTHH,35.2113
LTFM,OTHH,2022-06,149,47,8.3833,scheduled_duration_3h_or_more,LTFM → OTHH,31.5436
LTFM,OTHH,2022-09,147,51,10.4667,scheduled_duration_3h_or_more,LTFM → OTHH,34.6939
LTFM,OTHH,2022-12,232,54,6.85,scheduled_duration_3h_or_more,LTFM → OTHH,23.2759
LTFM,UAAA,2022-03,107,13,-4.8333,scheduled_duration_3h_or_more,LTFM → UAAA,12.1495
LTFM,UAAA,2022-06,152,21,1.6167,scheduled_duration_3h_or_more,LTFM → UAAA,13.8158
LTFM,UAAA,2022-09,155,19,-2.2167,scheduled_duration_3h_or_more,LTFM → UAAA,12.2581
LTFM,UAAA,2022-12,191,13,-1.4833,scheduled_duration_3h_or_more,LTFM → UAAA,6.8063
LTFM,UTTT,2022-03,125,19,-2.05,scheduled_duration_3h_or_more,LTFM → UTTT,15.2
LTFM,UTTT,2022-06,150,25,3.5583,scheduled_duration_3h_or_more,LTFM → UTTT,16.6667
LTFM,UTTT,2022-09,150,37,6.2667,scheduled_duration_3h_or_more,LTFM → UTTT,24.6667
LTFM,UTTT,2022-12,149,24,2.9,scheduled_duration_3h_or_more,LTFM → UTTT,16.1074
LTFM,UUWW,2022-03,159,13,-3.4167,scheduled_duration_3h_or_more,LTFM → UUWW,8.1761
LTFM,UUWW,2022-06,167,45,6.2667,scheduled_duration_3h_or_more,LTFM → UUWW,26.9461
LTFM,UUWW,2022-09,173,40,6.0,scheduled_duration_3h_or_more,LTFM → UUWW,23.1214
LTFM,UUWW,2022-12,199,45,6.0833,scheduled_duration_3h_or_more,LTFM → UUWW,22.6131
MMMX,LEMD,2022-03,126,87,23.4583,scheduled_duration_3h_or_more,MMMX → LEMD,69.0476
MMMX,LEMD,2022-06,142,95,25.2083,scheduled_duration_3h_or_more,MMMX → LEMD,66.9014
MMMX,LEMD,2022-09,143,70,14.7,scheduled_duration_3h_or_more,MMMX → LEMD,48.951
MMMX,LEMD,2022-12,156,65,12.8,scheduled_duration_3h_or_more,MMMX → LEMD,41.6667
OIIE,LTFM,2022-03,440,79,-0.0583,scheduled_duration_3h_or_more,OIIE → LTFM,17.9545
OIIE,LTFM,2022-06,370,33,-3.6667,scheduled_duration_3h_or_more,OIIE → LTFM,8.9189
OIIE,LTFM,2022-09,417,30,-3.1167,scheduled_duration_3h_or_more,OIIE → LTFM,7.1942
OIIE,LTFM,2022-12,388,32,-6.775,scheduled_duration_3h_or_more,OIIE → LTFM,8.2474
OKBK,LTFJ,2022-03,118,14,-0.6,scheduled_duration_3h_or_more,OKBK → LTFJ,11.8644
OKBK,LTFJ,2022-06,149,31,2.7167,scheduled_duration_3h_or_more,OKBK → LTFJ,20.8054
OKBK,LTFJ,2022-09,179,25,-3.75,scheduled_duration_3h_or_more,OKBK → LTFJ,13.9665
OKBK,LTFJ,2022-12,93,13,0.0667,scheduled_duration_3h_or_more,OKBK → LTFJ,13.9785
OKBK,LTFM,2022-03,156,24,0.775,scheduled_duration_3h_or_more,OKBK → LTFM,15.3846
OKBK,LTFM,2022-06,196,20,-0.475,scheduled_duration_3h_or_more,OKBK → LTFM,10.2041
OKBK,LTFM,2022-09,227,37,-2.55,scheduled_duration_3h_or_more,OKBK → LTFM,16.2996
OKBK,LTFM,2022-12,175,33,1.75,scheduled_duration_3h_or_more,OKBK → LTFM,18.8571
OMDB,EGLL,2022-03,257,234,31.0167,scheduled_duration_3h_or_more,OMDB → EGLL,91.0506
OMDB,EGLL,2022-06,213,191,24.8167,scheduled_duration_3h_or_more,OMDB → EGLL,89.6714
OMDB,EGLL,2022-09,239,205,26.2833,scheduled_duration_3h_or_more,OMDB → EGLL,85.7741
OMDB,EGLL,2022-12,282,254,30.4333,scheduled_duration_3h_or_more,OMDB → EGLL,90.0709
OMDB,LFPG,2022-03,200,147,21.7833,scheduled_duration_3h_or_more,OMDB → LFPG,73.5
OMDB,LFPG,2022-06,149,96,19.65,scheduled_duration_3h_or_more,OMDB → LFPG,64.4295
OMDB,LFPG,2022-09,212,153,20.5583,scheduled_duration_3h_or_more,OMDB → LFPG,72.1698
OMDB,LFPG,2022-12,180,134,23.8083,scheduled_duration_3h_or_more,OMDB → LFPG,74.4444
OMDB,LLBG,2022-03,172,115,19.3917,scheduled_duration_3h_or_more,OMDB → LLBG,66.8605
OMDB,LLBG,2022-06,122,37,8.6833,scheduled_duration_3h_or_more,OMDB → LLBG,30.3279
OMDB,LLBG,2022-09,146,63,12.1583,scheduled_duration_3h_or_more,OMDB → LLBG,43.1507
OMDB,LLBG,2022-12,278,162,16.4667,scheduled_duration_3h_or_more,OMDB → LLBG,58.2734
OMDB,LTFM,2022-03,195,104,16.4667,scheduled_duration_3h_or_more,OMDB → LTFM,53.3333
OMDB,LTFM,2022-06,182,84,13.0167,scheduled_duration_3h_or_more,OMDB → LTFM,46.1538
OMDB,LTFM,2022-09,195,72,9.2167,scheduled_duration_3h_or_more,OMDB → LTFM,36.9231
OMDB,LTFM,2022-12,250,106,12.5,scheduled_duration_3h_or_more,OMDB → LTFM,42.4
OMDB,UUWW,2022-03,124,89,20.95,scheduled_duration_3h_or_more,OMDB → UUWW,71.7742
OMDB,UUWW,2022-06,98,58,17.3667,scheduled_duration_3h_or_more,OMDB → UUWW,59.1837
OMDB,UUWW,2022-09,166,95,16.7333,scheduled_duration_3h_or_more,OMDB → UUWW,57.2289
OMDB,UUWW,2022-12,189,98,15.4833,scheduled_duration_3h_or_more,OMDB → UUWW,51.8519
OTHH,EGLL,2022-03,163,152,30.5333,scheduled_duration_3h_or_more,OTHH → EGLL,93.2515
OTHH,EGLL,2022-06,175,162,33.55,scheduled_duration_3h_or_more,OTHH → EGLL,92.5714
OTHH,EGLL,2022-09,216,166,24.8167,scheduled_duration_3h_or_more,OTHH → EGLL,76.8519
OTHH,EGLL,2022-12,213,157,23.8,scheduled_duration_3h_or_more,OTHH → EGLL,73.7089
OTHH,LTFM,2022-03,122,49,11.4,scheduled_duration_3h_or_more,OTHH → LTFM,40.1639
OTHH,LTFM,2022-06,137,44,8.3,scheduled_duration_3h_or_more,OTHH → LTFM,32.1168
OTHH,LTFM,2022-09,131,32,4.3667,scheduled_duration_3h_or_more,OTHH → LTFM,24.4275
OTHH,LTFM,2022-12,218,38,2.1833,scheduled_duration_3h_or_more,OTHH → LTFM,17.4312
RKSI,EDDF,2022-03,176,59,3.8167,scheduled_duration_3h_or_more,RKSI → EDDF,33.5227
RKSI,EDDF,2022-06,174,68,10.8417,scheduled_duration_3h_or_more,RKSI → EDDF,39.0805
RKSI,EDDF,2022-09,199,72,8.5,scheduled_duration_3h_or_more,RKSI → EDDF,36.1809
RKSI,EDDF,2022-12,179,101,17.6333,scheduled_duration_3h_or_more,RKSI → EDDF,56.4246
SKBO,LEMD,2022-03,155,85,17.0667,scheduled_duration_3h_or_more,SKBO → LEMD,54.8387
SKBO,LEMD,2022-06,179,97,16.0333,scheduled_duration_3h_or_more,SKBO → LEMD,54.1899
SKBO,LEMD,2022-09,180,94,15.9833,scheduled_duration_3h_or_more,SKBO → LEMD,52.2222
SKBO,LEMD,2022-12,192,87,12.6667,scheduled_duration_3h_or_more,SKBO → LEMD,45.3125
UAAA,LTFM,2022-03,118,39,9.1333,scheduled_duration_3h_or_more,UAAA → LTFM,33.0508
UAAA,LTFM,2022-06,130,52,10.45,scheduled_duration_3h_or_more,UAAA → LTFM,40.0
UAAA,LTFM,2022-09,128,38,6.4583,scheduled_duration_3h_or_more,UAAA → LTFM,29.6875
UAAA,LTFM,2022-12,174,76,12.9,scheduled_duration_3h_or_more,UAAA → LTFM,43.6782
UDYZ,UUWW,2022-03,65,16,2.0833,scheduled_duration_3h_or_more,UDYZ → UUWW,24.6154
UDYZ,UUWW,2022-06,274,106,10.4333,scheduled_duration_3h_or_more,UDYZ → UUWW,38.6861
UDYZ,UUWW,2022-09,262,95,9.1333,scheduled_duration_3h_or_more,UDYZ → UUWW,36.2595
UDYZ,UUWW,2022-12,230,63,2.7917,scheduled_duration_3h_or_more,UDYZ → UUWW,27.3913
UTTT,LTFM,2022-03,121,20,5.7,scheduled_duration_3h_or_more,UTTT → LTFM,16.5289
UTTT,LTFM,2022-06,145,30,8.1833,scheduled_duration_3h_or_more,UTTT → LTFM,20.6897
UTTT,LTFM,2022-09,146,39,7.8833,scheduled_duration_3h_or_more,UTTT → LTFM,26.7123
UTTT,LTFM,2022-12,150,21,5.5,scheduled_duration_3h_or_more,UTTT → LTFM,14.0
UUDD,LTAI,2022-03,13,6,7.7167,scheduled_duration_3h_or_more,UUDD → LTAI,46.1538
UUDD,LTAI,2022-06,259,60,2.5667,scheduled_duration_3h_or_more,UUDD → LTAI,23.166
UUDD,LTAI,2022-09,262,124,14.2,scheduled_duration_3h_or_more,UUDD → LTAI,47.3282
UUDD,LTAI,2022-12,94,39,9.6,scheduled_duration_3h_or_more,UUDD → LTAI,41.4894
UUWW,LTAI,2022-03,7,3,12.55,scheduled_duration_3h_or_more,UUWW → LTAI,42.8571
UUWW,LTAI,2022-06,418,177,12.55,scheduled_duration_3h_or_more,UUWW → LTAI,42.3445
UUWW,LTAI,2022-09,420,357,29.4667,scheduled_duration_3h_or_more,UUWW → LTAI,85.0
UUWW,LTAI,2022-12,123,98,28.9,scheduled_duration_3h_or_more,UUWW → LTAI,79.6748
UUWW,LTFM,2022-03,157,48,5.3333,scheduled_duration_3h_or_more,UUWW → LTFM,30.5732
UUWW,LTFM,2022-06,165,51,7.7667,scheduled_duration_3h_or_more,UUWW → LTFM,30.9091
UUWW,LTFM,2022-09,173,67,10.2,scheduled_duration_3h_or_more,UUWW → LTFM,38.7283
UUWW,LTFM,2022-12,198,102,16.0,scheduled_duration_3h_or_more,UUWW → LTFM,51.5152
UUWW,OMDB,2022-03,126,107,31.2417,scheduled_duration_3h_or_more,UUWW → OMDB,84.9206
UUWW,OMDB,2022-06,98,90,35.1083,scheduled_duration_3h_or_more,UUWW → OMDB,91.8367
UUWW,OMDB,2022-09,166,137,31.6083,scheduled_duration_3h_or_more,UUWW → OMDB,82.5301
UUWW,OMDB,2022-12,192,167,40.025,scheduled_duration_3h_or_more,UUWW → OMDB,86.9792
UUWW,UDYZ,2022-03,64,30,13.0917,scheduled_duration_3h_or_more,UUWW → UDYZ,46.875
UUWW,UDYZ,2022-06,275,173,18.8,scheduled_duration_3h_or_more,UUWW → UDYZ,62.9091
UUWW,UDYZ,2022-09,261,140,16.4833,scheduled_duration_3h_or_more,UUWW → UDYZ,53.6398
UUWW,UDYZ,2022-12,227,108,14.0167,scheduled_duration_3h_or_more,UUWW → UDYZ,47.5771
VIDP,EGLL,2022-03,78,48,18.75,scheduled_duration_3h_or_more,VIDP → EGLL,61.5385
VIDP,EGLL,2022-06,165,128,25.1667,scheduled_duration_3h_or_more,VIDP → EGLL,77.5758
VIDP,EGLL,2022-09,196,134,21.2667,scheduled_duration_3h_or_more,VIDP → EGLL,68.3673
VIDP,EGLL,2022-12,214,175,27.4833,scheduled_duration_3h_or_more,VIDP → EGLL,81.7757
WSSS,EGLL,2022-03,111,70,18.6,scheduled_duration_3h_or_more,WSSS → EGLL,63.0631
WSSS,EGLL,2022-06,163,135,26.0667,scheduled_duration_3h_or_more,WSSS → EGLL,82.8221
WSSS,EGLL,2022-09,179,153,26.25,scheduled_duration_3h_or_more,WSSS → EGLL,85.4749
WSSS,EGLL,2022-12,214,180,28.3333,scheduled_duration_3h_or_more,WSSS → EGLL,84.1121
