ADEP,ADES,operator_code,flight_count,delayed_over_15_count,median_arrival_delay_min,scope_id,route,delay_over_15_pct,operator_name,operator_country
BIKF,EKCH,FPY,102,10,-1.7667,all_flights,BIKF → EKCH,9.8039,FLY PLAY,ICELAND
BIKF,EKCH,GRL,1,0,-22.4333,all_flights,BIKF → EKCH,0.0,AIR GREENLAND A/S,DENMARK
BIKF,EKCH,ICE,321,101,8.2,all_flights,BIKF → EKCH,31.4642,ICELANDAIR,ICELAND
BIKF,EKCH,SAS,82,21,8.4333,all_flights,BIKF → EKCH,25.6098,SCANDINAVIAN AIRLINES SYSTEM,SWEDEN
CYUL,LFPG,ACA,183,181,71.3667,all_flights,CYUL → LFPG,98.9071,AIR CANADA,CANADA
CYUL,LFPG,AFR,286,271,36.9417,all_flights,CYUL → LFPG,94.7552,AIR FRANCE,FRANCE
CYUL,LFPG,TSC,178,111,20.875,all_flights,CYUL → LFPG,62.3596,AIR TRANSAT A.T. INC.,CANADA
CYYZ,EGLL,ACA,319,316,61.3833,all_flights,CYYZ → EGLL,99.0596,AIR CANADA,CANADA
CYYZ,EGLL,BAW,202,197,40.9833,all_flights,CYYZ → EGLL,97.5248,BRITISH AIRWAYS,UNITED KINGDOM
DAAG,LFPG,AFR,287,63,6.9333,all_flights,DAAG → LFPG,21.9512,AIR FRANCE,FRANCE
DAAG,LFPG,DAH,382,119,9.0333,all_flights,DAAG → LFPG,31.1518,AIR ALGERIE,ALGERIA
DAAG,LFPG,DTH,20,10,15.2583,all_flights,DAAG → LFPG,50.0,TASSILI AIRLINES,ALGERIA
DAAG,LFPG,TVF,3,2,16.15,all_flights,DAAG → LFPG,66.6667,TRANSAVIA FRANCE,FRANCE
DAAG,LFPG,ZZZ,183,45,3.3833,all_flights,DAAG → LFPG,24.5902,Unknown / not identified,
DAAG,LFPO,AFR,164,27,2.675,all_flights,DAAG → LFPO,16.4634,AIR FRANCE,FRANCE
DAAG,LFPO,DAH,315,107,10.0167,all_flights,DAAG → LFPO,33.9683,AIR ALGERIE,ALGERIA
DAAG,LFPO,TVF,149,43,9.7667,all_flights,DAAG → LFPO,28.8591,TRANSAVIA FRANCE,FRANCE
DTTA,LFPG,AFR,356,120,10.075,all_flights,DTTA → LFPG,33.7079,AIR FRANCE,FRANCE
DTTA,LFPG,LBT,176,56,11.1833,all_flights,DTTA → LFPG,31.8182,NOUVEL AIR TUNISIE,TUNISIA
DTTA,LFPG,TAR,5,3,22.3167,all_flights,DTTA → LFPG,60.0,TUNIS AIR - SOCIETE TUNISIENNE DE L'AIR,TUNISIA
DTTA,LFPG,ZZZ,78,11,3.8,all_flights,DTTA → LFPG,14.1026,Unknown / not identified,
DTTA,LFPO,AFR,78,17,6.2167,all_flights,DTTA → LFPO,21.7949,AIR FRANCE,FRANCE
DTTA,LFPO,TAR,331,146,13.2,all_flights,DTTA → LFPO,44.1088,TUNIS AIR - SOCIETE TUNISIENNE DE L'AIR,TUNISIA
DTTA,LFPO,TVF,276,72,9.1083,all_flights,DTTA → LFPO,26.087,TRANSAVIA FRANCE,FRANCE
DTTA,LTFM,LBT,143,30,4.9167,all_flights,DTTA → LTFM,20.979,NOUVEL AIR TUNISIE,TUNISIA
DTTA,LTFM,TAR,154,18,4.6917,all_flights,DTTA → LTFM,11.6883,TUNIS AIR - SOCIETE TUNISIENNE DE L'AIR,TUNISIA
DTTA,LTFM,THY,290,27,1.2833,all_flights,DTTA → LTFM,9.3103,TURK HAVA YOLLARI (TURKISH AIRLINES CO.),TURKEY
EBBR,EDDF,BEL,218,3,-10.8083,all_flights,EBBR → EDDF,1.3761,BRUSSELS AIRLINES,BELGIUM
EBBR,EDDF,DLH,462,4,-11.675,all_flights,EBBR → EDDF,0.8658,"DEUTSCHE LUFTHANSA, AG, KOELN",GERMANY
EBBR,EDDF,ZZZ,1,0,-18.75,all_flights,EBBR → EDDF,0.0,Unknown / not identified,
EBBR,EDDM,BEL,162,9,-0.7167,all_flights,EBBR → EDDM,5.5556,BRUSSELS AIRLINES,BELGIUM
EBBR,EDDM,DLH,512,18,-1.6167,all_flights,EBBR → EDDM,3.5156,"DEUTSCHE LUFTHANSA, AG, KOELN",GERMANY
EBBR,EDDP,ABB,2,1,10.6083,all_flights,EBBR → EDDP,50.0,AIR BELGIUM SA,BELGIUM
EBBR,EDDP,BCS,504,9,-6.75,all_flights,EBBR → EDDP,1.7857,"EUROPEAN AIR TRANSPORT, LEIPZIG",GERMANY
EBBR,EDDP,BOX,67,10,0.15,all_flights,EBBR → EDDP,14.9254,"AEROLOGIC GMBH, LEIPZIG",GERMANY
EBBR,EGLL,BAW,321,81,8.8833,all_flights,EBBR → EGLL,25.2336,BRITISH AIRWAYS,UNITED KINGDOM
EBBR,EGLL,BCS,20,2,3.2417,all_flights,EBBR → EGLL,10.0,"EUROPEAN AIR TRANSPORT, LEIPZIG",GERMANY
EBBR,EGLL,BEL,317,51,6.5667,all_flights,EBBR → EGLL,16.0883,BRUSSELS AIRLINES,BELGIUM
EBBR,EGLL,RWD,40,6,8.2333,all_flights,EBBR → EGLL,15.0,RWANDAIR LTD.,RWANDA
EBBR,EGLL,VIR,20,3,1.2417,all_flights,EBBR → EGLL,15.0,VIRGIN ATLANTIC,UNITED KINGDOM
EBBR,EIDW,BCS,78,2,-3.5333,all_flights,EBBR → EIDW,2.5641,"EUROPEAN AIR TRANSPORT, LEIPZIG",GERMANY
EBBR,EIDW,EIN,213,15,1.5667,all_flights,EBBR → EIDW,7.0423,AER LINGUS TEORANTA,IRELAND
EBBR,EIDW,RYR,229,18,0.2667,all_flights,EBBR → EIDW,7.8603,RYANAIR,IRELAND
EBBR,EKCH,BCS,86,0,-9.5417,all_flights,EBBR → EKCH,0.0,"EUROPEAN AIR TRANSPORT, LEIPZIG",GERMANY
EBBR,EKCH,BEL,291,6,-2.7667,all_flights,EBBR → EKCH,2.0619,BRUSSELS AIRLINES,BELGIUM
EBBR,EKCH,SAS,134,3,-3.1333,all_flights,EBBR → EKCH,2.2388,SCANDINAVIAN AIRLINES SYSTEM,SWEDEN
EBBR,EKCH,ZZZ,110,6,-0.675,all_flights,EBBR → EKCH,5.4545,Unknown / not identified,
EBBR,LEBL,BCS,73,2,-7.7833,all_flights,EBBR → LEBL,2.7397,"EUROPEAN AIR TRANSPORT, LEIPZIG",GERMANY
EBBR,LEBL,BEL,208,14,0.3583,all_flights,EBBR → LEBL,6.7308,BRUSSELS AIRLINES,BELGIUM
EBBR,LEBL,RYR,199,24,4.4167,all_flights,EBBR → LEBL,12.0603,RYANAIR,IRELAND
EBBR,LEBL,VLG,289,54,6.25,all_flights,EBBR → LEBL,18.6851,VUELING AIRLINES,SPAIN
EBBR,LEMD,AEA,242,28,1.8417,all_flights,EBBR → LEMD,11.5702,AIR EUROPA,SPAIN
EBBR,LEMD,BCS,73,1,-4.3667,all_flights,EBBR → LEMD,1.3699,"EUROPEAN AIR TRANSPORT, LEIPZIG",GERMANY
EBBR,LEMD,BEL,252,20,0.05,all_flights,EBBR → LEMD,7.9365,BRUSSELS AIRLINES,BELGIUM
EBBR,LEMD,IBE,365,49,3.0333,all_flights,EBBR → LEMD,13.4247,"IBERIA - LINEAS AEREAS DE ESPANA, SOCIEDAD ANONIMA OPERADORA",SPAIN
EBBR,LEMD,RYR,142,22,3.075,all_flights,EBBR → LEMD,15.493,RYANAIR,IRELAND
EBBR,LEMD,ZZZ,3,0,-0.5667,all_flights,EBBR → LEMD,0.0,Unknown / not identified,
EBBR,LIML,BEL,263,25,1.25,all_flights,EBBR → LIML,9.5057,BRUSSELS AIRLINES,BELGIUM
EBBR,LIML,ZZZ,291,24,0.95,all_flights,EBBR → LIML,8.2474,Unknown / not identified,
EBBR,LIRF,BEL,243,11,-8.5667,all_flights,EBBR → LIRF,4.5267,BRUSSELS AIRLINES,BELGIUM
EBBR,LIRF,RYR,214,14,-6.1417,all_flights,EBBR → LIRF,6.5421,RYANAIR,IRELAND
EBBR,LIRF,ZZZ,221,16,-4.0833,all_flights,EBBR → LIRF,7.2398,Unknown / not identified,
EBBR,LOWW,AUA,356,65,5.7417,all_flights,EBBR → LOWW,18.2584,AUSTRIAN AIRLINES (AUA) AG,AUSTRIA
EBBR,LOWW,BEL,264,33,3.6833,all_flights,EBBR → LOWW,12.5,BRUSSELS AIRLINES,BELGIUM
EBBR,LOWW,ETH,73,24,12.25,all_flights,EBBR → LOWW,32.8767,ETHIOPIAN AIRLINES CORPORATION,ETHIOPIA
EBBR,LPPT,BEL,171,39,5.2,all_flights,EBBR → LPPT,22.807,BRUSSELS AIRLINES,BELGIUM
EBBR,LPPT,RYR,106,21,4.8833,all_flights,EBBR → LPPT,19.8113,RYANAIR,IRELAND
EBBR,LPPT,TAP,382,116,9.9083,all_flights,EBBR → LPPT,30.3665,"TRANSPORTES AEREOS PORTUGUESES, E.P.",PORTUGAL
EBBR,LSGG,BEL,343,10,-8.7833,all_flights,EBBR → LSGG,2.9155,BRUSSELS AIRLINES,BELGIUM
EBBR,LSGG,EZS,273,10,-10.7333,all_flights,EBBR → LSGG,3.663,EASY JET SWITZERLAND SA,SWITZERLAND
EBBR,LSGG,SWR,59,3,-10.2667,all_flights,EBBR → LSGG,5.0847,SWISS INTERNATIONAL AIR LINES LTD,SWITZERLAND
EBBR,LSGG,ZZZ,8,0,-7.5667,all_flights,EBBR → LSGG,0.0,Unknown / not identified,
EDDB,EDDF,CFG,1,0,5.3833,all_flights,EDDB → EDDF,0.0,"CONDOR FLUGDIENST GMBH, FRANKFURT (MAIN)",GERMANY
EDDB,EDDF,DLH,1281,90,-5.3167,all_flights,EDDB → EDDF,7.0258,"DEUTSCHE LUFTHANSA, AG, KOELN",GERMANY
EDDB,EDDF,ELY,1,0,-10.6333,all_flights,EDDB → EDDF,0.0,EL AL - ISRAEL AIRLINES LTD.,ISRAEL
EDDB,EDDF,LZB,5,0,-1.3333,all_flights,EDDB → EDDF,0.0,BULGARIA AIR,BULGARIA
EDDB,EDDF,MEA,1,0,-4.3667,all_flights,EDDB → EDDF,0.0,MIDDLE EAST AIRLINES - AIRLIBAN,LEBANON
EDDB,EDDK,EWG,36,5,3.25,all_flights,EDDB → EDDK,13.8889,EUROWINGS GMBH,GERMANY
EDDB,EDDK,GWI,398,83,6.6333,all_flights,EDDB → EDDK,20.8543,"GERMANWINGS GMBH, KOELN",GERMANY
EDDB,EDDK,SRR,69,31,13.7833,all_flights,EDDB → EDDK,44.9275,MAERSK AIR CARGO A/S,DENMARK
EDDB,EDDK,ZZZ,83,8,5.8667,all_flights,EDDB → EDDK,9.6386,Unknown / not identified,
EDDB,EDDM,DLH,985,45,-5.2833,all_flights,EDDB → EDDM,4.5685,"DEUTSCHE LUFTHANSA, AG, KOELN",GERMANY
EDDB,EDDM,SDR,1,0,6.0833,all_flights,EDDB → EDDM,0.0,SUNDAIR GMBH,GERMANY
EDDB,EDDS,CFG,13,6,14.45,all_flights,EDDB → EDDS,46.1538,"CONDOR FLUGDIENST GMBH, FRANKFURT (MAIN)",GERMANY
EDDB,EDDS,EWG,137,9,-1.1167,all_flights,EDDB → EDDS,6.5693,EUROWINGS GMBH,GERMANY
EDDB,EDDS,GWI,383,61,2.3,all_flights,EDDB → EDDS,15.9269,"GERMANWINGS GMBH, KOELN",GERMANY
EDDB,EDDS,SDR,1,0,-0.7333,all_flights,EDDB → EDDS,0.0,SUNDAIR GMBH,GERMANY
EDDB,EHAM,KLM,619,171,9.9833,all_flights,EDDB → EHAM,27.6252,KLM ROYAL DUTCH AIRLINES,NETHERLANDS
EDDB,EHAM,ZZZ,302,93,10.1333,all_flights,EDDB → EHAM,30.7947,Unknown / not identified,
EDDB,LEPA,EWG,187,52,7.1333,all_flights,EDDB → LEPA,27.8075,EUROWINGS GMBH,GERMANY
EDDB,LEPA,RYR,308,86,8.1333,all_flights,EDDB → LEPA,27.9221,RYANAIR,IRELAND
EDDB,LEPA,SDR,1,1,15.8,all_flights,EDDB → LEPA,100.0,SUNDAIR GMBH,GERMANY
EDDB,LEPA,ZZZ,269,66,6.65,all_flights,EDDB → LEPA,24.5353,Unknown / not identified,
EDDB,LFPG,AFR,632,200,10.5333,all_flights,EDDB → LFPG,31.6456,AIR FRANCE,FRANCE
EDDB,LFPG,FDX,66,8,5.85,all_flights,EDDB → LFPG,12.1212,FEDERAL EXPRESS CORPORATION,UNITED STATES
EDDB,LFPG,TVF,1,1,15.2167,all_flights,EDDB → LFPG,100.0,TRANSAVIA FRANCE,FRANCE
EDDB,LFPG,ZZZ,230,75,10.8583,all_flights,EDDB → LFPG,32.6087,Unknown / not identified,
EDDB,LOWW,AUA,669,177,8.7833,all_flights,EDDB → LOWW,26.4574,AUSTRIAN AIRLINES (AUA) AG,AUSTRIA
EDDB,LOWW,WZZ,1,0,-29.5667,all_flights,EDDB → LOWW,0.0,WIZZ AIR HUNGARY LTD,HUNGARY
EDDB,LOWW,ZZZ,14,3,6.6167,all_flights,EDDB → LOWW,21.4286,Unknown / not identified,
EDDB,LSZH,SWR,728,75,1.125,all_flights,EDDB → LSZH,10.3022,SWISS INTERNATIONAL AIR LINES LTD,SWITZERLAND
EDDB,LSZH,ZZZ,83,15,2.5667,all_flights,EDDB → LSZH,18.0723,Unknown / not identified,
EDDF,EBBR,BEL,216,38,6.5167,all_flights,EDDF → EBBR,17.5926,BRUSSELS AIRLINES,BELGIUM
EDDF,EBBR,BOX,1,0,-6.3333,all_flights,EDDF → EBBR,0.0,"AEROLOGIC GMBH, LEIPZIG",GERMANY
EDDF,EBBR,DLH,465,47,2.1667,all_flights,EDDF → EBBR,10.1075,"DEUTSCHE LUFTHANSA, AG, KOELN",GERMANY
EDDF,EBBR,ZZZ,1,1,33.6667,all_flights,EDDF → EBBR,100.0,Unknown / not identified,
EDDF,EDDB,CFG,1,1,21.4333,all_flights,EDDF → EDDB,100.0,"CONDOR FLUGDIENST GMBH, FRANKFURT (MAIN)",GERMANY
EDDF,EDDB,DLH,1285,165,3.6167,all_flights,EDDF → EDDB,12.8405,"DEUTSCHE LUFTHANSA, AG, KOELN",GERMANY
EDDF,EDDB,LZB,4,0,0.1333,all_flights,EDDF → EDDB,0.0,BULGARIA AIR,BULGARIA
EDDF,EDDH,BAW,1,0,-5.5833,all_flights,EDDF → EDDH,0.0,BRITISH AIRWAYS,UNITED KINGDOM
EDDF,EDDH,CFG,2,0,-7.2833,all_flights,EDDF → EDDH,0.0,"CONDOR FLUGDIENST GMBH, FRANKFURT (MAIN)",GERMANY
EDDF,EDDH,DLH,1142,69,-3.6083,all_flights,EDDF → EDDH,6.042,"DEUTSCHE LUFTHANSA, AG, KOELN",GERMANY
EDDF,EDDM,BAW,2,2,38.975,all_flights,EDDF → EDDM,100.0,BRITISH AIRWAYS,UNITED KINGDOM
EDDF,EDDM,CFG,3,0,2.6333,all_flights,EDDF → EDDM,0.0,"CONDOR FLUGDIENST GMBH, FRANKFURT (MAIN)",GERMANY
EDDF,EDDM,DLA,2,2,55.9167,all_flights,EDDF → EDDM,100.0,AIR DOLOMITI,ITALY
EDDF,EDDM,DLH,1173,120,1.9,all_flights,EDDF → EDDM,10.2302,"DEUTSCHE LUFTHANSA, AG, KOELN",GERMANY
EDDF,EDDM,OCN,1,1,81.2,all_flights,EDDF → EDDM,100.0,EW DISCOVER GMBH,GERMANY
EDDF,EDDM,OMA,1,1,29.7,all_flights,EDDF → EDDM,100.0,OMAN AIR,OMAN
EDDF,EDDM,QTR,1,0,7.4167,all_flights,EDDF → EDDM,0.0,QATAR AIRWAYS GROUP Q.C.S.C.,QATAR
EDDF,EDDM,SVA,1,0,5.4167,all_flights,EDDF → EDDM,0.0,SAUDI ARABIAN AIRLINES,SAUDI ARABIA
EDDF,EDDM,UAL,1,1,27.7333,all_flights,EDDF → EDDM,100.0,"UNITED AIRLINES, INC. (CHICAGO, IL)",UNITED STATES
EDDF,EDDM,ZZZ,5,0,-2.2333,all_flights,EDDF → EDDM,0.0,Unknown / not identified,
EDDF,EDDP,BCS,164,12,-2.425,all_flights,EDDF → EDDP,7.3171,"EUROPEAN AIR TRANSPORT, LEIPZIG",GERMANY
EDDF,EDDP,BOX,65,7,-3.4667,all_flights,EDDF → EDDP,10.7692,"AEROLOGIC GMBH, LEIPZIG",GERMANY
EDDF,EDDP,CFG,2,1,17.4833,all_flights,EDDF → EDDP,50.0,"CONDOR FLUGDIENST GMBH, FRANKFURT (MAIN)",GERMANY
EDDF,EDDP,DLH,368,12,-5.5917,all_flights,EDDF → EDDP,3.2609,"DEUTSCHE LUFTHANSA, AG, KOELN",GERMANY
EDDF,EFHK,DLH,299,60,5.3667,all_flights,EDDF → EFHK,20.0669,"DEUTSCHE LUFTHANSA, AG, KOELN",GERMANY
EDDF,EFHK,FIN,225,41,5.4667,all_flights,EDDF → EFHK,18.2222,FINNAIR OYJ,FINLAND
EDDF,EGLC,CFE,310,63,6.2583,all_flights,EDDF → EGLC,20.3226,BA CITYFLYER LTD,UNITED KINGDOM
EDDF,EGLC,DLH,242,24,2.425,all_flights,EDDF → EGLC,9.9174,"DEUTSCHE LUFTHANSA, AG, KOELN",GERMANY
EDDF,EGLL,BAW,421,193,14.1333,all_flights,EDDF → EGLL,45.8432,BRITISH AIRWAYS,UNITED KINGDOM
EDDF,EGLL,BCS,32,4,2.7333,all_flights,EDDF → EGLL,12.5,"EUROPEAN AIR TRANSPORT, LEIPZIG",GERMANY
EDDF,EGLL,DLH,1014,423,12.4917,all_flights,EDDF → EGLL,41.716,"DEUTSCHE LUFTHANSA, AG, KOELN",GERMANY
EDDF,EGLL,GEC,4,4,52.7583,all_flights,EDDF → EGLL,100.0,"LUFTHANSA CARGO AG, FRANKFURT (MAIN)",GERMANY
EDDF,EGLL,GFA,1,1,28.45,all_flights,EDDF → EGLL,100.0,GULF AIR,BAHRAIN
EDDF,EGLL,KAL,8,2,7.2917,all_flights,EDDF → EGLL,25.0,"KOREAN AIR LINES CO., LTD.",REPUBLIC OF KOREA
EDDF,EGLL,VIR,1,0,6.25,all_flights,EDDF → EGLL,0.0,VIRGIN ATLANTIC,UNITED KINGDOM
EDDF,EHAM,CPA,8,2,11.2917,all_flights,EDDF → EHAM,25.0,CATHAY PACIFIC AIRWAYS LTD.,CHINA
EDDF,EHAM,DLH,457,67,4.05,all_flights,EDDF → EHAM,14.6608,"DEUTSCHE LUFTHANSA, AG, KOELN",GERMANY
EDDF,EHAM,KAL,7,1,3.25,all_flights,EDDF → EHAM,14.2857,"KOREAN AIR LINES CO., LTD.",REPUBLIC OF KOREA
EDDF,EHAM,KLM,530,102,5.1333,all_flights,EDDF → EHAM,19.2453,KLM ROYAL DUTCH AIRLINES,NETHERLANDS
EDDF,EHAM,SAS,1,0,-5.15,all_flights,EDDF → EHAM,0.0,SCANDINAVIAN AIRLINES SYSTEM,SWEDEN
EDDF,EHAM,ZZZ,1,0,-2.2,all_flights,EDDF → EHAM,0.0,Unknown / not identified,
EDDF,EIDW,DLH,422,78,6.0833,all_flights,EDDF → EIDW,18.4834,"DEUTSCHE LUFTHANSA, AG, KOELN",GERMANY
EDDF,EIDW,EIN,198,53,7.4167,all_flights,EDDF → EIDW,26.7677,AER LINGUS TEORANTA,IRELAND
EDDF,EIDW,GEC,15,2,4.5833,all_flights,EDDF → EIDW,13.3333,"LUFTHANSA CARGO AG, FRANKFURT (MAIN)",GERMANY
EDDF,EIDW,RYR,42,2,0.0667,all_flights,EDDF → EIDW,4.7619,RYANAIR,IRELAND
EDDF,EIDW,TMT,1,0,-2.0333,all_flights,EDDF → EIDW,0.0,TITAN AIRWAYS MALTA,MALTA
EDDF,EKCH,DLH,488,81,5.4917,all_flights,EDDF → EKCH,16.5984,"DEUTSCHE LUFTHANSA, AG, KOELN",GERMANY
EDDF,EKCH,SAS,110,6,1.8167,all_flights,EDDF → EKCH,5.4545,SCANDINAVIAN AIRLINES SYSTEM,SWEDEN
EDDF,ENGM,DLH,504,68,4.1,all_flights,EDDF → ENGM,13.4921,"DEUTSCHE LUFTHANSA, AG, KOELN",GERMANY
EDDF,ENGM,SAS,4,1,3.975,all_flights,EDDF → ENGM,25.0,SCANDINAVIAN AIRLINES SYSTEM,SWEDEN
EDDF,EPWA,DLH,358,26,-0.3667,all_flights,EDDF → EPWA,7.2626,"DEUTSCHE LUFTHANSA, AG, KOELN",GERMANY
EDDF,EPWA,HVN,1,0,-0.2167,all_flights,EDDF → EPWA,0.0,HANG KHONG VIET NAM,VIET NAM
EDDF,EPWA,LOT,292,21,-1.4333,all_flights,EDDF → EPWA,7.1918,LOT - POLSKIE LINIE LOTNICZE,POLAND
EDDF,ESSA,DLH,486,97,6.5333,all_flights,EDDF → ESSA,19.9588,"DEUTSCHE LUFTHANSA, AG, KOELN",GERMANY
EDDF,ESSA,SAS,80,11,4.5083,all_flights,EDDF → ESSA,13.75,SCANDINAVIAN AIRLINES SYSTEM,SWEDEN
EDDF,KJFK,BCS,5,2,13.6667,all_flights,EDDF → KJFK,40.0,"EUROPEAN AIR TRANSPORT, LEIPZIG",GERMANY
EDDF,KJFK,BOX,56,10,3.7333,all_flights,EDDF → KJFK,17.8571,"AEROLOGIC GMBH, LEIPZIG",GERMANY
EDDF,KJFK,CFG,61,36,18.6,all_flights,EDDF → KJFK,59.0164,"CONDOR FLUGDIENST GMBH, FRANKFURT (MAIN)",GERMANY
EDDF,KJFK,DAL,104,53,15.625,all_flights,EDDF → KJFK,50.9615,"DELTA AIR LINES, INC.",UNITED STATES
EDDF,KJFK,DLH,168,82,14.4833,all_flights,EDDF → KJFK,48.8095,"DEUTSCHE LUFTHANSA, AG, KOELN",GERMANY
EDDF,KJFK,GEC,54,14,7.4417,all_flights,EDDF → KJFK,25.9259,"LUFTHANSA CARGO AG, FRANKFURT (MAIN)",GERMANY
EDDF,KJFK,SIA,122,35,8.35,all_flights,EDDF → KJFK,28.6885,SINGAPORE AIRLINES LIMITED,SINGAPORE
EDDF,KORD,ABD,10,1,6.7333,all_flights,EDDF → KORD,10.0,AIR ATLANTA ICELANDIC,ICELAND
EDDF,KORD,BOX,90,15,3.4833,all_flights,EDDF → KORD,16.6667,"AEROLOGIC GMBH, LEIPZIG",GERMANY
EDDF,KORD,DLH,187,95,15.2333,all_flights,EDDF → KORD,50.8021,"DEUTSCHE LUFTHANSA, AG, KOELN",GERMANY
EDDF,KORD,ETD,28,1,1.5583,all_flights,EDDF → KORD,3.5714,ETIHAD AIRWAYS,UNITED ARAB EMIRATES
EDDF,KORD,GEC,60,9,3.9583,all_flights,EDDF → KORD,15.0,"LUFTHANSA CARGO AG, FRANKFURT (MAIN)",GERMANY
EDDF,KORD,GTI,32,13,12.1083,all_flights,EDDF → KORD,40.625,"ATLAS AIR, INC. (JAMAICA, NY)",UNITED STATES
EDDF,KORD,UAL,206,65,8.15,all_flights,EDDF → KORD,31.5534,"UNITED AIRLINES, INC. (CHICAGO, IL)",UNITED STATES
EDDF,LDZA,CTN,343,71,6.6333,all_flights,EDDF → LDZA,20.6997,CROATIA AIRLINES,CROATIA
EDDF,LDZA,DLH,177,25,5.3667,all_flights,EDDF → LDZA,14.1243,"DEUTSCHE LUFTHANSA, AG, KOELN",GERMANY
EDDF,LEBL,DLH,760,137,6.2167,all_flights,EDDF → LEBL,18.0263,"DEUTSCHE LUFTHANSA, AG, KOELN",GERMANY
EDDF,LEBL,GBG,1,0,12.0167,all_flights,EDDF → LEBL,0.0,GULLIVAIR,BULGARIA
EDDF,LEBL,RYR,16,1,0.0,all_flights,EDDF → LEBL,6.25,RYANAIR,IRELAND
EDDF,LEMD,AEA,243,31,4.3,all_flights,EDDF → LEMD,12.7572,AIR EUROPA,SPAIN
EDDF,LEMD,ANE,332,74,6.2667,all_flights,EDDF → LEMD,22.2892,"AIR NOSTRUM LINEAS AEREAS DEL MEDITERRANEO, S.A.",SPAIN
EDDF,LEMD,BCS,42,3,2.8833,all_flights,EDDF → LEMD,7.1429,"EUROPEAN AIR TRANSPORT, LEIPZIG",GERMANY
EDDF,LEMD,CFG,1,0,13.3167,all_flights,EDDF → LEMD,0.0,"CONDOR FLUGDIENST GMBH, FRANKFURT (MAIN)",GERMANY
EDDF,LEMD,DLH,392,111,8.8417,all_flights,EDDF → LEMD,28.3163,"DEUTSCHE LUFTHANSA, AG, KOELN",GERMANY
EDDF,LEMD,GEC,6,2,13.5833,all_flights,EDDF → LEMD,33.3333,"LUFTHANSA CARGO AG, FRANKFURT (MAIN)",GERMANY
EDDF,LEMD,IBE,4,0,10.7917,all_flights,EDDF → LEMD,0.0,"IBERIA - LINEAS AEREAS DE ESPANA, SOCIEDAD ANONIMA OPERADORA",SPAIN
EDDF,LEMD,LCO,14,1,8.0333,all_flights,EDDF → LEMD,7.1429,LAN CARGO S.A.,CHILE
EDDF,LEPA,AEA,1,1,20.9,all_flights,EDDF → LEPA,100.0,AIR EUROPA,SPAIN
EDDF,LEPA,CFG,310,95,9.9333,all_flights,EDDF → LEPA,30.6452,"CONDOR FLUGDIENST GMBH, FRANKFURT (MAIN)",GERMANY
EDDF,LEPA,DLH,310,65,5.35,all_flights,EDDF → LEPA,20.9677,"DEUTSCHE LUFTHANSA, AG, KOELN",GERMANY
EDDF,LEPA,OCN,49,11,8.0,all_flights,EDDF → LEPA,22.449,EW DISCOVER GMBH,GERMANY
EDDF,LEPA,RYR,26,3,-2.1583,all_flights,EDDF → LEPA,11.5385,RYANAIR,IRELAND
EDDF,LEPA,ZZZ,89,10,5.0333,all_flights,EDDF → LEPA,11.236,Unknown / not identified,
EDDF,LFPG,AFR,530,220,13.275,all_flights,EDDF → LFPG,41.5094,AIR FRANCE,FRANCE
EDDF,LFPG,ALK,2,0,-4.4833,all_flights,EDDF → LFPG,0.0,SRILANKAN AIRLINES,SRI LANKA
EDDF,LFPG,DLH,603,99,4.15,all_flights,EDDF → LFPG,16.4179,"DEUTSCHE LUFTHANSA, AG, KOELN",GERMANY
EDDF,LFPG,ETH,2,0,1.0333,all_flights,EDDF → LFPG,0.0,ETHIOPIAN AIRLINES CORPORATION,ETHIOPIA
EDDF,LFPG,FDX,62,11,8.5083,all_flights,EDDF → LFPG,17.7419,FEDERAL EXPRESS CORPORATION,UNITED STATES
EDDF,LFPG,GFA,26,0,-0.625,all_flights,EDDF → LFPG,0.0,GULF AIR,BAHRAIN
EDDF,LFPG,SDR,1,0,3.1833,all_flights,EDDF → LFPG,0.0,SUNDAIR GMBH,GERMANY
EDDF,LFPG,UAE,1,1,30.1333,all_flights,EDDF → LFPG,100.0,EMIRATES,UNITED ARAB EMIRATES
EDDF,LIMC,BCS,1,0,-6.5833,all_flights,EDDF → LIMC,0.0,"EUROPEAN AIR TRANSPORT, LEIPZIG",GERMANY
EDDF,LIMC,CPA,24,2,-2.175,all_flights,EDDF → LIMC,8.3333,CATHAY PACIFIC AIRWAYS LTD.,CHINA
EDDF,LIMC,DLA,20,4,-6.0333,all_flights,EDDF → LIMC,20.0,AIR DOLOMITI,ITALY
EDDF,LIMC,DLH,503,29,-5.8833,all_flights,EDDF → LIMC,5.7654,"DEUTSCHE LUFTHANSA, AG, KOELN",GERMANY
EDDF,LIMC,IRA,2,0,12.925,all_flights,EDDF → LIMC,0.0,IRAN NATIONAL AIRLINES CORP. (IRAN AIR),IRAN (ISLAMIC REPUBLIC OF)
EDDF,LIMC,KAL,21,1,-2.55,all_flights,EDDF → LIMC,4.7619,"KOREAN AIR LINES CO., LTD.",REPUBLIC OF KOREA
EDDF,LIMC,ZZZ,18,2,-0.7417,all_flights,EDDF → LIMC,11.1111,Unknown / not identified,
EDDF,LIML,DLA,29,7,7.6,all_flights,EDDF → LIML,24.1379,AIR DOLOMITI,ITALY
EDDF,LIML,DLH,547,106,6.65,all_flights,EDDF → LIML,19.3784,"DEUTSCHE LUFTHANSA, AG, KOELN",GERMANY
EDDF,LIML,ZZZ,201,38,5.7833,all_flights,EDDF → LIML,18.9055,Unknown / not identified,
EDDF,LIRF,CFG,4,0,2.3333,all_flights,EDDF → LIRF,0.0,"CONDOR FLUGDIENST GMBH, FRANKFURT (MAIN)",GERMANY
EDDF,LIRF,DLH,533,52,-1.1667,all_flights,EDDF → LIRF,9.7561,"DEUTSCHE LUFTHANSA, AG, KOELN",GERMANY
EDDF,LIRF,ZZZ,19,2,-5.25,all_flights,EDDF → LIRF,10.5263,Unknown / not identified,
EDDF,LOWW,AUA,563,118,7.5167,all_flights,EDDF → LOWW,20.9591,AUSTRIAN AIRLINES (AUA) AG,AUSTRIA
EDDF,LOWW,DLH,445,93,6.1333,all_flights,EDDF → LOWW,20.8989,"DEUTSCHE LUFTHANSA, AG, KOELN",GERMANY
EDDF,LOWW,GEC,1,0,-64.4833,all_flights,EDDF → LOWW,0.0,"LUFTHANSA CARGO AG, FRANKFURT (MAIN)",GERMANY
EDDF,LOWW,ZZZ,1,0,-2.1667,all_flights,EDDF → LOWW,0.0,Unknown / not identified,
EDDF,LPPT,CFG,1,0,-69.0167,all_flights,EDDF → LPPT,0.0,"CONDOR FLUGDIENST GMBH, FRANKFURT (MAIN)",GERMANY
EDDF,LPPT,DLH,383,115,10.0667,all_flights,EDDF → LPPT,30.0261,"DEUTSCHE LUFTHANSA, AG, KOELN",GERMANY
EDDF,LPPT,TAP,343,162,14.0,all_flights,EDDF → LPPT,47.2303,"TRANSPORTES AEREOS PORTUGUESES, E.P.",PORTUGAL
EDDF,LSGG,DLH,272,27,2.9917,all_flights,EDDF → LSGG,9.9265,"DEUTSCHE LUFTHANSA, AG, KOELN",GERMANY
EDDF,LSGG,SWR,358,28,2.9917,all_flights,EDDF → LSGG,7.8212,SWISS INTERNATIONAL AIR LINES LTD,SWITZERLAND
EDDF,LSZH,ACA,1,0,-2.45,all_flights,EDDF → LSZH,0.0,AIR CANADA,CANADA
EDDF,LSZH,DLH,629,62,-0.1833,all_flights,EDDF → LSZH,9.8569,"DEUTSCHE LUFTHANSA, AG, KOELN",GERMANY
EDDF,LSZH,SUS,1,0,12.1167,all_flights,EDDF → LSZH,0.0,SUN-AIR OF SCANDINAVIA A/S,DENMARK
EDDF,LSZH,SWR,153,24,3.5167,all_flights,EDDF → LSZH,15.6863,SWISS INTERNATIONAL AIR LINES LTD,SWITZERLAND
EDDF,LSZH,UAL,2,2,46.1583,all_flights,EDDF → LSZH,100.0,"UNITED AIRLINES, INC. (CHICAGO, IL)",UNITED STATES
EDDF,LTFM,ACA,3,2,37.5,all_flights,EDDF → LTFM,66.6667,AIR CANADA,CANADA
EDDF,LTFM,DLH,252,47,5.125,all_flights,EDDF → LTFM,18.6508,"DEUTSCHE LUFTHANSA, AG, KOELN",GERMANY
EDDF,LTFM,GEC,59,8,0.7333,all_flights,EDDF → LTFM,13.5593,"LUFTHANSA CARGO AG, FRANKFURT (MAIN)",GERMANY
EDDF,LTFM,PGT,1,1,46.1167,all_flights,EDDF → LTFM,100.0,PEGASUS HAVA TASIMACILIGI A.S. (PEGASUS),TURKEY
EDDF,LTFM,SDR,1,0,10.8333,all_flights,EDDF → LTFM,0.0,SUNDAIR GMBH,GERMANY
EDDF,LTFM,THY,549,87,2.6833,all_flights,EDDF → LTFM,15.847,TURK HAVA YOLLARI (TURKISH AIRLINES CO.),TURKEY
EDDF,RKSI,AAR,181,85,14.1167,all_flights,EDDF → RKSI,46.9613,ASIANA AIRLINES,REPUBLIC OF KOREA
EDDF,RKSI,DLH,73,33,14.7,all_flights,EDDF → RKSI,45.2055,"DEUTSCHE LUFTHANSA, AG, KOELN",GERMANY
EDDF,RKSI,GEC,131,20,2.8167,all_flights,EDDF → RKSI,15.2672,"LUFTHANSA CARGO AG, FRANKFURT (MAIN)",GERMANY
EDDF,RKSI,GTI,2,0,-3.5083,all_flights,EDDF → RKSI,0.0,"ATLAS AIR, INC. (JAMAICA, NY)",UNITED STATES
EDDF,RKSI,KAL,172,34,6.7667,all_flights,EDDF → RKSI,19.7674,"KOREAN AIR LINES CO., LTD.",REPUBLIC OF KOREA
EDDH,EDDF,CFG,2,1,11.05,all_flights,EDDH → EDDF,50.0,"CONDOR FLUGDIENST GMBH, FRANKFURT (MAIN)",GERMANY
EDDH,EDDF,DLH,1133,35,-5.1833,all_flights,EDDH → EDDF,3.0891,"DEUTSCHE LUFTHANSA, AG, KOELN",GERMANY
EDDH,EDDM,DLH,1197,54,-2.45,all_flights,EDDH → EDDM,4.5113,"DEUTSCHE LUFTHANSA, AG, KOELN",GERMANY
EDDH,EDDM,EWG,12,2,6.2,all_flights,EDDH → EDDM,16.6667,EUROWINGS GMBH,GERMANY
EDDH,EDDM,GWI,232,23,0.775,all_flights,EDDH → EDDM,9.9138,"GERMANWINGS GMBH, KOELN",GERMANY
EDDH,EGLL,BAW,364,224,18.325,all_flights,EDDH → EGLL,61.5385,BRITISH AIRWAYS,UNITED KINGDOM
EDDH,EGLL,EWG,250,151,17.1417,all_flights,EDDH → EGLL,60.4,EUROWINGS GMBH,GERMANY
EDDH,EHAM,EWG,131,17,7.15,all_flights,EDDH → EHAM,12.9771,EUROWINGS GMBH,GERMANY
EDDH,EHAM,KLM,440,74,6.175,all_flights,EDDH → EHAM,16.8182,KLM ROYAL DUTCH AIRLINES,NETHERLANDS
EDDH,EHAM,PNX,1,0,6.45,all_flights,EDDH → EHAM,0.0,AIS AIRLINES,NETHERLANDS
EDDH,LEPA,CFG,135,59,12.45,all_flights,EDDH → LEPA,43.7037,"CONDOR FLUGDIENST GMBH, FRANKFURT (MAIN)",GERMANY
EDDH,LEPA,EWG,408,82,6.0083,all_flights,EDDH → LEPA,20.098,EUROWINGS GMBH,GERMANY
EDDH,LEPA,RYR,210,51,6.9667,all_flights,EDDH → LEPA,24.2857,RYANAIR,IRELAND
EDDH,LFPG,AFR,434,71,5.7833,all_flights,EDDH → LFPG,16.3594,AIR FRANCE,FRANCE
EDDH,LFPG,EWG,153,22,5.7667,all_flights,EDDH → LFPG,14.3791,EUROWINGS GMBH,GERMANY
EDDH,LFPG,VLG,1,0,-0.8333,all_flights,EDDH → LFPG,0.0,VUELING AIRLINES,SPAIN
EDDH,LOWW,AUA,411,103,8.9333,all_flights,EDDH → LOWW,25.0608,AUSTRIAN AIRLINES (AUA) AG,AUSTRIA
EDDH,LOWW,EWG,224,52,8.8167,all_flights,EDDH → LOWW,23.2143,EUROWINGS GMBH,GERMANY
EDDH,LSZH,EWG,199,17,-1.75,all_flights,EDDH → LSZH,8.5427,EUROWINGS GMBH,GERMANY
EDDH,LSZH,SWR,437,48,1.1333,all_flights,EDDH → LSZH,10.984,SWISS INTERNATIONAL AIR LINES LTD,SWITZERLAND
EDDK,EDDB,EWG,36,3,-8.175,all_flights,EDDK → EDDB,8.3333,EUROWINGS GMBH,GERMANY
EDDK,EDDB,GWI,396,68,-0.1833,all_flights,EDDK → EDDB,17.1717,"GERMANWINGS GMBH, KOELN",GERMANY
EDDK,EDDB,SRR,69,6,4.45,all_flights,EDDK → EDDB,8.6957,MAERSK AIR CARGO A/S,DENMARK
EDDK,EDDB,ZZZ,83,10,-2.35,all_flights,EDDK → EDDB,12.0482,Unknown / not identified,
EDDK,EDDM,DLH,511,40,-7.0,all_flights,EDDK → EDDM,7.8278,"DEUTSCHE LUFTHANSA, AG, KOELN",GERMANY
EDDK,EDDM,EWG,16,2,-2.7167,all_flights,EDDK → EDDM,12.5,EUROWINGS GMBH,GERMANY
EDDK,EDDM,FDX,16,0,-13.075,all_flights,EDDK → EDDM,0.0,FEDERAL EXPRESS CORPORATION,UNITED STATES
EDDK,EDDM,GWI,150,14,-4.4667,all_flights,EDDK → EDDM,9.3333,"GERMANWINGS GMBH, KOELN",GERMANY
EDDK,EDDM,SRR,86,7,-2.75,all_flights,EDDK → EDDM,8.1395,MAERSK AIR CARGO A/S,DENMARK
EDDK,EDDM,THY,1,1,110.4667,all_flights,EDDK → EDDM,100.0,TURK HAVA YOLLARI (TURKISH AIRLINES CO.),TURKEY
EDDK,EDDM,ZZZ,1,0,3.0667,all_flights,EDDK → EDDM,0.0,Unknown / not identified,
EDDK,LEPA,EWG,491,98,3.3833,all_flights,EDDK → LEPA,19.9593,EUROWINGS GMBH,GERMANY
EDDK,LEPA,RYR,359,112,5.75,all_flights,EDDK → LEPA,31.1978,RYANAIR,IRELAND
EDDK,LEPA,ZZZ,20,8,13.8167,all_flights,EDDK → LEPA,40.0,Unknown / not identified,
EDDK,LOWW,AUA,153,32,6.1333,all_flights,EDDK → LOWW,20.915,AUSTRIAN AIRLINES (AUA) AG,AUSTRIA
EDDK,LOWW,EWG,186,49,5.1833,all_flights,EDDK → LOWW,26.3441,EUROWINGS GMBH,GERMANY
EDDK,LOWW,RYR,120,37,9.9,all_flights,EDDK → LOWW,30.8333,RYANAIR,IRELAND
EDDK,LOWW,SWT,1,0,-42.2,all_flights,EDDK → LOWW,0.0,SWIFTAIR S.A.,SPAIN
EDDK,LOWW,UPS,88,15,-0.5083,all_flights,EDDK → LOWW,17.0455,"UNITED PARCEL SERVICE COMPANY, (LOUISVILLE, KY)",UNITED STATES
EDDK,LTAI,CAI,54,20,11.3833,all_flights,EDDK → LTAI,37.037,TURISTIK HAVA TASIMACILIK A.S.,TURKEY
EDDK,LTAI,EWG,13,9,21.7167,all_flights,EDDK → LTAI,69.2308,EUROWINGS GMBH,GERMANY
EDDK,LTAI,PGT,131,41,9.2333,all_flights,EDDK → LTAI,31.2977,PEGASUS HAVA TASIMACILIGI A.S. (PEGASUS),TURKEY
EDDK,LTAI,SXS,283,74,7.5333,all_flights,EDDK → LTAI,26.1484,GUNES EKSPRES HAVACILIK A.S. (SUNEXPRESS),TURKEY
EDDK,LTAI,THY,116,31,8.175,all_flights,EDDK → LTAI,26.7241,TURK HAVA YOLLARI (TURKISH AIRLINES CO.),TURKEY
EDDK,LTFJ,PGT,350,57,2.45,all_flights,EDDK → LTFJ,16.2857,PEGASUS HAVA TASIMACILIGI A.S. (PEGASUS),TURKEY
EDDK,LTFJ,THY,191,35,-1.15,all_flights,EDDK → LTFJ,18.3246,TURK HAVA YOLLARI (TURKISH AIRLINES CO.),TURKEY
EDDK,LTFM,FDX,57,11,0.4667,all_flights,EDDK → LTFM,19.2982,FEDERAL EXPRESS CORPORATION,UNITED STATES
EDDK,LTFM,MNB,96,15,-2.2083,all_flights,EDDK → LTFM,15.625,MNG HAVAYOLLARI VE TASIMACILIK A.S.,TURKEY
EDDK,LTFM,THY,256,52,5.8417,all_flights,EDDK → LTFM,20.3125,TURK HAVA YOLLARI (TURKISH AIRLINES CO.),TURKEY
EDDK,LTFM,UPS,99,7,-6.0167,all_flights,EDDK → LTFM,7.0707,"UNITED PARCEL SERVICE COMPANY, (LOUISVILLE, KY)",UNITED STATES
EDDL,EDDM,CFG,3,0,-5.8167,all_flights,EDDL → EDDM,0.0,"CONDOR FLUGDIENST GMBH, FRANKFURT (MAIN)",GERMANY
EDDL,EDDM,DLH,1059,65,-2.55,all_flights,EDDL → EDDM,6.1379,"DEUTSCHE LUFTHANSA, AG, KOELN",GERMANY
EDDL,EDDM,EWG,25,5,5.7833,all_flights,EDDL → EDDM,20.0,EUROWINGS GMBH,GERMANY
EDDL,EDDM,GWI,265,29,0.8,all_flights,EDDL → EDDM,10.9434,"GERMANWINGS GMBH, KOELN",GERMANY
EDDL,EDDM,ZZZ,5,2,0.4,all_flights,EDDL → EDDM,40.0,Unknown / not identified,
EDDL,EGLL,BAW,360,124,11.125,all_flights,EDDL → EGLL,34.4444,BRITISH AIRWAYS,UNITED KINGDOM
EDDL,EGLL,EWG,363,139,11.55,all_flights,EDDL → EGLL,38.292,EUROWINGS GMBH,GERMANY
EDDL,EKCH,BCY,3,0,-0.8,all_flights,EDDL → EKCH,0.0,CITYJET,IRELAND
EDDL,EKCH,EWG,167,32,3.5333,all_flights,EDDL → EKCH,19.1617,EUROWINGS GMBH,GERMANY
EDDL,EKCH,SAS,367,29,1.9,all_flights,EDDL → EKCH,7.9019,SCANDINAVIAN AIRLINES SYSTEM,SWEDEN
EDDL,LEPA,CFG,301,100,8.7833,all_flights,EDDL → LEPA,33.2226,"CONDOR FLUGDIENST GMBH, FRANKFURT (MAIN)",GERMANY
EDDL,LEPA,CXI,40,11,6.1667,all_flights,EDDL → LEPA,27.5,CORENDON AIRLINES EUROPE,MALTA
EDDL,LEPA,EWG,751,223,7.1667,all_flights,EDDL → LEPA,29.6937,EUROWINGS GMBH,GERMANY
EDDL,LEPA,HHN,3,1,2.85,all_flights,EDDL → LEPA,33.3333,"HAHN AIR-LINES GMBH, DREIEICH",GERMANY
EDDL,LEPA,ZZZ,124,18,4.3333,all_flights,EDDL → LEPA,14.5161,Unknown / not identified,
EDDL,LFPG,AFR,552,145,9.3,all_flights,EDDL → LFPG,26.2681,AIR FRANCE,FRANCE
EDDL,LFPG,EWG,1,1,33.0333,all_flights,EDDL → LFPG,100.0,EUROWINGS GMBH,GERMANY
EDDL,LOWW,AUA,384,73,6.7583,all_flights,EDDL → LOWW,19.0104,AUSTRIAN AIRLINES (AUA) AG,AUSTRIA
EDDL,LOWW,EWG,256,80,8.0167,all_flights,EDDL → LOWW,31.25,EUROWINGS GMBH,GERMANY
EDDL,LSZH,EWG,270,19,-3.5833,all_flights,EDDL → LSZH,7.037,EUROWINGS GMBH,GERMANY
EDDL,LSZH,SWR,316,24,0.2917,all_flights,EDDL → LSZH,7.5949,SWISS INTERNATIONAL AIR LINES LTD,SWITZERLAND
EDDL,LSZH,ZZZ,1,0,6.0833,all_flights,EDDL → LSZH,0.0,Unknown / not identified,
EDDL,LTAI,CAI,103,45,12.9,all_flights,EDDL → LTAI,43.6893,TURISTIK HAVA TASIMACILIK A.S.,TURKEY
EDDL,LTAI,EWG,8,6,25.9333,all_flights,EDDL → LTAI,75.0,EUROWINGS GMBH,GERMANY
EDDL,LTAI,FHY,1,1,33.15,all_flights,EDDL → LTAI,100.0,FREE BIRD AIRLINES (HURKUS HAVAYOLU TASIMACILIK VE TICARET A.S.),TURKEY
EDDL,LTAI,PGT,153,76,14.95,all_flights,EDDL → LTAI,49.6732,PEGASUS HAVA TASIMACILIGI A.S. (PEGASUS),TURKEY
EDDL,LTAI,SXS,400,164,12.2417,all_flights,EDDL → LTAI,41.0,GUNES EKSPRES HAVACILIK A.S. (SUNEXPRESS),TURKEY
EDDL,LTAI,THY,66,28,10.625,all_flights,EDDL → LTAI,42.4242,TURK HAVA YOLLARI (TURKISH AIRLINES CO.),TURKEY
EDDL,LTFJ,PGT,363,101,7.2,all_flights,EDDL → LTFJ,27.8237,PEGASUS HAVA TASIMACILIGI A.S. (PEGASUS),TURKEY
EDDL,LTFJ,THY,218,58,7.3667,all_flights,EDDL → LTFJ,26.6055,TURK HAVA YOLLARI (TURKISH AIRLINES CO.),TURKEY
EDDM,EBBR,BEL,162,23,5.7083,all_flights,EDDM → EBBR,14.1975,BRUSSELS AIRLINES,BELGIUM
EDDM,EBBR,DLH,515,65,4.55,all_flights,EDDM → EBBR,12.6214,"DEUTSCHE LUFTHANSA, AG, KOELN",GERMANY
EDDM,EBBR,ZZZ,3,1,14.2833,all_flights,EDDM → EBBR,33.3333,Unknown / not identified,
EDDM,EDDB,DLH,996,125,3.0583,all_flights,EDDM → EDDB,12.5502,"DEUTSCHE LUFTHANSA, AG, KOELN",GERMANY
EDDM,EDDB,SDR,1,0,2.3,all_flights,EDDM → EDDB,0.0,SUNDAIR GMBH,GERMANY
EDDM,EDDF,CFG,2,0,-2.6833,all_flights,EDDM → EDDF,0.0,"CONDOR FLUGDIENST GMBH, FRANKFURT (MAIN)",GERMANY
EDDM,EDDF,DLH,1166,37,-6.6417,all_flights,EDDM → EDDF,3.1732,"DEUTSCHE LUFTHANSA, AG, KOELN",GERMANY
EDDM,EDDF,ZZZ,2,0,-11.775,all_flights,EDDM → EDDF,0.0,Unknown / not identified,
EDDM,EDDH,CFG,1,1,47.6833,all_flights,EDDM → EDDH,100.0,"CONDOR FLUGDIENST GMBH, FRANKFURT (MAIN)",GERMANY
EDDM,EDDH,DLH,1219,70,-4.6,all_flights,EDDM → EDDH,5.7424,"DEUTSCHE LUFTHANSA, AG, KOELN",GERMANY
EDDM,EDDH,EWG,10,2,3.3917,all_flights,EDDM → EDDH,20.0,EUROWINGS GMBH,GERMANY
EDDM,EDDH,GWI,236,6,-11.55,all_flights,EDDM → EDDH,2.5424,"GERMANWINGS GMBH, KOELN",GERMANY
EDDM,EDDK,DLH,517,52,1.4667,all_flights,EDDM → EDDK,10.058,"DEUTSCHE LUFTHANSA, AG, KOELN",GERMANY
EDDM,EDDK,EWG,16,1,-5.0417,all_flights,EDDM → EDDK,6.25,EUROWINGS GMBH,GERMANY
EDDM,EDDK,GWI,151,10,-0.4667,all_flights,EDDM → EDDK,6.6225,"GERMANWINGS GMBH, KOELN",GERMANY
EDDM,EDDK,PGT,1,0,6.25,all_flights,EDDM → EDDK,0.0,PEGASUS HAVA TASIMACILIGI A.S. (PEGASUS),TURKEY
EDDM,EDDK,SRR,85,48,15.95,all_flights,EDDM → EDDK,56.4706,MAERSK AIR CARGO A/S,DENMARK
EDDM,EDDK,ZZZ,1,0,-4.7,all_flights,EDDM → EDDK,0.0,Unknown / not identified,
EDDM,EDDL,CFG,3,0,7.5667,all_flights,EDDM → EDDL,0.0,"CONDOR FLUGDIENST GMBH, FRANKFURT (MAIN)",GERMANY
EDDM,EDDL,DLH,1072,76,0.1583,all_flights,EDDM → EDDL,7.0896,"DEUTSCHE LUFTHANSA, AG, KOELN",GERMANY
EDDM,EDDL,EWG,24,5,9.4083,all_flights,EDDM → EDDL,20.8333,EUROWINGS GMBH,GERMANY
EDDM,EDDL,GWI,267,38,0.8667,all_flights,EDDM → EDDL,14.2322,"GERMANWINGS GMBH, KOELN",GERMANY
EDDM,EDDL,SDR,2,2,33.9417,all_flights,EDDM → EDDL,100.0,SUNDAIR GMBH,GERMANY
EDDM,EDDL,ZZZ,3,0,-5.9667,all_flights,EDDM → EDDL,0.0,Unknown / not identified,
EDDM,EDDV,DLH,499,46,0.6667,all_flights,EDDM → EDDV,9.2184,"DEUTSCHE LUFTHANSA, AG, KOELN",GERMANY
EDDM,EDDV,SDR,1,0,14.3,all_flights,EDDM → EDDV,0.0,SUNDAIR GMBH,GERMANY
EDDM,EDDV,ZZZ,88,4,-0.35,all_flights,EDDM → EDDV,4.5455,Unknown / not identified,
EDDM,EDDW,DLH,520,49,2.3333,all_flights,EDDM → EDDW,9.4231,"DEUTSCHE LUFTHANSA, AG, KOELN",GERMANY
EDDM,EFHK,DLH,289,30,4.1,all_flights,EDDM → EFHK,10.3806,"DEUTSCHE LUFTHANSA, AG, KOELN",GERMANY
EDDM,EFHK,FIN,229,33,4.0,all_flights,EDDM → EFHK,14.4105,FINNAIR OYJ,FINLAND
EDDM,EGLL,BAW,464,258,16.8083,all_flights,EDDM → EGLL,55.6034,BRITISH AIRWAYS,UNITED KINGDOM
EDDM,EGLL,DLH,744,312,12.6,all_flights,EDDM → EGLL,41.9355,"DEUTSCHE LUFTHANSA, AG, KOELN",GERMANY
EDDM,EHAM,DLH,557,125,8.4,all_flights,EDDM → EHAM,22.4417,"DEUTSCHE LUFTHANSA, AG, KOELN",GERMANY
EDDM,EHAM,KLM,556,129,9.25,all_flights,EDDM → EHAM,23.2014,KLM ROYAL DUTCH AIRLINES,NETHERLANDS
EDDM,EKCH,DLH,417,27,0.8,all_flights,EDDM → EKCH,6.4748,"DEUTSCHE LUFTHANSA, AG, KOELN",GERMANY
EDDM,EKCH,SAS,129,24,6.2333,all_flights,EDDM → EKCH,18.6047,SCANDINAVIAN AIRLINES SYSTEM,SWEDEN
EDDM,EKCH,ZZZ,21,3,3.6333,all_flights,EDDM → EKCH,14.2857,Unknown / not identified,
EDDM,EPWA,DLH,329,28,-1.3833,all_flights,EDDM → EPWA,8.5106,"DEUTSCHE LUFTHANSA, AG, KOELN",GERMANY
EDDM,EPWA,LOT,296,7,-7.0417,all_flights,EDDM → EPWA,2.3649,LOT - POLSKIE LINIE LOTNICZE,POLAND
EDDM,LEBL,DLH,528,55,4.325,all_flights,EDDM → LEBL,10.4167,"DEUTSCHE LUFTHANSA, AG, KOELN",GERMANY
EDDM,LEBL,VLG,219,34,6.7333,all_flights,EDDM → LEBL,15.5251,VUELING AIRLINES,SPAIN
EDDM,LEMD,AEA,243,21,3.1667,all_flights,EDDM → LEMD,8.642,AIR EUROPA,SPAIN
EDDM,LEMD,ANE,99,8,3.8667,all_flights,EDDM → LEMD,8.0808,"AIR NOSTRUM LINEAS AEREAS DEL MEDITERRANEO, S.A.",SPAIN
EDDM,LEMD,DLH,380,80,5.8583,all_flights,EDDM → LEMD,21.0526,"DEUTSCHE LUFTHANSA, AG, KOELN",GERMANY
EDDM,LEMD,IBE,263,39,3.2167,all_flights,EDDM → LEMD,14.8289,"IBERIA - LINEAS AEREAS DE ESPANA, SOCIEDAD ANONIMA OPERADORA",SPAIN
EDDM,LEPA,CFG,122,20,4.925,all_flights,EDDM → LEPA,16.3934,"CONDOR FLUGDIENST GMBH, FRANKFURT (MAIN)",GERMANY
EDDM,LEPA,DLH,149,19,3.9333,all_flights,EDDM → LEPA,12.7517,"DEUTSCHE LUFTHANSA, AG, KOELN",GERMANY
EDDM,LEPA,EWG,320,73,5.4167,all_flights,EDDM → LEPA,22.8125,EUROWINGS GMBH,GERMANY
EDDM,LEPA,OCN,6,1,8.0083,all_flights,EDDM → LEPA,16.6667,EW DISCOVER GMBH,GERMANY
EDDM,LEPA,SDR,2,0,9.0167,all_flights,EDDM → LEPA,0.0,SUNDAIR GMBH,GERMANY
EDDM,LEPA,VLG,65,3,1.0333,all_flights,EDDM → LEPA,4.6154,VUELING AIRLINES,SPAIN
EDDM,LEPA,ZZZ,2,0,3.0167,all_flights,EDDM → LEPA,0.0,Unknown / not identified,
EDDM,LFPG,AFR,495,121,7.35,all_flights,EDDM → LFPG,24.4444,AIR FRANCE,FRANCE
EDDM,LFPG,DLH,520,52,2.7667,all_flights,EDDM → LFPG,10.0,"DEUTSCHE LUFTHANSA, AG, KOELN",GERMANY
EDDM,LFPG,ELY,1,0,12.0,all_flights,EDDM → LFPG,0.0,EL AL - ISRAEL AIRLINES LTD.,ISRAEL
EDDM,LFPG,FDX,69,7,3.4667,all_flights,EDDM → LFPG,10.1449,FEDERAL EXPRESS CORPORATION,UNITED STATES
EDDM,LFPG,ZZZ,13,3,0.75,all_flights,EDDM → LFPG,23.0769,Unknown / not identified,
EDDM,LGAV,AEE,159,23,5.0667,all_flights,EDDM → LGAV,14.4654,AEGEAN AIRLINES,GREECE
EDDM,LGAV,CFG,1,1,77.65,all_flights,EDDM → LGAV,100.0,"CONDOR FLUGDIENST GMBH, FRANKFURT (MAIN)",GERMANY
EDDM,LGAV,DLH,370,68,5.1333,all_flights,EDDM → LGAV,18.3784,"DEUTSCHE LUFTHANSA, AG, KOELN",GERMANY
EDDM,LGAV,SEH,25,5,2.6333,all_flights,EDDM → LGAV,20.0,SKY EXPRESS S.A.,GREECE
EDDM,LGAV,SRR,86,11,2.9667,all_flights,EDDM → LGAV,12.7907,MAERSK AIR CARGO A/S,DENMARK
EDDM,LIRF,DLH,550,21,-6.0083,all_flights,EDDM → LIRF,3.8182,"DEUTSCHE LUFTHANSA, AG, KOELN",GERMANY
EDDM,LIRF,ZZZ,112,10,-2.2667,all_flights,EDDM → LIRF,8.9286,Unknown / not identified,
EDDM,LOWW,AUA,406,29,1.675,all_flights,EDDM → LOWW,7.1429,AUSTRIAN AIRLINES (AUA) AG,AUSTRIA
EDDM,LOWW,DLH,234,28,1.125,all_flights,EDDM → LOWW,11.9658,"DEUTSCHE LUFTHANSA, AG, KOELN",GERMANY
EDDM,LOWW,FDX,1,0,14.4,all_flights,EDDM → LOWW,0.0,FEDERAL EXPRESS CORPORATION,UNITED STATES
EDDM,LOWW,ZZZ,1,0,-19.4833,all_flights,EDDM → LOWW,0.0,Unknown / not identified,
EDDM,LPPT,DLH,228,53,8.4167,all_flights,EDDM → LPPT,23.2456,"DEUTSCHE LUFTHANSA, AG, KOELN",GERMANY
EDDM,LPPT,TAP,329,125,11.6333,all_flights,EDDM → LPPT,37.9939,"TRANSPORTES AEREOS PORTUGUESES, E.P.",PORTUGAL
EDDM,LSZH,DLH,590,72,3.4917,all_flights,EDDM → LSZH,12.2034,"DEUTSCHE LUFTHANSA, AG, KOELN",GERMANY
EDDM,LSZH,ETD,1,1,39.8667,all_flights,EDDM → LSZH,100.0,ETIHAD AIRWAYS,UNITED ARAB EMIRATES
EDDM,LSZH,SIA,1,1,19.4667,all_flights,EDDM → LSZH,100.0,SINGAPORE AIRLINES LIMITED,SINGAPORE
EDDM,LSZH,SWR,60,7,1.7333,all_flights,EDDM → LSZH,11.6667,SWISS INTERNATIONAL AIR LINES LTD,SWITZERLAND
EDDM,LSZH,THA,1,1,44.0667,all_flights,EDDM → LSZH,100.0,THAI AIRWAYS INTERNATIONAL LTD.,THAILAND
EDDM,LSZH,UAL,1,1,38.15,all_flights,EDDM → LSZH,100.0,"UNITED AIRLINES, INC. (CHICAGO, IL)",UNITED STATES
EDDP,EDDF,BCS,154,3,-15.2417,all_flights,EDDP → EDDF,1.9481,"EUROPEAN AIR TRANSPORT, LEIPZIG",GERMANY
EDDP,EDDF,BOX,59,2,-11.5167,all_flights,EDDP → EDDF,3.3898,"AEROLOGIC GMBH, LEIPZIG",GERMANY
EDDP,EDDF,DLH,370,7,-12.0583,all_flights,EDDP → EDDF,1.8919,"DEUTSCHE LUFTHANSA, AG, KOELN",GERMANY
EDDP,EGNX,BCS,172,7,-6.5167,all_flights,EDDP → EGNX,4.0698,"EUROPEAN AIR TRANSPORT, LEIPZIG",GERMANY
EDDP,EGNX,BOX,92,9,0.2667,all_flights,EDDP → EGNX,9.7826,"AEROLOGIC GMBH, LEIPZIG",GERMANY
EDDP,EGNX,CJT,4,0,-4.2417,all_flights,EDDP → EGNX,0.0,CARGOJET AIRWAYS LTD,CANADA
EDDP,EGNX,DHK,352,18,-7.0083,all_flights,EDDP → EGNX,5.1136,DHL AIR LIMITED,UNITED KINGDOM
EDDP,EGNX,PAC,2,0,-4.4833,all_flights,EDDP → EGNX,0.0,"POLAR AIR CARGO WORLDWIDE, INC. (WASHINGTON, DC)",UNITED STATES
EDDP,EGNX,ZZZ,111,14,-4.7333,all_flights,EDDP → EGNX,12.6126,Unknown / not identified,
EDDP,LIMC,BBD,7,0,-17.85,all_flights,EDDP → LIMC,0.0,BLUEBIRD NORDIC LTD,ICELAND
EDDP,LIMC,BCS,382,22,-16.4833,all_flights,EDDP → LIMC,5.7592,"EUROPEAN AIR TRANSPORT, LEIPZIG",GERMANY
EDDP,LIMC,DHX,9,0,-17.5,all_flights,EDDP → LIMC,0.0,DHL AVIATION EEMEA B.S.C.(C),BAHRAIN
EDDP,LIMC,GCL,1,0,-28.4667,all_flights,EDDP → LIMC,0.0,CARGOLOGIC GERMANY GMBH,GERMANY
EDDP,LIMC,GTI,4,0,-2.3167,all_flights,EDDP → LIMC,0.0,"ATLAS AIR, INC. (JAMAICA, NY)",UNITED STATES
EDDP,LIMC,PAC,12,2,-2.3667,all_flights,EDDP → LIMC,16.6667,"POLAR AIR CARGO WORLDWIDE, INC. (WASHINGTON, DC)",UNITED STATES
EDDP,LIMC,ZZZ,228,23,-7.7667,all_flights,EDDP → LIMC,10.0877,Unknown / not identified,
EDDS,EDDB,CFG,13,0,-0.7833,all_flights,EDDS → EDDB,0.0,"CONDOR FLUGDIENST GMBH, FRANKFURT (MAIN)",GERMANY
EDDS,EDDB,EWG,136,9,0.3583,all_flights,EDDS → EDDB,6.6176,EUROWINGS GMBH,GERMANY
EDDS,EDDB,GWI,392,66,5.2417,all_flights,EDDS → EDDB,16.8367,"GERMANWINGS GMBH, KOELN",GERMANY
EDDS,EDDB,SDR,1,0,2.3,all_flights,EDDS → EDDB,0.0,SUNDAIR GMBH,GERMANY
EDDS,EHAM,EWG,92,17,5.5667,all_flights,EDDS → EHAM,18.4783,EUROWINGS GMBH,GERMANY
EDDS,EHAM,KLM,415,81,6.9833,all_flights,EDDS → EHAM,19.5181,KLM ROYAL DUTCH AIRLINES,NETHERLANDS
EDDS,LEPA,CFG,61,7,2.45,all_flights,EDDS → LEPA,11.4754,"CONDOR FLUGDIENST GMBH, FRANKFURT (MAIN)",GERMANY
EDDS,LEPA,EWG,425,82,5.4,all_flights,EDDS → LEPA,19.2941,EUROWINGS GMBH,GERMANY
EDDS,LEPA,VLG,32,1,1.3917,all_flights,EDDS → LEPA,3.125,VUELING AIRLINES,SPAIN
EDDS,LEPA,ZZZ,72,10,3.9917,all_flights,EDDS → LEPA,13.8889,Unknown / not identified,
EDDV,EDDM,DLH,492,18,-8.45,all_flights,EDDV → EDDM,3.6585,"DEUTSCHE LUFTHANSA, AG, KOELN",GERMANY
EDDV,EDDM,ZZZ,95,1,-10.9,all_flights,EDDV → EDDM,1.0526,Unknown / not identified,
EDDW,EDDM,DLH,514,25,-5.9083,all_flights,EDDW → EDDM,4.8638,"DEUTSCHE LUFTHANSA, AG, KOELN",GERMANY
EETN,EFHK,FIN,856,58,1.4,all_flights,EETN → EFHK,6.7757,FINNAIR OYJ,FINLAND
EETN,EFHK,KTB,8,0,1.1667,all_flights,EETN → EFHK,0.0,TRANSAVIABALTIKA,LITHUANIA
EETN,EFHK,ZZZ,105,1,-4.6167,all_flights,EETN → EFHK,0.9524,Unknown / not identified,
EFHK,EDDF,DLH,302,30,0.0833,all_flights,EFHK → EDDF,9.9338,"DEUTSCHE LUFTHANSA, AG, KOELN",GERMANY
EFHK,EDDF,FIN,225,19,-1.2333,all_flights,EFHK → EDDF,8.4444,FINNAIR OYJ,FINLAND
EFHK,EDDM,DLH,290,22,-0.7667,all_flights,EFHK → EDDM,7.5862,"DEUTSCHE LUFTHANSA, AG, KOELN",GERMANY
EFHK,EDDM,FIN,229,23,2.5167,all_flights,EFHK → EDDM,10.0437,FINNAIR OYJ,FINLAND
EFHK,EETN,FIN,858,65,1.1167,all_flights,EFHK → EETN,7.5758,FINNAIR OYJ,FINLAND
EFHK,EETN,KTB,8,1,0.3333,all_flights,EFHK → EETN,12.5,TRANSAVIABALTIKA,LITHUANIA
EFHK,EETN,ZZZ,149,19,2.8667,all_flights,EFHK → EETN,12.7517,Unknown / not identified,
EFHK,EFOU,FIN,855,74,1.6833,all_flights,EFHK → EFOU,8.655,FINNAIR OYJ,FINLAND
EFHK,EFOU,ZZZ,97,3,1.8,all_flights,EFHK → EFOU,3.0928,Unknown / not identified,
EFHK,EFRO,AFR,1,1,19.9167,all_flights,EFHK → EFRO,100.0,AIR FRANCE,FRANCE
EFHK,EFRO,FIN,578,68,3.1333,all_flights,EFHK → EFRO,11.7647,FINNAIR OYJ,FINLAND
EFHK,EFRO,ZZZ,85,11,5.9833,all_flights,EFHK → EFRO,12.9412,Unknown / not identified,
EFHK,EHAM,FIN,238,77,10.4417,all_flights,EFHK → EHAM,32.3529,FINNAIR OYJ,FINLAND
EFHK,EHAM,KLM,407,86,8.6833,all_flights,EFHK → EHAM,21.1302,KLM ROYAL DUTCH AIRLINES,NETHERLANDS
EFHK,EKCH,BCS,19,5,6.8167,all_flights,EFHK → EKCH,26.3158,"EUROPEAN AIR TRANSPORT, LEIPZIG",GERMANY
EFHK,EKCH,BCY,1,0,4.7833,all_flights,EFHK → EKCH,0.0,CITYJET,IRELAND
EFHK,EKCH,FIN,514,33,0.0833,all_flights,EFHK → EKCH,6.4202,FINNAIR OYJ,FINLAND
EFHK,EKCH,GCL,3,1,14.6333,all_flights,EFHK → EKCH,33.3333,CARGOLOGIC GERMANY GMBH,GERMANY
EFHK,EKCH,SAS,196,27,3.95,all_flights,EFHK → EKCH,13.7755,SCANDINAVIAN AIRLINES SYSTEM,SWEDEN
EFHK,EKCH,SWT,4,0,-6.4333,all_flights,EFHK → EKCH,0.0,SWIFTAIR S.A.,SPAIN
EFHK,EKCH,ZZZ,38,3,1.5667,all_flights,EFHK → EKCH,7.8947,Unknown / not identified,
EFHK,ENGM,FIN,434,65,4.8333,all_flights,EFHK → ENGM,14.977,FINNAIR OYJ,FINLAND
EFHK,ENGM,SAS,1,1,21.6167,all_flights,EFHK → ENGM,100.0,SCANDINAVIAN AIRLINES SYSTEM,SWEDEN
EFHK,ENGM,THY,11,3,8.5667,all_flights,EFHK → ENGM,27.2727,TURK HAVA YOLLARI (TURKISH AIRLINES CO.),TURKEY
EFHK,ENGM,ZZZ,61,8,5.7167,all_flights,EFHK → ENGM,13.1148,Unknown / not identified,
EFHK,ESSA,APF,1,0,-4.45,all_flights,EFHK → ESSA,0.0,AMAPOLA FLYG AB,SWEDEN
EFHK,ESSA,BCY,1,0,6.35,all_flights,EFHK → ESSA,0.0,CITYJET,IRELAND
EFHK,ESSA,FIN,737,55,2.6333,all_flights,EFHK → ESSA,7.4627,FINNAIR OYJ,FINLAND
EFHK,ESSA,FTL,1,0,-10.2,all_flights,EFHK → ESSA,0.0,FLIGHTLINE,SPAIN
EFHK,ESSA,SAS,238,53,7.1667,all_flights,EFHK → ESSA,22.2689,SCANDINAVIAN AIRLINES SYSTEM,SWEDEN
EFHK,ESSA,THY,12,4,10.7417,all_flights,EFHK → ESSA,33.3333,TURK HAVA YOLLARI (TURKISH AIRLINES CO.),TURKEY
EFHK,ESSA,UPS,13,0,2.1167,all_flights,EFHK → ESSA,0.0,"UNITED PARCEL SERVICE COMPANY, (LOUISVILLE, KY)",UNITED STATES
EFHK,ESSA,ZZZ,503,40,3.4,all_flights,EFHK → ESSA,7.9523,Unknown / not identified,
EFHK,EVRA,BTI,293,35,3.7833,all_flights,EFHK → EVRA,11.9454,AIR BALTIC CORPORATION JSC,LATVIA
EFHK,EVRA,FIN,331,34,2.9,all_flights,EFHK → EVRA,10.2719,FINNAIR OYJ,FINLAND
EFHK,EVRA,RYR,73,6,2.1667,all_flights,EFHK → EVRA,8.2192,RYANAIR,IRELAND
EFHK,LFPG,AFR,222,69,11.4333,all_flights,EFHK → LFPG,31.0811,AIR FRANCE,FRANCE
EFHK,LFPG,FDX,1,0,-4.75,all_flights,EFHK → LFPG,0.0,FEDERAL EXPRESS CORPORATION,UNITED STATES
EFHK,LFPG,FIN,485,68,6.0,all_flights,EFHK → LFPG,14.0206,FINNAIR OYJ,FINLAND
EFHK,LFPG,SWN,19,1,0.3167,all_flights,EFHK → LFPG,5.2632,WEST ATLANTIC SWEDEN AB,SWEDEN
EFHK,LFPG,ZZZ,50,7,1.525,all_flights,EFHK → LFPG,14.0,Unknown / not identified,
EFOU,EFHK,FIN,856,36,-0.3417,all_flights,EFOU → EFHK,4.2056,FINNAIR OYJ,FINLAND
EFOU,EFHK,ZZZ,97,2,-1.0167,all_flights,EFOU → EFHK,2.0619,Unknown / not identified,
EFRO,EFHK,FIN,577,43,0.5333,all_flights,EFRO → EFHK,7.4523,FINNAIR OYJ,FINLAND
EFRO,EFHK,ZZZ,85,11,4.1167,all_flights,EFRO → EFHK,12.9412,Unknown / not identified,
EGAA,EGGP,EZY,542,14,-4.4,all_flights,EGAA → EGGP,2.583,EASYJET UK LTD,UNITED KINGDOM
EGAA,EGKK,EZY,609,129,1.9333,all_flights,EGAA → EGKK,21.1823,EASYJET UK LTD,UNITED KINGDOM
EGAA,EGNX,ABV,24,0,-2.7,all_flights,EGAA → EGNX,0.0,ASL AIRLINES UK,UNITED KINGDOM
EGAA,EGNX,AWC,84,1,-1.1,all_flights,EGAA → EGNX,1.1905,TITAN AIRWAYS LTD,UNITED KINGDOM
EGAA,EGNX,DHK,102,6,1.075,all_flights,EGAA → EGNX,5.8824,DHL AIR LIMITED,UNITED KINGDOM
EGAA,EGNX,EZY,14,0,-4.3083,all_flights,EGAA → EGNX,0.0,EASYJET UK LTD,UNITED KINGDOM
EGAA,EGNX,ZZZ,290,19,1.625,all_flights,EGAA → EGNX,6.5517,Unknown / not identified,
EGAC,EGBB,CFE,14,0,3.1583,all_flights,EGAC → EGBB,0.0,BA CITYFLYER LTD,UNITED KINGDOM
EGAC,EGBB,EAI,94,5,4.625,all_flights,EGAC → EGBB,5.3191,EMERALD AIRLINES (IRELAND) LIMITED,IRELAND
EGAC,EGBB,ZZZ,410,49,4.0417,all_flights,EGAC → EGBB,11.9512,Unknown / not identified,
EGAC,EGLL,BAW,1,0,-15.9333,all_flights,EGAC → EGLL,0.0,BRITISH AIRWAYS,UNITED KINGDOM
EGAC,EGLL,EIN,270,46,3.925,all_flights,EGAC → EGLL,17.037,AER LINGUS TEORANTA,IRELAND
EGAC,EGLL,SHT,402,98,6.35,all_flights,EGAC → EGLL,24.3781,BRITISH AIRWAYS SHUTTLE,UNITED KINGDOM
EGAC,EGLL,ZZZ,173,52,9.4833,all_flights,EGAC → EGLL,30.0578,Unknown / not identified,
EGBB,EGAC,CFE,14,0,-6.0083,all_flights,EGBB → EGAC,0.0,BA CITYFLYER LTD,UNITED KINGDOM
EGBB,EGAC,EAI,94,0,-2.0583,all_flights,EGBB → EGAC,0.0,EMERALD AIRLINES (IRELAND) LIMITED,IRELAND
EGBB,EGAC,ZZZ,418,3,-4.5083,all_flights,EGBB → EGAC,0.7177,Unknown / not identified,
EGBB,EHAM,EXS,9,2,3.8667,all_flights,EGBB → EHAM,22.2222,JET2.COM LTD,UNITED KINGDOM
EGBB,EHAM,KLM,443,35,0.9167,all_flights,EGBB → EHAM,7.9007,KLM ROYAL DUTCH AIRLINES,NETHERLANDS
EGBB,EHAM,ZZZ,234,30,3.9333,all_flights,EGBB → EHAM,12.8205,Unknown / not identified,
EGBB,EIDW,EAI,69,2,-4.9667,all_flights,EGBB → EIDW,2.8986,EMERALD AIRLINES (IRELAND) LIMITED,IRELAND
EGBB,EIDW,EIN,281,7,-6.0667,all_flights,EGBB → EIDW,2.4911,AER LINGUS TEORANTA,IRELAND
EGBB,EIDW,GEC,16,1,-3.3667,all_flights,EGBB → EIDW,6.25,"LUFTHANSA CARGO AG, FRANKFURT (MAIN)",GERMANY
EGBB,EIDW,RYR,587,18,-5.5833,all_flights,EGBB → EIDW,3.0664,RYANAIR,IRELAND
EGBB,EIDW,ZZZ,155,7,-8.9167,all_flights,EGBB → EIDW,4.5161,Unknown / not identified,
EGCC,EGLL,SHT,559,84,2.3667,all_flights,EGCC → EGLL,15.0268,BRITISH AIRWAYS SHUTTLE,UNITED KINGDOM
EGCC,EGLL,VIR,1,0,-5.05,all_flights,EGCC → EGLL,0.0,VIRGIN ATLANTIC,UNITED KINGDOM
EGCC,EHAM,EZY,382,40,-3.075,all_flights,EGCC → EHAM,10.4712,EASYJET UK LTD,UNITED KINGDOM
EGCC,EHAM,KLM,528,67,1.425,all_flights,EGCC → EHAM,12.6894,KLM ROYAL DUTCH AIRLINES,NETHERLANDS
EGCC,EHAM,ZZZ,13,0,-8.1,all_flights,EGCC → EHAM,0.0,Unknown / not identified,
EGCC,EIDW,EAI,94,5,-2.875,all_flights,EGCC → EIDW,5.3191,EMERALD AIRLINES (IRELAND) LIMITED,IRELAND
EGCC,EIDW,EIN,301,18,-6.1833,all_flights,EGCC → EIDW,5.9801,AER LINGUS TEORANTA,IRELAND
EGCC,EIDW,RYR,642,28,-6.0833,all_flights,EGCC → EIDW,4.3614,RYANAIR,IRELAND
EGCC,EIDW,SWR,1,0,-8.9667,all_flights,EGCC → EIDW,0.0,SWISS INTERNATIONAL AIR LINES LTD,SWITZERLAND
EGCC,EIDW,ZZZ,146,15,-1.1667,all_flights,EGCC → EIDW,10.274,Unknown / not identified,
EGCC,GCTS,EXS,258,25,-0.6417,all_flights,EGCC → GCTS,9.6899,JET2.COM LTD,UNITED KINGDOM
EGCC,GCTS,EZY,173,13,-6.0167,all_flights,EGCC → GCTS,7.5145,EASYJET UK LTD,UNITED KINGDOM
EGCC,GCTS,RYR,155,21,-2.0167,all_flights,EGCC → GCTS,13.5484,RYANAIR,IRELAND
EGCC,GCTS,ZZZ,126,15,-2.575,all_flights,EGCC → GCTS,11.9048,Unknown / not identified,
EGCC,LEAL,EXS,149,26,5.4667,all_flights,EGCC → LEAL,17.4497,JET2.COM LTD,UNITED KINGDOM
EGCC,LEAL,EZY,202,36,1.6917,all_flights,EGCC → LEAL,17.8218,EASYJET UK LTD,UNITED KINGDOM
EGCC,LEAL,RYR,297,46,3.3667,all_flights,EGCC → LEAL,15.4882,RYANAIR,IRELAND
EGCC,LEAL,ZZZ,41,5,5.3833,all_flights,EGCC → LEAL,12.1951,Unknown / not identified,
EGCC,LEMG,EXS,122,15,3.2,all_flights,EGCC → LEMG,12.2951,JET2.COM LTD,UNITED KINGDOM
EGCC,LEMG,EZY,99,14,2.9,all_flights,EGCC → LEMG,14.1414,EASYJET UK LTD,UNITED KINGDOM
EGCC,LEMG,RYR,176,22,3.0,all_flights,EGCC → LEMG,12.5,RYANAIR,IRELAND
EGCC,LEMG,ZZZ,124,17,2.2917,all_flights,EGCC → LEMG,13.7097,Unknown / not identified,
EGCC,LEPA,EXS,187,48,5.3167,all_flights,EGCC → LEPA,25.6684,JET2.COM LTD,UNITED KINGDOM
EGCC,LEPA,EZY,127,25,2.1833,all_flights,EGCC → LEPA,19.685,EASYJET UK LTD,UNITED KINGDOM
EGCC,LEPA,RYR,185,37,3.0667,all_flights,EGCC → LEPA,20.0,RYANAIR,IRELAND
EGCC,LEPA,ZZZ,122,34,5.2083,all_flights,EGCC → LEPA,27.8689,Unknown / not identified,
EGCC,LFPG,AFR,346,57,4.0333,all_flights,EGCC → LFPG,16.474,AIR FRANCE,FRANCE
EGCC,LFPG,EZY,308,20,-5.3167,all_flights,EGCC → LFPG,6.4935,EASYJET UK LTD,UNITED KINGDOM
EGGD,EHAM,EZY,207,20,3.3167,all_flights,EGGD → EHAM,9.6618,EASYJET UK LTD,UNITED KINGDOM
EGGD,EHAM,KLM,301,36,3.8,all_flights,EGGD → EHAM,11.9601,KLM ROYAL DUTCH AIRLINES,NETHERLANDS
EGGD,EHAM,ZZZ,79,19,3.65,all_flights,EGGD → EHAM,24.0506,Unknown / not identified,
EGGD,EIDW,EAI,82,1,-6.0083,all_flights,EGGD → EIDW,1.2195,EMERALD AIRLINES (IRELAND) LIMITED,IRELAND
EGGD,EIDW,EIN,18,0,-17.125,all_flights,EGGD → EIDW,0.0,AER LINGUS TEORANTA,IRELAND
EGGD,EIDW,RYR,323,11,-1.5333,all_flights,EGGD → EIDW,3.4056,RYANAIR,IRELAND
EGGD,EIDW,ZZZ,142,3,-3.8667,all_flights,EGGD → EIDW,2.1127,Unknown / not identified,
EGGP,EGAA,EZY,541,26,-7.1,all_flights,EGGP → EGAA,4.8059,EASYJET UK LTD,UNITED KINGDOM
EGGW,EHAM,EZY,499,48,-2.6833,all_flights,EGGW → EHAM,9.6192,EASYJET UK LTD,UNITED KINGDOM
EGGW,EHAM,MNB,15,1,1.8167,all_flights,EGGW → EHAM,6.6667,MNG HAVAYOLLARI VE TASIMACILIK A.S.,TURKEY
EGGW,EHAM,ZZZ,92,8,-7.5833,all_flights,EGGW → EHAM,8.6957,Unknown / not identified,
EGJB,EGKK,AUR,606,72,1.3417,all_flights,EGJB → EGKK,11.8812,AURIGNY AIR SERVICES LTD.,UNITED KINGDOM
EGKK,EGAA,EZY,612,19,-5.2333,all_flights,EGKK → EGAA,3.1046,EASYJET UK LTD,UNITED KINGDOM
EGKK,EGJB,AUR,606,19,-7.05,all_flights,EGKK → EGJB,3.1353,AURIGNY AIR SERVICES LTD.,UNITED KINGDOM
EGKK,EGPF,BAW,33,2,-1.1833,all_flights,EGKK → EGPF,6.0606,BRITISH AIRWAYS,UNITED KINGDOM
EGKK,EGPF,EZY,437,26,-6.35,all_flights,EGKK → EGPF,5.9497,EASYJET UK LTD,UNITED KINGDOM
EGKK,EGPF,SHT,86,4,-3.1,all_flights,EGKK → EGPF,4.6512,BRITISH AIRWAYS SHUTTLE,UNITED KINGDOM
EGKK,EGPF,ZZZ,6,1,-0.5917,all_flights,EGKK → EGPF,16.6667,Unknown / not identified,
EGKK,EGPH,EZY,519,27,-5.3833,all_flights,EGKK → EGPH,5.2023,EASYJET UK LTD,UNITED KINGDOM
EGKK,EGPH,ZZZ,1,0,-18.9667,all_flights,EGKK → EGPH,0.0,Unknown / not identified,
EGKK,EHAM,BAW,211,30,3.35,all_flights,EGKK → EHAM,14.218,BRITISH AIRWAYS,UNITED KINGDOM
EGKK,EHAM,EZY,375,29,-4.45,all_flights,EGKK → EHAM,7.7333,EASYJET UK LTD,UNITED KINGDOM
EGKK,EHAM,ZZZ,283,28,-4.2167,all_flights,EGKK → EHAM,9.894,Unknown / not identified,
EGKK,EIDW,EIN,541,19,-9.6667,all_flights,EGKK → EIDW,3.512,AER LINGUS TEORANTA,IRELAND
EGKK,EIDW,RYR,910,34,-6.5333,all_flights,EGKK → EIDW,3.7363,RYANAIR,IRELAND
EGKK,EKCH,EZY,189,8,-6.7,all_flights,EGKK → EKCH,4.2328,EASYJET UK LTD,UNITED KINGDOM
EGKK,EKCH,ZZZ,416,7,-9.775,all_flights,EGKK → EKCH,1.6827,Unknown / not identified,
EGKK,GCTS,BAW,97,11,-1.5167,all_flights,EGKK → GCTS,11.3402,BRITISH AIRWAYS,UNITED KINGDOM
EGKK,GCTS,EZY,316,24,-3.8583,all_flights,EGKK → GCTS,7.5949,EASYJET UK LTD,UNITED KINGDOM
EGKK,GCTS,VLG,11,1,-2.15,all_flights,EGKK → GCTS,9.0909,VUELING AIRLINES,SPAIN
EGKK,GCTS,ZZZ,117,10,-2.45,all_flights,EGKK → GCTS,8.547,Unknown / not identified,
EGKK,LEAL,BAW,91,15,3.1333,all_flights,EGKK → LEAL,16.4835,BRITISH AIRWAYS,UNITED KINGDOM
EGKK,LEAL,EZY,412,36,1.425,all_flights,EGKK → LEAL,8.7379,EASYJET UK LTD,UNITED KINGDOM
EGKK,LEAL,RYR,81,3,1.15,all_flights,EGKK → LEAL,3.7037,RYANAIR,IRELAND
EGKK,LEAL,ZZZ,14,1,-2.7667,all_flights,EGKK → LEAL,7.1429,Unknown / not identified,
EGKK,LEBL,EZY,253,32,2.0833,all_flights,EGKK → LEBL,12.6482,EASYJET UK LTD,UNITED KINGDOM
EGKK,LEBL,VLG,669,101,2.85,all_flights,EGKK → LEBL,15.0972,VUELING AIRLINES,SPAIN
EGKK,LEBL,ZZZ,180,13,-4.45,all_flights,EGKK → LEBL,7.2222,Unknown / not identified,
EGKK,LEMD,AEA,244,14,-2.0667,all_flights,EGKK → LEMD,5.7377,AIR EUROPA,SPAIN
EGKK,LEMD,BAW,47,9,1.7667,all_flights,EGKK → LEMD,19.1489,BRITISH AIRWAYS,UNITED KINGDOM
EGKK,LEMD,EZY,300,21,-2.3083,all_flights,EGKK → LEMD,7.0,EASYJET UK LTD,UNITED KINGDOM
EGKK,LEMD,PLM,1,0,7.1833,all_flights,EGKK → LEMD,0.0,WAMOS AIR S.A.,SPAIN
EGKK,LEMD,ZZZ,172,20,-0.1083,all_flights,EGKK → LEMD,11.6279,Unknown / not identified,
EGKK,LEMG,BAW,120,14,1.1,all_flights,EGKK → LEMG,11.6667,BRITISH AIRWAYS,UNITED KINGDOM
EGKK,LEMG,CFE,1,0,7.7667,all_flights,EGKK → LEMG,0.0,BA CITYFLYER LTD,UNITED KINGDOM
EGKK,LEMG,EZY,380,57,3.6333,all_flights,EGKK → LEMG,15.0,EASYJET UK LTD,UNITED KINGDOM
EGKK,LEMG,RYR,22,0,-2.4083,all_flights,EGKK → LEMG,0.0,RYANAIR,IRELAND
EGKK,LEMG,VLG,180,24,2.7583,all_flights,EGKK → LEMG,13.3333,VUELING AIRLINES,SPAIN
EGKK,LEMG,WZZ,1,0,-12.5,all_flights,EGKK → LEMG,0.0,WIZZ AIR HUNGARY LTD,HUNGARY
EGKK,LEMG,ZZZ,242,40,3.8583,all_flights,EGKK → LEMG,16.5289,Unknown / not identified,
EGKK,LEPA,BAW,69,10,4.0667,all_flights,EGKK → LEPA,14.4928,BRITISH AIRWAYS,UNITED KINGDOM
EGKK,LEPA,CFE,1,0,14.8333,all_flights,EGKK → LEPA,0.0,BA CITYFLYER LTD,UNITED KINGDOM
EGKK,LEPA,EZY,252,24,-1.2917,all_flights,EGKK → LEPA,9.5238,EASYJET UK LTD,UNITED KINGDOM
EGKK,LEPA,ZZZ,316,40,2.0,all_flights,EGKK → LEPA,12.6582,Unknown / not identified,
EGKK,LFMN,BAW,95,24,4.8167,all_flights,EGKK → LFMN,25.2632,BRITISH AIRWAYS,UNITED KINGDOM
EGKK,LFMN,EZY,387,62,2.85,all_flights,EGKK → LFMN,16.0207,EASYJET UK LTD,UNITED KINGDOM
EGKK,LFMN,ZZZ,38,4,-1.125,all_flights,EGKK → LFMN,10.5263,Unknown / not identified,
EGKK,LIMC,BAW,42,4,-9.7667,all_flights,EGKK → LIMC,9.5238,BRITISH AIRWAYS,UNITED KINGDOM
EGKK,LIMC,EZY,172,10,-15.3,all_flights,EGKK → LIMC,5.814,EASYJET UK LTD,UNITED KINGDOM
EGKK,LIMC,WZZ,196,9,-15.4,all_flights,EGKK → LIMC,4.5918,WIZZ AIR HUNGARY LTD,HUNGARY
EGKK,LIMC,ZZZ,286,6,-19.0917,all_flights,EGKK → LIMC,2.0979,Unknown / not identified,
EGKK,LIRF,EZY,268,21,-5.6083,all_flights,EGKK → LIRF,7.8358,EASYJET UK LTD,UNITED KINGDOM
EGKK,LIRF,VLG,255,5,-7.15,all_flights,EGKK → LIRF,1.9608,VUELING AIRLINES,SPAIN
EGKK,LIRF,WZZ,100,11,-5.1667,all_flights,EGKK → LIRF,11.0,WIZZ AIR HUNGARY LTD,HUNGARY
EGKK,LPFR,BAW,127,12,3.8,all_flights,EGKK → LPFR,9.4488,BRITISH AIRWAYS,UNITED KINGDOM
EGKK,LPFR,EZY,350,21,1.4917,all_flights,EGKK → LPFR,6.0,EASYJET UK LTD,UNITED KINGDOM
EGKK,LPFR,WZZ,1,0,6.3,all_flights,EGKK → LPFR,0.0,WIZZ AIR HUNGARY LTD,HUNGARY
EGKK,LPFR,ZZZ,182,14,0.35,all_flights,EGKK → LPFR,7.6923,Unknown / not identified,
EGKK,LSGG,BAW,93,5,-6.1167,all_flights,EGKK → LSGG,5.3763,BRITISH AIRWAYS,UNITED KINGDOM
EGKK,LSGG,EZS,381,27,-5.3167,all_flights,EGKK → LSGG,7.0866,EASY JET SWITZERLAND SA,SWITZERLAND
EGKK,LSGG,EZY,331,16,-3.3,all_flights,EGKK → LSGG,4.8338,EASYJET UK LTD,UNITED KINGDOM
EGKK,LSGG,SWR,34,1,-1.6667,all_flights,EGKK → LSGG,2.9412,SWISS INTERNATIONAL AIR LINES LTD,SWITZERLAND
EGKK,LSGG,ZZZ,6,4,21.1333,all_flights,EGKK → LSGG,66.6667,Unknown / not identified,
EGLC,EDDF,CFE,320,11,-4.8333,all_flights,EGLC → EDDF,3.4375,BA CITYFLYER LTD,UNITED KINGDOM
EGLC,EDDF,DLH,242,1,-9.4667,all_flights,EGLC → EDDF,0.4132,"DEUTSCHE LUFTHANSA, AG, KOELN",GERMANY
EGLC,EGPH,CFE,743,103,3.5333,all_flights,EGLC → EGPH,13.8627,BA CITYFLYER LTD,UNITED KINGDOM
EGLC,EHAM,CFE,452,90,5.1333,all_flights,EGLC → EHAM,19.9115,BA CITYFLYER LTD,UNITED KINGDOM
EGLC,EHAM,KLM,588,51,1.5,all_flights,EGLC → EHAM,8.6735,KLM ROYAL DUTCH AIRLINES,NETHERLANDS
EGLC,EIDW,CFE,535,47,-0.6,all_flights,EGLC → EIDW,8.785,BA CITYFLYER LTD,UNITED KINGDOM
EGLC,ELLX,BAW,1,0,-1.95,all_flights,EGLC → ELLX,0.0,BRITISH AIRWAYS,UNITED KINGDOM
EGLC,ELLX,CFE,107,18,5.2333,all_flights,EGLC → ELLX,16.8224,BA CITYFLYER LTD,UNITED KINGDOM
EGLC,ELLX,LGL,562,11,-4.6417,all_flights,EGLC → ELLX,1.9573,LUXAIR - SOCIETE LUXEMBOURGEOISE DE NAVIGATION AERIENNE S.A.,LUXEMBOURG
EGLC,LSZH,CFE,271,33,4.1833,all_flights,EGLC → LSZH,12.1771,BA CITYFLYER LTD,UNITED KINGDOM
EGLC,LSZH,SWR,344,42,0.8917,all_flights,EGLC → LSZH,12.2093,SWISS INTERNATIONAL AIR LINES LTD,SWITZERLAND
EGLL,CYYZ,ACA,319,120,11.6667,all_flights,EGLL → CYYZ,37.6176,AIR CANADA,CANADA
EGLL,CYYZ,BAW,204,40,6.1333,all_flights,EGLL → CYYZ,19.6078,BRITISH AIRWAYS,UNITED KINGDOM
EGLL,EBBR,BAW,323,91,9.8167,all_flights,EGLL → EBBR,28.1734,BRITISH AIRWAYS,UNITED KINGDOM
EGLL,EBBR,BCS,81,4,-1.4,all_flights,EGLL → EBBR,4.9383,"EUROPEAN AIR TRANSPORT, LEIPZIG",GERMANY
EGLL,EBBR,BEL,317,69,6.8167,all_flights,EGLL → EBBR,21.7666,BRUSSELS AIRLINES,BELGIUM
EGLL,EBBR,ETH,3,2,17.1667,all_flights,EGLL → EBBR,66.6667,ETHIOPIAN AIRLINES CORPORATION,ETHIOPIA
EGLL,EBBR,RWD,41,9,9.4667,all_flights,EGLL → EBBR,21.9512,RWANDAIR LTD.,RWANDA
EGLL,EBBR,VIR,17,2,1.4667,all_flights,EGLL → EBBR,11.7647,VIRGIN ATLANTIC,UNITED KINGDOM
EGLL,EDDF,BAW,422,33,-3.3167,all_flights,EGLL → EDDF,7.8199,BRITISH AIRWAYS,UNITED KINGDOM
EGLL,EDDF,BCS,32,0,-15.8083,all_flights,EGLL → EDDF,0.0,"EUROPEAN AIR TRANSPORT, LEIPZIG",GERMANY
EGLL,EDDF,DLH,1016,58,-4.7333,all_flights,EGLL → EDDF,5.7087,"DEUTSCHE LUFTHANSA, AG, KOELN",GERMANY
EGLL,EDDF,GEC,4,0,3.4583,all_flights,EGLL → EDDF,0.0,"LUFTHANSA CARGO AG, FRANKFURT (MAIN)",GERMANY
EGLL,EDDF,SIA,1,0,7.3167,all_flights,EGLL → EDDF,0.0,SINGAPORE AIRLINES LIMITED,SINGAPORE
EGLL,EDDF,UAE,19,2,-11.4667,all_flights,EGLL → EDDF,10.5263,EMIRATES,UNITED ARAB EMIRATES
EGLL,EDDH,BAW,369,72,3.7833,all_flights,EGLL → EDDH,19.5122,BRITISH AIRWAYS,UNITED KINGDOM
EGLL,EDDH,EWG,252,42,0.2167,all_flights,EGLL → EDDH,16.6667,EUROWINGS GMBH,GERMANY
EGLL,EDDL,BAW,360,66,5.2917,all_flights,EGLL → EDDL,18.3333,BRITISH AIRWAYS,UNITED KINGDOM
EGLL,EDDL,EWG,365,43,0.7667,all_flights,EGLL → EDDL,11.7808,EUROWINGS GMBH,GERMANY
EGLL,EDDM,BAW,462,123,7.1417,all_flights,EGLL → EDDM,26.6234,BRITISH AIRWAYS,UNITED KINGDOM
EGLL,EDDM,DLH,741,101,0.2333,all_flights,EGLL → EDDM,13.6302,"DEUTSCHE LUFTHANSA, AG, KOELN",GERMANY
EGLL,EGAC,BAW,1,1,37.35,all_flights,EGLL → EGAC,100.0,BRITISH AIRWAYS,UNITED KINGDOM
EGLL,EGAC,EIN,268,36,2.2083,all_flights,EGLL → EGAC,13.4328,AER LINGUS TEORANTA,IRELAND
EGLL,EGAC,SHT,404,98,7.9167,all_flights,EGLL → EGAC,24.2574,BRITISH AIRWAYS SHUTTLE,UNITED KINGDOM
EGLL,EGAC,ZZZ,172,18,-4.0167,all_flights,EGLL → EGAC,10.4651,Unknown / not identified,
EGLL,EGCC,ETH,1,1,21.0667,all_flights,EGLL → EGCC,100.0,ETHIOPIAN AIRLINES CORPORATION,ETHIOPIA
EGLL,EGCC,SHT,559,222,12.4,all_flights,EGLL → EGCC,39.7138,BRITISH AIRWAYS SHUTTLE,UNITED KINGDOM
EGLL,EGCC,SIA,1,1,18.2833,all_flights,EGLL → EGCC,100.0,SINGAPORE AIRLINES LIMITED,SINGAPORE
EGLL,EGCC,VIR,2,1,11.3,all_flights,EGLL → EGCC,50.0,VIRGIN ATLANTIC,UNITED KINGDOM
EGLL,EGPD,BAW,1,1,33.4,all_flights,EGLL → EGPD,100.0,BRITISH AIRWAYS,UNITED KINGDOM
EGLL,EGPD,SHT,544,187,10.5417,all_flights,EGLL → EGPD,34.375,BRITISH AIRWAYS SHUTTLE,UNITED KINGDOM
EGLL,EGPF,BAW,7,3,10.75,all_flights,EGLL → EGPF,42.8571,BRITISH AIRWAYS,UNITED KINGDOM
EGLL,EGPF,SHT,842,282,10.3083,all_flights,EGLL → EGPF,33.4917,BRITISH AIRWAYS SHUTTLE,UNITED KINGDOM
EGLL,EGPH,BAW,1,1,21.9833,all_flights,EGLL → EGPH,100.0,BRITISH AIRWAYS,UNITED KINGDOM
EGLL,EGPH,LOG,1,0,10.3833,all_flights,EGLL → EGPH,0.0,LOGAN AIR LIMITED,UNITED KINGDOM
EGLL,EGPH,SHT,875,272,9.7,all_flights,EGLL → EGPH,31.0857,BRITISH AIRWAYS SHUTTLE,UNITED KINGDOM
EGLL,EHAM,BAW,722,238,9.9833,all_flights,EGLL → EHAM,32.964,BRITISH AIRWAYS,UNITED KINGDOM
EGLL,EHAM,BCS,18,5,3.1917,all_flights,EGLL → EHAM,27.7778,"EUROPEAN AIR TRANSPORT, LEIPZIG",GERMANY
EGLL,EHAM,KLM,877,168,5.6833,all_flights,EGLL → EHAM,19.1562,KLM ROYAL DUTCH AIRLINES,NETHERLANDS
EGLL,EHAM,MNB,1,0,8.6667,all_flights,EGLL → EHAM,0.0,MNG HAVAYOLLARI VE TASIMACILIK A.S.,TURKEY
EGLL,EHAM,SIA,18,1,10.1417,all_flights,EGLL → EHAM,5.5556,SINGAPORE AIRLINES LIMITED,SINGAPORE
EGLL,EHAM,ZZZ,146,40,7.6083,all_flights,EGLL → EHAM,27.3973,Unknown / not identified,
EGLL,EIDW,BAW,664,138,5.6333,all_flights,EGLL → EIDW,20.7831,BRITISH AIRWAYS,UNITED KINGDOM
EGLL,EIDW,EIN,1139,150,1.3667,all_flights,EGLL → EIDW,13.1694,AER LINGUS TEORANTA,IRELAND
EGLL,EKCH,BAW,477,99,5.6667,all_flights,EGLL → EKCH,20.7547,BRITISH AIRWAYS,UNITED KINGDOM
EGLL,EKCH,SAS,123,3,-3.75,all_flights,EGLL → EKCH,2.439,SCANDINAVIAN AIRLINES SYSTEM,SWEDEN
EGLL,EKCH,ZZZ,346,26,0.8167,all_flights,EGLL → EKCH,7.5145,Unknown / not identified,
EGLL,ENGM,BAW,263,69,6.5667,all_flights,EGLL → ENGM,26.2357,BRITISH AIRWAYS,UNITED KINGDOM
EGLL,ENGM,QTR,6,0,6.4833,all_flights,EGLL → ENGM,0.0,QATAR AIRWAYS GROUP Q.C.S.C.,QATAR
EGLL,ENGM,SAS,443,30,0.5333,all_flights,EGLL → ENGM,6.772,SCANDINAVIAN AIRLINES SYSTEM,SWEDEN
EGLL,ENGM,THY,1,1,49.8167,all_flights,EGLL → ENGM,100.0,TURK HAVA YOLLARI (TURKISH AIRLINES CO.),TURKEY
EGLL,EPWA,BAW,298,57,3.05,all_flights,EGLL → EPWA,19.1275,BRITISH AIRWAYS,UNITED KINGDOM
EGLL,EPWA,LOT,276,50,3.3917,all_flights,EGLL → EPWA,18.1159,LOT - POLSKIE LINIE LOTNICZE,POLAND
EGLL,EPWA,VIR,1,0,-6.1,all_flights,EGLL → EPWA,0.0,VIRGIN ATLANTIC,UNITED KINGDOM
EGLL,ESSA,BAW,362,74,7.05,all_flights,EGLL → ESSA,20.442,BRITISH AIRWAYS,UNITED KINGDOM
EGLL,ESSA,BCS,3,0,-5.5,all_flights,EGLL → ESSA,0.0,"EUROPEAN AIR TRANSPORT, LEIPZIG",GERMANY
EGLL,ESSA,SAS,138,17,3.2833,all_flights,EGLL → ESSA,12.3188,SCANDINAVIAN AIRLINES SYSTEM,SWEDEN
EGLL,ESSA,ZZZ,368,39,3.45,all_flights,EGLL → ESSA,10.5978,Unknown / not identified,
EGLL,KBOS,AAL,112,14,1.9,all_flights,EGLL → KBOS,12.5,AMERICAN AIRLINES INC.,UNITED STATES
EGLL,KBOS,BAW,295,62,7.2,all_flights,EGLL → KBOS,21.0169,BRITISH AIRWAYS,UNITED KINGDOM
EGLL,KBOS,DAL,104,20,4.0583,all_flights,EGLL → KBOS,19.2308,"DELTA AIR LINES, INC.",UNITED STATES
EGLL,KBOS,JBU,41,3,3.5333,all_flights,EGLL → KBOS,7.3171,"JETBLUE AIRWAYS CORPORATION (NEW YORK, NY)",UNITED STATES
EGLL,KBOS,UAL,89,14,4.6167,all_flights,EGLL → KBOS,15.7303,"UNITED AIRLINES, INC. (CHICAGO, IL)",UNITED STATES
EGLL,KBOS,VIR,110,10,0.1083,all_flights,EGLL → KBOS,9.0909,VIRGIN ATLANTIC,UNITED KINGDOM
EGLL,KEWR,BAW,261,56,7.0333,all_flights,EGLL → KEWR,21.4559,BRITISH AIRWAYS,UNITED KINGDOM
EGLL,KEWR,UAL,643,85,3.15,all_flights,EGLL → KEWR,13.2193,"UNITED AIRLINES, INC. (CHICAGO, IL)",UNITED STATES
EGLL,KIAD,BAW,214,45,7.2167,all_flights,EGLL → KIAD,21.028,BRITISH AIRWAYS,UNITED KINGDOM
EGLL,KIAD,UAL,262,43,4.5333,all_flights,EGLL → KIAD,16.4122,"UNITED AIRLINES, INC. (CHICAGO, IL)",UNITED STATES
EGLL,KIAD,VIR,85,2,0.8833,all_flights,EGLL → KIAD,2.3529,VIRGIN ATLANTIC,UNITED KINGDOM
EGLL,KJFK,AAL,431,71,3.6333,all_flights,EGLL → KJFK,16.4733,AMERICAN AIRLINES INC.,UNITED STATES
EGLL,KJFK,BAW,671,163,7.85,all_flights,EGLL → KJFK,24.2921,BRITISH AIRWAYS,UNITED KINGDOM
EGLL,KJFK,DAL,217,37,3.6833,all_flights,EGLL → KJFK,17.0507,"DELTA AIR LINES, INC.",UNITED STATES
EGLL,KJFK,JBU,120,21,3.7917,all_flights,EGLL → KJFK,17.5,"JETBLUE AIRWAYS CORPORATION (NEW YORK, NY)",UNITED STATES
EGLL,KJFK,VIR,497,69,2.35,all_flights,EGLL → KJFK,13.8833,VIRGIN ATLANTIC,UNITED KINGDOM
EGLL,KLAX,AAL,211,27,4.8,all_flights,EGLL → KLAX,12.7962,AMERICAN AIRLINES INC.,UNITED STATES
EGLL,KLAX,BAW,281,64,7.9833,all_flights,EGLL → KLAX,22.7758,BRITISH AIRWAYS,UNITED KINGDOM
EGLL,KLAX,UAL,88,25,7.5917,all_flights,EGLL → KLAX,28.4091,"UNITED AIRLINES, INC. (CHICAGO, IL)",UNITED STATES
EGLL,KLAX,VIR,298,41,3.9917,all_flights,EGLL → KLAX,13.7584,VIRGIN ATLANTIC,UNITED KINGDOM
EGLL,KMIA,AAL,185,37,5.6,all_flights,EGLL → KMIA,20.0,AMERICAN AIRLINES INC.,UNITED STATES
EGLL,KMIA,BAW,208,57,8.725,all_flights,EGLL → KMIA,27.4038,BRITISH AIRWAYS,UNITED KINGDOM
EGLL,KMIA,VIR,151,22,4.8833,all_flights,EGLL → KMIA,14.5695,VIRGIN ATLANTIC,UNITED KINGDOM
EGLL,KORD,AAL,303,51,4.5167,all_flights,EGLL → KORD,16.8317,AMERICAN AIRLINES INC.,UNITED STATES
EGLL,KORD,BAW,223,60,8.9167,all_flights,EGLL → KORD,26.9058,BRITISH AIRWAYS,UNITED KINGDOM
EGLL,KORD,UAL,264,43,3.7583,all_flights,EGLL → KORD,16.2879,"UNITED AIRLINES, INC. (CHICAGO, IL)",UNITED STATES
EGLL,KORD,ZZZ,13,0,-7.0833,all_flights,EGLL → KORD,0.0,Unknown / not identified,
EGLL,KSFO,BAW,218,50,8.8,all_flights,EGLL → KSFO,22.9358,BRITISH AIRWAYS,UNITED KINGDOM
EGLL,KSFO,UAL,275,54,5.7167,all_flights,EGLL → KSFO,19.6364,"UNITED AIRLINES, INC. (CHICAGO, IL)",UNITED STATES
EGLL,KSFO,VIR,182,31,4.4833,all_flights,EGLL → KSFO,17.033,VIRGIN ATLANTIC,UNITED KINGDOM
EGLL,LEBL,BAW,711,264,11.4833,all_flights,EGLL → LEBL,37.1308,BRITISH AIRWAYS,UNITED KINGDOM
EGLL,LEMD,BAW,453,126,7.4167,all_flights,EGLL → LEMD,27.8146,BRITISH AIRWAYS,UNITED KINGDOM
EGLL,LEMD,IBE,878,119,1.0,all_flights,EGLL → LEMD,13.5535,"IBERIA - LINEAS AEREAS DE ESPANA, SOCIEDAD ANONIMA OPERADORA",SPAIN
EGLL,LFMN,AFR,31,4,9.2833,all_flights,EGLL → LFMN,12.9032,AIR FRANCE,FRANCE
EGLL,LFMN,BAW,587,192,9.0,all_flights,EGLL → LFMN,32.7087,BRITISH AIRWAYS,UNITED KINGDOM
EGLL,LFMN,VJT,1,1,40.4333,all_flights,EGLL → LFMN,100.0,VISTAJET LTD,MALTA
EGLL,LFPG,AFR,625,114,5.1333,all_flights,EGLL → LFPG,18.24,AIR FRANCE,FRANCE
EGLL,LFPG,BAW,599,129,5.9833,all_flights,EGLL → LFPG,21.5359,BRITISH AIRWAYS,UNITED KINGDOM
EGLL,LFPG,BCS,17,1,-11.5167,all_flights,EGLL → LFPG,5.8824,"EUROPEAN AIR TRANSPORT, LEIPZIG",GERMANY
EGLL,LFPG,CPA,14,6,9.2583,all_flights,EGLL → LFPG,42.8571,CATHAY PACIFIC AIRWAYS LTD.,CHINA
EGLL,LFPG,KAL,37,2,-0.9667,all_flights,EGLL → LFPG,5.4054,"KOREAN AIR LINES CO., LTD.",REPUBLIC OF KOREA
EGLL,LFPG,QTR,1,1,25.7333,all_flights,EGLL → LFPG,100.0,QATAR AIRWAYS GROUP Q.C.S.C.,QATAR
EGLL,LGAV,AEE,333,42,1.3833,all_flights,EGLL → LGAV,12.6126,AEGEAN AIRLINES,GREECE
EGLL,LGAV,BAW,432,129,7.2083,all_flights,EGLL → LGAV,29.8611,BRITISH AIRWAYS,UNITED KINGDOM
EGLL,LGAV,MSR,1,0,-2.85,all_flights,EGLL → LGAV,0.0,EGYPT AIR,EGYPT
EGLL,LGAV,SEH,95,10,0.0667,all_flights,EGLL → LGAV,10.5263,SKY EXPRESS S.A.,GREECE
EGLL,LIML,BAW,457,130,7.8167,all_flights,EGLL → LIML,28.4464,BRITISH AIRWAYS,UNITED KINGDOM
EGLL,LIML,ZZZ,228,18,-1.8417,all_flights,EGLL → LIML,7.8947,Unknown / not identified,
EGLL,LIRF,BAW,530,75,-0.1667,all_flights,EGLL → LIRF,14.1509,BRITISH AIRWAYS,UNITED KINGDOM
EGLL,LIRF,MSR,1,1,190.0833,all_flights,EGLL → LIRF,100.0,EGYPT AIR,EGYPT
EGLL,LIRF,ZZZ,229,11,-4.1,all_flights,EGLL → LIRF,4.8035,Unknown / not identified,
EGLL,LOWW,AUA,428,148,9.6917,all_flights,EGLL → LOWW,34.5794,AUSTRIAN AIRLINES (AUA) AG,AUSTRIA
EGLL,LOWW,BAW,334,148,13.775,all_flights,EGLL → LOWW,44.3114,BRITISH AIRWAYS,UNITED KINGDOM
EGLL,LOWW,QTR,2,0,-5.35,all_flights,EGLL → LOWW,0.0,QATAR AIRWAYS GROUP Q.C.S.C.,QATAR
EGLL,LPPT,BAW,486,212,13.2333,all_flights,EGLL → LPPT,43.6214,BRITISH AIRWAYS,UNITED KINGDOM
EGLL,LPPT,TAP,703,174,7.2667,all_flights,EGLL → LPPT,24.7511,"TRANSPORTES AEREOS PORTUGUESES, E.P.",PORTUGAL
EGLL,LSGG,BAW,901,241,7.85,all_flights,EGLL → LSGG,26.7481,BRITISH AIRWAYS,UNITED KINGDOM
EGLL,LSGG,SWR,503,35,-3.8,all_flights,EGLL → LSGG,6.9583,SWISS INTERNATIONAL AIR LINES LTD,SWITZERLAND
EGLL,LSZH,BAW,435,129,8.5667,all_flights,EGLL → LSZH,29.6552,BRITISH AIRWAYS,UNITED KINGDOM
EGLL,LSZH,SWR,741,105,1.8667,all_flights,EGLL → LSZH,14.17,SWISS INTERNATIONAL AIR LINES LTD,SWITZERLAND
EGLL,LTFM,BAW,275,76,5.5833,all_flights,EGLL → LTFM,27.6364,BRITISH AIRWAYS,UNITED KINGDOM
EGLL,LTFM,MNB,2,0,-6.3083,all_flights,EGLL → LTFM,0.0,MNG HAVAYOLLARI VE TASIMACILIK A.S.,TURKEY
EGLL,LTFM,THY,647,154,4.6,all_flights,EGLL → LTFM,23.8022,TURK HAVA YOLLARI (TURKISH AIRLINES CO.),TURKEY
EGLL,LTFM,UAE,1,0,-19.35,all_flights,EGLL → LTFM,0.0,EMIRATES,UNITED ARAB EMIRATES
EGLL,OMDB,BAW,239,106,13.6667,all_flights,EGLL → OMDB,44.3515,BRITISH AIRWAYS,UNITED KINGDOM
EGLL,OMDB,RBA,13,5,12.4833,all_flights,EGLL → OMDB,38.4615,ROYAL BRUNEI AIRLINES,BRUNEI DARUSSALAM
EGLL,OMDB,UAE,734,340,13.1,all_flights,EGLL → OMDB,46.3215,EMIRATES,UNITED ARAB EMIRATES
EGLL,OTHH,BAW,78,41,16.1833,all_flights,EGLL → OTHH,52.5641,BRITISH AIRWAYS,UNITED KINGDOM
EGLL,OTHH,QTR,657,330,15.1333,all_flights,EGLL → OTHH,50.2283,QATAR AIRWAYS GROUP Q.C.S.C.,QATAR
EGLL,VIDP,AAL,1,0,-1.6833,all_flights,EGLL → VIDP,0.0,AMERICAN AIRLINES INC.,UNITED STATES
EGLL,VIDP,AIC,194,41,3.8,all_flights,EGLL → VIDP,21.134,AIR INDIA LIMITED,INDIA
EGLL,VIDP,BAW,159,61,10.3667,all_flights,EGLL → VIDP,38.3648,BRITISH AIRWAYS,UNITED KINGDOM
EGLL,VIDP,VIR,213,69,7.0833,all_flights,EGLL → VIDP,32.3944,VIRGIN ATLANTIC,UNITED KINGDOM
EGLL,VIDP,VTI,95,40,12.4167,all_flights,EGLL → VIDP,42.1053,TATA SIA AIRLINES LTD.,INDIA
EGLL,WSSS,BAW,140,42,7.8167,all_flights,EGLL → WSSS,30.0,BRITISH AIRWAYS,UNITED KINGDOM
EGLL,WSSS,QFA,71,33,13.75,all_flights,EGLL → WSSS,46.4789,QANTAS AIRWAYS LIMITED,AUSTRALIA
EGLL,WSSS,SIA,457,130,6.1167,all_flights,EGLL → WSSS,28.4464,SINGAPORE AIRLINES LIMITED,SINGAPORE
EGNX,EDDK,BCS,81,1,-3.2333,all_flights,EGNX → EDDK,1.2346,"EUROPEAN AIR TRANSPORT, LEIPZIG",GERMANY
EGNX,EDDK,MNB,83,1,-5.25,all_flights,EGNX → EDDK,1.2048,MNG HAVAYOLLARI VE TASIMACILIK A.S.,TURKEY
EGNX,EDDK,SRR,180,58,8.05,all_flights,EGNX → EDDK,32.2222,MAERSK AIR CARGO A/S,DENMARK
EGNX,EDDK,UPS,103,24,4.7333,all_flights,EGNX → EDDK,23.301,"UNITED PARCEL SERVICE COMPANY, (LOUISVILLE, KY)",UNITED STATES
EGNX,EDDK,ZZZ,69,1,-5.7,all_flights,EGNX → EDDK,1.4493,Unknown / not identified,
EGNX,EDDP,BCS,241,4,-6.0167,all_flights,EGNX → EDDP,1.6598,"EUROPEAN AIR TRANSPORT, LEIPZIG",GERMANY
EGNX,EDDP,BOX,104,3,-1.775,all_flights,EGNX → EDDP,2.8846,"AEROLOGIC GMBH, LEIPZIG",GERMANY
EGNX,EDDP,CJT,19,0,-4.15,all_flights,EGNX → EDDP,0.0,CARGOJET AIRWAYS LTD,CANADA
EGNX,EDDP,DHK,351,35,2.1,all_flights,EGNX → EDDP,9.9715,DHL AIR LIMITED,UNITED KINGDOM
EGNX,EDDP,ZZZ,108,4,-8.7833,all_flights,EGNX → EDDP,3.7037,Unknown / not identified,
EGNX,EGAA,ABV,115,2,-7.2,all_flights,EGNX → EGAA,1.7391,ASL AIRLINES UK,UNITED KINGDOM
EGNX,EGAA,AWC,81,4,0.5833,all_flights,EGNX → EGAA,4.9383,TITAN AIRWAYS LTD,UNITED KINGDOM
EGNX,EGAA,DHK,117,4,2.7167,all_flights,EGNX → EGAA,3.4188,DHL AIR LIMITED,UNITED KINGDOM
EGNX,EGAA,EZY,14,0,-0.3917,all_flights,EGNX → EGAA,0.0,EASYJET UK LTD,UNITED KINGDOM
EGNX,EGAA,ZZZ,285,11,0.0667,all_flights,EGNX → EGAA,3.8596,Unknown / not identified,
EGPB,EGPD,EZE,277,22,1.7167,all_flights,EGPB → EGPD,7.9422,EASTERN AIRWAYS (UK) LIMITED,UNITED KINGDOM
EGPB,EGPD,LOG,928,173,2.775,all_flights,EGPB → EGPD,18.6422,LOGAN AIR LIMITED,UNITED KINGDOM
EGPD,EGLL,BAW,1,0,-15.4167,all_flights,EGPD → EGLL,0.0,BRITISH AIRWAYS,UNITED KINGDOM
EGPD,EGLL,SHT,546,184,8.5667,all_flights,EGPD → EGLL,33.6996,BRITISH AIRWAYS SHUTTLE,UNITED KINGDOM
EGPD,EGPB,EZE,277,15,1.2833,all_flights,EGPD → EGPB,5.4152,EASTERN AIRWAYS (UK) LIMITED,UNITED KINGDOM
EGPD,EGPB,LOG,952,190,5.6917,all_flights,EGPD → EGPB,19.958,LOGAN AIR LIMITED,UNITED KINGDOM
EGPF,EGKK,BAW,33,11,11.8667,all_flights,EGPF → EGKK,33.3333,BRITISH AIRWAYS,UNITED KINGDOM
EGPF,EGKK,CFE,1,0,-3.6167,all_flights,EGPF → EGKK,0.0,BA CITYFLYER LTD,UNITED KINGDOM
EGPF,EGKK,EZY,437,102,2.5,all_flights,EGPF → EGKK,23.341,EASYJET UK LTD,UNITED KINGDOM
EGPF,EGKK,SHT,87,35,11.3333,all_flights,EGPF → EGKK,40.2299,BRITISH AIRWAYS SHUTTLE,UNITED KINGDOM
EGPF,EGKK,ZZZ,6,1,-2.9417,all_flights,EGPF → EGKK,16.6667,Unknown / not identified,
EGPF,EGLL,BAW,7,3,11.7833,all_flights,EGPF → EGLL,42.8571,BRITISH AIRWAYS,UNITED KINGDOM
EGPF,EGLL,LOG,1,0,-15.0167,all_flights,EGPF → EGLL,0.0,LOGAN AIR LIMITED,UNITED KINGDOM
EGPF,EGLL,SHT,842,166,5.5167,all_flights,EGPF → EGLL,19.715,BRITISH AIRWAYS SHUTTLE,UNITED KINGDOM
EGPF,EIDW,EAI,124,5,-0.4083,all_flights,EGPF → EIDW,4.0323,EMERALD AIRLINES (IRELAND) LIMITED,IRELAND
EGPF,EIDW,EIN,33,0,-7.6833,all_flights,EGPF → EIDW,0.0,AER LINGUS TEORANTA,IRELAND
EGPF,EIDW,LOG,2,0,-1.9667,all_flights,EGPF → EIDW,0.0,LOGAN AIR LIMITED,UNITED KINGDOM
EGPF,EIDW,RYR,356,23,-0.2917,all_flights,EGPF → EIDW,6.4607,RYANAIR,IRELAND
EGPF,EIDW,ZZZ,200,13,-0.85,all_flights,EGPF → EIDW,6.5,Unknown / not identified,
EGPH,EGKK,CFE,2,2,61.3917,all_flights,EGPH → EGKK,100.0,BA CITYFLYER LTD,UNITED KINGDOM
EGPH,EGKK,EZY,516,120,1.3417,all_flights,EGPH → EGKK,23.2558,EASYJET UK LTD,UNITED KINGDOM
EGPH,EGKK,ZZZ,1,0,-13.6,all_flights,EGPH → EGKK,0.0,Unknown / not identified,
EGPH,EGLC,CFE,737,64,-3.7667,all_flights,EGPH → EGLC,8.6839,BA CITYFLYER LTD,UNITED KINGDOM
EGPH,EGLL,BAW,1,1,37.8667,all_flights,EGPH → EGLL,100.0,BRITISH AIRWAYS,UNITED KINGDOM
EGPH,EGLL,SHT,868,283,7.9333,all_flights,EGPH → EGLL,32.6037,BRITISH AIRWAYS SHUTTLE,UNITED KINGDOM
EGPH,EGSS,CFE,2,2,133.9083,all_flights,EGPH → EGSS,100.0,BA CITYFLYER LTD,UNITED KINGDOM
EGPH,EGSS,DHK,14,2,0.8167,all_flights,EGPH → EGSS,14.2857,DHL AIR LIMITED,UNITED KINGDOM
EGPH,EGSS,EZY,324,24,-6.2667,all_flights,EGPH → EGSS,7.4074,EASYJET UK LTD,UNITED KINGDOM
EGPH,EGSS,ZZZ,274,12,-5.4333,all_flights,EGPH → EGSS,4.3796,Unknown / not identified,
EGPH,EHAM,EZY,117,25,2.5333,all_flights,EGPH → EHAM,21.3675,EASYJET UK LTD,UNITED KINGDOM
EGPH,EHAM,KLM,398,82,4.2333,all_flights,EGPH → EHAM,20.603,KLM ROYAL DUTCH AIRLINES,NETHERLANDS
EGPH,EHAM,TRA,1,0,1.4,all_flights,EGPH → EHAM,0.0,TRANSAVIA HOLLAND B.V.,NETHERLANDS
EGPH,EHAM,ZZZ,92,17,3.05,all_flights,EGPH → EHAM,18.4783,Unknown / not identified,
EGPH,EIDW,EAI,131,11,-3.3667,all_flights,EGPH → EIDW,8.3969,EMERALD AIRLINES (IRELAND) LIMITED,IRELAND
EGPH,EIDW,EIN,39,0,-10.2333,all_flights,EGPH → EIDW,0.0,AER LINGUS TEORANTA,IRELAND
EGPH,EIDW,RYR,490,60,-0.875,all_flights,EGPH → EIDW,12.2449,RYANAIR,IRELAND
EGPH,EIDW,ZZZ,235,23,-3.1333,all_flights,EGPH → EIDW,9.7872,Unknown / not identified,
EGSS,EGPH,DHK,12,0,-0.7667,all_flights,EGSS → EGPH,0.0,DHL AIR LIMITED,UNITED KINGDOM
EGSS,EGPH,EZY,324,18,-0.9,all_flights,EGSS → EGPH,5.5556,EASYJET UK LTD,UNITED KINGDOM
EGSS,EGPH,LOG,1,0,-31.0333,all_flights,EGSS → EGPH,0.0,LOGAN AIR LIMITED,UNITED KINGDOM
EGSS,EGPH,ZZZ,276,11,-3.6167,all_flights,EGSS → EGPH,3.9855,Unknown / not identified,
EGSS,EIDW,FDX,87,2,-9.7833,all_flights,EGSS → EIDW,2.2989,FEDERAL EXPRESS CORPORATION,UNITED STATES
EGSS,EIDW,RYR,922,65,-1.2417,all_flights,EGSS → EIDW,7.0499,RYANAIR,IRELAND
EGSS,EIDW,ZZZ,4,0,-11.175,all_flights,EGSS → EIDW,0.0,Unknown / not identified,
EGSS,LHBP,RYR,500,123,5.7917,all_flights,EGSS → LHBP,24.6,RYANAIR,IRELAND
EGSS,LHBP,ZZZ,4,0,-0.425,all_flights,EGSS → LHBP,0.0,Unknown / not identified,
EGSS,LIME,RYR,507,54,-4.8,all_flights,EGSS → LIME,10.6509,RYANAIR,IRELAND
EGSS,LTFJ,PGT,448,86,3.0417,all_flights,EGSS → LTFJ,19.1964,PEGASUS HAVA TASIMACILIGI A.S. (PEGASUS),TURKEY
EGSS,LTFJ,THY,248,46,4.3,all_flights,EGSS → LTFJ,18.5484,TURK HAVA YOLLARI (TURKISH AIRLINES CO.),TURKEY
EHAM,EDDB,BCS,1,0,-2.0,all_flights,EHAM → EDDB,0.0,"EUROPEAN AIR TRANSPORT, LEIPZIG",GERMANY
EHAM,EDDB,KLM,627,174,8.75,all_flights,EHAM → EDDB,27.7512,KLM ROYAL DUTCH AIRLINES,NETHERLANDS
EHAM,EDDB,ZZZ,303,93,9.3333,all_flights,EHAM → EDDB,30.6931,Unknown / not identified,
EHAM,EDDF,CPA,14,5,10.8833,all_flights,EHAM → EDDF,35.7143,CATHAY PACIFIC AIRWAYS LTD.,CHINA
EHAM,EDDF,DLH,466,72,-2.425,all_flights,EHAM → EDDF,15.4506,"DEUTSCHE LUFTHANSA, AG, KOELN",GERMANY
EHAM,EDDF,KLM,539,41,-3.1667,all_flights,EHAM → EDDF,7.6067,KLM ROYAL DUTCH AIRLINES,NETHERLANDS
EHAM,EDDF,LCO,91,17,-4.2167,all_flights,EHAM → EDDF,18.6813,LAN CARGO S.A.,CHILE
EHAM,EDDF,THY,1,0,-14.1667,all_flights,EHAM → EDDF,0.0,TURK HAVA YOLLARI (TURKISH AIRLINES CO.),TURKEY
EHAM,EDDF,UAE,28,4,-8.8917,all_flights,EHAM → EDDF,14.2857,EMIRATES,UNITED ARAB EMIRATES
EHAM,EDDF,ZZZ,2,1,7.8583,all_flights,EHAM → EDDF,50.0,Unknown / not identified,
EHAM,EDDH,EWG,131,8,-4.7167,all_flights,EHAM → EDDH,6.1069,EUROWINGS GMBH,GERMANY
EHAM,EDDH,KLM,448,34,-3.3833,all_flights,EHAM → EDDH,7.5893,KLM ROYAL DUTCH AIRLINES,NETHERLANDS
EHAM,EDDM,DLH,559,133,6.4833,all_flights,EHAM → EDDM,23.7925,"DEUTSCHE LUFTHANSA, AG, KOELN",GERMANY
EHAM,EDDM,KLM,559,93,4.1,all_flights,EHAM → EDDM,16.6369,KLM ROYAL DUTCH AIRLINES,NETHERLANDS
EHAM,EDDM,ZZZ,2,0,-84.4667,all_flights,EHAM → EDDM,0.0,Unknown / not identified,
EHAM,EDDS,EWG,93,13,-0.4667,all_flights,EHAM → EDDS,13.9785,EUROWINGS GMBH,GERMANY
EHAM,EDDS,KLM,421,65,4.2833,all_flights,EHAM → EDDS,15.4394,KLM ROYAL DUTCH AIRLINES,NETHERLANDS
EHAM,EFHK,FIN,237,109,13.8333,all_flights,EHAM → EFHK,45.9916,FINNAIR OYJ,FINLAND
EHAM,EFHK,KLM,407,44,5.2,all_flights,EHAM → EFHK,10.8108,KLM ROYAL DUTCH AIRLINES,NETHERLANDS
EHAM,EGBB,EXS,9,0,8.5167,all_flights,EHAM → EGBB,0.0,JET2.COM LTD,UNITED KINGDOM
EHAM,EGBB,KLM,443,82,6.25,all_flights,EHAM → EGBB,18.5102,KLM ROYAL DUTCH AIRLINES,NETHERLANDS
EHAM,EGBB,ZZZ,230,64,4.7167,all_flights,EHAM → EGBB,27.8261,Unknown / not identified,
EHAM,EGCC,EZY,381,67,2.0167,all_flights,EHAM → EGCC,17.5853,EASYJET UK LTD,UNITED KINGDOM
EHAM,EGCC,KLM,528,79,4.3833,all_flights,EHAM → EGCC,14.9621,KLM ROYAL DUTCH AIRLINES,NETHERLANDS
EHAM,EGCC,ZZZ,12,1,-3.8167,all_flights,EHAM → EGCC,8.3333,Unknown / not identified,
EHAM,EGGD,EZY,206,48,6.3333,all_flights,EHAM → EGGD,23.301,EASYJET UK LTD,UNITED KINGDOM
EHAM,EGGD,KLM,300,52,7.075,all_flights,EHAM → EGGD,17.3333,KLM ROYAL DUTCH AIRLINES,NETHERLANDS
EHAM,EGGD,ZZZ,77,20,7.6667,all_flights,EHAM → EGGD,25.974,Unknown / not identified,
EHAM,EGGW,EZY,497,85,3.9167,all_flights,EHAM → EGGW,17.1026,EASYJET UK LTD,UNITED KINGDOM
EHAM,EGGW,ZZZ,91,12,3.45,all_flights,EHAM → EGGW,13.1868,Unknown / not identified,
EHAM,EGKK,BAW,211,125,17.5,all_flights,EHAM → EGKK,59.2417,BRITISH AIRWAYS,UNITED KINGDOM
EHAM,EGKK,CFE,1,1,77.4667,all_flights,EHAM → EGKK,100.0,BA CITYFLYER LTD,UNITED KINGDOM
EHAM,EGKK,EZY,372,117,8.7167,all_flights,EHAM → EGKK,31.4516,EASYJET UK LTD,UNITED KINGDOM
EHAM,EGKK,UAE,1,1,30.5,all_flights,EHAM → EGKK,100.0,EMIRATES,UNITED ARAB EMIRATES
EHAM,EGKK,ZZZ,283,69,4.9333,all_flights,EHAM → EGKK,24.3816,Unknown / not identified,
EHAM,EGLC,CFE,451,135,9.1333,all_flights,EHAM → EGLC,29.9335,BA CITYFLYER LTD,UNITED KINGDOM
EHAM,EGLC,KLM,591,103,5.3667,all_flights,EHAM → EGLC,17.4281,KLM ROYAL DUTCH AIRLINES,NETHERLANDS
EHAM,EGLL,BAW,718,446,18.8667,all_flights,EHAM → EGLL,62.117,BRITISH AIRWAYS,UNITED KINGDOM
EHAM,EGLL,BCS,17,0,1.85,all_flights,EHAM → EGLL,0.0,"EUROPEAN AIR TRANSPORT, LEIPZIG",GERMANY
EHAM,EGLL,KLM,879,500,16.75,all_flights,EHAM → EGLL,56.8828,KLM ROYAL DUTCH AIRLINES,NETHERLANDS
EHAM,EGLL,SIA,18,7,13.075,all_flights,EHAM → EGLL,38.8889,SINGAPORE AIRLINES LIMITED,SINGAPORE
EHAM,EGLL,ZZZ,148,109,25.9667,all_flights,EHAM → EGLL,73.6486,Unknown / not identified,
EHAM,EGPH,EZY,117,32,8.2167,all_flights,EHAM → EGPH,27.3504,EASYJET UK LTD,UNITED KINGDOM
EHAM,EGPH,KLM,400,86,7.5917,all_flights,EHAM → EGPH,21.5,KLM ROYAL DUTCH AIRLINES,NETHERLANDS
EHAM,EGPH,PNX,1,1,32.6,all_flights,EHAM → EGPH,100.0,AIS AIRLINES,NETHERLANDS
EHAM,EGPH,ZZZ,92,23,7.1917,all_flights,EHAM → EGPH,25.0,Unknown / not identified,
EHAM,EIDW,EIN,430,155,9.275,all_flights,EHAM → EIDW,36.0465,AER LINGUS TEORANTA,IRELAND
EHAM,EIDW,KLM,503,112,7.15,all_flights,EHAM → EIDW,22.2664,KLM ROYAL DUTCH AIRLINES,NETHERLANDS
EHAM,EIDW,RYR,477,129,7.0833,all_flights,EHAM → EIDW,27.044,RYANAIR,IRELAND
EHAM,EKBI,KLM,517,73,6.0667,all_flights,EHAM → EKBI,14.1199,KLM ROYAL DUTCH AIRLINES,NETHERLANDS
EHAM,EKCH,BCY,1,0,0.2333,all_flights,EHAM → EKCH,0.0,CITYJET,IRELAND
EHAM,EKCH,KLM,681,98,4.3667,all_flights,EHAM → EKCH,14.3906,KLM ROYAL DUTCH AIRLINES,NETHERLANDS
EHAM,EKCH,SAS,185,27,3.5833,all_flights,EHAM → EKCH,14.5946,SCANDINAVIAN AIRLINES SYSTEM,SWEDEN
EHAM,EKCH,VLG,94,32,10.5417,all_flights,EHAM → EKCH,34.0426,VUELING AIRLINES,SPAIN
EHAM,EKCH,ZZZ,547,144,6.25,all_flights,EHAM → EKCH,26.3254,Unknown / not identified,
EHAM,ENGM,AZG,1,0,8.7,all_flights,EHAM → ENGM,0.0,SILK WAY WEST AIRLINES,AZERBAIJAN
EHAM,ENGM,KLM,574,87,5.6333,all_flights,EHAM → ENGM,15.1568,KLM ROYAL DUTCH AIRLINES,NETHERLANDS
EHAM,ENGM,SAS,197,91,13.7833,all_flights,EHAM → ENGM,46.1929,SCANDINAVIAN AIRLINES SYSTEM,SWEDEN
EHAM,ENGM,UAE,1,0,-0.1333,all_flights,EHAM → ENGM,0.0,EMIRATES,UNITED ARAB EMIRATES
EHAM,ENGM,ZZZ,109,22,7.0667,all_flights,EHAM → ENGM,20.1835,Unknown / not identified,
EHAM,EPWA,KLM,400,50,2.1167,all_flights,EHAM → EPWA,12.5,KLM ROYAL DUTCH AIRLINES,NETHERLANDS
EHAM,EPWA,LOT,308,63,4.175,all_flights,EHAM → EPWA,20.4545,LOT - POLSKIE LINIE LOTNICZE,POLAND
EHAM,ESSA,KAL,5,2,12.3,all_flights,EHAM → ESSA,40.0,"KOREAN AIR LINES CO., LTD.",REPUBLIC OF KOREA
EHAM,ESSA,KLM,620,116,6.5167,all_flights,EHAM → ESSA,18.7097,KLM ROYAL DUTCH AIRLINES,NETHERLANDS
EHAM,ESSA,SAS,224,74,8.8667,all_flights,EHAM → ESSA,33.0357,SCANDINAVIAN AIRLINES SYSTEM,SWEDEN
EHAM,ESSA,ZZZ,83,23,8.4,all_flights,EHAM → ESSA,27.7108,Unknown / not identified,
EHAM,LEBL,KLM,530,110,7.5083,all_flights,EHAM → LEBL,20.7547,KLM ROYAL DUTCH AIRLINES,NETHERLANDS
EHAM,LEBL,TRA,203,68,9.8333,all_flights,EHAM → LEBL,33.4975,TRANSAVIA HOLLAND B.V.,NETHERLANDS
EHAM,LEBL,VLG,599,306,15.1333,all_flights,EHAM → LEBL,51.0851,VUELING AIRLINES,SPAIN
EHAM,LEMD,AEA,244,69,7.6917,all_flights,EHAM → LEMD,28.2787,AIR EUROPA,SPAIN
EHAM,LEMD,BCS,37,14,10.0667,all_flights,EHAM → LEMD,37.8378,"EUROPEAN AIR TRANSPORT, LEIPZIG",GERMANY
EHAM,LEMD,IBE,54,14,8.5417,all_flights,EHAM → LEMD,25.9259,"IBERIA - LINEAS AEREAS DE ESPANA, SOCIEDAD ANONIMA OPERADORA",SPAIN
EHAM,LEMD,KLM,496,135,9.4417,all_flights,EHAM → LEMD,27.2177,KLM ROYAL DUTCH AIRLINES,NETHERLANDS
EHAM,LEMD,LCO,1,0,5.6333,all_flights,EHAM → LEMD,0.0,LAN CARGO S.A.,CHILE
EHAM,LEMD,THY,1,0,-6.3333,all_flights,EHAM → LEMD,0.0,TURK HAVA YOLLARI (TURKISH AIRLINES CO.),TURKEY
EHAM,LEMD,UAE,11,5,12.2833,all_flights,EHAM → LEMD,45.4545,EMIRATES,UNITED ARAB EMIRATES
EHAM,LEMD,ZZZ,190,76,12.7583,all_flights,EHAM → LEMD,40.0,Unknown / not identified,
EHAM,LEMG,KLM,85,27,11.2833,all_flights,EHAM → LEMG,31.7647,KLM ROYAL DUTCH AIRLINES,NETHERLANDS
EHAM,LEMG,RYR,89,40,13.45,all_flights,EHAM → LEMG,44.9438,RYANAIR,IRELAND
EHAM,LEMG,TRA,280,112,11.75,all_flights,EHAM → LEMG,40.0,TRANSAVIA HOLLAND B.V.,NETHERLANDS
EHAM,LEMG,VLG,107,63,16.8833,all_flights,EHAM → LEMG,58.8785,VUELING AIRLINES,SPAIN
EHAM,LEMG,ZZZ,72,27,11.725,all_flights,EHAM → LEMG,37.5,Unknown / not identified,
EHAM,LFPG,AFR,545,152,8.8333,all_flights,EHAM → LFPG,27.8899,AIR FRANCE,FRANCE
EHAM,LFPG,CPA,4,2,18.2083,all_flights,EHAM → LFPG,50.0,CATHAY PACIFIC AIRWAYS LTD.,CHINA
EHAM,LFPG,FDX,71,10,6.6167,all_flights,EHAM → LFPG,14.0845,FEDERAL EXPRESS CORPORATION,UNITED STATES
EHAM,LFPG,KLM,536,125,6.875,all_flights,EHAM → LFPG,23.3209,KLM ROYAL DUTCH AIRLINES,NETHERLANDS
EHAM,LFPG,SWN,3,2,30.8167,all_flights,EHAM → LFPG,66.6667,WEST ATLANTIC SWEDEN AB,SWEDEN
EHAM,LFPG,ZZZ,6,1,7.6917,all_flights,EHAM → LFPG,16.6667,Unknown / not identified,
EHAM,LGAV,AEE,120,74,17.6333,all_flights,EHAM → LGAV,61.6667,AEGEAN AIRLINES,GREECE
EHAM,LGAV,KLM,270,66,6.4167,all_flights,EHAM → LGAV,24.4444,KLM ROYAL DUTCH AIRLINES,NETHERLANDS
EHAM,LGAV,QTR,5,2,10.1333,all_flights,EHAM → LGAV,40.0,QATAR AIRWAYS GROUP Q.C.S.C.,QATAR
EHAM,LGAV,TRA,118,40,10.2417,all_flights,EHAM → LGAV,33.8983,TRANSAVIA HOLLAND B.V.,NETHERLANDS
EHAM,LIMC,AZG,1,1,77.5333,all_flights,EHAM → LIMC,100.0,SILK WAY WEST AIRLINES,AZERBAIJAN
EHAM,LIMC,CLX,6,1,-11.1417,all_flights,EHAM → LIMC,16.6667,CARGOLUX AIRLINES INTERNATIONAL S.A.,LUXEMBOURG
EHAM,LIMC,KLM,225,23,-2.2333,all_flights,EHAM → LIMC,10.2222,KLM ROYAL DUTCH AIRLINES,NETHERLANDS
EHAM,LIMC,NCA,63,13,0.0167,all_flights,EHAM → LIMC,20.6349,"NIPPON CARGO AIRLINES CO., LTD.",JAPAN
EHAM,LIMC,UAE,1,0,-1.9333,all_flights,EHAM → LIMC,0.0,EMIRATES,UNITED ARAB EMIRATES
EHAM,LIMC,ZZZ,316,28,-7.1417,all_flights,EHAM → LIMC,8.8608,Unknown / not identified,
EHAM,LIML,KLM,356,90,9.2417,all_flights,EHAM → LIML,25.2809,KLM ROYAL DUTCH AIRLINES,NETHERLANDS
EHAM,LIML,ZZZ,447,125,8.8,all_flights,EHAM → LIML,27.9642,Unknown / not identified,
EHAM,LIRF,KLM,557,52,-1.55,all_flights,EHAM → LIRF,9.3357,KLM ROYAL DUTCH AIRLINES,NETHERLANDS
EHAM,LIRF,VLG,131,28,5.55,all_flights,EHAM → LIRF,21.374,VUELING AIRLINES,SPAIN
EHAM,LIRF,ZZZ,327,42,0.4167,all_flights,EHAM → LIRF,12.844,Unknown / not identified,
EHAM,LKPR,KLM,386,65,4.1083,all_flights,EHAM → LKPR,16.8394,KLM ROYAL DUTCH AIRLINES,NETHERLANDS
EHAM,LKPR,TRA,1,0,9.3167,all_flights,EHAM → LKPR,0.0,TRANSAVIA HOLLAND B.V.,NETHERLANDS
EHAM,LKPR,ZZZ,191,38,3.3,all_flights,EHAM → LKPR,19.8953,Unknown / not identified,
EHAM,LOWW,AUA,411,195,14.3667,all_flights,EHAM → LOWW,47.4453,AUSTRIAN AIRLINES (AUA) AG,AUSTRIA
EHAM,LOWW,KLM,386,102,9.6167,all_flights,EHAM → LOWW,26.4249,KLM ROYAL DUTCH AIRLINES,NETHERLANDS
EHAM,LOWW,ZZZ,15,2,1.9833,all_flights,EHAM → LOWW,13.3333,Unknown / not identified,
EHAM,LPPT,KLM,363,112,9.3333,all_flights,EHAM → LPPT,30.854,KLM ROYAL DUTCH AIRLINES,NETHERLANDS
EHAM,LPPT,TAP,388,214,16.8833,all_flights,EHAM → LPPT,55.1546,"TRANSPORTES AEREOS PORTUGUESES, E.P.",PORTUGAL
EHAM,LPPT,TRA,133,57,13.25,all_flights,EHAM → LPPT,42.8571,TRANSAVIA HOLLAND B.V.,NETHERLANDS
EHAM,LPPT,VLG,102,50,14.8333,all_flights,EHAM → LPPT,49.0196,VUELING AIRLINES,SPAIN
EHAM,LPPT,ZZZ,67,28,12.7667,all_flights,EHAM → LPPT,41.791,Unknown / not identified,
EHAM,LROP,BLA,28,10,5.825,all_flights,EHAM → LROP,35.7143,BLUE AIR AVIATION S.A.,ROMANIA
EHAM,LROP,KLM,276,30,1.7,all_flights,EHAM → LROP,10.8696,KLM ROYAL DUTCH AIRLINES,NETHERLANDS
EHAM,LROP,ROT,242,73,5.75,all_flights,EHAM → LROP,30.1653,COMPANIA NATIONALA DE TRANSPORTURI AERIENE ROMANE TAROM S.A.,ROMANIA
EHAM,LSGG,EZS,162,36,3.4833,all_flights,EHAM → LSGG,22.2222,EASY JET SWITZERLAND SA,SWITZERLAND
EHAM,LSGG,KLM,598,97,4.1333,all_flights,EHAM → LSGG,16.2207,KLM ROYAL DUTCH AIRLINES,NETHERLANDS
EHAM,LSGG,ZZZ,133,15,1.2667,all_flights,EHAM → LSGG,11.2782,Unknown / not identified,
EHAM,LSZH,KLM,566,129,6.7583,all_flights,EHAM → LSZH,22.7915,KLM ROYAL DUTCH AIRLINES,NETHERLANDS
EHAM,LSZH,SWR,447,125,7.7667,all_flights,EHAM → LSZH,27.9642,SWISS INTERNATIONAL AIR LINES LTD,SWITZERLAND
EHAM,LTFJ,PGT,303,119,10.3333,all_flights,EHAM → LTFJ,39.2739,PEGASUS HAVA TASIMACILIGI A.S. (PEGASUS),TURKEY
EHAM,LTFJ,THY,200,109,17.275,all_flights,EHAM → LTFJ,54.5,TURK HAVA YOLLARI (TURKISH AIRLINES CO.),TURKEY
EHAM,LTFM,ACA,7,3,6.3,all_flights,EHAM → LTFM,42.8571,AIR CANADA,CANADA
EHAM,LTFM,KLM,109,14,4.2667,all_flights,EHAM → LTFM,12.844,KLM ROYAL DUTCH AIRLINES,NETHERLANDS
EHAM,LTFM,MNB,36,5,0.7583,all_flights,EHAM → LTFM,13.8889,MNG HAVAYOLLARI VE TASIMACILIK A.S.,TURKEY
EHAM,LTFM,THY,580,152,5.675,all_flights,EHAM → LTFM,26.2069,TURK HAVA YOLLARI (TURKISH AIRLINES CO.),TURKEY
EIDW,EDDF,DLH,419,16,-7.0167,all_flights,EIDW → EDDF,3.8186,"DEUTSCHE LUFTHANSA, AG, KOELN",GERMANY
EIDW,EDDF,EIN,198,12,-7.0833,all_flights,EIDW → EDDF,6.0606,AER LINGUS TEORANTA,IRELAND
EIDW,EDDF,GEC,17,1,-0.9667,all_flights,EIDW → EDDF,5.8824,"LUFTHANSA CARGO AG, FRANKFURT (MAIN)",GERMANY
EIDW,EDDF,RYR,44,1,-11.6167,all_flights,EIDW → EDDF,2.2727,RYANAIR,IRELAND
EIDW,EDDF,ZZZ,58,0,-19.0833,all_flights,EIDW → EDDF,0.0,Unknown / not identified,
EIDW,EGBB,EAI,69,17,5.4,all_flights,EIDW → EGBB,24.6377,EMERALD AIRLINES (IRELAND) LIMITED,IRELAND
EIDW,EGBB,EIN,281,11,-3.8,all_flights,EIDW → EGBB,3.9146,AER LINGUS TEORANTA,IRELAND
EIDW,EGBB,RYR,588,29,-0.2833,all_flights,EIDW → EGBB,4.932,RYANAIR,IRELAND
EIDW,EGBB,ZZZ,97,9,0.8833,all_flights,EIDW → EGBB,9.2784,Unknown / not identified,
EIDW,EGCC,EAI,94,11,2.7667,all_flights,EIDW → EGCC,11.7021,EMERALD AIRLINES (IRELAND) LIMITED,IRELAND
EIDW,EGCC,EIN,301,19,-0.5667,all_flights,EIDW → EGCC,6.3123,AER LINGUS TEORANTA,IRELAND
EIDW,EGCC,GEC,15,4,2.2333,all_flights,EIDW → EGCC,26.6667,"LUFTHANSA CARGO AG, FRANKFURT (MAIN)",GERMANY
EIDW,EGCC,RYR,644,42,-0.3417,all_flights,EIDW → EGCC,6.5217,RYANAIR,IRELAND
EIDW,EGCC,ZZZ,144,11,4.4,all_flights,EIDW → EGCC,7.6389,Unknown / not identified,
EIDW,EGGD,EAI,83,14,1.7333,all_flights,EIDW → EGGD,16.8675,EMERALD AIRLINES (IRELAND) LIMITED,IRELAND
EIDW,EGGD,EIN,18,0,-8.6,all_flights,EIDW → EGGD,0.0,AER LINGUS TEORANTA,IRELAND
EIDW,EGGD,RYR,324,16,-1.1083,all_flights,EIDW → EGGD,4.9383,RYANAIR,IRELAND
EIDW,EGGD,ZZZ,142,14,1.7167,all_flights,EIDW → EGGD,9.8592,Unknown / not identified,
EIDW,EGKK,CFE,3,2,47.1,all_flights,EIDW → EGKK,66.6667,BA CITYFLYER LTD,UNITED KINGDOM
EIDW,EGKK,EIN,543,126,1.3167,all_flights,EIDW → EGKK,23.2044,AER LINGUS TEORANTA,IRELAND
EIDW,EGKK,RYR,909,175,1.8667,all_flights,EIDW → EGKK,19.2519,RYANAIR,IRELAND
EIDW,EGLC,CFE,529,35,-5.8333,all_flights,EIDW → EGLC,6.6163,BA CITYFLYER LTD,UNITED KINGDOM
EIDW,EGLL,ACA,1,1,75.5833,all_flights,EIDW → EGLL,100.0,AIR CANADA,CANADA
EIDW,EGLL,BAW,661,95,0.5333,all_flights,EIDW → EGLL,14.3722,BRITISH AIRWAYS,UNITED KINGDOM
EIDW,EGLL,EIN,1139,173,2.0333,all_flights,EIDW → EGLL,15.1888,AER LINGUS TEORANTA,IRELAND
EIDW,EGPF,EAI,124,0,-4.825,all_flights,EIDW → EGPF,0.0,EMERALD AIRLINES (IRELAND) LIMITED,IRELAND
EIDW,EGPF,EIN,34,0,-10.875,all_flights,EIDW → EGPF,0.0,AER LINGUS TEORANTA,IRELAND
EIDW,EGPF,LOG,2,0,-14.2333,all_flights,EIDW → EGPF,0.0,LOGAN AIR LIMITED,UNITED KINGDOM
EIDW,EGPF,RYR,359,2,-8.0,all_flights,EIDW → EGPF,0.5571,RYANAIR,IRELAND
EIDW,EGPF,ZZZ,200,2,-8.8,all_flights,EIDW → EGPF,1.0,Unknown / not identified,
EIDW,EGPH,EAI,132,5,-1.775,all_flights,EIDW → EGPH,3.7879,EMERALD AIRLINES (IRELAND) LIMITED,IRELAND
EIDW,EGPH,EIN,39,0,-5.55,all_flights,EIDW → EGPH,0.0,AER LINGUS TEORANTA,IRELAND
EIDW,EGPH,RYR,492,21,-2.0417,all_flights,EIDW → EGPH,4.2683,RYANAIR,IRELAND
EIDW,EGPH,ZZZ,235,9,-0.7833,all_flights,EIDW → EGPH,3.8298,Unknown / not identified,
EIDW,EGSS,CFE,1,0,0.7667,all_flights,EIDW → EGSS,0.0,BA CITYFLYER LTD,UNITED KINGDOM
EIDW,EGSS,FDX,84,7,-0.6333,all_flights,EIDW → EGSS,8.3333,FEDERAL EXPRESS CORPORATION,UNITED STATES
EIDW,EGSS,RYR,918,60,-2.3167,all_flights,EIDW → EGSS,6.5359,RYANAIR,IRELAND
EIDW,EGSS,ZZZ,4,0,-7.025,all_flights,EIDW → EGSS,0.0,Unknown / not identified,
EIDW,EHAM,DAL,1,0,10.0333,all_flights,EIDW → EHAM,0.0,"DELTA AIR LINES, INC.",UNITED STATES
EIDW,EHAM,EIN,430,103,5.6583,all_flights,EIDW → EHAM,23.9535,AER LINGUS TEORANTA,IRELAND
EIDW,EHAM,KLM,502,112,6.8417,all_flights,EIDW → EHAM,22.3108,KLM ROYAL DUTCH AIRLINES,NETHERLANDS
EIDW,EHAM,RYR,478,91,3.3083,all_flights,EIDW → EHAM,19.0377,RYANAIR,IRELAND
EIDW,LEBL,EIN,213,27,1.25,all_flights,EIDW → LEBL,12.6761,AER LINGUS TEORANTA,IRELAND
EIDW,LEBL,RYR,307,28,-1.4,all_flights,EIDW → LEBL,9.1205,RYANAIR,IRELAND
EIDW,LEBL,VLG,92,6,-2.2917,all_flights,EIDW → LEBL,6.5217,VUELING AIRLINES,SPAIN
EIDW,LEBL,ZZZ,1,0,5.75,all_flights,EIDW → LEBL,0.0,Unknown / not identified,
EIDW,LEMD,EIN,129,7,-3.7,all_flights,EIDW → LEMD,5.4264,AER LINGUS TEORANTA,IRELAND
EIDW,LEMD,RYR,260,17,-2.8083,all_flights,EIDW → LEMD,6.5385,RYANAIR,IRELAND
EIDW,LEMD,ZZZ,122,14,2.275,all_flights,EIDW → LEMD,11.4754,Unknown / not identified,
EIDW,LEMG,EIN,242,33,4.05,all_flights,EIDW → LEMG,13.6364,AER LINGUS TEORANTA,IRELAND
EIDW,LEMG,RYR,321,46,1.45,all_flights,EIDW → LEMG,14.3302,RYANAIR,IRELAND
EIDW,LFPG,AFR,366,39,0.275,all_flights,EIDW → LFPG,10.6557,AIR FRANCE,FRANCE
EIDW,LFPG,BCS,32,7,4.6833,all_flights,EIDW → LFPG,21.875,"EUROPEAN AIR TRANSPORT, LEIPZIG",GERMANY
EIDW,LFPG,EIN,445,36,-2.1,all_flights,EIDW → LFPG,8.0899,AER LINGUS TEORANTA,IRELAND
EIDW,LFPG,FDX,3,1,8.0333,all_flights,EIDW → LFPG,33.3333,FEDERAL EXPRESS CORPORATION,UNITED STATES
EIDW,LFPG,SWR,1,1,25.8667,all_flights,EIDW → LFPG,100.0,SWISS INTERNATIONAL AIR LINES LTD,SWITZERLAND
EIDW,LFPG,TVF,3,0,-6.65,all_flights,EIDW → LFPG,0.0,TRANSAVIA FRANCE,FRANCE
EIDW,LFPG,ZZZ,66,1,-8.3333,all_flights,EIDW → LFPG,1.5152,Unknown / not identified,
EIDW,LPFR,EIN,201,13,-0.9833,all_flights,EIDW → LPFR,6.4677,AER LINGUS TEORANTA,IRELAND
EIDW,LPFR,RYR,318,27,0.6083,all_flights,EIDW → LPFR,8.4906,RYANAIR,IRELAND
EIDW,LPPT,EIN,136,33,5.8167,all_flights,EIDW → LPPT,24.2647,AER LINGUS TEORANTA,IRELAND
EIDW,LPPT,RYR,260,77,5.6583,all_flights,EIDW → LPPT,29.6154,RYANAIR,IRELAND
EIDW,LPPT,TAP,244,93,10.5417,all_flights,EIDW → LPPT,38.1148,"TRANSPORTES AEREOS PORTUGUESES, E.P.",PORTUGAL
EKBI,EHAM,KLM,515,54,3.0333,all_flights,EKBI → EHAM,10.4854,KLM ROYAL DUTCH AIRLINES,NETHERLANDS
EKBI,EHAM,SUS,1,0,-12.35,all_flights,EKBI → EHAM,0.0,SUN-AIR OF SCANDINAVIA A/S,DENMARK
EKCH,BIKF,FPY,103,33,10.3333,all_flights,EKCH → BIKF,32.0388,FLY PLAY,ICELAND
EKCH,BIKF,ICE,328,108,10.9583,all_flights,EKCH → BIKF,32.9268,ICELANDAIR,ICELAND
EKCH,BIKF,SAS,83,28,12.5333,all_flights,EKCH → BIKF,33.7349,SCANDINAVIAN AIRLINES SYSTEM,SWEDEN
EKCH,EBBR,BCS,65,4,-0.6167,all_flights,EKCH → EBBR,6.1538,"EUROPEAN AIR TRANSPORT, LEIPZIG",GERMANY
EKCH,EBBR,BEL,292,44,5.35,all_flights,EKCH → EBBR,15.0685,BRUSSELS AIRLINES,BELGIUM
EKCH,EBBR,SAS,133,17,6.6333,all_flights,EKCH → EBBR,12.782,SCANDINAVIAN AIRLINES SYSTEM,SWEDEN
EKCH,EBBR,ZZZ,111,11,6.9667,all_flights,EKCH → EBBR,9.9099,Unknown / not identified,
EKCH,EDDF,DLH,490,20,-3.7333,all_flights,EKCH → EDDF,4.0816,"DEUTSCHE LUFTHANSA, AG, KOELN",GERMANY
EKCH,EDDF,SAS,108,2,-4.0667,all_flights,EKCH → EDDF,1.8519,SCANDINAVIAN AIRLINES SYSTEM,SWEDEN
EKCH,EDDL,EWG,167,20,5.0667,all_flights,EKCH → EDDL,11.976,EUROWINGS GMBH,GERMANY
EKCH,EDDL,SAS,367,36,4.75,all_flights,EKCH → EDDL,9.8093,SCANDINAVIAN AIRLINES SYSTEM,SWEDEN
EKCH,EDDM,BCS,3,1,-5.9167,all_flights,EKCH → EDDM,33.3333,"EUROPEAN AIR TRANSPORT, LEIPZIG",GERMANY
EKCH,EDDM,DLH,417,12,-3.0833,all_flights,EKCH → EDDM,2.8777,"DEUTSCHE LUFTHANSA, AG, KOELN",GERMANY
EKCH,EDDM,SAS,129,6,-3.45,all_flights,EKCH → EDDM,4.6512,SCANDINAVIAN AIRLINES SYSTEM,SWEDEN
EKCH,EDDM,ZZZ,21,0,-2.65,all_flights,EKCH → EDDM,0.0,Unknown / not identified,
EKCH,EFHK,BCS,19,1,2.7167,all_flights,EKCH → EFHK,5.2632,"EUROPEAN AIR TRANSPORT, LEIPZIG",GERMANY
EKCH,EFHK,FIN,513,73,3.7667,all_flights,EKCH → EFHK,14.23,FINNAIR OYJ,FINLAND
EKCH,EFHK,GCL,4,0,8.7417,all_flights,EKCH → EFHK,0.0,CARGOLOGIC GERMANY GMBH,GERMANY
EKCH,EFHK,SAS,197,9,3.5333,all_flights,EKCH → EFHK,4.5685,SCANDINAVIAN AIRLINES SYSTEM,SWEDEN
EKCH,EFHK,SWT,4,0,-1.5333,all_flights,EKCH → EFHK,0.0,SWIFTAIR S.A.,SPAIN
EKCH,EFHK,ZZZ,37,3,1.7,all_flights,EKCH → EFHK,8.1081,Unknown / not identified,
EKCH,EGKK,EZY,188,48,9.525,all_flights,EKCH → EGKK,25.5319,EASYJET UK LTD,UNITED KINGDOM
EKCH,EGKK,ZZZ,417,117,10.05,all_flights,EKCH → EGKK,28.0576,Unknown / not identified,
EKCH,EGLL,BAW,476,166,11.1583,all_flights,EKCH → EGLL,34.8739,BRITISH AIRWAYS,UNITED KINGDOM
EKCH,EGLL,SAS,125,33,8.8333,all_flights,EKCH → EGLL,26.4,SCANDINAVIAN AIRLINES SYSTEM,SWEDEN
EKCH,EGLL,ZZZ,346,131,11.9167,all_flights,EKCH → EGLL,37.8613,Unknown / not identified,
EKCH,EHAM,KLM,681,109,7.5167,all_flights,EKCH → EHAM,16.0059,KLM ROYAL DUTCH AIRLINES,NETHERLANDS
EKCH,EHAM,SAS,186,44,8.0417,all_flights,EKCH → EHAM,23.6559,SCANDINAVIAN AIRLINES SYSTEM,SWEDEN
EKCH,EHAM,VLG,94,25,9.9583,all_flights,EKCH → EHAM,26.5957,VUELING AIRLINES,SPAIN
EKCH,EHAM,ZZZ,545,101,7.1833,all_flights,EKCH → EHAM,18.5321,Unknown / not identified,
EKCH,EKRN,SAS,9,0,-2.9667,all_flights,EKCH → EKRN,0.0,SCANDINAVIAN AIRLINES SYSTEM,SWEDEN
EKCH,EKRN,ZZZ,813,37,0.3,all_flights,EKCH → EKRN,4.551,Unknown / not identified,
EKCH,EKYT,SAS,637,45,3.15,all_flights,EKCH → EKYT,7.0644,SCANDINAVIAN AIRLINES SYSTEM,SWEDEN
EKCH,EKYT,ZZZ,1129,26,-0.9167,all_flights,EKCH → EKYT,2.3029,Unknown / not identified,
EKCH,ENBR,BCS,15,0,-4.65,all_flights,EKCH → ENBR,0.0,"EUROPEAN AIR TRANSPORT, LEIPZIG",GERMANY
EKCH,ENBR,BCY,2,0,-0.8833,all_flights,EKCH → ENBR,0.0,CITYJET,IRELAND
EKCH,ENBR,FLI,2,2,134.1083,all_flights,EKCH → ENBR,100.0,"ATLANTIC AIRWAYS, FAROE ISLANDS P/F",DENMARK
EKCH,ENBR,SAS,416,27,1.5,all_flights,EKCH → ENBR,6.4904,SCANDINAVIAN AIRLINES SYSTEM,SWEDEN
EKCH,ENBR,ZZZ,74,0,-2.0417,all_flights,EKCH → ENBR,0.0,Unknown / not identified,
EKCH,ENGM,BCS,75,3,-2.15,all_flights,EKCH → ENGM,4.0,"EUROPEAN AIR TRANSPORT, LEIPZIG",GERMANY
EKCH,ENGM,BCY,1,0,2.5,all_flights,EKCH → ENGM,0.0,CITYJET,IRELAND
EKCH,ENGM,DLH,1,0,-15.0667,all_flights,EKCH → ENGM,0.0,"DEUTSCHE LUFTHANSA, AG, KOELN",GERMANY
EKCH,ENGM,SAS,1115,65,2.0,all_flights,EKCH → ENGM,5.8296,SCANDINAVIAN AIRLINES SYSTEM,SWEDEN
EKCH,ENGM,ZZZ,726,35,0.4583,all_flights,EKCH → ENGM,4.8209,Unknown / not identified,
EKCH,ENZV,BCS,87,5,2.0833,all_flights,EKCH → ENZV,5.7471,"EUROPEAN AIR TRANSPORT, LEIPZIG",GERMANY
EKCH,ENZV,FLI,1,1,146.8167,all_flights,EKCH → ENZV,100.0,"ATLANTIC AIRWAYS, FAROE ISLANDS P/F",DENMARK
EKCH,ENZV,SAS,466,18,1.1417,all_flights,EKCH → ENZV,3.8627,SCANDINAVIAN AIRLINES SYSTEM,SWEDEN
EKCH,ENZV,ZZZ,51,3,3.4167,all_flights,EKCH → ENZV,5.8824,Unknown / not identified,
EKCH,EPWA,LOT,327,8,-5.1667,all_flights,EKCH → EPWA,2.4465,LOT - POLSKIE LINIE LOTNICZE,POLAND
EKCH,EPWA,SAS,35,4,1.5,all_flights,EKCH → EPWA,11.4286,SCANDINAVIAN AIRLINES SYSTEM,SWEDEN
EKCH,EPWA,WZZ,58,4,-0.9583,all_flights,EKCH → EPWA,6.8966,WIZZ AIR HUNGARY LTD,HUNGARY
EKCH,EPWA,ZZZ,137,5,-3.4167,all_flights,EKCH → EPWA,3.6496,Unknown / not identified,
EKCH,ESSA,BCS,14,2,-7.8917,all_flights,EKCH → ESSA,14.2857,"EUROPEAN AIR TRANSPORT, LEIPZIG",GERMANY
EKCH,ESSA,BCY,2,0,-2.675,all_flights,EKCH → ESSA,0.0,CITYJET,IRELAND
EKCH,ESSA,SAS,1044,55,0.3917,all_flights,EKCH → ESSA,5.2682,SCANDINAVIAN AIRLINES SYSTEM,SWEDEN
EKCH,ESSA,ZZZ,516,23,-1.9833,all_flights,EKCH → ESSA,4.4574,Unknown / not identified,
EKCH,LEMG,RYR,119,22,5.6667,all_flights,EKCH → LEMG,18.4874,RYANAIR,IRELAND
EKCH,LEMG,SAS,131,16,3.8667,all_flights,EKCH → LEMG,12.2137,SCANDINAVIAN AIRLINES SYSTEM,SWEDEN
EKCH,LEMG,VLG,45,8,5.0667,all_flights,EKCH → LEMG,17.7778,VUELING AIRLINES,SPAIN
EKCH,LEMG,ZZZ,247,39,5.1667,all_flights,EKCH → LEMG,15.7895,Unknown / not identified,
EKCH,LFPG,AFR,476,90,6.7583,all_flights,EKCH → LFPG,18.9076,AIR FRANCE,FRANCE
EKCH,LFPG,FDX,19,0,-4.0833,all_flights,EKCH → LFPG,0.0,FEDERAL EXPRESS CORPORATION,UNITED STATES
EKCH,LFPG,SAS,242,23,3.7583,all_flights,EKCH → LFPG,9.5041,SCANDINAVIAN AIRLINES SYSTEM,SWEDEN
EKCH,LFPG,TVF,1,1,15.85,all_flights,EKCH → LFPG,100.0,TRANSAVIA FRANCE,FRANCE
EKCH,LFPG,ZZZ,307,33,3.3167,all_flights,EKCH → LFPG,10.7492,Unknown / not identified,
EKCH,LSZH,SAS,174,13,0.9167,all_flights,EKCH → LSZH,7.4713,SCANDINAVIAN AIRLINES SYSTEM,SWEDEN
EKCH,LSZH,SWR,354,24,0.2417,all_flights,EKCH → LSZH,6.7797,SWISS INTERNATIONAL AIR LINES LTD,SWITZERLAND
EKCH,LSZH,ZZZ,2,0,4.5917,all_flights,EKCH → LSZH,0.0,Unknown / not identified,
EKRN,EKCH,SAS,7,0,-0.5167,all_flights,EKRN → EKCH,0.0,SCANDINAVIAN AIRLINES SYSTEM,SWEDEN
EKRN,EKCH,ZZZ,813,6,-3.5667,all_flights,EKRN → EKCH,0.738,Unknown / not identified,
EKYT,EKCH,BCY,1,1,18.3333,all_flights,EKYT → EKCH,100.0,CITYJET,IRELAND
EKYT,EKCH,SAS,636,54,2.675,all_flights,EKYT → EKCH,8.4906,SCANDINAVIAN AIRLINES SYSTEM,SWEDEN
EKYT,EKCH,ZZZ,1136,18,-2.9917,all_flights,EKYT → EKCH,1.5845,Unknown / not identified,
ELLX,EGLC,BAW,2,1,6.5917,all_flights,ELLX → EGLC,50.0,BRITISH AIRWAYS,UNITED KINGDOM
ELLX,EGLC,CFE,106,10,0.0667,all_flights,ELLX → EGLC,9.434,BA CITYFLYER LTD,UNITED KINGDOM
ELLX,EGLC,LGL,566,20,-9.0417,all_flights,ELLX → EGLC,3.5336,LUXAIR - SOCIETE LUXEMBOURGEOISE DE NAVIGATION AERIENNE S.A.,LUXEMBOURG
ELLX,LIMC,CLX,5,0,-0.7,all_flights,ELLX → LIMC,0.0,CARGOLUX AIRLINES INTERNATIONAL S.A.,LUXEMBOURG
ELLX,LIMC,LGL,257,6,-15.9,all_flights,ELLX → LIMC,2.3346,LUXAIR - SOCIETE LUXEMBOURGEOISE DE NAVIGATION AERIENNE S.A.,LUXEMBOURG
ELLX,LIMC,QTR,4,0,-20.6,all_flights,ELLX → LIMC,0.0,QATAR AIRWAYS GROUP Q.C.S.C.,QATAR
ELLX,LIMC,ZZZ,283,7,-13.5833,all_flights,ELLX → LIMC,2.4735,Unknown / not identified,
ELLX,LPPR,LGL,184,46,6.75,all_flights,ELLX → LPPR,25.0,LUXAIR - SOCIETE LUXEMBOURGEOISE DE NAVIGATION AERIENNE S.A.,LUXEMBOURG
ELLX,LPPR,RYR,147,33,4.3333,all_flights,ELLX → LPPR,22.449,RYANAIR,IRELAND
ELLX,LPPR,TAP,47,11,10.7,all_flights,ELLX → LPPR,23.4043,"TRANSPORTES AEREOS PORTUGUESES, E.P.",PORTUGAL
ELLX,LPPR,ZZZ,159,33,4.4,all_flights,ELLX → LPPR,20.7547,Unknown / not identified,
ENAL,ENBR,SAS,209,12,-1.1167,all_flights,ENAL → ENBR,5.7416,SCANDINAVIAN AIRLINES SYSTEM,SWEDEN
ENAL,ENBR,WIF,536,9,-5.425,all_flights,ENAL → ENBR,1.6791,WIDEROE'S FLYVESELSKAP A/S,NORWAY
ENAL,ENGM,SAS,399,14,0.6333,all_flights,ENAL → ENGM,3.5088,SCANDINAVIAN AIRLINES SYSTEM,SWEDEN
ENAL,ENGM,WIF,1,0,-10.0667,all_flights,ENAL → ENGM,0.0,WIDEROE'S FLYVESELSKAP A/S,NORWAY
ENAL,ENGM,ZZZ,371,13,-1.0833,all_flights,ENAL → ENGM,3.504,Unknown / not identified,
ENBO,ENGM,SAS,498,61,4.65,all_flights,ENBO → ENGM,12.249,SCANDINAVIAN AIRLINES SYSTEM,SWEDEN
ENBO,ENGM,SWN,66,1,-6.6917,all_flights,ENBO → ENGM,1.5152,WEST ATLANTIC SWEDEN AB,SWEDEN
ENBO,ENGM,WIF,1,0,5.8833,all_flights,ENBO → ENGM,0.0,WIDEROE'S FLYVESELSKAP A/S,NORWAY
ENBO,ENGM,ZZZ,490,44,3.1083,all_flights,ENBO → ENGM,8.9796,Unknown / not identified,
ENBO,ENLK,WIF,657,11,-9.7667,all_flights,ENBO → ENLK,1.6743,WIDEROE'S FLYVESELSKAP A/S,NORWAY
ENBO,ENSH,WIF,501,8,-6.25,all_flights,ENBO → ENSH,1.5968,WIDEROE'S FLYVESELSKAP A/S,NORWAY
ENBO,ENTC,SAS,249,12,1.15,all_flights,ENBO → ENTC,4.8193,SCANDINAVIAN AIRLINES SYSTEM,SWEDEN
ENBO,ENTC,SWN,93,4,-8.9,all_flights,ENBO → ENTC,4.3011,WEST ATLANTIC SWEDEN AB,SWEDEN
ENBO,ENTC,WIF,264,15,-1.85,all_flights,ENBO → ENTC,5.6818,WIDEROE'S FLYVESELSKAP A/S,NORWAY
ENBO,ENTC,ZZZ,2,0,-2.45,all_flights,ENBO → ENTC,0.0,Unknown / not identified,
ENBO,ENVA,SAS,247,4,-6.2167,all_flights,ENBO → ENVA,1.6194,SCANDINAVIAN AIRLINES SYSTEM,SWEDEN
ENBO,ENVA,WIF,347,18,-13.9333,all_flights,ENBO → ENVA,5.1873,WIDEROE'S FLYVESELSKAP A/S,NORWAY
ENBR,EKCH,BCS,15,1,-8.3167,all_flights,ENBR → EKCH,6.6667,"EUROPEAN AIR TRANSPORT, LEIPZIG",GERMANY
ENBR,EKCH,BCY,3,0,-6.4833,all_flights,ENBR → EKCH,0.0,CITYJET,IRELAND
ENBR,EKCH,SAS,414,5,-8.9167,all_flights,ENBR → EKCH,1.2077,SCANDINAVIAN AIRLINES SYSTEM,SWEDEN
ENBR,EKCH,ZZZ,74,0,-12.425,all_flights,ENBR → EKCH,0.0,Unknown / not identified,
ENBR,ENAL,SAS,207,1,-5.8,all_flights,ENBR → ENAL,0.4831,SCANDINAVIAN AIRLINES SYSTEM,SWEDEN
ENBR,ENAL,WIF,535,5,-8.7167,all_flights,ENBR → ENAL,0.9346,WIDEROE'S FLYVESELSKAP A/S,NORWAY
ENBR,ENCN,SAS,1,0,-15.8167,all_flights,ENBR → ENCN,0.0,SCANDINAVIAN AIRLINES SYSTEM,SWEDEN
ENBR,ENCN,WIF,625,3,-10.7667,all_flights,ENBR → ENCN,0.48,WIDEROE'S FLYVESELSKAP A/S,NORWAY
ENBR,ENFL,WIF,539,0,-25.5,all_flights,ENBR → ENFL,0.0,WIDEROE'S FLYVESELSKAP A/S,NORWAY
ENBR,ENGM,DLH,1,0,-44.6667,all_flights,ENBR → ENGM,0.0,"DEUTSCHE LUFTHANSA, AG, KOELN",GERMANY
ENBR,ENGM,FIN,1,0,-58.6333,all_flights,ENBR → ENGM,0.0,FINNAIR OYJ,FINLAND
ENBR,ENGM,SAS,1074,8,-11.9333,all_flights,ENBR → ENGM,0.7449,SCANDINAVIAN AIRLINES SYSTEM,SWEDEN
ENBR,ENGM,SWT,69,0,-33.3833,all_flights,ENBR → ENGM,0.0,SWIFTAIR S.A.,SPAIN
ENBR,ENGM,WIF,58,1,-27.1667,all_flights,ENBR → ENGM,1.7241,WIDEROE'S FLYVESELSKAP A/S,NORWAY
ENBR,ENGM,ZZZ,1421,7,-14.5,all_flights,ENBR → ENGM,0.4926,Unknown / not identified,
ENBR,ENTO,WIF,585,0,-19.5833,all_flights,ENBR → ENTO,0.0,WIDEROE'S FLYVESELSKAP A/S,NORWAY
ENBR,ENVA,SAS,450,5,-8.675,all_flights,ENBR → ENVA,1.1111,SCANDINAVIAN AIRLINES SYSTEM,SWEDEN
ENBR,ENVA,WIF,515,6,-10.5333,all_flights,ENBR → ENVA,1.165,WIDEROE'S FLYVESELSKAP A/S,NORWAY
ENBR,ENVA,ZZZ,214,2,-6.075,all_flights,ENBR → ENVA,0.9346,Unknown / not identified,
ENBR,ENZV,BCS,71,1,-5.8333,all_flights,ENBR → ENZV,1.4085,"EUROPEAN AIR TRANSPORT, LEIPZIG",GERMANY
ENBR,ENZV,BCY,1,0,-2.6333,all_flights,ENBR → ENZV,0.0,CITYJET,IRELAND
ENBR,ENZV,SAS,649,15,-7.2,all_flights,ENBR → ENZV,2.3112,SCANDINAVIAN AIRLINES SYSTEM,SWEDEN
ENBR,ENZV,SWT,53,0,-35.75,all_flights,ENBR → ENZV,0.0,SWIFTAIR S.A.,SPAIN
ENBR,ENZV,WIF,705,8,-8.3833,all_flights,ENBR → ENZV,1.1348,WIDEROE'S FLYVESELSKAP A/S,NORWAY
ENBR,ENZV,WZZ,1,0,-12.1333,all_flights,ENBR → ENZV,0.0,WIZZ AIR HUNGARY LTD,HUNGARY
ENBR,ENZV,ZZZ,260,1,-10.925,all_flights,ENBR → ENZV,0.3846,Unknown / not identified,
ENCN,ENBR,WIF,625,2,-12.0,all_flights,ENCN → ENBR,0.32,WIDEROE'S FLYVESELSKAP A/S,NORWAY
ENCN,ENGM,SAS,384,5,-4.1,all_flights,ENCN → ENGM,1.3021,SCANDINAVIAN AIRLINES SYSTEM,SWEDEN
ENCN,ENGM,ZZZ,257,3,-4.8,all_flights,ENCN → ENGM,1.1673,Unknown / not identified,
ENEV,ENGM,SAS,228,24,2.2917,all_flights,ENEV → ENGM,10.5263,SCANDINAVIAN AIRLINES SYSTEM,SWEDEN
ENEV,ENGM,ZZZ,509,29,0.25,all_flights,ENEV → ENGM,5.6974,Unknown / not identified,
ENFL,ENBR,WIF,539,3,-16.9167,all_flights,ENFL → ENBR,0.5566,WIDEROE'S FLYVESELSKAP A/S,NORWAY
ENGM,EDDF,DLH,503,27,-3.1167,all_flights,ENGM → EDDF,5.3678,"DEUTSCHE LUFTHANSA, AG, KOELN",GERMANY
ENGM,EDDF,SAS,4,0,1.4917,all_flights,ENGM → EDDF,0.0,SCANDINAVIAN AIRLINES SYSTEM,SWEDEN
ENGM,EDDF,UAE,2,1,3.775,all_flights,ENGM → EDDF,50.0,EMIRATES,UNITED ARAB EMIRATES
ENGM,EFHK,FIN,434,60,2.825,all_flights,ENGM → EFHK,13.8249,FINNAIR OYJ,FINLAND
ENGM,EFHK,THY,7,0,-5.25,all_flights,ENGM → EFHK,0.0,TURK HAVA YOLLARI (TURKISH AIRLINES CO.),TURKEY
ENGM,EFHK,ZZZ,61,1,2.6333,all_flights,ENGM → EFHK,1.6393,Unknown / not identified,
ENGM,EGLL,BAW,263,124,14.6,all_flights,ENGM → EGLL,47.1483,BRITISH AIRWAYS,UNITED KINGDOM
ENGM,EGLL,SAS,442,138,9.2417,all_flights,ENGM → EGLL,31.2217,SCANDINAVIAN AIRLINES SYSTEM,SWEDEN
ENGM,EHAM,KLM,569,103,6.8167,all_flights,ENGM → EHAM,18.1019,KLM ROYAL DUTCH AIRLINES,NETHERLANDS
ENGM,EHAM,SAS,192,32,6.8833,all_flights,ENGM → EHAM,16.6667,SCANDINAVIAN AIRLINES SYSTEM,SWEDEN
ENGM,EHAM,TRA,1,0,4.45,all_flights,ENGM → EHAM,0.0,TRANSAVIA HOLLAND B.V.,NETHERLANDS
ENGM,EHAM,ZZZ,108,21,7.825,all_flights,ENGM → EHAM,19.4444,Unknown / not identified,
ENGM,EKCH,BCS,76,5,0.725,all_flights,ENGM → EKCH,6.5789,"EUROPEAN AIR TRANSPORT, LEIPZIG",GERMANY
ENGM,EKCH,BCY,1,0,-13.2833,all_flights,ENGM → EKCH,0.0,CITYJET,IRELAND
ENGM,EKCH,FLI,1,0,2.25,all_flights,ENGM → EKCH,0.0,"ATLANTIC AIRWAYS, FAROE ISLANDS P/F",DENMARK
ENGM,EKCH,SAS,1118,21,-2.05,all_flights,ENGM → EKCH,1.8784,SCANDINAVIAN AIRLINES SYSTEM,SWEDEN
ENGM,EKCH,ZZZ,744,28,-4.275,all_flights,ENGM → EKCH,3.7634,Unknown / not identified,
ENGM,ENAL,SAS,414,51,4.7667,all_flights,ENGM → ENAL,12.3188,SCANDINAVIAN AIRLINES SYSTEM,SWEDEN
ENGM,ENAL,WIF,8,3,7.875,all_flights,ENGM → ENAL,37.5,WIDEROE'S FLYVESELSKAP A/S,NORWAY
ENGM,ENAL,ZZZ,375,37,4.1333,all_flights,ENGM → ENAL,9.8667,Unknown / not identified,
ENGM,ENBO,SAS,496,63,7.3083,all_flights,ENGM → ENBO,12.7016,SCANDINAVIAN AIRLINES SYSTEM,SWEDEN
ENGM,ENBO,SWN,126,10,-1.575,all_flights,ENGM → ENBO,7.9365,WEST ATLANTIC SWEDEN AB,SWEDEN
ENGM,ENBO,WIF,2,0,-0.9083,all_flights,ENGM → ENBO,0.0,WIDEROE'S FLYVESELSKAP A/S,NORWAY
ENGM,ENBO,ZZZ,491,73,5.9,all_flights,ENGM → ENBO,14.8676,Unknown / not identified,
ENGM,ENBR,SAS,1052,27,-3.325,all_flights,ENGM → ENBR,2.5665,SCANDINAVIAN AIRLINES SYSTEM,SWEDEN
ENGM,ENBR,SWT,65,1,-7.9833,all_flights,ENGM → ENBR,1.5385,SWIFTAIR S.A.,SPAIN
ENGM,ENBR,WIF,55,1,-13.5167,all_flights,ENGM → ENBR,1.8182,WIDEROE'S FLYVESELSKAP A/S,NORWAY
ENGM,ENBR,ZZZ,1421,40,-2.5333,all_flights,ENGM → ENBR,2.8149,Unknown / not identified,
ENGM,ENCN,SAS,384,3,-5.9333,all_flights,ENGM → ENCN,0.7812,SCANDINAVIAN AIRLINES SYSTEM,SWEDEN
ENGM,ENCN,ZZZ,257,4,-5.5667,all_flights,ENGM → ENCN,1.5564,Unknown / not identified,
ENGM,ENEV,SAS,227,48,8.65,all_flights,ENGM → ENEV,21.1454,SCANDINAVIAN AIRLINES SYSTEM,SWEDEN
ENGM,ENEV,ZZZ,507,100,7.35,all_flights,ENGM → ENEV,19.7239,Unknown / not identified,
ENGM,ENHD,SAS,337,13,0.4833,all_flights,ENGM → ENHD,3.8576,SCANDINAVIAN AIRLINES SYSTEM,SWEDEN
ENGM,ENHD,WIF,1,0,-21.1,all_flights,ENGM → ENHD,0.0,WIDEROE'S FLYVESELSKAP A/S,NORWAY
ENGM,ENHD,ZZZ,285,12,0.2167,all_flights,ENGM → ENHD,4.2105,Unknown / not identified,
ENGM,ENTC,SAS,661,167,9.6833,all_flights,ENGM → ENTC,25.2648,SCANDINAVIAN AIRLINES SYSTEM,SWEDEN
ENGM,ENTC,SWN,40,3,-2.2333,all_flights,ENGM → ENTC,7.5,WEST ATLANTIC SWEDEN AB,SWEDEN
ENGM,ENTC,ZZZ,791,178,8.75,all_flights,ENGM → ENTC,22.5032,Unknown / not identified,
ENGM,ENVA,SAS,1117,57,1.6167,all_flights,ENGM → ENVA,5.103,SCANDINAVIAN AIRLINES SYSTEM,SWEDEN
ENGM,ENVA,SWT,69,1,-8.6,all_flights,ENGM → ENVA,1.4493,SWIFTAIR S.A.,SPAIN
ENGM,ENVA,WIF,288,2,-8.4833,all_flights,ENGM → ENVA,0.6944,WIDEROE'S FLYVESELSKAP A/S,NORWAY
ENGM,ENVA,ZZZ,1408,65,-0.0333,all_flights,ENGM → ENVA,4.6165,Unknown / not identified,
ENGM,ENZV,SAS,1051,57,1.9333,all_flights,ENGM → ENZV,5.4234,SCANDINAVIAN AIRLINES SYSTEM,SWEDEN
ENGM,ENZV,SWT,3,0,-10.2167,all_flights,ENGM → ENZV,0.0,SWIFTAIR S.A.,SPAIN
ENGM,ENZV,ZZZ,1123,61,0.65,all_flights,ENGM → ENZV,5.4319,Unknown / not identified,
ENGM,ESSA,ETH,109,35,7.7167,all_flights,ENGM → ESSA,32.1101,ETHIOPIAN AIRLINES CORPORATION,ETHIOPIA
ENGM,ESSA,ICE,4,2,18.4,all_flights,ENGM → ESSA,50.0,ICELANDAIR,ICELAND
ENGM,ESSA,SAS,768,58,4.0417,all_flights,ENGM → ESSA,7.5521,SCANDINAVIAN AIRLINES SYSTEM,SWEDEN
ENGM,ESSA,ZZZ,615,46,2.45,all_flights,ENGM → ESSA,7.4797,Unknown / not identified,
ENGM,LFPG,AFR,238,58,8.6,all_flights,ENGM → LFPG,24.3697,AIR FRANCE,FRANCE
ENGM,LFPG,QTR,1,1,26.1167,all_flights,ENGM → LFPG,100.0,QATAR AIRWAYS GROUP Q.C.S.C.,QATAR
ENGM,LFPG,SAS,107,7,-1.1667,all_flights,ENGM → LFPG,6.5421,SCANDINAVIAN AIRLINES SYSTEM,SWEDEN
ENGM,LFPG,ZZZ,178,27,4.0583,all_flights,ENGM → LFPG,15.1685,Unknown / not identified,
ENHD,ENGM,SAS,336,7,-1.825,all_flights,ENHD → ENGM,2.0833,SCANDINAVIAN AIRLINES SYSTEM,SWEDEN
ENHD,ENGM,WIF,1,0,-7.55,all_flights,ENHD → ENGM,0.0,WIDEROE'S FLYVESELSKAP A/S,NORWAY
ENHD,ENGM,ZZZ,284,2,-3.0583,all_flights,ENHD → ENGM,0.7042,Unknown / not identified,
ENHF,ENTC,WIF,711,7,-18.0833,all_flights,ENHF → ENTC,0.9845,WIDEROE'S FLYVESELSKAP A/S,NORWAY
ENLK,ENBO,WIF,659,3,-7.9833,all_flights,ENLK → ENBO,0.4552,WIDEROE'S FLYVESELSKAP A/S,NORWAY
ENSH,ENBO,WIF,553,5,-9.2333,all_flights,ENSH → ENBO,0.9042,WIDEROE'S FLYVESELSKAP A/S,NORWAY
ENTC,ENAT,SAS,79,4,-3.7833,all_flights,ENTC → ENAT,5.0633,SCANDINAVIAN AIRLINES SYSTEM,SWEDEN
ENTC,ENAT,WIF,442,7,-9.55,all_flights,ENTC → ENAT,1.5837,WIDEROE'S FLYVESELSKAP A/S,NORWAY
ENTC,ENAT,ZZZ,91,5,-2.0167,all_flights,ENTC → ENAT,5.4945,Unknown / not identified,
ENTC,ENBO,SAS,239,5,-13.7167,all_flights,ENTC → ENBO,2.0921,SCANDINAVIAN AIRLINES SYSTEM,SWEDEN
ENTC,ENBO,SWN,28,0,-9.8917,all_flights,ENTC → ENBO,0.0,WEST ATLANTIC SWEDEN AB,SWEDEN
ENTC,ENBO,WIF,258,4,-16.1583,all_flights,ENTC → ENBO,1.5504,WIDEROE'S FLYVESELSKAP A/S,NORWAY
ENTC,ENGM,SAS,684,50,0.9833,all_flights,ENTC → ENGM,7.3099,SCANDINAVIAN AIRLINES SYSTEM,SWEDEN
ENTC,ENGM,SWN,101,3,-15.5333,all_flights,ENTC → ENGM,2.9703,WEST ATLANTIC SWEDEN AB,SWEDEN
ENTC,ENGM,ZZZ,791,66,-0.05,all_flights,ENTC → ENGM,8.3439,Unknown / not identified,
ENTC,ENHF,WIF,605,11,-17.0833,all_flights,ENTC → ENHF,1.8182,WIDEROE'S FLYVESELSKAP A/S,NORWAY
ENTO,ENBR,WIF,583,1,-14.4667,all_flights,ENTO → ENBR,0.1715,WIDEROE'S FLYVESELSKAP A/S,NORWAY
ENVA,ENBO,SAS,257,8,-2.65,all_flights,ENVA → ENBO,3.1128,SCANDINAVIAN AIRLINES SYSTEM,SWEDEN
ENVA,ENBO,WIF,345,13,-13.3,all_flights,ENVA → ENBO,3.7681,WIDEROE'S FLYVESELSKAP A/S,NORWAY
ENVA,ENBR,SAS,476,18,-3.475,all_flights,ENVA → ENBR,3.7815,SCANDINAVIAN AIRLINES SYSTEM,SWEDEN
ENVA,ENBR,WIF,503,12,-8.45,all_flights,ENVA → ENBR,2.3857,WIDEROE'S FLYVESELSKAP A/S,NORWAY
ENVA,ENBR,ZZZ,215,2,-6.1167,all_flights,ENVA → ENBR,0.9302,Unknown / not identified,
ENVA,ENGM,SAS,1116,31,-3.4583,all_flights,ENVA → ENGM,2.7778,SCANDINAVIAN AIRLINES SYSTEM,SWEDEN
ENVA,ENGM,SWT,69,0,-22.0333,all_flights,ENVA → ENGM,0.0,SWIFTAIR S.A.,SPAIN
ENVA,ENGM,WIF,286,2,-11.9917,all_flights,ENVA → ENGM,0.6993,WIDEROE'S FLYVESELSKAP A/S,NORWAY
ENVA,ENGM,ZZZ,1410,23,-5.9917,all_flights,ENVA → ENGM,1.6312,Unknown / not identified,
ENZV,EKCH,ADZ,1,0,12.5167,all_flights,ENZV → EKCH,0.0,COMPASS CARGO AIRLINES,BULGARIA
ENZV,EKCH,BCS,85,0,-12.6167,all_flights,ENZV → EKCH,0.0,"EUROPEAN AIR TRANSPORT, LEIPZIG",GERMANY
ENZV,EKCH,BCY,3,0,-6.6833,all_flights,ENZV → EKCH,0.0,CITYJET,IRELAND
ENZV,EKCH,SAS,459,4,-5.85,all_flights,ENZV → EKCH,0.8715,SCANDINAVIAN AIRLINES SYSTEM,SWEDEN
ENZV,EKCH,ZZZ,50,1,-7.5917,all_flights,ENZV → EKCH,2.0,Unknown / not identified,
ENZV,ENBR,BCS,71,3,-15.2833,all_flights,ENZV → ENBR,4.2254,"EUROPEAN AIR TRANSPORT, LEIPZIG",GERMANY
ENZV,ENBR,SAS,636,7,-9.6583,all_flights,ENZV → ENBR,1.1006,SCANDINAVIAN AIRLINES SYSTEM,SWEDEN
ENZV,ENBR,SWT,57,0,-31.2667,all_flights,ENZV → ENBR,0.0,SWIFTAIR S.A.,SPAIN
ENZV,ENBR,WIF,701,3,-15.9667,all_flights,ENZV → ENBR,0.428,WIDEROE'S FLYVESELSKAP A/S,NORWAY
ENZV,ENBR,ZZZ,259,0,-13.9333,all_flights,ENZV → ENBR,0.0,Unknown / not identified,
ENZV,ENGM,BCY,1,0,-32.1833,all_flights,ENZV → ENGM,0.0,CITYJET,IRELAND
ENZV,ENGM,SAS,1041,12,-6.05,all_flights,ENZV → ENGM,1.1527,SCANDINAVIAN AIRLINES SYSTEM,SWEDEN
ENZV,ENGM,ZZZ,1118,7,-11.2667,all_flights,ENZV → ENGM,0.6261,Unknown / not identified,
EPGD,EPWA,LOT,603,22,-8.85,all_flights,EPGD → EPWA,3.6484,LOT - POLSKIE LINIE LOTNICZE,POLAND
EPGD,EPWA,WZZ,1,0,-19.9,all_flights,EPGD → EPWA,0.0,WIZZ AIR HUNGARY LTD,HUNGARY
EPKK,EPWA,ELY,2,2,37.6417,all_flights,EPKK → EPWA,100.0,EL AL - ISRAEL AIRLINES LTD.,ISRAEL
EPKK,EPWA,LOT,723,65,-3.5167,all_flights,EPKK → EPWA,8.9903,LOT - POLSKIE LINIE LOTNICZE,POLAND
EPWA,EDDF,ACA,1,0,-16.15,all_flights,EPWA → EDDF,0.0,AIR CANADA,CANADA
EPWA,EDDF,DLH,357,20,-4.45,all_flights,EPWA → EDDF,5.6022,"DEUTSCHE LUFTHANSA, AG, KOELN",GERMANY
EPWA,EDDF,LOT,292,22,-1.7917,all_flights,EPWA → EDDF,7.5342,LOT - POLSKIE LINIE LOTNICZE,POLAND
EPWA,EDDF,UAE,1,0,2.4833,all_flights,EPWA → EDDF,0.0,EMIRATES,UNITED ARAB EMIRATES
EPWA,EDDM,DLH,326,21,-2.1417,all_flights,EPWA → EDDM,6.4417,"DEUTSCHE LUFTHANSA, AG, KOELN",GERMANY
EPWA,EDDM,LOT,296,21,1.1833,all_flights,EPWA → EDDM,7.0946,LOT - POLSKIE LINIE LOTNICZE,POLAND
EPWA,EGLL,BAW,297,147,14.8667,all_flights,EPWA → EGLL,49.4949,BRITISH AIRWAYS,UNITED KINGDOM
EPWA,EGLL,LOT,276,153,16.375,all_flights,EPWA → EGLL,55.4348,LOT - POLSKIE LINIE LOTNICZE,POLAND
EPWA,EGLL,VIR,1,0,1.2,all_flights,EPWA → EGLL,0.0,VIRGIN ATLANTIC,UNITED KINGDOM
EPWA,EHAM,KLM,400,84,7.0,all_flights,EPWA → EHAM,21.0,KLM ROYAL DUTCH AIRLINES,NETHERLANDS
EPWA,EHAM,LOT,306,63,8.3917,all_flights,EPWA → EHAM,20.5882,LOT - POLSKIE LINIE LOTNICZE,POLAND
EPWA,EHAM,UAE,1,1,24.0,all_flights,EPWA → EHAM,100.0,EMIRATES,UNITED ARAB EMIRATES
EPWA,EKCH,LOT,328,7,-3.7333,all_flights,EPWA → EKCH,2.1341,LOT - POLSKIE LINIE LOTNICZE,POLAND
EPWA,EKCH,SAS,35,0,-8.3667,all_flights,EPWA → EKCH,0.0,SCANDINAVIAN AIRLINES SYSTEM,SWEDEN
EPWA,EKCH,WZZ,58,2,-7.5833,all_flights,EPWA → EKCH,3.4483,WIZZ AIR HUNGARY LTD,HUNGARY
EPWA,EKCH,ZZZ,137,2,-7.8833,all_flights,EPWA → EKCH,1.4599,Unknown / not identified,
EPWA,EPGD,LOT,605,26,-3.3833,all_flights,EPWA → EPGD,4.2975,LOT - POLSKIE LINIE LOTNICZE,POLAND
EPWA,EPGD,WZZ,2,2,38.075,all_flights,EPWA → EPGD,100.0,WIZZ AIR HUNGARY LTD,HUNGARY
EPWA,EPGD,ZZZ,2,2,55.4,all_flights,EPWA → EPGD,100.0,Unknown / not identified,
EPWA,EPKK,DLH,1,0,3.8333,all_flights,EPWA → EPKK,0.0,"DEUTSCHE LUFTHANSA, AG, KOELN",GERMANY
EPWA,EPKK,LOT,726,80,1.1667,all_flights,EPWA → EPKK,11.0193,LOT - POLSKIE LINIE LOTNICZE,POLAND
EPWA,EPKK,TRA,1,0,-5.45,all_flights,EPWA → EPKK,0.0,TRANSAVIA HOLLAND B.V.,NETHERLANDS
EPWA,EPKK,WZZ,1,0,-11.1833,all_flights,EPWA → EPKK,0.0,WIZZ AIR HUNGARY LTD,HUNGARY
EPWA,EPWR,LOT,647,38,2.9,all_flights,EPWA → EPWR,5.8733,LOT - POLSKIE LINIE LOTNICZE,POLAND
EPWA,LFPG,ABB,1,0,13.2,all_flights,EPWA → LFPG,0.0,AIR BELGIUM SA,BELGIUM
EPWA,LFPG,AFR,371,102,9.2167,all_flights,EPWA → LFPG,27.4933,AIR FRANCE,FRANCE
EPWA,LFPG,FDX,1,0,10.9,all_flights,EPWA → LFPG,0.0,FEDERAL EXPRESS CORPORATION,UNITED STATES
EPWA,LFPG,LOT,330,75,7.2667,all_flights,EPWA → LFPG,22.7273,LOT - POLSKIE LINIE LOTNICZE,POLAND
EPWA,LFPG,ZZZ,55,9,3.5667,all_flights,EPWA → LFPG,16.3636,Unknown / not identified,
EPWA,LOWW,AUA,372,63,5.15,all_flights,EPWA → LOWW,16.9355,AUSTRIAN AIRLINES (AUA) AG,AUSTRIA
EPWA,LOWW,LOT,216,58,7.8917,all_flights,EPWA → LOWW,26.8519,LOT - POLSKIE LINIE LOTNICZE,POLAND
EPWR,EPWA,LOT,644,13,-7.6083,all_flights,EPWR → EPWA,2.0186,LOT - POLSKIE LINIE LOTNICZE,POLAND
ESGG,ESSA,BCY,1,0,12.0167,all_flights,ESGG → ESSA,0.0,CITYJET,IRELAND
ESGG,ESSA,BRX,1,0,-10.3,all_flights,ESGG → ESSA,0.0,BRAATHENS REGIONAL AIRWAYS AB,SWEDEN
ESGG,ESSA,RYR,230,6,-5.125,all_flights,ESGG → ESSA,2.6087,RYANAIR,IRELAND
ESGG,ESSA,SAS,552,32,0.375,all_flights,ESGG → ESSA,5.7971,SCANDINAVIAN AIRLINES SYSTEM,SWEDEN
ESGG,ESSA,ZZZ,12,2,0.7833,all_flights,ESGG → ESSA,16.6667,Unknown / not identified,
ESGG,ESSB,BRX,540,2,-5.4333,all_flights,ESGG → ESSB,0.3704,BRAATHENS REGIONAL AIRWAYS AB,SWEDEN
ESMS,ESSA,APF,4,0,-11.3583,all_flights,ESMS → ESSA,0.0,AMAPOLA FLYG AB,SWEDEN
ESMS,ESSA,AZD,65,0,-17.5,all_flights,ESMS → ESSA,0.0,ZIMEX AVIATION AUSTRIA,AUSTRIA
ESMS,ESSA,BRX,1,0,-10.9833,all_flights,ESMS → ESSA,0.0,BRAATHENS REGIONAL AIRWAYS AB,SWEDEN
ESMS,ESSA,FTL,60,2,-4.9417,all_flights,ESMS → ESSA,3.3333,FLIGHTLINE,SPAIN
ESMS,ESSA,RYR,150,2,-7.5833,all_flights,ESMS → ESSA,1.3333,RYANAIR,IRELAND
ESMS,ESSA,SAS,403,7,-2.8833,all_flights,ESMS → ESSA,1.737,SCANDINAVIAN AIRLINES SYSTEM,SWEDEN
ESMS,ESSB,BRX,823,11,-3.85,all_flights,ESMS → ESSB,1.3366,BRAATHENS REGIONAL AIRWAYS AB,SWEDEN
ESMS,ESSB,ZZZ,1,0,-13.4833,all_flights,ESMS → ESSB,0.0,Unknown / not identified,
ESNU,ESSA,BRX,1,1,26.6,all_flights,ESNU → ESSA,100.0,BRAATHENS REGIONAL AIRWAYS AB,SWEDEN
ESNU,ESSA,SAS,486,30,-0.35,all_flights,ESNU → ESSA,6.1728,SCANDINAVIAN AIRLINES SYSTEM,SWEDEN
ESNU,ESSA,ZZZ,363,32,0.25,all_flights,ESNU → ESSA,8.8154,Unknown / not identified,
ESPA,ESSA,RYR,94,6,-6.4,all_flights,ESPA → ESSA,6.383,RYANAIR,IRELAND
ESPA,ESSA,SAS,687,100,3.65,all_flights,ESPA → ESSA,14.556,SCANDINAVIAN AIRLINES SYSTEM,SWEDEN
ESPA,ESSA,ZZZ,451,31,0.45,all_flights,ESPA → ESSA,6.8736,Unknown / not identified,
ESSA,EDDF,DLH,483,13,-4.8,all_flights,ESSA → EDDF,2.6915,"DEUTSCHE LUFTHANSA, AG, KOELN",GERMANY
ESSA,EDDF,SAS,80,2,-8.7917,all_flights,ESSA → EDDF,2.5,SCANDINAVIAN AIRLINES SYSTEM,SWEDEN
ESSA,EFHK,APF,1,0,-4.0333,all_flights,ESSA → EFHK,0.0,AMAPOLA FLYG AB,SWEDEN
ESSA,EFHK,FIN,739,27,-2.2833,all_flights,ESSA → EFHK,3.6536,FINNAIR OYJ,FINLAND
ESSA,EFHK,FTL,19,0,-7.4333,all_flights,ESSA → EFHK,0.0,FLIGHTLINE,SPAIN
ESSA,EFHK,SAS,243,10,-2.2833,all_flights,ESSA → EFHK,4.1152,SCANDINAVIAN AIRLINES SYSTEM,SWEDEN
ESSA,EFHK,THY,4,0,1.4,all_flights,ESSA → EFHK,0.0,TURK HAVA YOLLARI (TURKISH AIRLINES CO.),TURKEY
ESSA,EFHK,UPS,16,1,-5.1167,all_flights,ESSA → EFHK,6.25,"UNITED PARCEL SERVICE COMPANY, (LOUISVILLE, KY)",UNITED STATES
ESSA,EFHK,ZZZ,499,6,-4.9667,all_flights,ESSA → EFHK,1.2024,Unknown / not identified,
ESSA,EGLL,BAW,363,111,9.4833,all_flights,ESSA → EGLL,30.5785,BRITISH AIRWAYS,UNITED KINGDOM
ESSA,EGLL,BCS,20,7,11.675,all_flights,ESSA → EGLL,35.0,"EUROPEAN AIR TRANSPORT, LEIPZIG",GERMANY
ESSA,EGLL,SAS,137,35,6.25,all_flights,ESSA → EGLL,25.5474,SCANDINAVIAN AIRLINES SYSTEM,SWEDEN
ESSA,EGLL,ZZZ,370,80,6.5667,all_flights,ESSA → EGLL,21.6216,Unknown / not identified,
ESSA,EHAM,KLM,619,103,2.9167,all_flights,ESSA → EHAM,16.6397,KLM ROYAL DUTCH AIRLINES,NETHERLANDS
ESSA,EHAM,SAS,224,46,4.5667,all_flights,ESSA → EHAM,20.5357,SCANDINAVIAN AIRLINES SYSTEM,SWEDEN
ESSA,EHAM,ZZZ,82,18,5.9083,all_flights,ESSA → EHAM,21.9512,Unknown / not identified,
ESSA,EKCH,FLI,1,0,1.9833,all_flights,ESSA → EKCH,0.0,"ATLANTIC AIRWAYS, FAROE ISLANDS P/F",DENMARK
ESSA,EKCH,SAS,1040,3,-5.8333,all_flights,ESSA → EKCH,0.2885,SCANDINAVIAN AIRLINES SYSTEM,SWEDEN
ESSA,EKCH,ZZZ,506,7,-9.325,all_flights,ESSA → EKCH,1.3834,Unknown / not identified,
ESSA,ENGM,ETH,109,8,0.9333,all_flights,ESSA → ENGM,7.3394,ETHIOPIAN AIRLINES CORPORATION,ETHIOPIA
ESSA,ENGM,SAS,769,18,-1.9,all_flights,ESSA → ENGM,2.3407,SCANDINAVIAN AIRLINES SYSTEM,SWEDEN
ESSA,ENGM,ZZZ,613,14,-5.1167,all_flights,ESSA → ENGM,2.2838,Unknown / not identified,
ESSA,ESGG,BRX,1,0,-12.2333,all_flights,ESSA → ESGG,0.0,BRAATHENS REGIONAL AIRWAYS AB,SWEDEN
ESSA,ESGG,RYR,230,4,-6.75,all_flights,ESSA → ESGG,1.7391,RYANAIR,IRELAND
ESSA,ESGG,SAS,556,21,-3.025,all_flights,ESSA → ESGG,3.777,SCANDINAVIAN AIRLINES SYSTEM,SWEDEN
ESSA,ESGG,ZZZ,14,2,0.3833,all_flights,ESSA → ESGG,14.2857,Unknown / not identified,
ESSA,ESMS,APF,6,0,-8.5333,all_flights,ESSA → ESMS,0.0,AMAPOLA FLYG AB,SWEDEN
ESSA,ESMS,AZD,65,1,-16.4333,all_flights,ESSA → ESMS,1.5385,ZIMEX AVIATION AUSTRIA,AUSTRIA
ESSA,ESMS,BRX,2,0,-5.9583,all_flights,ESSA → ESMS,0.0,BRAATHENS REGIONAL AIRWAYS AB,SWEDEN
ESSA,ESMS,RYR,150,12,-5.6917,all_flights,ESSA → ESMS,8.0,RYANAIR,IRELAND
ESSA,ESMS,SAS,400,7,-5.2917,all_flights,ESSA → ESMS,1.75,SCANDINAVIAN AIRLINES SYSTEM,SWEDEN
ESSA,ESNU,SAS,485,21,-3.1167,all_flights,ESSA → ESNU,4.3299,SCANDINAVIAN AIRLINES SYSTEM,SWEDEN
ESSA,ESNU,ZZZ,362,7,-6.675,all_flights,ESSA → ESNU,1.9337,Unknown / not identified,
ESSA,ESPA,RYR,95,2,-2.5333,all_flights,ESSA → ESPA,2.1053,RYANAIR,IRELAND
ESSA,ESPA,SAS,697,45,0.7167,all_flights,ESSA → ESPA,6.4562,SCANDINAVIAN AIRLINES SYSTEM,SWEDEN
ESSA,ESPA,ZZZ,452,13,-3.475,all_flights,ESSA → ESPA,2.8761,Unknown / not identified,
ESSA,LFPG,AFR,346,43,2.5417,all_flights,ESSA → LFPG,12.4277,AIR FRANCE,FRANCE
ESSA,LFPG,SAS,183,8,-0.7833,all_flights,ESSA → LFPG,4.3716,SCANDINAVIAN AIRLINES SYSTEM,SWEDEN
ESSA,LFPG,ZZZ,137,18,-0.0333,all_flights,ESSA → LFPG,13.1387,Unknown / not identified,
ESSB,ESGG,BRX,541,20,-0.3167,all_flights,ESSB → ESGG,3.6969,BRAATHENS REGIONAL AIRWAYS AB,SWEDEN
ESSB,ESMS,BRX,825,11,0.3667,all_flights,ESSB → ESMS,1.3333,BRAATHENS REGIONAL AIRWAYS AB,SWEDEN
ESSB,ESSV,BRX,609,5,-0.8167,all_flights,ESSB → ESSV,0.821,BRAATHENS REGIONAL AIRWAYS AB,SWEDEN
ESSV,ESSB,BRX,608,3,-5.4417,all_flights,ESSV → ESSB,0.4934,BRAATHENS REGIONAL AIRWAYS AB,SWEDEN
EVRA,EFHK,BTI,295,24,1.6167,all_flights,EVRA → EFHK,8.1356,AIR BALTIC CORPORATION JSC,LATVIA
EVRA,EFHK,FIN,329,5,-3.85,all_flights,EVRA → EFHK,1.5198,FINNAIR OYJ,FINLAND
EVRA,EFHK,RYR,71,1,-1.6333,all_flights,EVRA → EFHK,1.4085,RYANAIR,IRELAND
GCFV,GCLP,CFG,32,7,6.65,all_flights,GCFV → GCLP,21.875,"CONDOR FLUGDIENST GMBH, FRANKFURT (MAIN)",GERMANY
GCFV,GCLP,EWG,1,0,13.3833,all_flights,GCFV → GCLP,0.0,EUROWINGS GMBH,GERMANY
GCFV,GCLP,EZY,1,1,16.1167,all_flights,GCFV → GCLP,100.0,EASYJET UK LTD,UNITED KINGDOM
GCFV,GCLP,IBB,856,19,-4.5833,all_flights,GCFV → GCLP,2.2196,BINTER CANARIAS,SPAIN
GCFV,GCLP,NOS,13,1,9.1667,all_flights,GCFV → GCLP,7.6923,NEOS S.P.A.,ITALY
GCFV,GCLP,SDR,7,3,3.2333,all_flights,GCFV → GCLP,42.8571,SUNDAIR GMBH,GERMANY
GCFV,GCLP,TRA,1,1,34.6333,all_flights,GCFV → GCLP,100.0,TRANSAVIA HOLLAND B.V.,NETHERLANDS
GCFV,GCLP,VLG,1,1,47.25,all_flights,GCFV → GCLP,100.0,VUELING AIRLINES,SPAIN
GCFV,GCLP,ZZZ,1014,27,-5.4,all_flights,GCFV → GCLP,2.6627,Unknown / not identified,
GCFV,GCXO,IBB,324,7,-14.7333,all_flights,GCFV → GCXO,2.1605,BINTER CANARIAS,SPAIN
GCFV,GCXO,ZZZ,600,7,-12.8167,all_flights,GCFV → GCXO,1.1667,Unknown / not identified,
GCHI,GCXO,IBB,56,0,-6.1083,all_flights,GCHI → GCXO,0.0,BINTER CANARIAS,SPAIN
GCHI,GCXO,ZZZ,621,5,-5.1,all_flights,GCHI → GCXO,0.8052,Unknown / not identified,
GCLA,GCLP,CFG,13,2,10.5333,all_flights,GCLA → GCLP,15.3846,"CONDOR FLUGDIENST GMBH, FRANKFURT (MAIN)",GERMANY
GCLA,GCLP,IBB,367,10,-1.5,all_flights,GCLA → GCLP,2.7248,BINTER CANARIAS,SPAIN
GCLA,GCLP,ZZZ,323,7,-1.5333,all_flights,GCLA → GCLP,2.1672,Unknown / not identified,
GCLA,GCXO,IBB,661,14,-4.5,all_flights,GCLA → GCXO,2.118,BINTER CANARIAS,SPAIN
GCLA,GCXO,ZZZ,1305,29,-3.9,all_flights,GCLA → GCXO,2.2222,Unknown / not identified,
GCLP,GCFV,CFG,9,7,16.5167,all_flights,GCLP → GCFV,77.7778,"CONDOR FLUGDIENST GMBH, FRANKFURT (MAIN)",GERMANY
GCLP,GCFV,CXI,3,1,8.1833,all_flights,GCLP → GCFV,33.3333,CORENDON AIRLINES EUROPE,MALTA
GCLP,GCFV,IBB,852,32,-1.7833,all_flights,GCLP → GCFV,3.7559,BINTER CANARIAS,SPAIN
GCLP,GCFV,NOS,1,1,17.5333,all_flights,GCLP → GCFV,100.0,NEOS S.P.A.,ITALY
GCLP,GCFV,SDR,4,0,7.3333,all_flights,GCLP → GCFV,0.0,SUNDAIR GMBH,GERMANY
GCLP,GCFV,ZZZ,1035,31,-1.8,all_flights,GCLP → GCFV,2.9952,Unknown / not identified,
GCLP,GCLA,CFG,4,2,16.2333,all_flights,GCLP → GCLA,50.0,"CONDOR FLUGDIENST GMBH, FRANKFURT (MAIN)",GERMANY
GCLP,GCLA,IBB,365,8,-3.95,all_flights,GCLP → GCLA,2.1918,BINTER CANARIAS,SPAIN
GCLP,GCLA,ZZZ,317,7,-4.7333,all_flights,GCLP → GCLA,2.2082,Unknown / not identified,
GCLP,GCRR,CXI,2,1,23.5417,all_flights,GCLP → GCRR,50.0,CORENDON AIRLINES EUROPE,MALTA
GCLP,GCRR,IBB,1355,54,-2.3333,all_flights,GCLP → GCRR,3.9852,BINTER CANARIAS,SPAIN
GCLP,GCRR,RYR,1,1,52.6,all_flights,GCLP → GCRR,100.0,RYANAIR,IRELAND
GCLP,GCRR,VLG,1,1,17.8333,all_flights,GCLP → GCRR,100.0,VUELING AIRLINES,SPAIN
GCLP,GCRR,ZZZ,1031,36,-2.8833,all_flights,GCLP → GCRR,3.4918,Unknown / not identified,
GCLP,GCTS,BAW,1,0,14.9167,all_flights,GCLP → GCTS,0.0,BRITISH AIRWAYS,UNITED KINGDOM
GCLP,GCTS,CFG,19,8,12.15,all_flights,GCLP → GCTS,42.1053,"CONDOR FLUGDIENST GMBH, FRANKFURT (MAIN)",GERMANY
GCLP,GCTS,CXI,9,1,4.0833,all_flights,GCLP → GCTS,11.1111,CORENDON AIRLINES EUROPE,MALTA
GCLP,GCTS,EXS,3,1,1.9167,all_flights,GCLP → GCTS,33.3333,JET2.COM LTD,UNITED KINGDOM
GCLP,GCTS,EZY,3,0,3.0833,all_flights,GCLP → GCTS,0.0,EASYJET UK LTD,UNITED KINGDOM
GCLP,GCTS,IBB,99,9,-8.4167,all_flights,GCLP → GCTS,9.0909,BINTER CANARIAS,SPAIN
GCLP,GCTS,SDR,2,0,6.075,all_flights,GCLP → GCTS,0.0,SUNDAIR GMBH,GERMANY
GCLP,GCTS,TRA,1,0,0.1,all_flights,GCLP → GCTS,0.0,TRANSAVIA HOLLAND B.V.,NETHERLANDS
GCLP,GCTS,ZZZ,501,19,-10.85,all_flights,GCLP → GCTS,3.7924,Unknown / not identified,
GCLP,GCXO,IBB,1318,34,-7.9583,all_flights,GCLP → GCXO,2.5797,BINTER CANARIAS,SPAIN
GCLP,GCXO,SWT,68,3,-0.0917,all_flights,GCLP → GCXO,4.4118,SWIFTAIR S.A.,SPAIN
GCLP,GCXO,VLG,1,0,2.9,all_flights,GCLP → GCXO,0.0,VUELING AIRLINES,SPAIN
GCLP,GCXO,ZZZ,1002,25,-8.1,all_flights,GCLP → GCXO,2.495,Unknown / not identified,
GCLP,LEMD,AEA,303,58,7.0333,all_flights,GCLP → LEMD,19.1419,AIR EUROPA,SPAIN
GCLP,LEMD,IBE,7,2,5.8167,all_flights,GCLP → LEMD,28.5714,"IBERIA - LINEAS AEREAS DE ESPANA, SOCIEDAD ANONIMA OPERADORA",SPAIN
GCLP,LEMD,RYR,236,15,2.5583,all_flights,GCLP → LEMD,6.3559,RYANAIR,IRELAND
GCLP,LEMD,SAS,1,1,58.35,all_flights,GCLP → LEMD,100.0,SCANDINAVIAN AIRLINES SYSTEM,SWEDEN
GCLP,LEMD,SWT,65,2,-10.45,all_flights,GCLP → LEMD,3.0769,SWIFTAIR S.A.,SPAIN
GCLP,LEMD,ZZZ,772,104,4.35,all_flights,GCLP → LEMD,13.4715,Unknown / not identified,
GCRR,GCLP,CFG,1,1,31.25,all_flights,GCRR → GCLP,100.0,"CONDOR FLUGDIENST GMBH, FRANKFURT (MAIN)",GERMANY
GCRR,GCLP,CXI,4,2,13.7167,all_flights,GCRR → GCLP,50.0,CORENDON AIRLINES EUROPE,MALTA
GCRR,GCLP,IBB,1364,39,-7.3083,all_flights,GCRR → GCLP,2.8592,BINTER CANARIAS,SPAIN
GCRR,GCLP,RYR,1,0,6.2833,all_flights,GCRR → GCLP,0.0,RYANAIR,IRELAND
GCRR,GCLP,ZZZ,1022,31,-9.375,all_flights,GCRR → GCLP,3.0333,Unknown / not identified,
GCRR,GCXO,IBB,561,4,-13.9167,all_flights,GCRR → GCXO,0.713,BINTER CANARIAS,SPAIN
GCRR,GCXO,VLG,1,0,-6.3833,all_flights,GCRR → GCXO,0.0,VUELING AIRLINES,SPAIN
GCRR,GCXO,ZZZ,604,7,-12.25,all_flights,GCRR → GCXO,1.1589,Unknown / not identified,
GCRR,LEMD,AEA,43,3,-1.5333,all_flights,GCRR → LEMD,6.9767,AIR EUROPA,SPAIN
GCRR,LEMD,RYR,234,5,-0.6083,all_flights,GCRR → LEMD,2.1368,RYANAIR,IRELAND
GCRR,LEMD,ZZZ,300,44,5.2667,all_flights,GCRR → LEMD,14.6667,Unknown / not identified,
GCTS,EGCC,EXS,259,26,0.65,all_flights,GCTS → EGCC,10.0386,JET2.COM LTD,UNITED KINGDOM
GCTS,EGCC,EZY,173,15,-3.55,all_flights,GCTS → EGCC,8.6705,EASYJET UK LTD,UNITED KINGDOM
GCTS,EGCC,RYR,155,15,1.5667,all_flights,GCTS → EGCC,9.6774,RYANAIR,IRELAND
GCTS,EGCC,ZZZ,131,10,-1.25,all_flights,GCTS → EGCC,7.6336,Unknown / not identified,
GCTS,EGKK,BAW,98,25,6.8667,all_flights,GCTS → EGKK,25.5102,BRITISH AIRWAYS,UNITED KINGDOM
GCTS,EGKK,EXS,1,0,9.3833,all_flights,GCTS → EGKK,0.0,JET2.COM LTD,UNITED KINGDOM
GCTS,EGKK,EZY,320,51,0.5417,all_flights,GCTS → EGKK,15.9375,EASYJET UK LTD,UNITED KINGDOM
GCTS,EGKK,VLG,10,2,-1.0167,all_flights,GCTS → EGKK,20.0,VUELING AIRLINES,SPAIN
GCTS,EGKK,ZZZ,116,10,-1.8,all_flights,GCTS → EGKK,8.6207,Unknown / not identified,
GCTS,GCLP,CFG,21,3,5.15,all_flights,GCTS → GCLP,14.2857,"CONDOR FLUGDIENST GMBH, FRANKFURT (MAIN)",GERMANY
GCTS,GCLP,CXI,6,0,3.3667,all_flights,GCTS → GCLP,0.0,CORENDON AIRLINES EUROPE,MALTA
GCTS,GCLP,IBB,90,3,-5.4583,all_flights,GCTS → GCLP,3.3333,BINTER CANARIAS,SPAIN
GCTS,GCLP,LGL,4,0,-2.9167,all_flights,GCTS → GCLP,0.0,LUXAIR - SOCIETE LUXEMBOURGEOISE DE NAVIGATION AERIENNE S.A.,LUXEMBOURG
GCTS,GCLP,NOS,15,2,-3.2333,all_flights,GCTS → GCLP,13.3333,NEOS S.P.A.,ITALY
GCTS,GCLP,SDR,5,1,3.55,all_flights,GCTS → GCLP,20.0,SUNDAIR GMBH,GERMANY
GCTS,GCLP,VLG,1,1,41.9333,all_flights,GCTS → GCLP,100.0,VUELING AIRLINES,SPAIN
GCTS,GCLP,ZZZ,474,14,-7.9333,all_flights,GCTS → GCLP,2.9536,Unknown / not identified,
GCXO,GCFV,IBB,322,1,-6.1333,all_flights,GCXO → GCFV,0.3106,BINTER CANARIAS,SPAIN
GCXO,GCFV,ZZZ,608,8,-4.4833,all_flights,GCXO → GCFV,1.3158,Unknown / not identified,
GCXO,GCHI,IBB,56,2,-2.65,all_flights,GCXO → GCHI,3.5714,BINTER CANARIAS,SPAIN
GCXO,GCHI,ZZZ,629,10,-1.8667,all_flights,GCXO → GCHI,1.5898,Unknown / not identified,
GCXO,GCLA,IBB,663,12,-3.9333,all_flights,GCXO → GCLA,1.81,BINTER CANARIAS,SPAIN
GCXO,GCLA,ZZZ,1311,25,-4.0667,all_flights,GCXO → GCLA,1.9069,Unknown / not identified,
GCXO,GCLP,IBB,1305,22,-7.5167,all_flights,GCXO → GCLP,1.6858,BINTER CANARIAS,SPAIN
GCXO,GCLP,SWT,63,3,-7.6667,all_flights,GCXO → GCLP,4.7619,SWIFTAIR S.A.,SPAIN
GCXO,GCLP,ZZZ,1018,23,-7.275,all_flights,GCXO → GCLP,2.2593,Unknown / not identified,
GCXO,GCRR,AEA,1,0,-69.9667,all_flights,GCXO → GCRR,0.0,AIR EUROPA,SPAIN
GCXO,GCRR,IBB,568,15,-4.25,all_flights,GCXO → GCRR,2.6408,BINTER CANARIAS,SPAIN
GCXO,GCRR,ZZZ,605,21,-1.9167,all_flights,GCXO → GCRR,3.4711,Unknown / not identified,
GCXO,LEBL,AEA,1,0,-4.9167,all_flights,GCXO → LEBL,0.0,AIR EUROPA,SPAIN
GCXO,LEBL,RYR,120,4,3.3167,all_flights,GCXO → LEBL,3.3333,RYANAIR,IRELAND
GCXO,LEBL,VLG,455,30,2.7667,all_flights,GCXO → LEBL,6.5934,VUELING AIRLINES,SPAIN
GCXO,LEMD,AEA,410,35,1.8583,all_flights,GCXO → LEMD,8.5366,AIR EUROPA,SPAIN
GCXO,LEMD,IBE,24,4,5.6667,all_flights,GCXO → LEMD,16.6667,"IBERIA - LINEAS AEREAS DE ESPANA, SOCIEDAD ANONIMA OPERADORA",SPAIN
GCXO,LEMD,RYR,120,12,2.3083,all_flights,GCXO → LEMD,10.0,RYANAIR,IRELAND
GCXO,LEMD,SWT,65,7,-0.4333,all_flights,GCXO → LEMD,10.7692,SWIFTAIR S.A.,SPAIN
GCXO,LEMD,ZZZ,634,65,3.3167,all_flights,GCXO → LEMD,10.2524,Unknown / not identified,
GEML,LEMG,ANE,734,4,-10.5667,all_flights,GEML → LEMG,0.545,"AIR NOSTRUM LINEAS AEREAS DEL MEDITERRANEO, S.A.",SPAIN
GMMN,LFPG,AFR,388,50,2.8167,all_flights,GMMN → LFPG,12.8866,AIR FRANCE,FRANCE
GMMN,LFPG,BCS,84,2,-0.65,all_flights,GMMN → LFPG,2.381,"EUROPEAN AIR TRANSPORT, LEIPZIG",GERMANY
GMMN,LFPG,RAM,151,42,7.9333,all_flights,GMMN → LFPG,27.8146,ROYAL AIR MAROC - COMPAGNIE NATIONALE DE TRANSPORTS AERIENS,MOROCCO
GMMN,LFPO,AFR,24,7,3.8417,all_flights,GMMN → LFPO,29.1667,AIR FRANCE,FRANCE
GMMN,LFPO,RAM,535,137,8.75,all_flights,GMMN → LFPO,25.6075,ROYAL AIR MAROC - COMPAGNIE NATIONALE DE TRANSPORTS AERIENS,MOROCCO
GMMN,LFPO,TVF,108,33,7.3583,all_flights,GMMN → LFPO,30.5556,TRANSAVIA FRANCE,FRANCE
GMMN,LFPO,ZZZ,80,17,7.0833,all_flights,GMMN → LFPO,21.25,Unknown / not identified,
GMMX,LFPO,RAM,236,57,7.3417,all_flights,GMMX → LFPO,24.1525,ROYAL AIR MAROC - COMPAGNIE NATIONALE DE TRANSPORTS AERIENS,MOROCCO
GMMX,LFPO,TVF,347,74,5.75,all_flights,GMMX → LFPO,21.3256,TRANSAVIA FRANCE,FRANCE
GMMX,LFPO,VLG,8,3,13.2167,all_flights,GMMX → LFPO,37.5,VUELING AIRLINES,SPAIN
GMMX,LFPO,ZZZ,51,3,5.45,all_flights,GMMX → LFPO,5.8824,Unknown / not identified,
HECA,LTFM,MSR,386,93,4.0167,all_flights,HECA → LTFM,24.0933,EGYPT AIR,EGYPT
HECA,LTFM,QTR,1,1,17.35,all_flights,HECA → LTFM,100.0,QATAR AIRWAYS GROUP Q.C.S.C.,QATAR
HECA,LTFM,SVA,1,0,10.2833,all_flights,HECA → LTFM,0.0,SAUDI ARABIAN AIRLINES,SAUDI ARABIA
HECA,LTFM,THY,401,115,8.3833,all_flights,HECA → LTFM,28.6783,TURK HAVA YOLLARI (TURKISH AIRLINES CO.),TURKEY
HECA,OLBA,MEA,241,30,0.7833,all_flights,HECA → OLBA,12.4481,MIDDLE EAST AIRLINES - AIRLIBAN,LEBANON
HECA,OLBA,MSR,315,63,2.05,all_flights,HECA → OLBA,20.0,EGYPT AIR,EGYPT
HLLM,LTFM,AAW,67,41,20.5833,all_flights,HLLM → LTFM,61.194,AFRICAN AIRLINES CORPORATION,LIBYA
HLLM,LTFM,BRQ,83,50,16.8333,all_flights,HLLM → LTFM,60.241,EL-BURAQ AIR TRANSPORT INC.,LIBYA
HLLM,LTFM,GMS,77,43,16.6,all_flights,HLLM → LTFM,55.8442,GHADAMES AIR,LIBYA
HLLM,LTFM,LAA,56,17,5.2333,all_flights,HLLM → LTFM,30.3571,LIBYAN AIRLINES,LIBYA
HLLM,LTFM,LWA,254,106,12.4583,all_flights,HLLM → LTFM,41.7323,LIBYAN WINGS,LIBYA
HLLM,LTFM,MNB,6,1,-2.2833,all_flights,HLLM → LTFM,16.6667,MNG HAVAYOLLARI VE TASIMACILIK A.S.,TURKEY
HLLM,LTFM,ZZZ,64,20,6.75,all_flights,HLLM → LTFM,31.25,Unknown / not identified,
KBOS,EGLL,AAL,113,28,5.7333,all_flights,KBOS → EGLL,24.7788,AMERICAN AIRLINES INC.,UNITED STATES
KBOS,EGLL,BAW,291,134,13.35,all_flights,KBOS → EGLL,46.0481,BRITISH AIRWAYS,UNITED KINGDOM
KBOS,EGLL,DAL,104,62,23.0917,all_flights,KBOS → EGLL,59.6154,"DELTA AIR LINES, INC.",UNITED STATES
KBOS,EGLL,JBU,42,24,21.35,all_flights,KBOS → EGLL,57.1429,"JETBLUE AIRWAYS CORPORATION (NEW YORK, NY)",UNITED STATES
KBOS,EGLL,UAL,88,24,5.6917,all_flights,KBOS → EGLL,27.2727,"UNITED AIRLINES, INC. (CHICAGO, IL)",UNITED STATES
KBOS,EGLL,VIR,110,38,7.7583,all_flights,KBOS → EGLL,34.5455,VIRGIN ATLANTIC,UNITED KINGDOM
KEWR,EGLL,BAW,264,157,18.675,all_flights,KEWR → EGLL,59.4697,BRITISH AIRWAYS,UNITED KINGDOM
KEWR,EGLL,UAL,644,404,22.4917,all_flights,KEWR → EGLL,62.7329,"UNITED AIRLINES, INC. (CHICAGO, IL)",UNITED STATES
KIAD,EGLL,BAW,219,120,17.3167,all_flights,KIAD → EGLL,54.7945,BRITISH AIRWAYS,UNITED KINGDOM
KIAD,EGLL,UAL,264,132,14.9917,all_flights,KIAD → EGLL,50.0,"UNITED AIRLINES, INC. (CHICAGO, IL)",UNITED STATES
KIAD,EGLL,VIR,84,20,0.9167,all_flights,KIAD → EGLL,23.8095,VIRGIN ATLANTIC,UNITED KINGDOM
KJFK,EDDF,ABD,1,0,-36.4667,all_flights,KJFK → EDDF,0.0,AIR ATLANTA ICELANDIC,ICELAND
KJFK,EDDF,BOX,43,2,-20.55,all_flights,KJFK → EDDF,4.6512,"AEROLOGIC GMBH, LEIPZIG",GERMANY
KJFK,EDDF,CFG,60,33,16.7333,all_flights,KJFK → EDDF,55.0,"CONDOR FLUGDIENST GMBH, FRANKFURT (MAIN)",GERMANY
KJFK,EDDF,DAL,103,30,-5.0667,all_flights,KJFK → EDDF,29.1262,"DELTA AIR LINES, INC.",UNITED STATES
KJFK,EDDF,DLH,167,44,-0.0167,all_flights,KJFK → EDDF,26.3473,"DEUTSCHE LUFTHANSA, AG, KOELN",GERMANY
KJFK,EDDF,GEC,54,3,-23.7333,all_flights,KJFK → EDDF,5.5556,"LUFTHANSA CARGO AG, FRANKFURT (MAIN)",GERMANY
KJFK,EDDF,SIA,121,27,-1.0333,all_flights,KJFK → EDDF,22.314,SINGAPORE AIRLINES LIMITED,SINGAPORE
KJFK,EGLL,AAL,434,127,1.4,all_flights,KJFK → EGLL,29.2627,AMERICAN AIRLINES INC.,UNITED STATES
KJFK,EGLL,BAW,670,256,9.775,all_flights,KJFK → EGLL,38.209,BRITISH AIRWAYS,UNITED KINGDOM
KJFK,EGLL,DAL,215,125,21.8333,all_flights,KJFK → EGLL,58.1395,"DELTA AIR LINES, INC.",UNITED STATES
KJFK,EGLL,JBU,121,47,10.95,all_flights,KJFK → EGLL,38.843,"JETBLUE AIRWAYS CORPORATION (NEW YORK, NY)",UNITED STATES
KJFK,EGLL,SIA,1,0,-26.85,all_flights,KJFK → EGLL,0.0,SINGAPORE AIRLINES LIMITED,SINGAPORE
KJFK,EGLL,VIR,503,197,7.95,all_flights,KJFK → EGLL,39.165,VIRGIN ATLANTIC,UNITED KINGDOM
KJFK,LEMD,AAL,123,15,-7.35,all_flights,KJFK → LEMD,12.1951,AMERICAN AIRLINES INC.,UNITED STATES
KJFK,LEMD,AEA,64,17,7.0917,all_flights,KJFK → LEMD,26.5625,AIR EUROPA,SPAIN
KJFK,LEMD,DAL,123,42,4.9167,all_flights,KJFK → LEMD,34.1463,"DELTA AIR LINES, INC.",UNITED STATES
KJFK,LEMD,IBE,223,34,-5.25,all_flights,KJFK → LEMD,15.2466,"IBERIA - LINEAS AEREAS DE ESPANA, SOCIEDAD ANONIMA OPERADORA",SPAIN
KJFK,LFPG,AAL,121,19,-9.4667,all_flights,KJFK → LFPG,15.7025,AMERICAN AIRLINES INC.,UNITED STATES
KJFK,LFPG,AFR,660,300,13.2,all_flights,KJFK → LFPG,45.4545,AIR FRANCE,FRANCE
KJFK,LFPG,DAL,243,91,6.1667,all_flights,KJFK → LFPG,37.4486,"DELTA AIR LINES, INC.",UNITED STATES
KJFK,LIMC,AAL,121,15,-10.1,all_flights,KJFK → LIMC,12.3967,AMERICAN AIRLINES INC.,UNITED STATES
KJFK,LIMC,DAL,164,34,-8.9667,all_flights,KJFK → LIMC,20.7317,"DELTA AIR LINES, INC.",UNITED STATES
KJFK,LIMC,NOS,44,9,1.6417,all_flights,KJFK → LIMC,20.4545,NEOS S.P.A.,ITALY
KJFK,LIMC,UAE,122,27,-5.025,all_flights,KJFK → LIMC,22.1311,EMIRATES,UNITED ARAB EMIRATES
KJFK,LIMC,ZZZ,90,27,-1.1083,all_flights,KJFK → LIMC,30.0,Unknown / not identified,
KLAX,EGLL,AAL,212,101,14.1,all_flights,KLAX → EGLL,47.6415,AMERICAN AIRLINES INC.,UNITED STATES
KLAX,EGLL,AUA,1,0,-67.3,all_flights,KLAX → EGLL,0.0,AUSTRIAN AIRLINES (AUA) AG,AUSTRIA
KLAX,EGLL,BAW,280,225,25.45,all_flights,KLAX → EGLL,80.3571,BRITISH AIRWAYS,UNITED KINGDOM
KLAX,EGLL,SVA,1,0,8.6333,all_flights,KLAX → EGLL,0.0,SAUDI ARABIAN AIRLINES,SAUDI ARABIA
KLAX,EGLL,UAL,89,52,19.9833,all_flights,KLAX → EGLL,58.427,"UNITED AIRLINES, INC. (CHICAGO, IL)",UNITED STATES
KLAX,EGLL,VIR,299,146,14.6167,all_flights,KLAX → EGLL,48.8294,VIRGIN ATLANTIC,UNITED KINGDOM
KMIA,EGLL,AAL,185,134,23.7,all_flights,KMIA → EGLL,72.4324,AMERICAN AIRLINES INC.,UNITED STATES
KMIA,EGLL,BAW,208,179,34.9417,all_flights,KMIA → EGLL,86.0577,BRITISH AIRWAYS,UNITED KINGDOM
KMIA,EGLL,BCS,2,2,28.9,all_flights,KMIA → EGLL,100.0,"EUROPEAN AIR TRANSPORT, LEIPZIG",GERMANY
KMIA,EGLL,VIR,150,105,22.5083,all_flights,KMIA → EGLL,70.0,VIRGIN ATLANTIC,UNITED KINGDOM
KORD,EDDF,ABD,6,1,10.0917,all_flights,KORD → EDDF,16.6667,AIR ATLANTA ICELANDIC,ICELAND
KORD,EDDF,BCS,11,0,-11.6167,all_flights,KORD → EDDF,0.0,"EUROPEAN AIR TRANSPORT, LEIPZIG",GERMANY
KORD,EDDF,BOX,70,7,-19.3667,all_flights,KORD → EDDF,10.0,"AEROLOGIC GMBH, LEIPZIG",GERMANY
KORD,EDDF,DLH,186,41,0.5083,all_flights,KORD → EDDF,22.043,"DEUTSCHE LUFTHANSA, AG, KOELN",GERMANY
KORD,EDDF,ETD,31,2,-13.7333,all_flights,KORD → EDDF,6.4516,ETIHAD AIRWAYS,UNITED ARAB EMIRATES
KORD,EDDF,GEC,45,6,-19.7,all_flights,KORD → EDDF,13.3333,"LUFTHANSA CARGO AG, FRANKFURT (MAIN)",GERMANY
KORD,EDDF,GTI,32,18,24.5417,all_flights,KORD → EDDF,56.25,"ATLAS AIR, INC. (JAMAICA, NY)",UNITED STATES
KORD,EDDF,UAL,206,65,2.6417,all_flights,KORD → EDDF,31.5534,"UNITED AIRLINES, INC. (CHICAGO, IL)",UNITED STATES
KORD,EGLL,AAL,304,80,0.1083,all_flights,KORD → EGLL,26.3158,AMERICAN AIRLINES INC.,UNITED STATES
KORD,EGLL,BAW,227,125,16.2833,all_flights,KORD → EGLL,55.0661,BRITISH AIRWAYS,UNITED KINGDOM
KORD,EGLL,UAL,263,87,6.1,all_flights,KORD → EGLL,33.0798,"UNITED AIRLINES, INC. (CHICAGO, IL)",UNITED STATES
KSFO,EGLL,BAW,220,171,27.0083,all_flights,KSFO → EGLL,77.7273,BRITISH AIRWAYS,UNITED KINGDOM
KSFO,EGLL,UAL,277,206,23.6,all_flights,KSFO → EGLL,74.3682,"UNITED AIRLINES, INC. (CHICAGO, IL)",UNITED STATES
KSFO,EGLL,VIR,183,53,7.55,all_flights,KSFO → EGLL,28.9617,VIRGIN ATLANTIC,UNITED KINGDOM
LCLK,LGAV,AEE,638,75,3.2667,all_flights,LCLK → LGAV,11.7555,AEGEAN AIRLINES,GREECE
LCLK,LGAV,BCS,44,4,3.625,all_flights,LCLK → LGAV,9.0909,"EUROPEAN AIR TRANSPORT, LEIPZIG",GERMANY
LCLK,LGAV,CYP,164,22,4.6167,all_flights,LCLK → LGAV,13.4146,CYPRUS AIRWAYS,CYPRUS
LCLK,LGAV,GFA,34,8,-4.4833,all_flights,LCLK → LGAV,23.5294,GULF AIR,BAHRAIN
LCLK,LGAV,SEH,328,49,5.1833,all_flights,LCLK → LGAV,14.939,SKY EXPRESS S.A.,GREECE
LCLK,LGAV,SWN,47,2,0.75,all_flights,LCLK → LGAV,4.2553,WEST ATLANTIC SWEDEN AB,SWEDEN
LCLK,LGAV,WZZ,100,20,1.6417,all_flights,LCLK → LGAV,20.0,WIZZ AIR HUNGARY LTD,HUNGARY
LCLK,LGAV,ZZZ,38,2,-3.7167,all_flights,LCLK → LGAV,5.2632,Unknown / not identified,
LCLK,LLBG,AIZ,36,13,8.375,all_flights,LCLK → LLBG,36.1111,ARKIA ISRAEL INLAND AIRLINES,ISRAEL
LCLK,LLBG,CHG,2,0,-14.2917,all_flights,LCLK → LLBG,0.0,CHALLENGE AIRLINES (BE) S.A.,BELGIUM
LCLK,LLBG,CYP,69,11,4.8833,all_flights,LCLK → LLBG,15.942,CYPRUS AIRWAYS,CYPRUS
LCLK,LLBG,ELY,142,16,4.825,all_flights,LCLK → LLBG,11.2676,EL AL - ISRAEL AIRLINES LTD.,ISRAEL
LCLK,LLBG,ICL,5,0,-8.8667,all_flights,LCLK → LLBG,0.0,CHALLENGE AIRLINES (IL),ISRAEL
LCLK,LLBG,ISR,2,0,9.1167,all_flights,LCLK → LLBG,0.0,ISRAIR LTD,ISRAEL
LCLK,LLBG,SWR,1,1,19.6333,all_flights,LCLK → LLBG,100.0,SWISS INTERNATIONAL AIR LINES LTD,SWITZERLAND
LCLK,LLBG,UPS,67,21,2.9333,all_flights,LCLK → LLBG,31.3433,"UNITED PARCEL SERVICE COMPANY, (LOUISVILLE, KY)",UNITED STATES
LCLK,LLBG,WZZ,57,4,0.2833,all_flights,LCLK → LLBG,7.0175,WIZZ AIR HUNGARY LTD,HUNGARY
LCLK,LLBG,ZZZ,203,34,3.8,all_flights,LCLK → LLBG,16.7488,Unknown / not identified,
LDZA,EDDF,CTN,337,15,-3.0167,all_flights,LDZA → EDDF,4.451,CROATIA AIRLINES,CROATIA
LDZA,EDDF,DLH,176,19,-2.2667,all_flights,LDZA → EDDF,10.7955,"DEUTSCHE LUFTHANSA, AG, KOELN",GERMANY
LEAL,EGCC,EXS,147,19,3.3667,all_flights,LEAL → EGCC,12.9252,JET2.COM LTD,UNITED KINGDOM
LEAL,EGCC,EZY,203,18,-0.7333,all_flights,LEAL → EGCC,8.867,EASYJET UK LTD,UNITED KINGDOM
LEAL,EGCC,RYR,298,46,6.2167,all_flights,LEAL → EGCC,15.4362,RYANAIR,IRELAND
LEAL,EGCC,ZZZ,42,4,0.875,all_flights,LEAL → EGCC,9.5238,Unknown / not identified,
LEAL,EGKK,BAW,95,10,3.9167,all_flights,LEAL → EGKK,10.5263,BRITISH AIRWAYS,UNITED KINGDOM
LEAL,EGKK,EZY,408,77,3.4917,all_flights,LEAL → EGKK,18.8725,EASYJET UK LTD,UNITED KINGDOM
LEAL,EGKK,RYR,81,13,0.9833,all_flights,LEAL → EGKK,16.0494,RYANAIR,IRELAND
LEAL,EGKK,ZZZ,13,3,-2.3333,all_flights,LEAL → EGKK,23.0769,Unknown / not identified,
LEAL,LEMD,AEA,232,26,2.9917,all_flights,LEAL → LEMD,11.2069,AIR EUROPA,SPAIN
LEAL,LEMD,ANE,320,41,4.4083,all_flights,LEAL → LEMD,12.8125,"AIR NOSTRUM LINEAS AEREAS DEL MEDITERRANEO, S.A.",SPAIN
LEAL,LEMD,IBE,30,1,-1.1917,all_flights,LEAL → LEMD,3.3333,"IBERIA - LINEAS AEREAS DE ESPANA, SOCIEDAD ANONIMA OPERADORA",SPAIN
LEAL,LEPA,AEA,218,8,-1.4917,all_flights,LEAL → LEPA,3.6697,AIR EUROPA,SPAIN
LEAL,LEPA,NOS,1,0,10.4,all_flights,LEAL → LEPA,0.0,NEOS S.P.A.,ITALY
LEAL,LEPA,RYR,89,3,-0.5,all_flights,LEAL → LEPA,3.3708,RYANAIR,IRELAND
LEAL,LEPA,VLG,237,6,-3.8,all_flights,LEAL → LEPA,2.5316,VUELING AIRLINES,SPAIN
LEBB,LEBL,VLG,619,36,-0.2,all_flights,LEBB → LEBL,5.8158,VUELING AIRLINES,SPAIN
LEBB,LEMD,AEA,361,17,-2.35,all_flights,LEBB → LEMD,4.7091,AIR EUROPA,SPAIN
LEBB,LEMD,ANE,24,4,1.6667,all_flights,LEBB → LEMD,16.6667,"AIR NOSTRUM LINEAS AEREAS DEL MEDITERRANEO, S.A.",SPAIN
LEBB,LEMD,IBE,519,69,0.5333,all_flights,LEBB → LEMD,13.2948,"IBERIA - LINEAS AEREAS DE ESPANA, SOCIEDAD ANONIMA OPERADORA",SPAIN
LEBL,EBBR,BCS,66,3,-0.1917,all_flights,LEBL → EBBR,4.5455,"EUROPEAN AIR TRANSPORT, LEIPZIG",GERMANY
LEBL,EBBR,BEL,208,33,3.3333,all_flights,LEBL → EBBR,15.8654,BRUSSELS AIRLINES,BELGIUM
LEBL,EBBR,RYR,201,30,4.9333,all_flights,LEBL → EBBR,14.9254,RYANAIR,IRELAND
LEBL,EBBR,VLG,290,102,10.3167,all_flights,LEBL → EBBR,35.1724,VUELING AIRLINES,SPAIN
LEBL,EDDF,DLH,758,24,-9.45,all_flights,LEBL → EDDF,3.1662,"DEUTSCHE LUFTHANSA, AG, KOELN",GERMANY
LEBL,EDDF,GBG,1,0,-0.1833,all_flights,LEBL → EDDF,0.0,GULLIVAIR,BULGARIA
LEBL,EDDF,RYR,18,0,-11.8917,all_flights,LEBL → EDDF,0.0,RYANAIR,IRELAND
LEBL,EDDM,DLH,525,28,-4.8333,all_flights,LEBL → EDDM,5.3333,"DEUTSCHE LUFTHANSA, AG, KOELN",GERMANY
LEBL,EDDM,VLG,219,20,-0.1667,all_flights,LEBL → EDDM,9.1324,VUELING AIRLINES,SPAIN
LEBL,EGKK,EZY,251,78,8.5333,all_flights,LEBL → EGKK,31.0757,EASYJET UK LTD,UNITED KINGDOM
LEBL,EGKK,VLG,673,249,10.8167,all_flights,LEBL → EGKK,36.9985,VUELING AIRLINES,SPAIN
LEBL,EGKK,ZZZ,179,35,2.5833,all_flights,LEBL → EGKK,19.5531,Unknown / not identified,
LEBL,EGLL,BAW,709,277,11.0167,all_flights,LEBL → EGLL,39.0691,BRITISH AIRWAYS,UNITED KINGDOM
LEBL,EHAM,KLM,529,129,8.75,all_flights,LEBL → EHAM,24.3856,KLM ROYAL DUTCH AIRLINES,NETHERLANDS
LEBL,EHAM,TRA,207,41,6.15,all_flights,LEBL → EHAM,19.8068,TRANSAVIA HOLLAND B.V.,NETHERLANDS
LEBL,EHAM,VLG,603,176,9.8167,all_flights,LEBL → EHAM,29.1874,VUELING AIRLINES,SPAIN
LEBL,EIDW,EIN,213,39,1.9167,all_flights,LEBL → EIDW,18.3099,AER LINGUS TEORANTA,IRELAND
LEBL,EIDW,RYR,306,81,6.3833,all_flights,LEBL → EIDW,26.4706,RYANAIR,IRELAND
LEBL,EIDW,VLG,92,23,7.8917,all_flights,LEBL → EIDW,25.0,VUELING AIRLINES,SPAIN
LEBL,EIDW,ZZZ,1,0,-16.9,all_flights,LEBL → EIDW,0.0,Unknown / not identified,
LEBL,GCXO,RYR,119,10,0.45,all_flights,LEBL → GCXO,8.4034,RYANAIR,IRELAND
LEBL,GCXO,VLG,455,64,4.6,all_flights,LEBL → GCXO,14.0659,VUELING AIRLINES,SPAIN
LEBL,LEBB,VLG,620,76,3.5833,all_flights,LEBL → LEBB,12.2581,VUELING AIRLINES,SPAIN
LEBL,LEIB,RYR,346,28,-2.3417,all_flights,LEBL → LEIB,8.0925,RYANAIR,IRELAND
LEBL,LEIB,VLG,861,50,-2.3333,all_flights,LEBL → LEIB,5.8072,VUELING AIRLINES,SPAIN
LEBL,LEMD,AEA,251,26,-0.0667,all_flights,LEBL → LEMD,10.3586,AIR EUROPA,SPAIN
LEBL,LEMD,CSA,1,0,-3.1333,all_flights,LEBL → LEMD,0.0,CZECH AIRLINES J.S.C.,CZECHIA
LEBL,LEMD,IBE,1257,249,6.95,all_flights,LEBL → LEMD,19.8091,"IBERIA - LINEAS AEREAS DE ESPANA, SOCIEDAD ANONIMA OPERADORA",SPAIN
LEBL,LEMD,NOS,1,0,12.35,all_flights,LEBL → LEMD,0.0,NEOS S.P.A.,ITALY
LEBL,LEMD,RYR,3,3,44.3667,all_flights,LEBL → LEMD,100.0,RYANAIR,IRELAND
LEBL,LEMD,SWT,1,0,-1.45,all_flights,LEBL → LEMD,0.0,SWIFTAIR S.A.,SPAIN
LEBL,LEMD,TAR,1,1,15.7833,all_flights,LEBL → LEMD,100.0,TUNIS AIR - SOCIETE TUNISIENNE DE L'AIR,TUNISIA
LEBL,LEMD,VLG,271,29,3.8167,all_flights,LEBL → LEMD,10.7011,VUELING AIRLINES,SPAIN
LEBL,LEMD,ZZZ,14,0,1.625,all_flights,LEBL → LEMD,0.0,Unknown / not identified,
LEBL,LEMG,RYR,159,45,8.3167,all_flights,LEBL → LEMG,28.3019,RYANAIR,IRELAND
LEBL,LEMG,VLG,610,121,8.1333,all_flights,LEBL → LEMG,19.8361,VUELING AIRLINES,SPAIN
LEBL,LEMH,RYR,176,24,-1.5417,all_flights,LEBL → LEMH,13.6364,RYANAIR,IRELAND
LEBL,LEMH,VLG,756,25,-1.3333,all_flights,LEBL → LEMH,3.3069,VUELING AIRLINES,SPAIN
LEBL,LEPA,AEA,592,44,0.8833,all_flights,LEBL → LEPA,7.4324,AIR EUROPA,SPAIN
LEBL,LEPA,RYR,533,66,0.3167,all_flights,LEBL → LEPA,12.3827,RYANAIR,IRELAND
LEBL,LEPA,SWT,88,14,3.6083,all_flights,LEBL → LEPA,15.9091,SWIFTAIR S.A.,SPAIN
LEBL,LEPA,VLG,1205,71,-0.1333,all_flights,LEBL → LEPA,5.8921,VUELING AIRLINES,SPAIN
LEBL,LEZL,RYR,238,50,6.575,all_flights,LEBL → LEZL,21.0084,RYANAIR,IRELAND
LEBL,LEZL,VLG,694,81,4.5417,all_flights,LEBL → LEZL,11.6715,VUELING AIRLINES,SPAIN
LEBL,LFPG,AFR,668,87,3.6417,all_flights,LEBL → LFPG,13.024,AIR FRANCE,FRANCE
LEBL,LFPG,BCS,2,1,24.7333,all_flights,LEBL → LFPG,50.0,"EUROPEAN AIR TRANSPORT, LEIPZIG",GERMANY
LEBL,LFPG,FDX,71,8,1.1167,all_flights,LEBL → LFPG,11.2676,FEDERAL EXPRESS CORPORATION,UNITED STATES
LEBL,LFPG,SDR,1,0,1.6833,all_flights,LEBL → LFPG,0.0,SUNDAIR GMBH,GERMANY
LEBL,LFPG,SWN,4,0,-6.3167,all_flights,LEBL → LFPG,0.0,WEST ATLANTIC SWEDEN AB,SWEDEN
LEBL,LFPG,TVF,2,0,4.05,all_flights,LEBL → LFPG,0.0,TRANSAVIA FRANCE,FRANCE
LEBL,LFPG,VLG,294,39,3.6417,all_flights,LEBL → LFPG,13.2653,VUELING AIRLINES,SPAIN
LEBL,LFPG,ZZZ,261,33,0.5833,all_flights,LEBL → LFPG,12.6437,Unknown / not identified,
LEBL,LFPO,TVF,150,42,9.45,all_flights,LEBL → LFPO,28.0,TRANSAVIA FRANCE,FRANCE
LEBL,LFPO,VLG,792,103,4.1083,all_flights,LEBL → LFPO,13.0051,VUELING AIRLINES,SPAIN
LEBL,LIMC,BCS,80,5,-12.05,all_flights,LEBL → LIMC,6.25,"EUROPEAN AIR TRANSPORT, LEIPZIG",GERMANY
LEBL,LIMC,RYR,116,5,-12.2333,all_flights,LEBL → LIMC,4.3103,RYANAIR,IRELAND
LEBL,LIMC,SIA,88,4,-12.95,all_flights,LEBL → LIMC,4.5455,SINGAPORE AIRLINES LIMITED,SINGAPORE
LEBL,LIMC,VLG,498,15,-11.75,all_flights,LEBL → LIMC,3.012,VUELING AIRLINES,SPAIN
LEBL,LIMC,ZZZ,298,6,-17.5583,all_flights,LEBL → LIMC,2.0134,Unknown / not identified,
LEBL,LIRF,RYR,281,23,-3.75,all_flights,LEBL → LIRF,8.1851,RYANAIR,IRELAND
LEBL,LIRF,VLG,536,22,-6.0417,all_flights,LEBL → LIRF,4.1045,VUELING AIRLINES,SPAIN
LEBL,LIRF,WZZ,21,0,-5.3167,all_flights,LEBL → LIRF,0.0,WIZZ AIR HUNGARY LTD,HUNGARY
LEBL,LIRF,ZZZ,318,13,-7.3,all_flights,LEBL → LIRF,4.0881,Unknown / not identified,
LEBL,LOWW,AUA,193,32,5.2333,all_flights,LEBL → LOWW,16.5803,AUSTRIAN AIRLINES (AUA) AG,AUSTRIA
LEBL,LOWW,RYR,181,55,10.1,all_flights,LEBL → LOWW,30.3867,RYANAIR,IRELAND
LEBL,LOWW,VLG,90,14,5.0,all_flights,LEBL → LOWW,15.5556,VUELING AIRLINES,SPAIN
LEBL,LOWW,WZZ,104,39,12.3,all_flights,LEBL → LOWW,37.5,WIZZ AIR HUNGARY LTD,HUNGARY
LEBL,LPPR,RYR,287,34,2.85,all_flights,LEBL → LPPR,11.8467,RYANAIR,IRELAND
LEBL,LPPR,VLG,287,46,5.95,all_flights,LEBL → LPPR,16.0279,VUELING AIRLINES,SPAIN
LEBL,LPPT,BCS,15,2,0.6833,all_flights,LEBL → LPPT,13.3333,"EUROPEAN AIR TRANSPORT, LEIPZIG",GERMANY
LEBL,LPPT,RYR,68,29,12.325,all_flights,LEBL → LPPT,42.6471,RYANAIR,IRELAND
LEBL,LPPT,TAP,624,139,7.6583,all_flights,LEBL → LPPT,22.2756,"TRANSPORTES AEREOS PORTUGUESES, E.P.",PORTUGAL
LEBL,LPPT,VLG,404,173,12.3083,all_flights,LEBL → LPPT,42.8218,VUELING AIRLINES,SPAIN
LEBL,LPPT,ZZZ,32,12,10.425,all_flights,LEBL → LPPT,37.5,Unknown / not identified,
LEBL,LSGG,EZS,128,9,-3.2417,all_flights,LEBL → LSGG,7.0312,EASY JET SWITZERLAND SA,SWITZERLAND
LEBL,LSGG,VLG,174,30,3.875,all_flights,LEBL → LSGG,17.2414,VUELING AIRLINES,SPAIN
LEBL,LSGG,ZZZ,266,22,-2.5667,all_flights,LEBL → LSGG,8.2707,Unknown / not identified,
LEBL,LSZH,SWR,430,45,-0.05,all_flights,LEBL → LSZH,10.4651,SWISS INTERNATIONAL AIR LINES LTD,SWITZERLAND
LEBL,LSZH,VLG,188,23,0.5667,all_flights,LEBL → LSZH,12.234,VUELING AIRLINES,SPAIN
LECO,LEMD,AEA,329,12,2.4333,all_flights,LECO → LEMD,3.6474,AIR EUROPA,SPAIN
LECO,LEMD,ANE,40,4,3.625,all_flights,LECO → LEMD,10.0,"AIR NOSTRUM LINEAS AEREAS DEL MEDITERRANEO, S.A.",SPAIN
LECO,LEMD,IBE,401,40,1.65,all_flights,LECO → LEMD,9.9751,"IBERIA - LINEAS AEREAS DE ESPANA, SOCIEDAD ANONIMA OPERADORA",SPAIN
LEIB,LEBL,RYR,346,10,-3.1083,all_flights,LEIB → LEBL,2.8902,RYANAIR,IRELAND
LEIB,LEBL,VLG,860,29,-1.5,all_flights,LEIB → LEBL,3.3721,VUELING AIRLINES,SPAIN
LEIB,LEMD,AEA,236,16,-0.15,all_flights,LEIB → LEMD,6.7797,AIR EUROPA,SPAIN
LEIB,LEMD,RYR,264,14,-0.925,all_flights,LEIB → LEMD,5.303,RYANAIR,IRELAND
LEIB,LEMD,VLG,159,11,2.6167,all_flights,LEIB → LEMD,6.9182,VUELING AIRLINES,SPAIN
LEIB,LEMD,ZZZ,353,72,7.4833,all_flights,LEIB → LEMD,20.3966,Unknown / not identified,
LEIB,LEPA,AEA,437,7,-9.3667,all_flights,LEIB → LEPA,1.6018,AIR EUROPA,SPAIN
LEIB,LEPA,ANE,820,24,-5.4333,all_flights,LEIB → LEPA,2.9268,"AIR NOSTRUM LINEAS AEREAS DEL MEDITERRANEO, S.A.",SPAIN
LEIB,LEPA,CXI,3,0,-11.8333,all_flights,LEIB → LEPA,0.0,CORENDON AIRLINES EUROPE,MALTA
LEIB,LEPA,NOS,4,1,4.7083,all_flights,LEIB → LEPA,25.0,NEOS S.P.A.,ITALY
LEIB,LEPA,RYR,1,0,9.95,all_flights,LEIB → LEPA,0.0,RYANAIR,IRELAND
LEIB,LEPA,SWT,283,3,-10.2833,all_flights,LEIB → LEPA,1.0601,SWIFTAIR S.A.,SPAIN
LEIB,LEPA,ZZZ,1,0,-101.3,all_flights,LEIB → LEPA,0.0,Unknown / not identified,
LEMD,EBBR,AEA,242,53,8.75,all_flights,LEMD → EBBR,21.9008,AIR EUROPA,SPAIN
LEMD,EBBR,BCS,70,7,3.3917,all_flights,LEMD → EBBR,10.0,"EUROPEAN AIR TRANSPORT, LEIPZIG",GERMANY
LEMD,EBBR,BEL,251,30,3.4833,all_flights,LEMD → EBBR,11.9522,BRUSSELS AIRLINES,BELGIUM
LEMD,EBBR,IBE,364,52,5.2333,all_flights,LEMD → EBBR,14.2857,"IBERIA - LINEAS AEREAS DE ESPANA, SOCIEDAD ANONIMA OPERADORA",SPAIN
LEMD,EBBR,RYR,143,22,4.9667,all_flights,LEMD → EBBR,15.3846,RYANAIR,IRELAND
LEMD,EBBR,ZZZ,4,2,7.6333,all_flights,LEMD → EBBR,50.0,Unknown / not identified,
LEMD,EDDF,AEA,244,9,-7.3333,all_flights,LEMD → EDDF,3.6885,AIR EUROPA,SPAIN
LEMD,EDDF,ANE,342,19,-4.8667,all_flights,LEMD → EDDF,5.5556,"AIR NOSTRUM LINEAS AEREAS DEL MEDITERRANEO, S.A.",SPAIN
LEMD,EDDF,BCS,47,2,-9.4667,all_flights,LEMD → EDDF,4.2553,"EUROPEAN AIR TRANSPORT, LEIPZIG",GERMANY
LEMD,EDDF,DLH,388,9,-9.3917,all_flights,LEMD → EDDF,2.3196,"DEUTSCHE LUFTHANSA, AG, KOELN",GERMANY
LEMD,EDDF,GEC,1,0,-8.75,all_flights,LEMD → EDDF,0.0,"LUFTHANSA CARGO AG, FRANKFURT (MAIN)",GERMANY
LEMD,EDDF,IBE,4,0,-16.475,all_flights,LEMD → EDDF,0.0,"IBERIA - LINEAS AEREAS DE ESPANA, SOCIEDAD ANONIMA OPERADORA",SPAIN
LEMD,EDDF,KAL,1,0,4.1,all_flights,LEMD → EDDF,0.0,"KOREAN AIR LINES CO., LTD.",REPUBLIC OF KOREA
LEMD,EDDF,RYR,1,0,-15.9167,all_flights,LEMD → EDDF,0.0,RYANAIR,IRELAND
LEMD,EDDF,UAE,3,0,4.1,all_flights,LEMD → EDDF,0.0,EMIRATES,UNITED ARAB EMIRATES
LEMD,EDDM,AEA,243,22,1.1167,all_flights,LEMD → EDDM,9.0535,AIR EUROPA,SPAIN
LEMD,EDDM,ANE,98,10,-0.925,all_flights,LEMD → EDDM,10.2041,"AIR NOSTRUM LINEAS AEREAS DEL MEDITERRANEO, S.A.",SPAIN
LEMD,EDDM,DLH,374,14,-0.9,all_flights,LEMD → EDDM,3.7433,"DEUTSCHE LUFTHANSA, AG, KOELN",GERMANY
LEMD,EDDM,IBE,264,13,-3.55,all_flights,LEMD → EDDM,4.9242,"IBERIA - LINEAS AEREAS DE ESPANA, SOCIEDAD ANONIMA OPERADORA",SPAIN
LEMD,EGKK,AEA,244,95,10.6667,all_flights,LEMD → EGKK,38.9344,AIR EUROPA,SPAIN
LEMD,EGKK,BAW,46,25,17.4167,all_flights,LEMD → EGKK,54.3478,BRITISH AIRWAYS,UNITED KINGDOM
LEMD,EGKK,EZY,299,79,6.15,all_flights,LEMD → EGKK,26.4214,EASYJET UK LTD,UNITED KINGDOM
LEMD,EGKK,ZZZ,170,34,4.4,all_flights,LEMD → EGKK,20.0,Unknown / not identified,
LEMD,EGLL,BAW,454,191,12.7083,all_flights,LEMD → EGLL,42.0705,BRITISH AIRWAYS,UNITED KINGDOM
LEMD,EGLL,BCS,17,1,0.6833,all_flights,LEMD → EGLL,5.8824,"EUROPEAN AIR TRANSPORT, LEIPZIG",GERMANY
LEMD,EGLL,IBE,880,275,9.5667,all_flights,LEMD → EGLL,31.25,"IBERIA - LINEAS AEREAS DE ESPANA, SOCIEDAD ANONIMA OPERADORA",SPAIN
LEMD,EHAM,AEA,244,59,7.25,all_flights,LEMD → EHAM,24.1803,AIR EUROPA,SPAIN
LEMD,EHAM,BCS,37,7,6.25,all_flights,LEMD → EHAM,18.9189,"EUROPEAN AIR TRANSPORT, LEIPZIG",GERMANY
LEMD,EHAM,IBE,53,3,4.15,all_flights,LEMD → EHAM,5.6604,"IBERIA - LINEAS AEREAS DE ESPANA, SOCIEDAD ANONIMA OPERADORA",SPAIN
LEMD,EHAM,KLM,495,86,6.6667,all_flights,LEMD → EHAM,17.3737,KLM ROYAL DUTCH AIRLINES,NETHERLANDS
LEMD,EHAM,UAE,4,1,8.725,all_flights,LEMD → EHAM,25.0,EMIRATES,UNITED ARAB EMIRATES
LEMD,EHAM,ZZZ,192,45,8.3917,all_flights,LEMD → EHAM,23.4375,Unknown / not identified,
LEMD,EIDW,BCS,2,0,3.15,all_flights,LEMD → EIDW,0.0,"EUROPEAN AIR TRANSPORT, LEIPZIG",GERMANY
LEMD,EIDW,EIN,129,15,3.2167,all_flights,LEMD → EIDW,11.6279,AER LINGUS TEORANTA,IRELAND
LEMD,EIDW,RYR,260,36,3.925,all_flights,LEMD → EIDW,13.8462,RYANAIR,IRELAND
LEMD,EIDW,ZZZ,122,34,8.2833,all_flights,LEMD → EIDW,27.8689,Unknown / not identified,
LEMD,GCLP,AEA,301,86,8.9833,all_flights,LEMD → GCLP,28.5714,AIR EUROPA,SPAIN
LEMD,GCLP,IBE,6,4,24.1083,all_flights,LEMD → GCLP,66.6667,"IBERIA - LINEAS AEREAS DE ESPANA, SOCIEDAD ANONIMA OPERADORA",SPAIN
LEMD,GCLP,RYR,235,48,7.1,all_flights,LEMD → GCLP,20.4255,RYANAIR,IRELAND
LEMD,GCLP,SWT,70,15,6.875,all_flights,LEMD → GCLP,21.4286,SWIFTAIR S.A.,SPAIN
LEMD,GCLP,ZZZ,773,146,7.1333,all_flights,LEMD → GCLP,18.8875,Unknown / not identified,
LEMD,GCRR,AEA,43,3,-0.7,all_flights,LEMD → GCRR,6.9767,AIR EUROPA,SPAIN
LEMD,GCRR,RYR,235,12,-2.8,all_flights,LEMD → GCRR,5.1064,RYANAIR,IRELAND
LEMD,GCRR,ZZZ,298,16,-6.525,all_flights,LEMD → GCRR,5.3691,Unknown / not identified,
LEMD,GCXO,AEA,410,78,6.1333,all_flights,LEMD → GCXO,19.0244,AIR EUROPA,SPAIN
LEMD,GCXO,ANE,1,1,82.3833,all_flights,LEMD → GCXO,100.0,"AIR NOSTRUM LINEAS AEREAS DEL MEDITERRANEO, S.A.",SPAIN
LEMD,GCXO,IBE,24,4,5.775,all_flights,LEMD → GCXO,16.6667,"IBERIA - LINEAS AEREAS DE ESPANA, SOCIEDAD ANONIMA OPERADORA",SPAIN
LEMD,GCXO,RYR,117,13,2.7667,all_flights,LEMD → GCXO,11.1111,RYANAIR,IRELAND
LEMD,GCXO,SWT,63,11,4.3167,all_flights,LEMD → GCXO,17.4603,SWIFTAIR S.A.,SPAIN
LEMD,GCXO,ZZZ,639,86,5.0,all_flights,LEMD → GCXO,13.4585,Unknown / not identified,
LEMD,KJFK,AAL,123,7,-2.2,all_flights,LEMD → KJFK,5.6911,AMERICAN AIRLINES INC.,UNITED STATES
LEMD,KJFK,AEA,63,16,7.25,all_flights,LEMD → KJFK,25.3968,AIR EUROPA,SPAIN
LEMD,KJFK,DAL,122,10,1.9833,all_flights,LEMD → KJFK,8.1967,"DELTA AIR LINES, INC.",UNITED STATES
LEMD,KJFK,IBE,222,25,1.8917,all_flights,LEMD → KJFK,11.2613,"IBERIA - LINEAS AEREAS DE ESPANA, SOCIEDAD ANONIMA OPERADORA",SPAIN
LEMD,LEAL,AEA,232,24,3.8917,all_flights,LEMD → LEAL,10.3448,AIR EUROPA,SPAIN
LEMD,LEAL,ANE,320,65,7.5583,all_flights,LEMD → LEAL,20.3125,"AIR NOSTRUM LINEAS AEREAS DEL MEDITERRANEO, S.A.",SPAIN
LEMD,LEAL,IBE,30,1,-0.7833,all_flights,LEMD → LEAL,3.3333,"IBERIA - LINEAS AEREAS DE ESPANA, SOCIEDAD ANONIMA OPERADORA",SPAIN
LEMD,LEBB,AEA,361,31,0.8333,all_flights,LEMD → LEBB,8.5873,AIR EUROPA,SPAIN
LEMD,LEBB,ANE,29,8,6.3667,all_flights,LEMD → LEBB,27.5862,"AIR NOSTRUM LINEAS AEREAS DEL MEDITERRANEO, S.A.",SPAIN
LEMD,LEBB,IBE,518,49,3.8,all_flights,LEMD → LEBB,9.4595,"IBERIA - LINEAS AEREAS DE ESPANA, SOCIEDAD ANONIMA OPERADORA",SPAIN
LEMD,LEBL,AEA,252,35,4.2167,all_flights,LEMD → LEBL,13.8889,AIR EUROPA,SPAIN
LEMD,LEBL,BCS,1,0,0.5,all_flights,LEMD → LEBL,0.0,"EUROPEAN AIR TRANSPORT, LEIPZIG",GERMANY
LEMD,LEBL,IBE,1260,92,1.8167,all_flights,LEMD → LEBL,7.3016,"IBERIA - LINEAS AEREAS DE ESPANA, SOCIEDAD ANONIMA OPERADORA",SPAIN
LEMD,LEBL,RJA,2,0,-4.0167,all_flights,LEMD → LEBL,0.0,ROYAL JORDANIAN,JORDAN
LEMD,LEBL,VLG,270,29,0.9917,all_flights,LEMD → LEBL,10.7407,VUELING AIRLINES,SPAIN
LEMD,LEBL,ZZZ,6,0,-0.7333,all_flights,LEMD → LEBL,0.0,Unknown / not identified,
LEMD,LECO,AEA,329,42,3.9667,all_flights,LEMD → LECO,12.766,AIR EUROPA,SPAIN
LEMD,LECO,ANE,40,7,7.0667,all_flights,LEMD → LECO,17.5,"AIR NOSTRUM LINEAS AEREAS DEL MEDITERRANEO, S.A.",SPAIN
LEMD,LECO,IBE,397,61,5.0333,all_flights,LEMD → LECO,15.3652,"IBERIA - LINEAS AEREAS DE ESPANA, SOCIEDAD ANONIMA OPERADORA",SPAIN
LEMD,LEIB,AEA,236,8,-5.0583,all_flights,LEMD → LEIB,3.3898,AIR EUROPA,SPAIN
LEMD,LEIB,RYR,265,8,-2.8167,all_flights,LEMD → LEIB,3.0189,RYANAIR,IRELAND
LEMD,LEIB,VLG,159,6,-3.2833,all_flights,LEMD → LEIB,3.7736,VUELING AIRLINES,SPAIN
LEMD,LEIB,ZZZ,352,18,-0.4083,all_flights,LEMD → LEIB,5.1136,Unknown / not identified,
LEMD,LEMG,AEA,386,57,5.6,all_flights,LEMD → LEMG,14.7668,AIR EUROPA,SPAIN
LEMD,LEMG,ANE,124,35,8.1583,all_flights,LEMD → LEMG,28.2258,"AIR NOSTRUM LINEAS AEREAS DEL MEDITERRANEO, S.A.",SPAIN
LEMD,LEMG,ETD,10,2,6.0417,all_flights,LEMD → LEMG,20.0,ETIHAD AIRWAYS,UNITED ARAB EMIRATES
LEMD,LEMG,IBE,36,9,7.4167,all_flights,LEMD → LEMG,25.0,"IBERIA - LINEAS AEREAS DE ESPANA, SOCIEDAD ANONIMA OPERADORA",SPAIN
LEMD,LEMG,KAC,6,1,8.1583,all_flights,LEMD → LEMG,16.6667,KUWAIT AIRWAYS CORPORATION,KUWAIT
LEMD,LEMG,ZZZ,182,36,8.2333,all_flights,LEMD → LEMG,19.7802,Unknown / not identified,
LEMD,LEPA,AEA,668,21,-5.7583,all_flights,LEMD → LEPA,3.1437,AIR EUROPA,SPAIN
LEMD,LEPA,ANE,5,0,-9.1333,all_flights,LEMD → LEPA,0.0,"AIR NOSTRUM LINEAS AEREAS DEL MEDITERRANEO, S.A.",SPAIN
LEMD,LEPA,IBE,6,0,-3.1333,all_flights,LEMD → LEPA,0.0,"IBERIA - LINEAS AEREAS DE ESPANA, SOCIEDAD ANONIMA OPERADORA",SPAIN
LEMD,LEPA,RYR,596,37,-2.0167,all_flights,LEMD → LEPA,6.2081,RYANAIR,IRELAND
LEMD,LEPA,SWT,3,0,-18.1833,all_flights,LEMD → LEPA,0.0,SWIFTAIR S.A.,SPAIN
LEMD,LEPA,ZZZ,701,33,-2.7833,all_flights,LEMD → LEPA,4.7076,Unknown / not identified,
LEMD,LEST,AEA,3,3,44.2167,all_flights,LEMD → LEST,100.0,AIR EUROPA,SPAIN
LEMD,LEST,IBE,23,2,0.2167,all_flights,LEMD → LEST,8.6957,"IBERIA - LINEAS AEREAS DE ESPANA, SOCIEDAD ANONIMA OPERADORA",SPAIN
LEMD,LEST,RYR,172,7,-1.675,all_flights,LEMD → LEST,4.0698,RYANAIR,IRELAND
LEMD,LEST,ZZZ,362,67,6.8333,all_flights,LEMD → LEST,18.5083,Unknown / not identified,
LEMD,LEVC,AEA,244,23,2.5167,all_flights,LEMD → LEVC,9.4262,AIR EUROPA,SPAIN
LEMD,LEVC,ANE,349,32,2.9833,all_flights,LEMD → LEVC,9.1691,"AIR NOSTRUM LINEAS AEREAS DEL MEDITERRANEO, S.A.",SPAIN
LEMD,LEVC,IBE,2,0,-0.7083,all_flights,LEMD → LEVC,0.0,"IBERIA - LINEAS AEREAS DE ESPANA, SOCIEDAD ANONIMA OPERADORA",SPAIN
LEMD,LEVC,VLG,1,1,54.55,all_flights,LEMD → LEVC,100.0,VUELING AIRLINES,SPAIN
LEMD,LEVX,AEA,361,41,5.65,all_flights,LEMD → LEVX,11.3573,AIR EUROPA,SPAIN
LEMD,LEVX,ANE,79,24,10.2833,all_flights,LEMD → LEVX,30.3797,"AIR NOSTRUM LINEAS AEREAS DEL MEDITERRANEO, S.A.",SPAIN
LEMD,LEVX,IBE,395,103,9.2167,all_flights,LEMD → LEVX,26.0759,"IBERIA - LINEAS AEREAS DE ESPANA, SOCIEDAD ANONIMA OPERADORA",SPAIN
LEMD,LFPG,AFR,673,86,3.2833,all_flights,LEMD → LFPG,12.7786,AIR FRANCE,FRANCE
LEMD,LFPG,BCS,1,1,18.1833,all_flights,LEMD → LFPG,100.0,"EUROPEAN AIR TRANSPORT, LEIPZIG",GERMANY
LEMD,LFPG,FDX,77,9,3.9167,all_flights,LEMD → LFPG,11.6883,FEDERAL EXPRESS CORPORATION,UNITED STATES
LEMD,LFPG,QTR,3,0,-0.3,all_flights,LEMD → LFPG,0.0,QATAR AIRWAYS GROUP Q.C.S.C.,QATAR
LEMD,LFPG,TVF,3,2,16.3667,all_flights,LEMD → LFPG,66.6667,TRANSAVIA FRANCE,FRANCE
LEMD,LFPG,ZZZ,474,17,-0.0833,all_flights,LEMD → LFPG,3.5865,Unknown / not identified,
LEMD,LFPO,AEA,324,30,0.075,all_flights,LEMD → LFPO,9.2593,AIR EUROPA,SPAIN
LEMD,LFPO,CRL,2,1,5.1917,all_flights,LEMD → LFPO,50.0,CORSAIR,FRANCE
LEMD,LFPO,IBE,775,63,3.6167,all_flights,LEMD → LFPO,8.129,"IBERIA - LINEAS AEREAS DE ESPANA, SOCIEDAD ANONIMA OPERADORA",SPAIN
LEMD,LFPO,TVF,316,44,4.8333,all_flights,LEMD → LFPO,13.9241,TRANSAVIA FRANCE,FRANCE
LEMD,LFPO,VLG,1,0,14.1167,all_flights,LEMD → LFPO,0.0,VUELING AIRLINES,SPAIN
LEMD,LFPO,ZZZ,1,0,6.3,all_flights,LEMD → LFPO,0.0,Unknown / not identified,
LEMD,LIMC,AEA,244,7,-10.55,all_flights,LEMD → LIMC,2.8689,AIR EUROPA,SPAIN
LEMD,LIMC,BBD,100,5,-5.475,all_flights,LEMD → LIMC,5.0,BLUEBIRD NORDIC LTD,ICELAND
LEMD,LIMC,BCS,18,2,-9.1333,all_flights,LEMD → LIMC,11.1111,"EUROPEAN AIR TRANSPORT, LEIPZIG",GERMANY
LEMD,LIMC,IBE,136,3,-15.1417,all_flights,LEMD → LIMC,2.2059,"IBERIA - LINEAS AEREAS DE ESPANA, SOCIEDAD ANONIMA OPERADORA",SPAIN
LEMD,LIMC,KAL,1,0,11.35,all_flights,LEMD → LIMC,0.0,"KOREAN AIR LINES CO., LTD.",REPUBLIC OF KOREA
LEMD,LIMC,MSR,1,0,-6.3333,all_flights,LEMD → LIMC,0.0,EGYPT AIR,EGYPT
LEMD,LIMC,NOS,1,0,-8.1,all_flights,LEMD → LIMC,0.0,NEOS S.P.A.,ITALY
LEMD,LIMC,QTR,9,0,-10.7333,all_flights,LEMD → LIMC,0.0,QATAR AIRWAYS GROUP Q.C.S.C.,QATAR
LEMD,LIMC,RYR,117,4,-11.1167,all_flights,LEMD → LIMC,3.4188,RYANAIR,IRELAND
LEMD,LIMC,ZZZ,128,2,-11.3583,all_flights,LEMD → LIMC,1.5625,Unknown / not identified,
LEMD,LIRF,AEA,245,16,-3.5,all_flights,LEMD → LIRF,6.5306,AIR EUROPA,SPAIN
LEMD,LIRF,IBE,547,26,-2.6167,all_flights,LEMD → LIRF,4.7532,"IBERIA - LINEAS AEREAS DE ESPANA, SOCIEDAD ANONIMA OPERADORA",SPAIN
LEMD,LIRF,PLM,1,0,-3.6667,all_flights,LEMD → LIRF,0.0,WAMOS AIR S.A.,SPAIN
LEMD,LIRF,RYR,248,7,-5.05,all_flights,LEMD → LIRF,2.8226,RYANAIR,IRELAND
LEMD,LIRF,VLG,1,1,39.3333,all_flights,LEMD → LIRF,100.0,VUELING AIRLINES,SPAIN
LEMD,LIRF,WZZ,89,9,-2.0167,all_flights,LEMD → LIRF,10.1124,WIZZ AIR HUNGARY LTD,HUNGARY
LEMD,LIRF,ZZZ,208,4,-3.9,all_flights,LEMD → LIRF,1.9231,Unknown / not identified,
LEMD,LPPR,AEA,416,44,3.825,all_flights,LEMD → LPPR,10.5769,AIR EUROPA,SPAIN
LEMD,LPPR,ANE,149,12,3.4667,all_flights,LEMD → LPPR,8.0537,"AIR NOSTRUM LINEAS AEREAS DEL MEDITERRANEO, S.A.",SPAIN
LEMD,LPPR,BCS,67,11,3.1,all_flights,LEMD → LPPR,16.4179,"EUROPEAN AIR TRANSPORT, LEIPZIG",GERMANY
LEMD,LPPR,DLH,1,1,18.65,all_flights,LEMD → LPPR,100.0,"DEUTSCHE LUFTHANSA, AG, KOELN",GERMANY
LEMD,LPPR,IBE,305,67,6.4167,all_flights,LEMD → LPPR,21.9672,"IBERIA - LINEAS AEREAS DE ESPANA, SOCIEDAD ANONIMA OPERADORA",SPAIN
LEMD,LPPR,RYR,227,19,2.0667,all_flights,LEMD → LPPR,8.37,RYANAIR,IRELAND
LEMD,LPPR,THY,9,2,7.4833,all_flights,LEMD → LPPR,22.2222,TURK HAVA YOLLARI (TURKISH AIRLINES CO.),TURKEY
LEMD,LPPR,ZZZ,44,2,1.1667,all_flights,LEMD → LPPR,4.5455,Unknown / not identified,
LEMD,LPPT,AEA,433,101,7.3833,all_flights,LEMD → LPPT,23.3256,AIR EUROPA,SPAIN
LEMD,LPPT,ANE,64,20,11.275,all_flights,LEMD → LPPT,31.25,"AIR NOSTRUM LINEAS AEREAS DEL MEDITERRANEO, S.A.",SPAIN
LEMD,LPPT,BCS,1,1,36.7833,all_flights,LEMD → LPPT,100.0,"EUROPEAN AIR TRANSPORT, LEIPZIG",GERMANY
LEMD,LPPT,IBE,557,139,8.05,all_flights,LEMD → LPPT,24.9551,"IBERIA - LINEAS AEREAS DE ESPANA, SOCIEDAD ANONIMA OPERADORA",SPAIN
LEMD,LPPT,RYR,32,5,7.175,all_flights,LEMD → LPPT,15.625,RYANAIR,IRELAND
LEMD,LPPT,SWN,1,1,84.3667,all_flights,LEMD → LPPT,100.0,WEST ATLANTIC SWEDEN AB,SWEDEN
LEMD,LPPT,TAP,715,147,4.65,all_flights,LEMD → LPPT,20.5594,"TRANSPORTES AEREOS PORTUGUESES, E.P.",PORTUGAL
LEMD,LPPT,ZZZ,253,34,2.9833,all_flights,LEMD → LPPT,13.4387,Unknown / not identified,
LEMD,LSGG,ANE,100,9,1.3083,all_flights,LEMD → LSGG,9.0,"AIR NOSTRUM LINEAS AEREAS DEL MEDITERRANEO, S.A.",SPAIN
LEMD,LSGG,EZS,173,4,-3.95,all_flights,LEMD → LSGG,2.3121,EASY JET SWITZERLAND SA,SWITZERLAND
LEMD,LSGG,IBE,417,29,-1.8667,all_flights,LEMD → LSGG,6.9544,"IBERIA - LINEAS AEREAS DE ESPANA, SOCIEDAD ANONIMA OPERADORA",SPAIN
LEMD,LSZH,AEA,244,32,1.7,all_flights,LEMD → LSZH,13.1148,AIR EUROPA,SPAIN
LEMD,LSZH,IBE,361,22,0.2333,all_flights,LEMD → LSZH,6.0942,"IBERIA - LINEAS AEREAS DE ESPANA, SOCIEDAD ANONIMA OPERADORA",SPAIN
LEMD,LSZH,SWR,108,16,4.6167,all_flights,LEMD → LSZH,14.8148,SWISS INTERNATIONAL AIR LINES LTD,SWITZERLAND
LEMD,MMMX,AMX,249,53,6.8833,all_flights,LEMD → MMMX,21.2851,"AEROVIAS DE MEXICO, S.A. DE C.V.",MEXICO
LEMD,MMMX,IBE,318,24,3.0583,all_flights,LEMD → MMMX,7.5472,"IBERIA - LINEAS AEREAS DE ESPANA, SOCIEDAD ANONIMA OPERADORA",SPAIN
LEMD,SKBO,AEA,119,40,8.8333,all_flights,LEMD → SKBO,33.6134,AIR EUROPA,SPAIN
LEMD,SKBO,AVA,348,25,0.8917,all_flights,LEMD → SKBO,7.1839,AEROVIAS DEL CONTINENTE AMERICANO S.A.,COLOMBIA
LEMD,SKBO,IBE,242,68,9.525,all_flights,LEMD → SKBO,28.0992,"IBERIA - LINEAS AEREAS DE ESPANA, SOCIEDAD ANONIMA OPERADORA",SPAIN
LEMD,SKBO,ZZZ,23,4,3.6667,all_flights,LEMD → SKBO,17.3913,Unknown / not identified,
LEMG,EGCC,EXS,122,12,3.9667,all_flights,LEMG → EGCC,9.8361,JET2.COM LTD,UNITED KINGDOM
LEMG,EGCC,EZY,97,14,3.6,all_flights,LEMG → EGCC,14.433,EASYJET UK LTD,UNITED KINGDOM
LEMG,EGCC,RYR,176,23,4.2417,all_flights,LEMG → EGCC,13.0682,RYANAIR,IRELAND
LEMG,EGCC,ZZZ,124,17,4.9333,all_flights,LEMG → EGCC,13.7097,Unknown / not identified,
LEMG,EGKK,BAW,120,28,6.475,all_flights,LEMG → EGKK,23.3333,BRITISH AIRWAYS,UNITED KINGDOM
LEMG,EGKK,EZY,374,79,5.575,all_flights,LEMG → EGKK,21.123,EASYJET UK LTD,UNITED KINGDOM
LEMG,EGKK,RYR,22,0,1.3083,all_flights,LEMG → EGKK,0.0,RYANAIR,IRELAND
LEMG,EGKK,VLG,182,72,11.4917,all_flights,LEMG → EGKK,39.5604,VUELING AIRLINES,SPAIN
LEMG,EGKK,WZZ,1,0,-5.7,all_flights,LEMG → EGKK,0.0,WIZZ AIR HUNGARY LTD,HUNGARY
LEMG,EGKK,ZZZ,243,81,9.4667,all_flights,LEMG → EGKK,33.3333,Unknown / not identified,
LEMG,EHAM,KLM,85,25,10.0667,all_flights,LEMG → EHAM,29.4118,KLM ROYAL DUTCH AIRLINES,NETHERLANDS
LEMG,EHAM,RYR,89,17,4.8,all_flights,LEMG → EHAM,19.1011,RYANAIR,IRELAND
LEMG,EHAM,TRA,278,43,4.6417,all_flights,LEMG → EHAM,15.4676,TRANSAVIA HOLLAND B.V.,NETHERLANDS
LEMG,EHAM,VLG,106,35,10.7167,all_flights,LEMG → EHAM,33.0189,VUELING AIRLINES,SPAIN
LEMG,EHAM,ZZZ,71,23,9.3833,all_flights,LEMG → EHAM,32.3944,Unknown / not identified,
LEMG,EIDW,EIN,243,32,0.4667,all_flights,LEMG → EIDW,13.1687,AER LINGUS TEORANTA,IRELAND
LEMG,EIDW,RYR,320,39,2.5583,all_flights,LEMG → EIDW,12.1875,RYANAIR,IRELAND
LEMG,EKCH,RYR,119,11,-0.6333,all_flights,LEMG → EKCH,9.2437,RYANAIR,IRELAND
LEMG,EKCH,SAS,131,9,-2.25,all_flights,LEMG → EKCH,6.8702,SCANDINAVIAN AIRLINES SYSTEM,SWEDEN
LEMG,EKCH,VLG,45,7,-0.05,all_flights,LEMG → EKCH,15.5556,VUELING AIRLINES,SPAIN
LEMG,EKCH,ZZZ,248,17,0.4083,all_flights,LEMG → EKCH,6.8548,Unknown / not identified,
LEMG,GEML,ANE,735,62,4.0333,all_flights,LEMG → GEML,8.4354,"AIR NOSTRUM LINEAS AEREAS DEL MEDITERRANEO, S.A.",SPAIN
LEMG,GEML,UGC,1,0,2.8,all_flights,LEMG → GEML,0.0,"URGEMER CANARIAS, S.L.",SPAIN
LEMG,LEBL,RYR,157,28,5.3333,all_flights,LEMG → LEBL,17.8344,RYANAIR,IRELAND
LEMG,LEBL,VLG,605,124,7.0,all_flights,LEMG → LEBL,20.4959,VUELING AIRLINES,SPAIN
LEMG,LEMD,AEA,386,36,2.0667,all_flights,LEMG → LEMD,9.3264,AIR EUROPA,SPAIN
LEMG,LEMD,ANE,123,16,3.2,all_flights,LEMG → LEMD,13.0081,"AIR NOSTRUM LINEAS AEREAS DEL MEDITERRANEO, S.A.",SPAIN
LEMG,LEMD,EZY,1,0,-90.7833,all_flights,LEMG → LEMD,0.0,EASYJET UK LTD,UNITED KINGDOM
LEMG,LEMD,IBE,37,1,3.7,all_flights,LEMG → LEMD,2.7027,"IBERIA - LINEAS AEREAS DE ESPANA, SOCIEDAD ANONIMA OPERADORA",SPAIN
LEMG,LEMD,KAC,9,2,6.7667,all_flights,LEMG → LEMD,22.2222,KUWAIT AIRWAYS CORPORATION,KUWAIT
LEMG,LEMD,SVA,2,0,10.0417,all_flights,LEMG → LEMD,0.0,SAUDI ARABIAN AIRLINES,SAUDI ARABIA
LEMG,LEMD,ZZZ,182,52,7.7083,all_flights,LEMG → LEMD,28.5714,Unknown / not identified,
LEMH,LEBL,RYR,177,6,-2.7167,all_flights,LEMH → LEBL,3.3898,RYANAIR,IRELAND
LEMH,LEBL,SWT,2,0,-6.4667,all_flights,LEMH → LEBL,0.0,SWIFTAIR S.A.,SPAIN
LEMH,LEBL,VLG,757,45,-1.4,all_flights,LEMH → LEBL,5.9445,VUELING AIRLINES,SPAIN
LEMH,LEPA,AEA,205,2,-7.1333,all_flights,LEMH → LEPA,0.9756,AIR EUROPA,SPAIN
LEMH,LEPA,ANE,812,34,-4.3,all_flights,LEMH → LEPA,4.1872,"AIR NOSTRUM LINEAS AEREAS DEL MEDITERRANEO, S.A.",SPAIN
LEMH,LEPA,AUA,1,0,9.2167,all_flights,LEMH → LEPA,0.0,AUSTRIAN AIRLINES (AUA) AG,AUSTRIA
LEMH,LEPA,NOS,4,0,3.8583,all_flights,LEMH → LEPA,0.0,NEOS S.P.A.,ITALY
LEMH,LEPA,SWT,172,5,-8.5083,all_flights,LEMH → LEPA,2.907,SWIFTAIR S.A.,SPAIN
LEMH,LEPA,ZZZ,10,1,0.8833,all_flights,LEMH → LEPA,10.0,Unknown / not identified,
LEPA,EDDB,EWG,186,46,7.3333,all_flights,LEPA → EDDB,24.7312,EUROWINGS GMBH,GERMANY
LEPA,EDDB,RYR,309,107,9.5667,all_flights,LEPA → EDDB,34.6278,RYANAIR,IRELAND
LEPA,EDDB,SDR,1,0,0.9333,all_flights,LEPA → EDDB,0.0,SUNDAIR GMBH,GERMANY
LEPA,EDDB,ZZZ,271,106,10.25,all_flights,LEPA → EDDB,39.1144,Unknown / not identified,
LEPA,EDDF,CFG,304,29,-5.15,all_flights,LEPA → EDDF,9.5395,"CONDOR FLUGDIENST GMBH, FRANKFURT (MAIN)",GERMANY
LEPA,EDDF,DLH,310,20,-6.9417,all_flights,LEPA → EDDF,6.4516,"DEUTSCHE LUFTHANSA, AG, KOELN",GERMANY
LEPA,EDDF,OCN,49,0,-5.1333,all_flights,LEPA → EDDF,0.0,EW DISCOVER GMBH,GERMANY
LEPA,EDDF,RYR,27,1,-10.2667,all_flights,LEPA → EDDF,3.7037,RYANAIR,IRELAND
LEPA,EDDF,ZZZ,89,2,-6.5667,all_flights,LEPA → EDDF,2.2472,Unknown / not identified,
LEPA,EDDH,CFG,136,21,0.1167,all_flights,LEPA → EDDH,15.4412,"CONDOR FLUGDIENST GMBH, FRANKFURT (MAIN)",GERMANY
LEPA,EDDH,EWG,409,39,-2.25,all_flights,LEPA → EDDH,9.5355,EUROWINGS GMBH,GERMANY
LEPA,EDDH,RYR,211,43,0.1,all_flights,LEPA → EDDH,20.3791,RYANAIR,IRELAND
LEPA,EDDK,EWG,495,107,2.45,all_flights,LEPA → EDDK,21.6162,EUROWINGS GMBH,GERMANY
LEPA,EDDK,RYR,360,95,5.3417,all_flights,LEPA → EDDK,26.3889,RYANAIR,IRELAND
LEPA,EDDK,ZZZ,19,9,11.5667,all_flights,LEPA → EDDK,47.3684,Unknown / not identified,
LEPA,EDDL,CFG,304,40,2.1083,all_flights,LEPA → EDDL,13.1579,"CONDOR FLUGDIENST GMBH, FRANKFURT (MAIN)",GERMANY
LEPA,EDDL,CXI,42,6,0.3083,all_flights,LEPA → EDDL,14.2857,CORENDON AIRLINES EUROPE,MALTA
LEPA,EDDL,EWG,748,140,1.6917,all_flights,LEPA → EDDL,18.7166,EUROWINGS GMBH,GERMANY
LEPA,EDDL,HHN,2,0,3.3833,all_flights,LEPA → EDDL,0.0,"HAHN AIR-LINES GMBH, DREIEICH",GERMANY
LEPA,EDDL,ZZZ,126,13,0.3083,all_flights,LEPA → EDDL,10.3175,Unknown / not identified,
LEPA,EDDM,CFG,122,13,0.3417,all_flights,LEPA → EDDM,10.6557,"CONDOR FLUGDIENST GMBH, FRANKFURT (MAIN)",GERMANY
LEPA,EDDM,DLH,149,15,-1.0833,all_flights,LEPA → EDDM,10.0671,"DEUTSCHE LUFTHANSA, AG, KOELN",GERMANY
LEPA,EDDM,EWG,324,28,-2.4583,all_flights,LEPA → EDDM,8.642,EUROWINGS GMBH,GERMANY
LEPA,EDDM,OCN,7,1,-2.5167,all_flights,LEPA → EDDM,14.2857,EW DISCOVER GMBH,GERMANY
LEPA,EDDM,SDR,2,0,4.425,all_flights,LEPA → EDDM,0.0,SUNDAIR GMBH,GERMANY
LEPA,EDDM,VLG,65,6,-2.4833,all_flights,LEPA → EDDM,9.2308,VUELING AIRLINES,SPAIN
LEPA,EDDM,ZZZ,4,1,-4.1083,all_flights,LEPA → EDDM,25.0,Unknown / not identified,
LEPA,EDDS,CFG,61,11,0.55,all_flights,LEPA → EDDS,18.0328,"CONDOR FLUGDIENST GMBH, FRANKFURT (MAIN)",GERMANY
LEPA,EDDS,EWG,417,65,0.25,all_flights,LEPA → EDDS,15.5875,EUROWINGS GMBH,GERMANY
LEPA,EDDS,VLG,32,4,0.9917,all_flights,LEPA → EDDS,12.5,VUELING AIRLINES,SPAIN
LEPA,EDDS,ZZZ,72,4,-1.075,all_flights,LEPA → EDDS,5.5556,Unknown / not identified,
LEPA,EGCC,EXS,191,42,5.3667,all_flights,LEPA → EGCC,21.9895,JET2.COM LTD,UNITED KINGDOM
LEPA,EGCC,EZY,127,31,7.2,all_flights,LEPA → EGCC,24.4094,EASYJET UK LTD,UNITED KINGDOM
LEPA,EGCC,RYR,184,86,13.8333,all_flights,LEPA → EGCC,46.7391,RYANAIR,IRELAND
LEPA,EGCC,ZZZ,123,23,5.8833,all_flights,LEPA → EGCC,18.6992,Unknown / not identified,
LEPA,EGKK,BAW,67,21,9.2167,all_flights,LEPA → EGKK,31.3433,BRITISH AIRWAYS,UNITED KINGDOM
LEPA,EGKK,EZY,249,74,8.4667,all_flights,LEPA → EGKK,29.7189,EASYJET UK LTD,UNITED KINGDOM
LEPA,EGKK,ZZZ,320,110,9.4417,all_flights,LEPA → EGKK,34.375,Unknown / not identified,
LEPA,LEAL,AEA,218,16,3.7,all_flights,LEPA → LEAL,7.3394,AIR EUROPA,SPAIN
LEPA,LEAL,RYR,90,17,7.825,all_flights,LEPA → LEAL,18.8889,RYANAIR,IRELAND
LEPA,LEAL,VLG,237,18,2.0,all_flights,LEPA → LEAL,7.5949,VUELING AIRLINES,SPAIN
LEPA,LEAL,ZZZ,9,2,13.3167,all_flights,LEPA → LEAL,22.2222,Unknown / not identified,
LEPA,LEBL,AEA,592,47,0.8417,all_flights,LEPA → LEBL,7.9392,AIR EUROPA,SPAIN
LEPA,LEBL,RYR,533,78,2.1333,all_flights,LEPA → LEBL,14.6341,RYANAIR,IRELAND
LEPA,LEBL,SWT,94,5,-2.7083,all_flights,LEPA → LEBL,5.3191,SWIFTAIR S.A.,SPAIN
LEPA,LEBL,VLG,1201,70,-0.5667,all_flights,LEPA → LEBL,5.8285,VUELING AIRLINES,SPAIN
LEPA,LEIB,AEA,437,7,-7.5,all_flights,LEPA → LEIB,1.6018,AIR EUROPA,SPAIN
LEPA,LEIB,ANE,824,35,-6.075,all_flights,LEPA → LEIB,4.2476,"AIR NOSTRUM LINEAS AEREAS DEL MEDITERRANEO, S.A.",SPAIN
LEPA,LEIB,SWT,285,3,-11.8,all_flights,LEPA → LEIB,1.0526,SWIFTAIR S.A.,SPAIN
LEPA,LEIB,TVF,1,1,24.6667,all_flights,LEPA → LEIB,100.0,TRANSAVIA FRANCE,FRANCE
LEPA,LEIB,VLG,1,1,52.0167,all_flights,LEPA → LEIB,100.0,VUELING AIRLINES,SPAIN
LEPA,LEIB,ZZZ,18,1,-13.925,all_flights,LEPA → LEIB,5.5556,Unknown / not identified,
LEPA,LEMD,AEA,669,78,4.05,all_flights,LEPA → LEMD,11.6592,AIR EUROPA,SPAIN
LEPA,LEMD,ANE,5,0,-5.1333,all_flights,LEPA → LEMD,0.0,"AIR NOSTRUM LINEAS AEREAS DEL MEDITERRANEO, S.A.",SPAIN
LEPA,LEMD,IBE,6,0,3.5167,all_flights,LEPA → LEMD,0.0,"IBERIA - LINEAS AEREAS DE ESPANA, SOCIEDAD ANONIMA OPERADORA",SPAIN
LEPA,LEMD,RYR,596,123,5.75,all_flights,LEPA → LEMD,20.6376,RYANAIR,IRELAND
LEPA,LEMD,ZZZ,703,144,6.6,all_flights,LEPA → LEMD,20.4836,Unknown / not identified,
LEPA,LEMH,AEA,205,12,0.9167,all_flights,LEPA → LEMH,5.8537,AIR EUROPA,SPAIN
LEPA,LEMH,ANE,811,64,0.9667,all_flights,LEPA → LEMH,7.8915,"AIR NOSTRUM LINEAS AEREAS DEL MEDITERRANEO, S.A.",SPAIN
LEPA,LEMH,NOS,9,2,-0.2667,all_flights,LEPA → LEMH,22.2222,NEOS S.P.A.,ITALY
LEPA,LEMH,RYR,1,0,-4.1333,all_flights,LEPA → LEMH,0.0,RYANAIR,IRELAND
LEPA,LEMH,SWT,165,6,-1.15,all_flights,LEPA → LEMH,3.6364,SWIFTAIR S.A.,SPAIN
LEPA,LEMH,ZZZ,2,1,3.6833,all_flights,LEPA → LEMH,50.0,Unknown / not identified,
LEPA,LEVC,AEA,231,9,1.35,all_flights,LEPA → LEVC,3.8961,AIR EUROPA,SPAIN
LEPA,LEVC,ANE,185,6,-3.85,all_flights,LEPA → LEVC,3.2432,"AIR NOSTRUM LINEAS AEREAS DEL MEDITERRANEO, S.A.",SPAIN
LEPA,LEVC,RYR,242,37,1.75,all_flights,LEPA → LEVC,15.2893,RYANAIR,IRELAND
LEPA,LEVC,VLG,254,12,-1.4667,all_flights,LEPA → LEVC,4.7244,VUELING AIRLINES,SPAIN
LEPA,LOWW,AUA,168,26,5.6833,all_flights,LEPA → LOWW,15.4762,AUSTRIAN AIRLINES (AUA) AG,AUSTRIA
LEPA,LOWW,CFG,33,8,9.4333,all_flights,LEPA → LOWW,24.2424,"CONDOR FLUGDIENST GMBH, FRANKFURT (MAIN)",GERMANY
LEPA,LOWW,RYR,351,131,10.7167,all_flights,LEPA → LOWW,37.3219,RYANAIR,IRELAND
LEPA,LOWW,WZZ,5,1,6.1,all_flights,LEPA → LOWW,20.0,WIZZ AIR HUNGARY LTD,HUNGARY
LEPA,LSZH,CFG,34,6,0.8167,all_flights,LEPA → LSZH,17.6471,"CONDOR FLUGDIENST GMBH, FRANKFURT (MAIN)",GERMANY
LEPA,LSZH,EDW,97,6,-5.6167,all_flights,LEPA → LSZH,6.1856,EDELWEISS AIR AG,SWITZERLAND
LEPA,LSZH,EWG,50,6,-4.3833,all_flights,LEPA → LSZH,12.0,EUROWINGS GMBH,GERMANY
LEPA,LSZH,SWR,350,32,-1.275,all_flights,LEPA → LSZH,9.1429,SWISS INTERNATIONAL AIR LINES LTD,SWITZERLAND
LEPA,LSZH,VLG,54,12,-0.95,all_flights,LEPA → LSZH,22.2222,VUELING AIRLINES,SPAIN
LEPA,LSZH,ZZZ,64,5,-3.3833,all_flights,LEPA → LSZH,7.8125,Unknown / not identified,
LEST,LEMD,AEA,3,1,14.9,all_flights,LEST → LEMD,33.3333,AIR EUROPA,SPAIN
LEST,LEMD,IBE,23,5,0.5,all_flights,LEST → LEMD,21.7391,"IBERIA - LINEAS AEREAS DE ESPANA, SOCIEDAD ANONIMA OPERADORA",SPAIN
LEST,LEMD,RYR,173,2,-5.8667,all_flights,LEST → LEMD,1.1561,RYANAIR,IRELAND
LEST,LEMD,ZZZ,362,64,3.725,all_flights,LEST → LEMD,17.6796,Unknown / not identified,
LEVC,LEMD,AEA,243,30,3.8667,all_flights,LEVC → LEMD,12.3457,AIR EUROPA,SPAIN
LEVC,LEMD,ANE,350,28,4.2083,all_flights,LEVC → LEMD,8.0,"AIR NOSTRUM LINEAS AEREAS DEL MEDITERRANEO, S.A.",SPAIN
LEVC,LEMD,IBE,1,1,16.3,all_flights,LEVC → LEMD,100.0,"IBERIA - LINEAS AEREAS DE ESPANA, SOCIEDAD ANONIMA OPERADORA",SPAIN
LEVC,LEMD,RYR,2,0,10.225,all_flights,LEVC → LEMD,0.0,RYANAIR,IRELAND
LEVC,LEMD,VLG,1,0,10.4333,all_flights,LEVC → LEMD,0.0,VUELING AIRLINES,SPAIN
LEVC,LEPA,AEA,230,7,-3.275,all_flights,LEVC → LEPA,3.0435,AIR EUROPA,SPAIN
LEVC,LEPA,ANE,189,1,-8.4833,all_flights,LEVC → LEPA,0.5291,"AIR NOSTRUM LINEAS AEREAS DEL MEDITERRANEO, S.A.",SPAIN
LEVC,LEPA,RYR,242,5,-6.5583,all_flights,LEVC → LEPA,2.0661,RYANAIR,IRELAND
LEVC,LEPA,VLG,254,6,-10.1833,all_flights,LEVC → LEPA,2.3622,VUELING AIRLINES,SPAIN
LEVX,LEMD,AEA,360,33,5.025,all_flights,LEVX → LEMD,9.1667,AIR EUROPA,SPAIN
LEVX,LEMD,ANE,79,14,5.6167,all_flights,LEVX → LEMD,17.7215,"AIR NOSTRUM LINEAS AEREAS DEL MEDITERRANEO, S.A.",SPAIN
LEVX,LEMD,IBE,395,47,3.1333,all_flights,LEVX → LEMD,11.8987,"IBERIA - LINEAS AEREAS DE ESPANA, SOCIEDAD ANONIMA OPERADORA",SPAIN
LEZL,LEBL,RYR,240,14,3.7083,all_flights,LEZL → LEBL,5.8333,RYANAIR,IRELAND
LEZL,LEBL,VLG,693,42,2.7333,all_flights,LEZL → LEBL,6.0606,VUELING AIRLINES,SPAIN
LFBD,LFLL,AFR,274,51,2.6333,all_flights,LFBD → LFLL,18.6131,AIR FRANCE,FRANCE
LFBD,LFLL,EZS,1,0,-92.1,all_flights,LFBD → LFLL,0.0,EASY JET SWITZERLAND SA,SWITZERLAND
LFBD,LFLL,ZZZ,372,14,-10.175,all_flights,LFBD → LFLL,3.7634,Unknown / not identified,
LFBD,LFPG,AFR,741,72,1.1,all_flights,LFBD → LFPG,9.7166,AIR FRANCE,FRANCE
LFBD,LFPG,BCS,66,17,9.75,all_flights,LFBD → LFPG,25.7576,"EUROPEAN AIR TRANSPORT, LEIPZIG",GERMANY
LFBD,LFPG,SRR,85,13,8.5333,all_flights,LFBD → LFPG,15.2941,MAERSK AIR CARGO A/S,DENMARK
LFBD,LFPG,ZZZ,6,0,-0.5583,all_flights,LFBD → LFPG,0.0,Unknown / not identified,
LFBO,LFLL,AFR,254,24,-0.0083,all_flights,LFBO → LFLL,9.4488,AIR FRANCE,FRANCE
LFBO,LFLL,LBT,1,0,7.6167,all_flights,LFBO → LFLL,0.0,NOUVEL AIR TUNISIE,TUNISIA
LFBO,LFLL,SRR,87,2,-7.5333,all_flights,LFBO → LFLL,2.2989,MAERSK AIR CARGO A/S,DENMARK
LFBO,LFLL,ZZZ,240,7,-8.7,all_flights,LFBO → LFLL,2.9167,Unknown / not identified,
LFBO,LFPG,AFR,744,35,-1.8833,all_flights,LFBO → LFPG,4.7043,AIR FRANCE,FRANCE
LFBO,LFPG,BCS,3,1,14.3333,all_flights,LFBO → LFPG,33.3333,"EUROPEAN AIR TRANSPORT, LEIPZIG",GERMANY
LFBO,LFPG,SWN,39,2,1.9333,all_flights,LFBO → LFPG,5.1282,WEST ATLANTIC SWEDEN AB,SWEDEN
LFBO,LFPG,ZZZ,209,9,-8.5833,all_flights,LFBO → LFPG,4.3062,Unknown / not identified,
LFBO,LFPO,AFR,1961,97,-6.1333,all_flights,LFBO → LFPO,4.9465,AIR FRANCE,FRANCE
LFBO,LFPO,ZZZ,664,40,-8.7083,all_flights,LFBO → LFPO,6.0241,Unknown / not identified,
LFLL,LFBD,AFR,277,50,4.7667,all_flights,LFLL → LFBD,18.0505,AIR FRANCE,FRANCE
LFLL,LFBD,ZZZ,372,25,0.7583,all_flights,LFLL → LFBD,6.7204,Unknown / not identified,
LFLL,LFBO,AFR,255,37,4.2167,all_flights,LFLL → LFBO,14.5098,AIR FRANCE,FRANCE
LFLL,LFBO,BCS,70,5,0.6083,all_flights,LFLL → LFBO,7.1429,"EUROPEAN AIR TRANSPORT, LEIPZIG",GERMANY
LFLL,LFBO,SRR,87,17,6.8667,all_flights,LFLL → LFBO,19.5402,MAERSK AIR CARGO A/S,DENMARK
LFLL,LFBO,ZZZ,241,14,-2.1833,all_flights,LFLL → LFBO,5.8091,Unknown / not identified,
LFLL,LFPG,AFR,653,131,5.0667,all_flights,LFLL → LFPG,20.0613,AIR FRANCE,FRANCE
LFLL,LFPG,TSC,1,0,-7.2833,all_flights,LFLL → LFPG,0.0,AIR TRANSAT A.T. INC.,CANADA
LFLL,LFPG,ZZZ,64,25,11.0667,all_flights,LFLL → LFPG,39.0625,Unknown / not identified,
LFLL,LFRS,AFR,257,17,-2.6833,all_flights,LFLL → LFRS,6.6148,AIR FRANCE,FRANCE
LFLL,LFRS,MSC,2,1,11.2083,all_flights,LFLL → LFRS,50.0,AIR CAIRO,EGYPT
LFLL,LFRS,RAM,2,1,15.7,all_flights,LFLL → LFRS,50.0,ROYAL AIR MAROC - COMPAGNIE NATIONALE DE TRANSPORTS AERIENS,MOROCCO
LFLL,LFRS,ZZZ,380,21,-2.7083,all_flights,LFLL → LFRS,5.5263,Unknown / not identified,
LFML,LFKJ,CCM,343,20,-2.3333,all_flights,LFML → LFKJ,5.8309,AIR CORSICA,FRANCE
LFML,LFKJ,SWN,31,6,7.3833,all_flights,LFML → LFKJ,19.3548,WEST ATLANTIC SWEDEN AB,SWEDEN
LFML,LFKJ,ZZZ,127,4,-4.0167,all_flights,LFML → LFKJ,3.1496,Unknown / not identified,
LFML,LFPG,AFR,767,203,6.8167,all_flights,LFML → LFPG,26.4668,AIR FRANCE,FRANCE
LFML,LFPG,SWN,5,2,13.8333,all_flights,LFML → LFPG,40.0,WEST ATLANTIC SWEDEN AB,SWEDEN
LFML,LFPG,TVF,1,1,73.6833,all_flights,LFML → LFPG,100.0,TRANSAVIA FRANCE,FRANCE
LFML,LFPG,ZZZ,248,46,6.8167,all_flights,LFML → LFPG,18.5484,Unknown / not identified,
LFML,LFPO,AFR,1048,87,-1.6417,all_flights,LFML → LFPO,8.3015,AIR FRANCE,FRANCE
LFMN,EGKK,BAW,96,60,19.7333,all_flights,LFMN → EGKK,62.5,BRITISH AIRWAYS,UNITED KINGDOM
LFMN,EGKK,EZY,384,225,17.6083,all_flights,LFMN → EGKK,58.5938,EASYJET UK LTD,UNITED KINGDOM
LFMN,EGKK,ZZZ,38,9,6.4,all_flights,LFMN → EGKK,23.6842,Unknown / not identified,
LFMN,EGLL,AFR,31,21,18.6667,all_flights,LFMN → EGLL,67.7419,AIR FRANCE,FRANCE
LFMN,EGLL,BAW,585,325,16.35,all_flights,LFMN → EGLL,55.5556,BRITISH AIRWAYS,UNITED KINGDOM
LFMN,LFPG,AFR,893,234,7.5667,all_flights,LFMN → LFPG,26.2038,AIR FRANCE,FRANCE
LFMN,LFPG,KAC,5,4,25.7167,all_flights,LFMN → LFPG,80.0,KUWAIT AIRWAYS CORPORATION,KUWAIT
LFMN,LFPG,SWT,15,0,1.8833,all_flights,LFMN → LFPG,0.0,SWIFTAIR S.A.,SPAIN
LFMN,LFPG,ZZZ,334,105,9.3917,all_flights,LFMN → LFPG,31.4371,Unknown / not identified,
LFMN,LFPO,AFR,1761,227,2.5167,all_flights,LFMN → LFPO,12.8904,AIR FRANCE,FRANCE
LFMN,LFPO,ZZZ,718,163,7.525,all_flights,LFMN → LFPO,22.7019,Unknown / not identified,
LFMN,LSGG,BAW,1,1,31.0167,all_flights,LFMN → LSGG,100.0,BRITISH AIRWAYS,UNITED KINGDOM
LFMN,LSGG,EZS,345,47,2.1,all_flights,LFMN → LSGG,13.6232,EASY JET SWITZERLAND SA,SWITZERLAND
LFMN,LSGG,EZY,1,0,-16.5,all_flights,LFMN → LSGG,0.0,EASYJET UK LTD,UNITED KINGDOM
LFMN,LSGG,SWR,78,4,0.2583,all_flights,LFMN → LSGG,5.1282,SWISS INTERNATIONAL AIR LINES LTD,SWITZERLAND
LFMN,LSGG,ZZZ,103,8,-3.1833,all_flights,LFMN → LSGG,7.767,Unknown / not identified,
LFMT,LFPG,AFR,475,65,1.5667,all_flights,LFMT → LFPG,13.6842,AIR FRANCE,FRANCE
LFMT,LFPG,SWN,48,12,8.05,all_flights,LFMT → LFPG,25.0,WEST ATLANTIC SWEDEN AB,SWEDEN
LFMT,LFPG,ZZZ,1,0,9.55,all_flights,LFMT → LFPG,0.0,Unknown / not identified,
LFPG,CYUL,ACA,178,89,14.9917,all_flights,LFPG → CYUL,50.0,AIR CANADA,CANADA
LFPG,CYUL,AFR,283,142,15.0167,all_flights,LFPG → CYUL,50.1767,AIR FRANCE,FRANCE
LFPG,CYUL,TSC,178,69,11.3583,all_flights,LFPG → CYUL,38.764,AIR TRANSAT A.T. INC.,CANADA
LFPG,DAAG,AFR,267,106,11.9833,all_flights,LFPG → DAAG,39.7004,AIR FRANCE,FRANCE
LFPG,DAAG,DAH,379,197,15.9167,all_flights,LFPG → DAAG,51.9789,AIR ALGERIE,ALGERIA
LFPG,DAAG,DTH,20,9,12.5083,all_flights,LFPG → DAAG,45.0,TASSILI AIRLINES,ALGERIA
LFPG,DAAG,ZZZ,182,26,-3.4167,all_flights,LFPG → DAAG,14.2857,Unknown / not identified,
LFPG,DTTA,AFR,358,102,7.7417,all_flights,LFPG → DTTA,28.4916,AIR FRANCE,FRANCE
LFPG,DTTA,LBT,175,58,7.4667,all_flights,LFPG → DTTA,33.1429,NOUVEL AIR TUNISIE,TUNISIA
LFPG,DTTA,TAR,2,2,39.0417,all_flights,LFPG → DTTA,100.0,TUNIS AIR - SOCIETE TUNISIENNE DE L'AIR,TUNISIA
LFPG,DTTA,ZZZ,85,27,8.9667,all_flights,LFPG → DTTA,31.7647,Unknown / not identified,
LFPG,EDDB,AFR,639,239,10.9333,all_flights,LFPG → EDDB,37.4022,AIR FRANCE,FRANCE
LFPG,EDDB,FDX,53,15,4.9167,all_flights,LFPG → EDDB,28.3019,FEDERAL EXPRESS CORPORATION,UNITED STATES
LFPG,EDDB,ZZZ,221,78,9.4667,all_flights,LFPG → EDDB,35.2941,Unknown / not identified,
LFPG,EDDF,AFR,533,99,2.4,all_flights,LFPG → EDDF,18.5741,AIR FRANCE,FRANCE
LFPG,EDDF,ALK,11,7,20.3167,all_flights,LFPG → EDDF,63.6364,SRILANKAN AIRLINES,SRI LANKA
LFPG,EDDF,DLH,600,23,-12.825,all_flights,LFPG → EDDF,3.8333,"DEUTSCHE LUFTHANSA, AG, KOELN",GERMANY
LFPG,EDDF,FDX,67,6,-5.8167,all_flights,LFPG → EDDF,8.9552,FEDERAL EXPRESS CORPORATION,UNITED STATES
LFPG,EDDF,GFA,24,8,5.175,all_flights,LFPG → EDDF,33.3333,GULF AIR,BAHRAIN
LFPG,EDDF,ZZZ,59,8,0.2667,all_flights,LFPG → EDDF,13.5593,Unknown / not identified,
LFPG,EDDH,AFR,439,63,0.4333,all_flights,LFPG → EDDH,14.3508,AIR FRANCE,FRANCE
LFPG,EDDH,EWG,157,18,-0.7,all_flights,LFPG → EDDH,11.465,EUROWINGS GMBH,GERMANY
LFPG,EDDL,AFR,561,166,7.3667,all_flights,LFPG → EDDL,29.59,AIR FRANCE,FRANCE
LFPG,EDDM,AFR,497,147,6.5333,all_flights,LFPG → EDDM,29.5775,AIR FRANCE,FRANCE
LFPG,EDDM,BCS,3,0,5.6833,all_flights,LFPG → EDDM,0.0,"EUROPEAN AIR TRANSPORT, LEIPZIG",GERMANY
LFPG,EDDM,DLH,520,87,2.9167,all_flights,LFPG → EDDM,16.7308,"DEUTSCHE LUFTHANSA, AG, KOELN",GERMANY
LFPG,EDDM,FDX,56,11,3.2917,all_flights,LFPG → EDDM,19.6429,FEDERAL EXPRESS CORPORATION,UNITED STATES
LFPG,EDDM,ZZZ,2,1,38.3583,all_flights,LFPG → EDDM,50.0,Unknown / not identified,
LFPG,EDDV,AFR,330,111,8.825,all_flights,LFPG → EDDV,33.6364,AIR FRANCE,FRANCE
LFPG,EDDV,FDX,57,6,-0.65,all_flights,LFPG → EDDV,10.5263,FEDERAL EXPRESS CORPORATION,UNITED STATES
LFPG,EDDV,ZZZ,128,24,1.5917,all_flights,LFPG → EDDV,18.75,Unknown / not identified,
LFPG,EFHK,AFR,223,67,9.05,all_flights,LFPG → EFHK,30.0448,AIR FRANCE,FRANCE
LFPG,EFHK,FDX,16,4,10.5083,all_flights,LFPG → EFHK,25.0,FEDERAL EXPRESS CORPORATION,UNITED STATES
LFPG,EFHK,FIN,483,98,5.7167,all_flights,LFPG → EFHK,20.2899,FINNAIR OYJ,FINLAND
LFPG,EFHK,SWN,23,15,17.5833,all_flights,LFPG → EFHK,65.2174,WEST ATLANTIC SWEDEN AB,SWEDEN
LFPG,EFHK,ZZZ,60,21,9.25,all_flights,LFPG → EFHK,35.0,Unknown / not identified,
LFPG,EGCC,AFR,347,128,10.3333,all_flights,LFPG → EGCC,36.8876,AIR FRANCE,FRANCE
LFPG,EGCC,EZY,308,113,9.8833,all_flights,LFPG → EGCC,36.6883,EASYJET UK LTD,UNITED KINGDOM
LFPG,EGCC,SIA,1,1,22.8833,all_flights,LFPG → EGCC,100.0,SINGAPORE AIRLINES LIMITED,SINGAPORE
LFPG,EGCC,ZZZ,15,4,5.1167,all_flights,LFPG → EGCC,26.6667,Unknown / not identified,
LFPG,EGLL,AFR,628,306,14.3333,all_flights,LFPG → EGLL,48.7261,AIR FRANCE,FRANCE
LFPG,EGLL,BAW,601,282,14.4,all_flights,LFPG → EGLL,46.9218,BRITISH AIRWAYS,UNITED KINGDOM
LFPG,EGLL,BCS,17,5,5.2,all_flights,LFPG → EGLL,29.4118,"EUROPEAN AIR TRANSPORT, LEIPZIG",GERMANY
LFPG,EHAM,AFR,545,221,12.0333,all_flights,LFPG → EHAM,40.5505,AIR FRANCE,FRANCE
LFPG,EHAM,CPA,14,13,39.2083,all_flights,LFPG → EHAM,92.8571,CATHAY PACIFIC AIRWAYS LTD.,CHINA
LFPG,EHAM,FDX,73,21,8.3667,all_flights,LFPG → EHAM,28.7671,FEDERAL EXPRESS CORPORATION,UNITED STATES
LFPG,EHAM,KLM,535,198,11.0667,all_flights,LFPG → EHAM,37.0093,KLM ROYAL DUTCH AIRLINES,NETHERLANDS
LFPG,EHAM,ZZZ,1,0,1.1167,all_flights,LFPG → EHAM,0.0,Unknown / not identified,
LFPG,EIDW,AFR,349,85,5.8667,all_flights,LFPG → EIDW,24.3553,AIR FRANCE,FRANCE
LFPG,EIDW,EIN,444,220,14.8333,all_flights,LFPG → EIDW,49.5495,AER LINGUS TEORANTA,IRELAND
LFPG,EIDW,FDX,1,1,21.75,all_flights,LFPG → EIDW,100.0,FEDERAL EXPRESS CORPORATION,UNITED STATES
LFPG,EIDW,ZZZ,66,16,6.95,all_flights,LFPG → EIDW,24.2424,Unknown / not identified,
LFPG,EKCH,AFR,475,86,4.15,all_flights,LFPG → EKCH,18.1053,AIR FRANCE,FRANCE
LFPG,EKCH,FDX,20,2,3.2333,all_flights,LFPG → EKCH,10.0,FEDERAL EXPRESS CORPORATION,UNITED STATES
LFPG,EKCH,SAS,242,72,8.8333,all_flights,LFPG → EKCH,29.7521,SCANDINAVIAN AIRLINES SYSTEM,SWEDEN
LFPG,EKCH,ZZZ,296,59,3.625,all_flights,LFPG → EKCH,19.9324,Unknown / not identified,
LFPG,ENGM,AFR,239,56,5.8667,all_flights,LFPG → ENGM,23.431,AIR FRANCE,FRANCE
LFPG,ENGM,QTR,1,1,22.5167,all_flights,LFPG → ENGM,100.0,QATAR AIRWAYS GROUP Q.C.S.C.,QATAR
LFPG,ENGM,SAS,107,33,8.1333,all_flights,LFPG → ENGM,30.8411,SCANDINAVIAN AIRLINES SYSTEM,SWEDEN
LFPG,ENGM,ZZZ,257,66,5.7,all_flights,LFPG → ENGM,25.6809,Unknown / not identified,
LFPG,EPWA,ABB,1,0,-16.55,all_flights,LFPG → EPWA,0.0,AIR BELGIUM SA,BELGIUM
LFPG,EPWA,AFR,371,73,1.75,all_flights,LFPG → EPWA,19.6765,AIR FRANCE,FRANCE
LFPG,EPWA,LOT,331,61,1.6833,all_flights,LFPG → EPWA,18.429,LOT - POLSKIE LINIE LOTNICZE,POLAND
LFPG,EPWA,ZZZ,67,10,-1.5333,all_flights,LFPG → EPWA,14.9254,Unknown / not identified,
LFPG,ESSA,AFR,346,108,8.3,all_flights,LFPG → ESSA,31.2139,AIR FRANCE,FRANCE
LFPG,ESSA,SAS,183,60,11.0,all_flights,LFPG → ESSA,32.7869,SCANDINAVIAN AIRLINES SYSTEM,SWEDEN
LFPG,ESSA,ZZZ,145,40,6.8,all_flights,LFPG → ESSA,27.5862,Unknown / not identified,
LFPG,GMMN,AFR,390,128,9.5,all_flights,LFPG → GMMN,32.8205,AIR FRANCE,FRANCE
LFPG,GMMN,BCS,86,9,3.2167,all_flights,LFPG → GMMN,10.4651,"EUROPEAN AIR TRANSPORT, LEIPZIG",GERMANY
LFPG,GMMN,RAM,146,49,6.8,all_flights,LFPG → GMMN,33.5616,ROYAL AIR MAROC - COMPAGNIE NATIONALE DE TRANSPORTS AERIENS,MOROCCO
LFPG,GMMN,ZZZ,1,0,10.9833,all_flights,LFPG → GMMN,0.0,Unknown / not identified,
LFPG,KJFK,AAL,121,26,7.0167,all_flights,LFPG → KJFK,21.4876,AMERICAN AIRLINES INC.,UNITED STATES
LFPG,KJFK,AFR,660,280,12.9167,all_flights,LFPG → KJFK,42.4242,AIR FRANCE,FRANCE
LFPG,KJFK,DAL,243,112,13.7333,all_flights,LFPG → KJFK,46.0905,"DELTA AIR LINES, INC.",UNITED STATES
LFPG,LEBL,AFR,670,224,10.0333,all_flights,LFPG → LEBL,33.4328,AIR FRANCE,FRANCE
LFPG,LEBL,ELY,1,0,4.2,all_flights,LFPG → LEBL,0.0,EL AL - ISRAEL AIRLINES LTD.,ISRAEL
LFPG,LEBL,FDX,73,15,4.5667,all_flights,LFPG → LEBL,20.5479,FEDERAL EXPRESS CORPORATION,UNITED STATES
LFPG,LEBL,SDR,1,0,14.15,all_flights,LFPG → LEBL,0.0,SUNDAIR GMBH,GERMANY
LFPG,LEBL,VLG,293,55,4.6667,all_flights,LFPG → LEBL,18.7713,VUELING AIRLINES,SPAIN
LFPG,LEBL,ZZZ,252,64,6.9,all_flights,LFPG → LEBL,25.3968,Unknown / not identified,
LFPG,LEMD,AFR,673,232,10.1667,all_flights,LFPG → LEMD,34.4725,AIR FRANCE,FRANCE
LFPG,LEMD,BCS,1,0,-52.7833,all_flights,LFPG → LEMD,0.0,"EUROPEAN AIR TRANSPORT, LEIPZIG",GERMANY
LFPG,LEMD,CES,1,0,3.6167,all_flights,LFPG → LEMD,0.0,CHINA EASTERN AIRLINES,CHINA
LFPG,LEMD,FDX,79,7,2.3333,all_flights,LFPG → LEMD,8.8608,FEDERAL EXPRESS CORPORATION,UNITED STATES
LFPG,LEMD,IBE,1,0,0.9833,all_flights,LFPG → LEMD,0.0,"IBERIA - LINEAS AEREAS DE ESPANA, SOCIEDAD ANONIMA OPERADORA",SPAIN
LFPG,LEMD,ZZZ,458,75,4.2083,all_flights,LFPG → LEMD,16.3755,Unknown / not identified,
LFPG,LFBD,AFR,738,229,8.5333,all_flights,LFPG → LFBD,31.0298,AIR FRANCE,FRANCE
LFPG,LFBD,SRR,88,20,6.2583,all_flights,LFPG → LFBD,22.7273,MAERSK AIR CARGO A/S,DENMARK
LFPG,LFBD,ZZZ,4,0,2.2333,all_flights,LFPG → LFBD,0.0,Unknown / not identified,
LFPG,LFBO,AFR,746,136,4.1667,all_flights,LFPG → LFBO,18.2306,AIR FRANCE,FRANCE
LFPG,LFBO,SWN,38,4,2.4667,all_flights,LFPG → LFBO,10.5263,WEST ATLANTIC SWEDEN AB,SWEDEN
LFPG,LFBO,ZZZ,204,32,1.1833,all_flights,LFPG → LFBO,15.6863,Unknown / not identified,
LFPG,LFLL,AFR,648,158,3.9333,all_flights,LFPG → LFLL,24.3827,AIR FRANCE,FRANCE
LFPG,LFLL,ZZZ,79,25,5.2167,all_flights,LFPG → LFLL,31.6456,Unknown / not identified,
LFPG,LFML,AFR,764,196,5.9833,all_flights,LFPG → LFML,25.6545,AIR FRANCE,FRANCE
LFPG,LFML,ZZZ,227,33,-1.6333,all_flights,LFPG → LFML,14.5374,Unknown / not identified,
LFPG,LFMN,AFR,890,236,7.5167,all_flights,LFPG → LFMN,26.5169,AIR FRANCE,FRANCE
LFPG,LFMN,KAC,3,2,19.65,all_flights,LFPG → LFMN,66.6667,KUWAIT AIRWAYS CORPORATION,KUWAIT
LFPG,LFMN,SWT,16,1,-0.1917,all_flights,LFPG → LFMN,6.25,SWIFTAIR S.A.,SPAIN
LFPG,LFMN,ZZZ,331,83,5.6,all_flights,LFPG → LFMN,25.0755,Unknown / not identified,
LFPG,LFMT,AFR,477,75,1.85,all_flights,LFPG → LFMT,15.7233,AIR FRANCE,FRANCE
LFPG,LFMT,SWN,38,0,-7.8083,all_flights,LFPG → LFMT,0.0,WEST ATLANTIC SWEDEN AB,SWEDEN
LFPG,LFRS,AFR,517,136,7.1833,all_flights,LFPG → LFRS,26.3056,AIR FRANCE,FRANCE
LFPG,LFRS,LBT,1,1,27.95,all_flights,LFPG → LFRS,100.0,NOUVEL AIR TUNISIE,TUNISIA
LFPG,LGAV,AEE,313,118,9.9333,all_flights,LFPG → LGAV,37.6997,AEGEAN AIRLINES,GREECE
LFPG,LGAV,AFR,304,95,7.8333,all_flights,LFPG → LGAV,31.25,AIR FRANCE,FRANCE
LFPG,LGAV,FDX,16,5,8.4417,all_flights,LFPG → LGAV,31.25,FEDERAL EXPRESS CORPORATION,UNITED STATES
LFPG,LGAV,SEH,115,30,6.1333,all_flights,LFPG → LGAV,26.087,SKY EXPRESS S.A.,GREECE
LFPG,LGAV,SWN,47,27,19.0333,all_flights,LFPG → LGAV,57.4468,WEST ATLANTIC SWEDEN AB,SWEDEN
LFPG,LGAV,ZZZ,21,3,2.05,all_flights,LFPG → LGAV,14.2857,Unknown / not identified,
LFPG,LIMC,AFR,412,38,-5.925,all_flights,LFPG → LIMC,9.2233,AIR FRANCE,FRANCE
LFPG,LIMC,BBD,110,16,-8.5083,all_flights,LFPG → LIMC,14.5455,BLUEBIRD NORDIC LTD,ICELAND
LFPG,LIMC,BCS,91,4,-13.0667,all_flights,LFPG → LIMC,4.3956,"EUROPEAN AIR TRANSPORT, LEIPZIG",GERMANY
LFPG,LIMC,DAL,1,0,-29.7833,all_flights,LFPG → LIMC,0.0,"DELTA AIR LINES, INC.",UNITED STATES
LFPG,LIMC,FDX,156,11,-6.9,all_flights,LFPG → LIMC,7.0513,FEDERAL EXPRESS CORPORATION,UNITED STATES
LFPG,LIMC,ZZZ,498,39,-11.475,all_flights,LFPG → LIMC,7.8313,Unknown / not identified,
LFPG,LIML,AFR,453,131,8.2167,all_flights,LFPG → LIML,28.9183,AIR FRANCE,FRANCE
LFPG,LIML,ZZZ,528,132,5.1583,all_flights,LFPG → LIML,25.0,Unknown / not identified,
LFPG,LIPE,AFR,408,99,3.9833,all_flights,LFPG → LIPE,24.2647,AIR FRANCE,FRANCE
LFPG,LIPE,ZZZ,92,20,1.9083,all_flights,LFPG → LIPE,21.7391,Unknown / not identified,
LFPG,LIPZ,AFR,592,77,-2.2,all_flights,LFPG → LIPZ,13.0068,AIR FRANCE,FRANCE
LFPG,LIPZ,SWT,16,0,-23.3583,all_flights,LFPG → LIPZ,0.0,SWIFTAIR S.A.,SPAIN
LFPG,LIPZ,ZZZ,279,20,-8.0333,all_flights,LFPG → LIPZ,7.1685,Unknown / not identified,
LFPG,LIRF,AFR,661,111,0.25,all_flights,LFPG → LIRF,16.7927,AIR FRANCE,FRANCE
LFPG,LIRF,SWT,16,1,-2.7,all_flights,LFPG → LIRF,6.25,SWIFTAIR S.A.,SPAIN
LFPG,LIRF,VLG,2,0,9.7083,all_flights,LFPG → LIRF,0.0,VUELING AIRLINES,SPAIN
LFPG,LIRF,ZZZ,401,77,2.7167,all_flights,LFPG → LIRF,19.202,Unknown / not identified,
LFPG,LIRQ,AFR,618,121,2.6,all_flights,LFPG → LIRQ,19.5793,AIR FRANCE,FRANCE
LFPG,LIRQ,VLG,1,0,-14.1,all_flights,LFPG → LIRQ,0.0,VUELING AIRLINES,SPAIN
LFPG,LKPR,AFR,371,107,7.2167,all_flights,LFPG → LKPR,28.841,AIR FRANCE,FRANCE
LFPG,LKPR,CSA,79,35,11.2167,all_flights,LFPG → LKPR,44.3038,CZECH AIRLINES J.S.C.,CZECHIA
LFPG,LKPR,ZZZ,72,21,7.625,all_flights,LFPG → LKPR,29.1667,Unknown / not identified,
LFPG,LLBG,AFR,175,97,16.3167,all_flights,LFPG → LLBG,55.4286,AIR FRANCE,FRANCE
LFPG,LLBG,AIZ,26,16,18.5167,all_flights,LFPG → LLBG,61.5385,ARKIA ISRAEL INLAND AIRLINES,ISRAEL
LFPG,LLBG,ELY,289,136,13.1667,all_flights,LFPG → LLBG,47.0588,EL AL - ISRAEL AIRLINES LTD.,ISRAEL
LFPG,LLBG,FDX,34,10,10.0167,all_flights,LFPG → LLBG,29.4118,FEDERAL EXPRESS CORPORATION,UNITED STATES
LFPG,LLBG,ZZZ,109,69,20.2167,all_flights,LFPG → LLBG,63.3028,Unknown / not identified,
LFPG,LOWW,AFR,340,123,11.0833,all_flights,LFPG → LOWW,36.1765,AIR FRANCE,FRANCE
LFPG,LOWW,AUA,464,169,10.125,all_flights,LFPG → LOWW,36.4224,AUSTRIAN AIRLINES (AUA) AG,AUSTRIA
LFPG,LOWW,FDX,73,25,6.7,all_flights,LFPG → LOWW,34.2466,FEDERAL EXPRESS CORPORATION,UNITED STATES
LFPG,LOWW,ZZZ,2,1,13.225,all_flights,LFPG → LOWW,50.0,Unknown / not identified,
LFPG,LPPT,AFR,484,206,12.6083,all_flights,LFPG → LPPT,42.562,AIR FRANCE,FRANCE
LFPG,LPPT,ZZZ,272,128,14.2833,all_flights,LFPG → LPPT,47.0588,Unknown / not identified,
LFPG,LROP,AFR,278,68,4.0,all_flights,LFPG → LROP,24.4604,AIR FRANCE,FRANCE
LFPG,LROP,BLA,33,13,9.8,all_flights,LFPG → LROP,39.3939,BLUE AIR AVIATION S.A.,ROMANIA
LFPG,LROP,ROT,193,46,2.7333,all_flights,LFPG → LROP,23.8342,COMPANIA NATIONALA DE TRANSPORTURI AERIENE ROMANE TAROM S.A.,ROMANIA
LFPG,LROP,SWN,26,21,24.725,all_flights,LFPG → LROP,80.7692,WEST ATLANTIC SWEDEN AB,SWEDEN
LFPG,LROP,ZZZ,56,17,9.925,all_flights,LFPG → LROP,30.3571,Unknown / not identified,
LFPG,LSGG,AFR,893,124,-0.1,all_flights,LFPG → LSGG,13.8858,AIR FRANCE,FRANCE
LFPG,LSGG,SWR,1,0,-2.2,all_flights,LFPG → LSGG,0.0,SWISS INTERNATIONAL AIR LINES LTD,SWITZERLAND
LFPG,LSGG,SWT,23,4,-3.4667,all_flights,LFPG → LSGG,17.3913,SWIFTAIR S.A.,SPAIN
LFPG,LSGG,UAL,1,0,6.5833,all_flights,LFPG → LSGG,0.0,"UNITED AIRLINES, INC. (CHICAGO, IL)",UNITED STATES
LFPG,LSGG,ZZZ,44,5,-3.6333,all_flights,LFPG → LSGG,11.3636,Unknown / not identified,
LFPG,LSZH,AFR,338,90,6.5583,all_flights,LFPG → LSZH,26.6272,AIR FRANCE,FRANCE
LFPG,LSZH,SWR,448,127,8.3417,all_flights,LFPG → LSZH,28.3482,SWISS INTERNATIONAL AIR LINES LTD,SWITZERLAND
LFPG,LTFM,AFR,108,21,5.6667,all_flights,LFPG → LTFM,19.4444,AIR FRANCE,FRANCE
LFPG,LTFM,FDX,102,7,-3.3083,all_flights,LFPG → LTFM,6.8627,FEDERAL EXPRESS CORPORATION,UNITED STATES
LFPG,LTFM,MNB,50,11,-0.0833,all_flights,LFPG → LTFM,22.0,MNG HAVAYOLLARI VE TASIMACILIK A.S.,TURKEY
LFPG,LTFM,THY,726,315,11.9917,all_flights,LFPG → LTFM,43.3884,TURK HAVA YOLLARI (TURKISH AIRLINES CO.),TURKEY
LFPG,OMDB,AFR,193,126,20.4,all_flights,LFPG → OMDB,65.285,AIR FRANCE,FRANCE
LFPG,OMDB,FDX,108,79,21.4917,all_flights,LFPG → OMDB,73.1481,FEDERAL EXPRESS CORPORATION,UNITED STATES
LFPG,OMDB,UAE,366,245,20.9333,all_flights,LFPG → OMDB,66.9399,EMIRATES,UNITED ARAB EMIRATES
LFPG,OTHH,AFR,1,1,33.1667,all_flights,LFPG → OTHH,100.0,AIR FRANCE,FRANCE
LFPG,OTHH,QTR,500,352,23.3667,all_flights,LFPG → OTHH,70.4,QATAR AIRWAYS GROUP Q.C.S.C.,QATAR
LFPG,OTHH,ZZZ,1,0,6.0333,all_flights,LFPG → OTHH,0.0,Unknown / not identified,
LFPO,DAAG,AFR,154,45,7.9667,all_flights,LFPO → DAAG,29.2208,AIR FRANCE,FRANCE
LFPO,DAAG,DAH,315,185,20.45,all_flights,LFPO → DAAG,58.7302,AIR ALGERIE,ALGERIA
LFPO,DAAG,TVF,150,53,11.25,all_flights,LFPO → DAAG,35.3333,TRANSAVIA FRANCE,FRANCE
LFPO,DTTA,AFR,78,18,7.3333,all_flights,LFPO → DTTA,23.0769,AIR FRANCE,FRANCE
LFPO,DTTA,TAR,312,128,12.125,all_flights,LFPO → DTTA,41.0256,TUNIS AIR - SOCIETE TUNISIENNE DE L'AIR,TUNISIA
LFPO,DTTA,TVF,276,109,10.925,all_flights,LFPO → DTTA,39.4928,TRANSAVIA FRANCE,FRANCE
LFPO,GMMN,AFR,24,6,8.5833,all_flights,LFPO → GMMN,25.0,AIR FRANCE,FRANCE
LFPO,GMMN,RAM,546,168,7.4417,all_flights,LFPO → GMMN,30.7692,ROYAL AIR MAROC - COMPAGNIE NATIONALE DE TRANSPORTS AERIENS,MOROCCO
LFPO,GMMN,TVF,109,48,13.6833,all_flights,LFPO → GMMN,44.0367,TRANSAVIA FRANCE,FRANCE
LFPO,GMMN,ZZZ,79,10,0.6833,all_flights,LFPO → GMMN,12.6582,Unknown / not identified,
LFPO,GMMX,RAM,235,52,3.45,all_flights,LFPO → GMMX,22.1277,ROYAL AIR MAROC - COMPAGNIE NATIONALE DE TRANSPORTS AERIENS,MOROCCO
LFPO,GMMX,TVF,348,131,11.6333,all_flights,LFPO → GMMX,37.6437,TRANSAVIA FRANCE,FRANCE
LFPO,GMMX,VLG,8,0,4.6417,all_flights,LFPO → GMMX,0.0,VUELING AIRLINES,SPAIN
LFPO,GMMX,ZZZ,51,2,-0.4667,all_flights,LFPO → GMMX,3.9216,Unknown / not identified,
LFPO,LEBL,TVF,152,45,9.15,all_flights,LFPO → LEBL,29.6053,TRANSAVIA FRANCE,FRANCE
LFPO,LEBL,VLG,792,198,7.925,all_flights,LFPO → LEBL,25.0,VUELING AIRLINES,SPAIN
LFPO,LEMD,AEA,322,53,3.2167,all_flights,LFPO → LEMD,16.4596,AIR EUROPA,SPAIN
LFPO,LEMD,CRL,2,1,11.575,all_flights,LFPO → LEMD,50.0,CORSAIR,FRANCE
LFPO,LEMD,IBE,774,163,5.775,all_flights,LFPO → LEMD,21.0594,"IBERIA - LINEAS AEREAS DE ESPANA, SOCIEDAD ANONIMA OPERADORA",SPAIN
LFPO,LEMD,TVF,320,102,9.4917,all_flights,LFPO → LEMD,31.875,TRANSAVIA FRANCE,FRANCE
LFPO,LFBO,AFR,1958,111,-3.125,all_flights,LFPO → LFBO,5.6691,AIR FRANCE,FRANCE
LFPO,LFBO,TAR,1,0,-8.7333,all_flights,LFPO → LFBO,0.0,TUNIS AIR - SOCIETE TUNISIENNE DE L'AIR,TUNISIA
LFPO,LFBO,ZZZ,663,48,-0.7333,all_flights,LFPO → LFBO,7.2398,Unknown / not identified,
LFPO,LFML,AFR,1052,80,-3.65,all_flights,LFPO → LFML,7.6046,AIR FRANCE,FRANCE
LFPO,LFML,CRL,1,0,5.0167,all_flights,LFPO → LFML,0.0,CORSAIR,FRANCE
LFPO,LFMN,AFR,1764,202,0.325,all_flights,LFPO → LFMN,11.4512,AIR FRANCE,FRANCE
LFPO,LFMN,ZZZ,724,158,5.175,all_flights,LFPO → LFMN,21.8232,Unknown / not identified,
LFPO,LIML,ZZZ,508,101,2.5833,all_flights,LFPO → LIML,19.8819,Unknown / not identified,
LFPO,LIRF,TVF,113,19,3.3667,all_flights,LFPO → LIRF,16.8142,TRANSAVIA FRANCE,FRANCE
LFPO,LIRF,VLG,377,43,-0.4833,all_flights,LFPO → LIRF,11.4058,VUELING AIRLINES,SPAIN
LFPO,LIRF,WZZ,14,3,4.775,all_flights,LFPO → LIRF,21.4286,WIZZ AIR HUNGARY LTD,HUNGARY
LFPO,LIRF,ZZZ,284,26,-2.65,all_flights,LFPO → LIRF,9.1549,Unknown / not identified,
LFPO,LPPR,TAP,321,70,4.7667,all_flights,LFPO → LPPR,21.8069,"TRANSPORTES AEREOS PORTUGUESES, E.P.",PORTUGAL
LFPO,LPPR,TVF,632,205,9.7,all_flights,LFPO → LPPR,32.4367,TRANSAVIA FRANCE,FRANCE
LFPO,LPPR,VLG,93,38,12.15,all_flights,LFPO → LPPR,40.8602,VUELING AIRLINES,SPAIN
LFPO,LPPT,TAP,816,326,11.3167,all_flights,LFPO → LPPT,39.951,"TRANSPORTES AEREOS PORTUGUESES, E.P.",PORTUGAL
LFPO,LPPT,TVF,424,203,14.5,all_flights,LFPO → LPPT,47.8774,TRANSAVIA FRANCE,FRANCE
LFPO,LPPT,VLG,173,67,11.2667,all_flights,LFPO → LPPT,38.7283,VUELING AIRLINES,SPAIN
LFRS,LFLL,AFR,257,9,-10.2667,all_flights,LFRS → LFLL,3.5019,AIR FRANCE,FRANCE
LFRS,LFLL,RAM,4,0,8.7583,all_flights,LFRS → LFLL,0.0,ROYAL AIR MAROC - COMPAGNIE NATIONALE DE TRANSPORTS AERIENS,MOROCCO
LFRS,LFLL,ZZZ,380,9,-12.0667,all_flights,LFRS → LFLL,2.3684,Unknown / not identified,
LFRS,LFPG,AFR,516,44,0.3833,all_flights,LFRS → LFPG,8.5271,AIR FRANCE,FRANCE
LGAL,LGAV,AEE,259,20,-0.1667,all_flights,LGAL → LGAV,7.722,AEGEAN AIRLINES,GREECE
LGAL,LGAV,OAL,1,0,9.7,all_flights,LGAL → LGAV,0.0,OLYMPIC AIR,GREECE
LGAL,LGAV,SEH,286,19,-2.4833,all_flights,LGAL → LGAV,6.6434,SKY EXPRESS S.A.,GREECE
LGAV,EDDM,AEE,159,7,-1.5167,all_flights,LGAV → EDDM,4.4025,AEGEAN AIRLINES,GREECE
LGAV,EDDM,DLH,369,16,-3.0833,all_flights,LGAV → EDDM,4.336,"DEUTSCHE LUFTHANSA, AG, KOELN",GERMANY
LGAV,EDDM,SEH,25,0,-5.5167,all_flights,LGAV → EDDM,0.0,SKY EXPRESS S.A.,GREECE
LGAV,EDDM,SRR,85,2,-11.6333,all_flights,LGAV → EDDM,2.3529,MAERSK AIR CARGO A/S,DENMARK
LGAV,EGLL,AEE,334,94,7.0333,all_flights,LGAV → EGLL,28.1437,AEGEAN AIRLINES,GREECE
LGAV,EGLL,BAW,431,170,10.35,all_flights,LGAV → EGLL,39.4432,BRITISH AIRWAYS,UNITED KINGDOM
LGAV,EGLL,SEH,95,28,7.5,all_flights,LGAV → EGLL,29.4737,SKY EXPRESS S.A.,GREECE
LGAV,EHAM,AEE,120,37,8.2167,all_flights,LGAV → EHAM,30.8333,AEGEAN AIRLINES,GREECE
LGAV,EHAM,KLM,270,47,5.4333,all_flights,LGAV → EHAM,17.4074,KLM ROYAL DUTCH AIRLINES,NETHERLANDS
LGAV,EHAM,TRA,118,27,6.8333,all_flights,LGAV → EHAM,22.8814,TRANSAVIA HOLLAND B.V.,NETHERLANDS
LGAV,LCLK,AEE,639,19,0.3,all_flights,LGAV → LCLK,2.9734,AEGEAN AIRLINES,GREECE
LGAV,LCLK,BCS,45,0,-3.6667,all_flights,LGAV → LCLK,0.0,"EUROPEAN AIR TRANSPORT, LEIPZIG",GERMANY
LGAV,LCLK,CYP,164,8,2.3583,all_flights,LGAV → LCLK,4.878,CYPRUS AIRWAYS,CYPRUS
LGAV,LCLK,GFA,34,1,-3.375,all_flights,LGAV → LCLK,2.9412,GULF AIR,BAHRAIN
LGAV,LCLK,SEH,326,12,-0.3667,all_flights,LGAV → LCLK,3.681,SKY EXPRESS S.A.,GREECE
LGAV,LCLK,SWN,48,1,-1.1667,all_flights,LGAV → LCLK,2.0833,WEST ATLANTIC SWEDEN AB,SWEDEN
LGAV,LCLK,WZZ,100,10,5.325,all_flights,LGAV → LCLK,10.0,WIZZ AIR HUNGARY LTD,HUNGARY
LGAV,LCLK,ZZZ,42,1,-4.3667,all_flights,LGAV → LCLK,2.381,Unknown / not identified,
LGAV,LFPG,AEE,312,42,3.25,all_flights,LGAV → LFPG,13.4615,AEGEAN AIRLINES,GREECE
LGAV,LFPG,AFR,303,34,1.8333,all_flights,LGAV → LFPG,11.2211,AIR FRANCE,FRANCE
LGAV,LFPG,SEH,115,21,4.5,all_flights,LGAV → LFPG,18.2609,SKY EXPRESS S.A.,GREECE
LGAV,LFPG,SWN,4,0,-0.1333,all_flights,LGAV → LFPG,0.0,WEST ATLANTIC SWEDEN AB,SWEDEN
LGAV,LFPG,ZZZ,15,1,-2.0167,all_flights,LGAV → LFPG,6.6667,Unknown / not identified,
LGAV,LGAL,AEE,260,2,-5.975,all_flights,LGAV → LGAL,0.7692,AEGEAN AIRLINES,GREECE
LGAV,LGAL,SEH,286,4,-11.4083,all_flights,LGAV → LGAL,1.3986,SKY EXPRESS S.A.,GREECE
LGAV,LGHI,OAL,329,4,-7.9333,all_flights,LGAV → LGHI,1.2158,OLYMPIC AIR,GREECE
LGAV,LGHI,SEH,298,8,-5.6833,all_flights,LGAV → LGHI,2.6846,SKY EXPRESS S.A.,GREECE
LGAV,LGIR,AEE,709,19,-3.9333,all_flights,LGAV → LGIR,2.6798,AEGEAN AIRLINES,GREECE
LGAV,LGIR,OAL,4,0,-28.525,all_flights,LGAV → LGIR,0.0,OLYMPIC AIR,GREECE
LGAV,LGIR,SEH,412,2,-12.8,all_flights,LGAV → LGIR,0.4854,SKY EXPRESS S.A.,GREECE
LGAV,LGIR,ZZZ,60,0,-7.3,all_flights,LGAV → LGIR,0.0,Unknown / not identified,
LGAV,LGKO,AEE,285,9,-5.4833,all_flights,LGAV → LGKO,3.1579,AEGEAN AIRLINES,GREECE
LGAV,LGKO,SEH,276,1,-10.425,all_flights,LGAV → LGKO,0.3623,SKY EXPRESS S.A.,GREECE
LGAV,LGKR,AEE,295,8,-1.0333,all_flights,LGAV → LGKR,2.7119,AEGEAN AIRLINES,GREECE
LGAV,LGKR,CFG,1,0,13.2,all_flights,LGAV → LGKR,0.0,"CONDOR FLUGDIENST GMBH, FRANKFURT (MAIN)",GERMANY
LGAV,LGKR,EXS,1,1,22.15,all_flights,LGAV → LGKR,100.0,JET2.COM LTD,UNITED KINGDOM
LGAV,LGKR,SEH,337,9,-4.6,all_flights,LGAV → LGKR,2.6706,SKY EXPRESS S.A.,GREECE
LGAV,LGMK,AEE,467,39,-0.0667,all_flights,LGAV → LGMK,8.3512,AEGEAN AIRLINES,GREECE
LGAV,LGMK,AFR,1,0,-9.8,all_flights,LGAV → LGMK,0.0,AIR FRANCE,FRANCE
LGAV,LGMK,AUA,1,0,-3.6333,all_flights,LGAV → LGMK,0.0,AUSTRIAN AIRLINES (AUA) AG,AUSTRIA
LGAV,LGMK,CFE,2,2,51.65,all_flights,LGAV → LGMK,100.0,BA CITYFLYER LTD,UNITED KINGDOM
LGAV,LGMK,EZY,2,1,16.125,all_flights,LGAV → LGMK,50.0,EASYJET UK LTD,UNITED KINGDOM
LGAV,LGMK,PNX,1,1,19.6,all_flights,LGAV → LGMK,100.0,AIS AIRLINES,NETHERLANDS
LGAV,LGMK,RYR,1,0,14.0833,all_flights,LGAV → LGMK,0.0,RYANAIR,IRELAND
LGAV,LGMK,SEH,237,5,-12.0833,all_flights,LGAV → LGMK,2.1097,SKY EXPRESS S.A.,GREECE
LGAV,LGMK,ZZZ,117,5,-6.8833,all_flights,LGAV → LGMK,4.2735,Unknown / not identified,
LGAV,LGMT,AEE,326,8,-4.6917,all_flights,LGAV → LGMT,2.454,AEGEAN AIRLINES,GREECE
LGAV,LGMT,OAL,1,0,3.3833,all_flights,LGAV → LGMT,0.0,OLYMPIC AIR,GREECE
LGAV,LGMT,SEH,334,1,-8.7083,all_flights,LGAV → LGMT,0.2994,SKY EXPRESS S.A.,GREECE
LGAV,LGNX,OAL,263,0,-16.55,all_flights,LGAV → LGNX,0.0,OLYMPIC AIR,GREECE
LGAV,LGNX,SEH,269,0,-11.35,all_flights,LGAV → LGNX,0.0,SKY EXPRESS S.A.,GREECE
LGAV,LGPA,AEE,1,0,2.9,all_flights,LGAV → LGPA,0.0,AEGEAN AIRLINES,GREECE
LGAV,LGPA,OAL,539,4,-5.95,all_flights,LGAV → LGPA,0.7421,OLYMPIC AIR,GREECE
LGAV,LGPA,SEH,262,1,-12.3417,all_flights,LGAV → LGPA,0.3817,SKY EXPRESS S.A.,GREECE
LGAV,LGPA,ZZZ,4,0,-0.3167,all_flights,LGAV → LGPA,0.0,Unknown / not identified,
LGAV,LGRP,AEE,449,4,-4.35,all_flights,LGAV → LGRP,0.8909,AEGEAN AIRLINES,GREECE
LGAV,LGRP,BAW,1,0,7.4667,all_flights,LGAV → LGRP,0.0,BRITISH AIRWAYS,UNITED KINGDOM
LGAV,LGRP,OAL,25,0,-20.9833,all_flights,LGAV → LGRP,0.0,OLYMPIC AIR,GREECE
LGAV,LGRP,SEH,242,1,-10.475,all_flights,LGAV → LGRP,0.4132,SKY EXPRESS S.A.,GREECE
LGAV,LGSA,AEE,456,53,-0.2167,all_flights,LGAV → LGSA,11.6228,AEGEAN AIRLINES,GREECE
LGAV,LGSA,SEH,455,20,-11.15,all_flights,LGAV → LGSA,4.3956,SKY EXPRESS S.A.,GREECE
LGAV,LGSR,AEE,700,30,-0.425,all_flights,LGAV → LGSR,4.2857,AEGEAN AIRLINES,GREECE
LGAV,LGSR,RYR,131,0,-3.5,all_flights,LGAV → LGSR,0.0,RYANAIR,IRELAND
LGAV,LGSR,SEH,713,5,-8.9,all_flights,LGAV → LGSR,0.7013,SKY EXPRESS S.A.,GREECE
LGAV,LGSR,ZZZ,179,5,-6.7667,all_flights,LGAV → LGSR,2.7933,Unknown / not identified,
LGAV,LGTS,AEE,978,4,-9.2917,all_flights,LGAV → LGTS,0.409,AEGEAN AIRLINES,GREECE
LGAV,LGTS,BAW,1,0,3.8667,all_flights,LGAV → LGTS,0.0,BRITISH AIRWAYS,UNITED KINGDOM
LGAV,LGTS,BBD,2,1,15.1583,all_flights,LGAV → LGTS,50.0,BLUEBIRD NORDIC LTD,ICELAND
LGAV,LGTS,BCS,87,2,-9.4333,all_flights,LGAV → LGTS,2.2989,"EUROPEAN AIR TRANSPORT, LEIPZIG",GERMANY
LGAV,LGTS,ELY,1,0,-3.5,all_flights,LGAV → LGTS,0.0,EL AL - ISRAEL AIRLINES LTD.,ISRAEL
LGAV,LGTS,OAL,12,0,-15.975,all_flights,LGAV → LGTS,0.0,OLYMPIC AIR,GREECE
LGAV,LGTS,RYR,1,1,40.9,all_flights,LGAV → LGTS,100.0,RYANAIR,IRELAND
LGAV,LGTS,SEH,616,2,-12.9583,all_flights,LGAV → LGTS,0.3247,SKY EXPRESS S.A.,GREECE
LGAV,LGTS,ZZZ,137,3,-10.0167,all_flights,LGAV → LGTS,2.1898,Unknown / not identified,
LGAV,LIRF,AEE,227,4,-6.15,all_flights,LGAV → LIRF,1.7621,AEGEAN AIRLINES,GREECE
LGAV,LIRF,MSA,1,0,-14.4167,all_flights,LGAV → LIRF,0.0,POSTE AIR CARGO S.R.L.,ITALY
LGAV,LIRF,RYR,138,1,-8.625,all_flights,LGAV → LIRF,0.7246,RYANAIR,IRELAND
LGAV,LIRF,SEH,90,0,-12.8,all_flights,LGAV → LIRF,0.0,SKY EXPRESS S.A.,GREECE
LGAV,LIRF,SWN,25,1,-8.15,all_flights,LGAV → LIRF,4.0,WEST ATLANTIC SWEDEN AB,SWEDEN
LGAV,LIRF,ZZZ,252,2,-9.4,all_flights,LGAV → LIRF,0.7937,Unknown / not identified,
LGAV,LLBG,AEE,254,48,6.3583,all_flights,LGAV → LLBG,18.8976,AEGEAN AIRLINES,GREECE
LGAV,LLBG,AIZ,30,5,-1.2083,all_flights,LGAV → LLBG,16.6667,ARKIA ISRAEL INLAND AIRLINES,ISRAEL
LGAV,LLBG,BBG,28,1,-0.7583,all_flights,LGAV → LLBG,3.5714,BLUE BIRD AIRWAYS,GREECE
LGAV,LLBG,ELY,159,23,2.3333,all_flights,LGAV → LLBG,14.4654,EL AL - ISRAEL AIRLINES LTD.,ISRAEL
LGAV,LLBG,ISR,35,8,3.9,all_flights,LGAV → LLBG,22.8571,ISRAIR LTD,ISRAEL
LGAV,LLBG,RYR,35,4,0.4833,all_flights,LGAV → LLBG,11.4286,RYANAIR,IRELAND
LGAV,LLBG,VJT,1,0,-12.0167,all_flights,LGAV → LLBG,0.0,VISTAJET LTD,MALTA
LGAV,LLBG,WZZ,9,1,0.1833,all_flights,LGAV → LLBG,11.1111,WIZZ AIR HUNGARY LTD,HUNGARY
LGAV,LLBG,ZZZ,13,1,-1.5167,all_flights,LGAV → LLBG,7.6923,Unknown / not identified,
LGAV,LTFM,AEE,248,4,-5.6,all_flights,LGAV → LTFM,1.6129,AEGEAN AIRLINES,GREECE
LGAV,LTFM,FDX,15,0,-1.4,all_flights,LGAV → LTFM,0.0,FEDERAL EXPRESS CORPORATION,UNITED STATES
LGAV,LTFM,THY,378,18,-4.775,all_flights,LGAV → LTFM,4.7619,TURK HAVA YOLLARI (TURKISH AIRLINES CO.),TURKEY
LGHI,LGAV,OAL,329,27,-1.7167,all_flights,LGHI → LGAV,8.2067,OLYMPIC AIR,GREECE
LGHI,LGAV,SEH,298,8,-2.7333,all_flights,LGHI → LGAV,2.6846,SKY EXPRESS S.A.,GREECE
LGIR,LGAV,AEE,709,83,2.65,all_flights,LGIR → LGAV,11.7066,AEGEAN AIRLINES,GREECE
LGIR,LGAV,BBG,1,1,22.05,all_flights,LGIR → LGAV,100.0,BLUE BIRD AIRWAYS,GREECE
LGIR,LGAV,ETD,10,3,11.825,all_flights,LGIR → LGAV,30.0,ETIHAD AIRWAYS,UNITED ARAB EMIRATES
LGIR,LGAV,EZY,1,0,7.4333,all_flights,LGIR → LGAV,0.0,EASYJET UK LTD,UNITED KINGDOM
LGIR,LGAV,OAL,5,0,-17.7333,all_flights,LGIR → LGAV,0.0,OLYMPIC AIR,GREECE
LGIR,LGAV,SEH,412,29,-1.45,all_flights,LGIR → LGAV,7.0388,SKY EXPRESS S.A.,GREECE
LGIR,LGAV,ZZZ,60,2,3.0667,all_flights,LGIR → LGAV,3.3333,Unknown / not identified,
LGKO,LGAV,AEE,284,36,1.0583,all_flights,LGKO → LGAV,12.6761,AEGEAN AIRLINES,GREECE
LGKO,LGAV,SEH,276,14,-9.675,all_flights,LGKO → LGAV,5.0725,SKY EXPRESS S.A.,GREECE
LGKR,LGAV,AEE,294,32,2.0,all_flights,LGKR → LGAV,10.8844,AEGEAN AIRLINES,GREECE
LGKR,LGAV,SEH,337,13,-11.8833,all_flights,LGKR → LGAV,3.8576,SKY EXPRESS S.A.,GREECE
LGMK,LGAV,AEE,468,20,-2.5333,all_flights,LGMK → LGAV,4.2735,AEGEAN AIRLINES,GREECE
LGMK,LGAV,CFE,1,0,-22.45,all_flights,LGMK → LGAV,0.0,BA CITYFLYER LTD,UNITED KINGDOM
LGMK,LGAV,CYP,1,0,12.8833,all_flights,LGMK → LGAV,0.0,CYPRUS AIRWAYS,CYPRUS
LGMK,LGAV,EXS,1,0,-0.6167,all_flights,LGMK → LGAV,0.0,JET2.COM LTD,UNITED KINGDOM
LGMK,LGAV,EZY,4,0,4.65,all_flights,LGMK → LGAV,0.0,EASYJET UK LTD,UNITED KINGDOM
LGMK,LGAV,GFA,18,2,-11.3167,all_flights,LGMK → LGAV,11.1111,GULF AIR,BAHRAIN
LGMK,LGAV,RYR,2,0,-7.8083,all_flights,LGMK → LGAV,0.0,RYANAIR,IRELAND
LGMK,LGAV,SEH,237,11,-2.4833,all_flights,LGMK → LGAV,4.6414,SKY EXPRESS S.A.,GREECE
LGMK,LGAV,ZZZ,116,0,-8.725,all_flights,LGMK → LGAV,0.0,Unknown / not identified,
LGMT,LGAV,AEE,326,25,0.5417,all_flights,LGMT → LGAV,7.6687,AEGEAN AIRLINES,GREECE
LGMT,LGAV,OAL,2,0,10.9417,all_flights,LGMT → LGAV,0.0,OLYMPIC AIR,GREECE
LGMT,LGAV,SEH,334,16,-4.25,all_flights,LGMT → LGAV,4.7904,SKY EXPRESS S.A.,GREECE
LGNX,LGAV,OAL,263,14,-1.9667,all_flights,LGNX → LGAV,5.3232,OLYMPIC AIR,GREECE
LGNX,LGAV,SEH,273,20,-0.8333,all_flights,LGNX → LGAV,7.326,SKY EXPRESS S.A.,GREECE
LGPA,LGAV,AEE,1,0,-2.4333,all_flights,LGPA → LGAV,0.0,AEGEAN AIRLINES,GREECE
LGPA,LGAV,OAL,543,110,4.6333,all_flights,LGPA → LGAV,20.2578,OLYMPIC AIR,GREECE
LGPA,LGAV,SEH,262,25,1.2083,all_flights,LGPA → LGAV,9.542,SKY EXPRESS S.A.,GREECE
LGRP,LGAV,AEE,450,26,1.375,all_flights,LGRP → LGAV,5.7778,AEGEAN AIRLINES,GREECE
LGRP,LGAV,OAL,25,0,-20.2,all_flights,LGRP → LGAV,0.0,OLYMPIC AIR,GREECE
LGRP,LGAV,SEH,241,19,-1.1,all_flights,LGRP → LGAV,7.8838,SKY EXPRESS S.A.,GREECE
LGSA,LGAV,AEE,458,22,-2.175,all_flights,LGSA → LGAV,4.8035,AEGEAN AIRLINES,GREECE
LGSA,LGAV,KLM,1,0,13.3667,all_flights,LGSA → LGAV,0.0,KLM ROYAL DUTCH AIRLINES,NETHERLANDS
LGSA,LGAV,RYR,1,0,-26.8833,all_flights,LGSA → LGAV,0.0,RYANAIR,IRELAND
LGSA,LGAV,SEH,455,7,-13.8333,all_flights,LGSA → LGAV,1.5385,SKY EXPRESS S.A.,GREECE
LGSR,LGAV,AEE,702,22,-0.0833,all_flights,LGSR → LGAV,3.1339,AEGEAN AIRLINES,GREECE
LGSR,LGAV,ETD,16,2,1.3417,all_flights,LGSR → LGAV,12.5,ETIHAD AIRWAYS,UNITED ARAB EMIRATES
LGSR,LGAV,GFA,17,1,-0.25,all_flights,LGSR → LGAV,5.8824,GULF AIR,BAHRAIN
LGSR,LGAV,OAL,1,0,-8.0333,all_flights,LGSR → LGAV,0.0,OLYMPIC AIR,GREECE
LGSR,LGAV,RYR,130,7,0.375,all_flights,LGSR → LGAV,5.3846,RYANAIR,IRELAND
LGSR,LGAV,SEH,712,48,-0.3417,all_flights,LGSR → LGAV,6.7416,SKY EXPRESS S.A.,GREECE
LGSR,LGAV,ZZZ,179,2,-0.3833,all_flights,LGSR → LGAV,1.1173,Unknown / not identified,
LGTS,LGAV,AEE,980,60,-2.55,all_flights,LGTS → LGAV,6.1224,AEGEAN AIRLINES,GREECE
LGTS,LGAV,CFG,1,0,12.55,all_flights,LGTS → LGAV,0.0,"CONDOR FLUGDIENST GMBH, FRANKFURT (MAIN)",GERMANY
LGTS,LGAV,OAL,12,1,-24.1333,all_flights,LGTS → LGAV,8.3333,OLYMPIC AIR,GREECE
LGTS,LGAV,SEH,617,10,-17.25,all_flights,LGTS → LGAV,1.6207,SKY EXPRESS S.A.,GREECE
LGTS,LGAV,ZZZ,132,3,-21.775,all_flights,LGTS → LGAV,2.2727,Unknown / not identified,
LHBP,EGSS,PGT,1,1,21.2833,all_flights,LHBP → EGSS,100.0,PEGASUS HAVA TASIMACILIGI A.S. (PEGASUS),TURKEY
LHBP,EGSS,RYR,500,205,12.4833,all_flights,LHBP → EGSS,41.0,RYANAIR,IRELAND
LHBP,EGSS,ZZZ,5,1,9.0,all_flights,LHBP → EGSS,20.0,Unknown / not identified,
LHBP,LLBG,AIZ,1,0,-7.6667,all_flights,LHBP → LLBG,0.0,ARKIA ISRAEL INLAND AIRLINES,ISRAEL
LHBP,LLBG,BBG,17,4,3.5667,all_flights,LHBP → LLBG,23.5294,BLUE BIRD AIRWAYS,GREECE
LHBP,LLBG,ELY,132,35,6.3833,all_flights,LHBP → LLBG,26.5152,EL AL - ISRAEL AIRLINES LTD.,ISRAEL
LHBP,LLBG,ISR,19,6,7.4167,all_flights,LHBP → LLBG,31.5789,ISRAIR LTD,ISRAEL
LHBP,LLBG,RYR,170,36,7.15,all_flights,LHBP → LLBG,21.1765,RYANAIR,IRELAND
LHBP,LLBG,WZZ,187,40,7.1333,all_flights,LHBP → LLBG,21.3904,WIZZ AIR HUNGARY LTD,HUNGARY
LIBD,LIMC,RYR,259,4,-9.6833,all_flights,LIBD → LIMC,1.5444,RYANAIR,IRELAND
LIBD,LIMC,WZZ,70,4,-8.2583,all_flights,LIBD → LIMC,5.7143,WIZZ AIR HUNGARY LTD,HUNGARY
LIBD,LIMC,ZZZ,324,6,-12.55,all_flights,LIBD → LIMC,1.8519,Unknown / not identified,
LIBD,LIML,OCN,1,0,-17.1333,all_flights,LIBD → LIML,0.0,EW DISCOVER GMBH,GERMANY
LIBD,LIML,WZZ,236,13,-3.1667,all_flights,LIBD → LIML,5.5085,WIZZ AIR HUNGARY LTD,HUNGARY
LIBD,LIML,ZZZ,624,21,-4.6667,all_flights,LIBD → LIML,3.3654,Unknown / not identified,
LIBD,LIRF,MSA,5,0,-4.0167,all_flights,LIBD → LIRF,0.0,POSTE AIR CARGO S.R.L.,ITALY
LIBD,LIRF,RYR,362,15,-4.8833,all_flights,LIBD → LIRF,4.1436,RYANAIR,IRELAND
LIBD,LIRF,ZZZ,409,7,-3.9667,all_flights,LIBD → LIRF,1.7115,Unknown / not identified,
LIBR,LIMC,NOS,8,1,-2.3083,all_flights,LIBR → LIMC,12.5,NEOS S.P.A.,ITALY
LIBR,LIMC,RYR,213,2,-18.1,all_flights,LIBR → LIMC,0.939,RYANAIR,IRELAND
LIBR,LIMC,WZZ,97,3,-14.8667,all_flights,LIBR → LIMC,3.0928,WIZZ AIR HUNGARY LTD,HUNGARY
LIBR,LIMC,ZZZ,273,9,-12.7833,all_flights,LIBR → LIMC,3.2967,Unknown / not identified,
LIBR,LIRF,RYR,229,4,-10.0167,all_flights,LIBR → LIRF,1.7467,RYANAIR,IRELAND
LIBR,LIRF,ZZZ,314,5,-9.6417,all_flights,LIBR → LIRF,1.5924,Unknown / not identified,
LICA,LIMC,MSA,7,0,-13.8333,all_flights,LICA → LIMC,0.0,POSTE AIR CARGO S.R.L.,ITALY
LICA,LIMC,NOS,10,0,-3.9167,all_flights,LICA → LIMC,0.0,NEOS S.P.A.,ITALY
LICA,LIMC,RYR,242,2,-9.8667,all_flights,LICA → LIMC,0.8264,RYANAIR,IRELAND
LICA,LIMC,WZZ,205,3,-12.7833,all_flights,LICA → LIMC,1.4634,WIZZ AIR HUNGARY LTD,HUNGARY
LICA,LIMC,ZZZ,305,5,-16.7333,all_flights,LICA → LIMC,1.6393,Unknown / not identified,
LICC,LIMC,BBD,9,0,-38.2333,all_flights,LICC → LIMC,0.0,BLUEBIRD NORDIC LTD,ICELAND
LICC,LIMC,BLA,1,1,17.5,all_flights,LICC → LIMC,100.0,BLUE AIR AVIATION S.A.,ROMANIA
LICC,LIMC,LAV,5,0,-15.6167,all_flights,LICC → LIMC,0.0,"ALBA STAR, S.A.",SPAIN
LICC,LIMC,MSA,1,0,-12.8833,all_flights,LICC → LIMC,0.0,POSTE AIR CARGO S.R.L.,ITALY
LICC,LIMC,NOS,9,0,2.6167,all_flights,LICC → LIMC,0.0,NEOS S.P.A.,ITALY
LICC,LIMC,RYR,448,7,-10.7667,all_flights,LICC → LIMC,1.5625,RYANAIR,IRELAND
LICC,LIMC,WZZ,230,1,-18.225,all_flights,LICC → LIMC,0.4348,WIZZ AIR HUNGARY LTD,HUNGARY
LICC,LIMC,ZZZ,627,8,-16.4667,all_flights,LICC → LIMC,1.2759,Unknown / not identified,
LICC,LIML,ZZZ,737,79,1.8667,all_flights,LICC → LIML,10.7191,Unknown / not identified,
LICC,LIPE,RYR,374,42,2.8583,all_flights,LICC → LIPE,11.2299,RYANAIR,IRELAND
LICC,LIPE,VLG,2,2,47.8083,all_flights,LICC → LIPE,100.0,VUELING AIRLINES,SPAIN
LICC,LIPE,WZZ,188,7,-5.275,all_flights,LICC → LIPE,3.7234,WIZZ AIR HUNGARY LTD,HUNGARY
LICC,LIPE,ZZZ,1,1,27.3833,all_flights,LICC → LIPE,100.0,Unknown / not identified,
LICC,LIRF,MSA,86,0,-18.5583,all_flights,LICC → LIRF,0.0,POSTE AIR CARGO S.R.L.,ITALY
LICC,LIRF,RYR,842,8,-12.6,all_flights,LICC → LIRF,0.9501,RYANAIR,IRELAND
LICC,LIRF,WZZ,166,4,-12.95,all_flights,LICC → LIRF,2.4096,WIZZ AIR HUNGARY LTD,HUNGARY
LICC,LIRF,ZZZ,780,11,-9.4167,all_flights,LICC → LIRF,1.4103,Unknown / not identified,
LICJ,LIMC,MSA,9,0,-17.3833,all_flights,LICJ → LIMC,0.0,POSTE AIR CARGO S.R.L.,ITALY
LICJ,LIMC,NOS,7,0,-0.3667,all_flights,LICJ → LIMC,0.0,NEOS S.P.A.,ITALY
LICJ,LIMC,RYR,399,4,-12.9667,all_flights,LICJ → LIMC,1.0025,RYANAIR,IRELAND
LICJ,LIMC,WZZ,208,3,-14.6583,all_flights,LICJ → LIMC,1.4423,WIZZ AIR HUNGARY LTD,HUNGARY
LICJ,LIMC,ZZZ,468,8,-18.2,all_flights,LICJ → LIMC,1.7094,Unknown / not identified,
LICJ,LIML,ZZZ,559,30,-0.9667,all_flights,LICJ → LIML,5.3667,Unknown / not identified,
LICJ,LIRF,MSA,49,0,-17.1,all_flights,LICJ → LIRF,0.0,POSTE AIR CARGO S.R.L.,ITALY
LICJ,LIRF,RYR,688,5,-11.3167,all_flights,LICJ → LIRF,0.7267,RYANAIR,IRELAND
LICJ,LIRF,ZZZ,720,2,-10.9333,all_flights,LICJ → LIRF,0.2778,Unknown / not identified,
LIEE,LIML,ZZZ,597,23,-3.2,all_flights,LIEE → LIML,3.8526,Unknown / not identified,
LIEE,LIRF,MSA,85,0,-12.8667,all_flights,LIEE → LIRF,0.0,POSTE AIR CARGO S.R.L.,ITALY
LIEE,LIRF,RYR,1,0,13.0167,all_flights,LIEE → LIRF,0.0,RYANAIR,IRELAND
LIEE,LIRF,ZZZ,858,1,-12.6333,all_flights,LIEE → LIRF,0.1166,Unknown / not identified,
LIMC,EDDF,DLA,18,0,-12.4333,all_flights,LIMC → EDDF,0.0,AIR DOLOMITI,ITALY
LIMC,EDDF,DLH,501,11,-10.3167,all_flights,LIMC → EDDF,2.1956,"DEUTSCHE LUFTHANSA, AG, KOELN",GERMANY
LIMC,EDDF,FDX,4,0,-0.3167,all_flights,LIMC → EDDF,0.0,FEDERAL EXPRESS CORPORATION,UNITED STATES
LIMC,EDDF,GBG,1,0,0.2,all_flights,LIMC → EDDF,0.0,GULLIVAIR,BULGARIA
LIMC,EDDF,GEC,1,0,-8.1667,all_flights,LIMC → EDDF,0.0,"LUFTHANSA CARGO AG, FRANKFURT (MAIN)",GERMANY
LIMC,EDDP,BBD,8,3,6.7167,all_flights,LIMC → EDDP,37.5,BLUEBIRD NORDIC LTD,ICELAND
LIMC,EDDP,BCS,491,65,1.9667,all_flights,LIMC → EDDP,13.2383,"EUROPEAN AIR TRANSPORT, LEIPZIG",GERMANY
LIMC,EDDP,DHA,7,2,7.6833,all_flights,LIMC → EDDP,28.5714,DHL AIR AUSTRIA,AUSTRIA
LIMC,EDDP,DHX,7,3,1.7333,all_flights,LIMC → EDDP,42.8571,DHL AVIATION EEMEA B.S.C.(C),BAHRAIN
LIMC,EDDP,SOP,1,0,-1.05,all_flights,LIMC → EDDP,0.0,SOLINAIR LTD,SLOVENIA
LIMC,EDDP,ZZZ,227,26,1.2,all_flights,LIMC → EDDP,11.4537,Unknown / not identified,
LIMC,EGKK,BAW,42,25,17.8417,all_flights,LIMC → EGKK,59.5238,BRITISH AIRWAYS,UNITED KINGDOM
LIMC,EGKK,EZY,172,77,12.7917,all_flights,LIMC → EGKK,44.7674,EASYJET UK LTD,UNITED KINGDOM
LIMC,EGKK,WZZ,196,98,14.7167,all_flights,LIMC → EGKK,50.0,WIZZ AIR HUNGARY LTD,HUNGARY
LIMC,EGKK,ZZZ,291,116,12.1,all_flights,LIMC → EGKK,39.8625,Unknown / not identified,
LIMC,EHAM,KLM,226,36,5.2083,all_flights,LIMC → EHAM,15.9292,KLM ROYAL DUTCH AIRLINES,NETHERLANDS
LIMC,EHAM,TRA,1,0,4.0,all_flights,LIMC → EHAM,0.0,TRANSAVIA HOLLAND B.V.,NETHERLANDS
LIMC,EHAM,UAE,1,0,2.8833,all_flights,LIMC → EHAM,0.0,EMIRATES,UNITED ARAB EMIRATES
LIMC,EHAM,ZZZ,314,69,7.125,all_flights,LIMC → EHAM,21.9745,Unknown / not identified,
LIMC,ELLX,CLX,16,6,12.475,all_flights,LIMC → ELLX,37.5,CARGOLUX AIRLINES INTERNATIONAL S.A.,LUXEMBOURG
LIMC,ELLX,LGL,256,9,-1.8333,all_flights,LIMC → ELLX,3.5156,LUXAIR - SOCIETE LUXEMBOURGEOISE DE NAVIGATION AERIENNE S.A.,LUXEMBOURG
LIMC,ELLX,ZZZ,292,61,5.2,all_flights,LIMC → ELLX,20.8904,Unknown / not identified,
LIMC,KJFK,AAL,122,15,3.3667,all_flights,LIMC → KJFK,12.2951,AMERICAN AIRLINES INC.,UNITED STATES
LIMC,KJFK,BCS,11,5,12.4667,all_flights,LIMC → KJFK,45.4545,"EUROPEAN AIR TRANSPORT, LEIPZIG",GERMANY
LIMC,KJFK,DAL,164,42,7.4417,all_flights,LIMC → KJFK,25.6098,"DELTA AIR LINES, INC.",UNITED STATES
LIMC,KJFK,NOS,44,12,9.05,all_flights,LIMC → KJFK,27.2727,NEOS S.P.A.,ITALY
LIMC,KJFK,UAE,122,39,9.5917,all_flights,LIMC → KJFK,31.9672,EMIRATES,UNITED ARAB EMIRATES
LIMC,KJFK,ZZZ,107,28,7.4667,all_flights,LIMC → KJFK,26.1682,Unknown / not identified,
LIMC,LEBL,BCS,62,9,6.5333,all_flights,LIMC → LEBL,14.5161,"EUROPEAN AIR TRANSPORT, LEIPZIG",GERMANY
LIMC,LEBL,RYR,115,28,9.3333,all_flights,LIMC → LEBL,24.3478,RYANAIR,IRELAND
LIMC,LEBL,SIA,88,12,4.05,all_flights,LIMC → LEBL,13.6364,SINGAPORE AIRLINES LIMITED,SINGAPORE
LIMC,LEBL,UAE,1,0,13.2,all_flights,LIMC → LEBL,0.0,EMIRATES,UNITED ARAB EMIRATES
LIMC,LEBL,VLG,497,97,6.7,all_flights,LIMC → LEBL,19.5171,VUELING AIRLINES,SPAIN
LIMC,LEBL,ZZZ,302,49,4.275,all_flights,LIMC → LEBL,16.2252,Unknown / not identified,
LIMC,LEMD,AEA,244,40,4.8333,all_flights,LIMC → LEMD,16.3934,AIR EUROPA,SPAIN
LIMC,LEMD,BCS,46,7,1.125,all_flights,LIMC → LEMD,15.2174,"EUROPEAN AIR TRANSPORT, LEIPZIG",GERMANY
LIMC,LEMD,IBE,136,20,4.95,all_flights,LIMC → LEMD,14.7059,"IBERIA - LINEAS AEREAS DE ESPANA, SOCIEDAD ANONIMA OPERADORA",SPAIN
LIMC,LEMD,NOS,3,0,4.75,all_flights,LIMC → LEMD,0.0,NEOS S.P.A.,ITALY
LIMC,LEMD,RYR,118,25,7.7,all_flights,LIMC → LEMD,21.1864,RYANAIR,IRELAND
LIMC,LEMD,ZZZ,116,20,5.4083,all_flights,LIMC → LEMD,17.2414,Unknown / not identified,
LIMC,LFPG,AFR,412,127,9.975,all_flights,LIMC → LFPG,30.8252,AIR FRANCE,FRANCE
LIMC,LFPG,BCS,55,18,11.9333,all_flights,LIMC → LFPG,32.7273,"EUROPEAN AIR TRANSPORT, LEIPZIG",GERMANY
LIMC,LFPG,FDX,152,35,7.425,all_flights,LIMC → LFPG,23.0263,FEDERAL EXPRESS CORPORATION,UNITED STATES
LIMC,LFPG,UAE,1,1,16.1333,all_flights,LIMC → LFPG,100.0,EMIRATES,UNITED ARAB EMIRATES
LIMC,LFPG,VLG,2,2,16.5083,all_flights,LIMC → LFPG,100.0,VUELING AIRLINES,SPAIN
LIMC,LFPG,ZZZ,504,84,6.4583,all_flights,LIMC → LFPG,16.6667,Unknown / not identified,
LIMC,LIBD,NOS,1,0,-0.2,all_flights,LIMC → LIBD,0.0,NEOS S.P.A.,ITALY
LIMC,LIBD,RYR,260,49,6.7083,all_flights,LIMC → LIBD,18.8462,RYANAIR,IRELAND
LIMC,LIBD,WZZ,70,13,2.5833,all_flights,LIMC → LIBD,18.5714,WIZZ AIR HUNGARY LTD,HUNGARY
LIMC,LIBD,ZZZ,326,44,3.8417,all_flights,LIMC → LIBD,13.4969,Unknown / not identified,
LIMC,LIBR,NOS,6,0,6.1167,all_flights,LIMC → LIBR,0.0,NEOS S.P.A.,ITALY
LIMC,LIBR,RYR,212,48,8.0,all_flights,LIMC → LIBR,22.6415,RYANAIR,IRELAND
LIMC,LIBR,WZZ,96,25,8.4667,all_flights,LIMC → LIBR,26.0417,WIZZ AIR HUNGARY LTD,HUNGARY
LIMC,LIBR,ZZZ,275,40,4.5167,all_flights,LIMC → LIBR,14.5455,Unknown / not identified,
LIMC,LICA,NOS,9,3,13.7333,all_flights,LIMC → LICA,33.3333,NEOS S.P.A.,ITALY
LIMC,LICA,RYR,242,29,3.8083,all_flights,LIMC → LICA,11.9835,RYANAIR,IRELAND
LIMC,LICA,WZZ,206,78,10.375,all_flights,LIMC → LICA,37.8641,WIZZ AIR HUNGARY LTD,HUNGARY
LIMC,LICA,ZZZ,303,45,3.35,all_flights,LIMC → LICA,14.8515,Unknown / not identified,
LIMC,LICC,BBD,112,28,6.2417,all_flights,LIMC → LICC,25.0,BLUEBIRD NORDIC LTD,ICELAND
LIMC,LICC,LAV,7,1,5.3667,all_flights,LIMC → LICC,14.2857,"ALBA STAR, S.A.",SPAIN
LIMC,LICC,NOS,11,3,10.1333,all_flights,LIMC → LICC,27.2727,NEOS S.P.A.,ITALY
LIMC,LICC,RYR,446,69,3.5583,all_flights,LIMC → LICC,15.4709,RYANAIR,IRELAND
LIMC,LICC,WZZ,228,32,2.2917,all_flights,LIMC → LICC,14.0351,WIZZ AIR HUNGARY LTD,HUNGARY
LIMC,LICC,ZZZ,625,85,1.1833,all_flights,LIMC → LICC,13.6,Unknown / not identified,
LIMC,LICJ,NOS,7,1,12.8,all_flights,LIMC → LICJ,14.2857,NEOS S.P.A.,ITALY
LIMC,LICJ,RYR,402,66,4.3,all_flights,LIMC → LICJ,16.4179,RYANAIR,IRELAND
LIMC,LICJ,WZZ,208,34,5.5167,all_flights,LIMC → LICJ,16.3462,WIZZ AIR HUNGARY LTD,HUNGARY
LIMC,LICJ,ZZZ,465,22,-2.4333,all_flights,LIMC → LICJ,4.7312,Unknown / not identified,
LIMC,LIEE,BBD,113,40,11.45,all_flights,LIMC → LIEE,35.3982,BLUEBIRD NORDIC LTD,ICELAND
LIMC,LIEE,NOS,19,4,5.1167,all_flights,LIMC → LIEE,21.0526,NEOS S.P.A.,ITALY
LIMC,LIEE,RYR,123,18,5.3667,all_flights,LIMC → LIEE,14.6341,RYANAIR,IRELAND
LIMC,LIEE,WZZ,47,9,7.8667,all_flights,LIMC → LIEE,19.1489,WIZZ AIR HUNGARY LTD,HUNGARY
LIMC,LIEE,ZZZ,199,15,-0.8667,all_flights,LIMC → LIEE,7.5377,Unknown / not identified,
LIMC,LIRN,BCS,87,10,1.5833,all_flights,LIMC → LIRN,11.4943,"EUROPEAN AIR TRANSPORT, LEIPZIG",GERMANY
LIMC,LIRN,RYR,310,41,2.7333,all_flights,LIMC → LIRN,13.2258,RYANAIR,IRELAND
LIMC,LIRN,SLJ,1,0,0.7333,all_flights,LIMC → LIRN,0.0,SLAM LAVORI AEREI S.R.L.,ITALY
LIMC,LIRN,WZZ,78,13,6.4167,all_flights,LIMC → LIRN,16.6667,WIZZ AIR HUNGARY LTD,HUNGARY
LIMC,LIRN,ZZZ,644,52,-2.3333,all_flights,LIMC → LIRN,8.0745,Unknown / not identified,
LIMC,LOWW,AUA,380,62,6.3083,all_flights,LIMC → LOWW,16.3158,AUSTRIAN AIRLINES (AUA) AG,AUSTRIA
LIMC,LOWW,ETD,15,2,7.5833,all_flights,LIMC → LOWW,13.3333,ETIHAD AIRWAYS,UNITED ARAB EMIRATES
LIMC,LOWW,RYR,160,22,6.1167,all_flights,LIMC → LOWW,13.75,RYANAIR,IRELAND
LIMC,LOWW,WZZ,19,5,11.4833,all_flights,LIMC → LOWW,26.3158,WIZZ AIR HUNGARY LTD,HUNGARY
LIMC,LPPT,TAP,374,162,13.0417,all_flights,LIMC → LPPT,43.3155,"TRANSPORTES AEREOS PORTUGUESES, E.P.",PORTUGAL
LIMC,LPPT,ZZZ,244,85,10.6333,all_flights,LIMC → LPPT,34.8361,Unknown / not identified,
LIME,EGSS,RYR,507,139,10.0167,all_flights,LIME → EGSS,27.4162,RYANAIR,IRELAND
LIML,EBBR,BEL,264,35,0.7,all_flights,LIML → EBBR,13.2576,BRUSSELS AIRLINES,BELGIUM
LIML,EBBR,ZZZ,294,34,2.0333,all_flights,LIML → EBBR,11.5646,Unknown / not identified,
LIML,EDDF,DLA,29,2,-1.3333,all_flights,LIML → EDDF,6.8966,AIR DOLOMITI,ITALY
LIML,EDDF,DLH,552,14,-9.7,all_flights,LIML → EDDF,2.5362,"DEUTSCHE LUFTHANSA, AG, KOELN",GERMANY
LIML,EDDF,OCN,1,0,11.3833,all_flights,LIML → EDDF,0.0,EW DISCOVER GMBH,GERMANY
LIML,EDDF,ZZZ,201,7,-4.8333,all_flights,LIML → EDDF,3.4826,Unknown / not identified,
LIML,EGLL,BAW,460,199,12.9917,all_flights,LIML → EGLL,43.2609,BRITISH AIRWAYS,UNITED KINGDOM
LIML,EGLL,ZZZ,228,58,9.1,all_flights,LIML → EGLL,25.4386,Unknown / not identified,
LIML,EHAM,KLM,357,76,8.3667,all_flights,LIML → EHAM,21.2885,KLM ROYAL DUTCH AIRLINES,NETHERLANDS
LIML,EHAM,ZZZ,447,123,8.8833,all_flights,LIML → EHAM,27.5168,Unknown / not identified,
LIML,LFPG,AFR,452,100,8.025,all_flights,LIML → LFPG,22.1239,AIR FRANCE,FRANCE
LIML,LFPG,ZZZ,527,97,6.9667,all_flights,LIML → LFPG,18.4061,Unknown / not identified,
LIML,LFPO,ZZZ,509,75,5.3167,all_flights,LIML → LFPO,14.7348,Unknown / not identified,
LIML,LIBD,WZZ,236,28,5.0583,all_flights,LIML → LIBD,11.8644,WIZZ AIR HUNGARY LTD,HUNGARY
LIML,LIBD,ZZZ,623,66,4.1667,all_flights,LIML → LIBD,10.5939,Unknown / not identified,
LIML,LICC,ZZZ,740,120,5.125,all_flights,LIML → LICC,16.2162,Unknown / not identified,
LIML,LICJ,ZZZ,560,72,4.7083,all_flights,LIML → LICJ,12.8571,Unknown / not identified,
LIML,LIEE,ZZZ,598,53,2.9083,all_flights,LIML → LIEE,8.8629,Unknown / not identified,
LIML,LIRF,ZZZ,1297,35,-4.2167,all_flights,LIML → LIRF,2.6985,Unknown / not identified,
LIML,LIRN,SLJ,2,1,7.6417,all_flights,LIML → LIRN,50.0,SLAM LAVORI AEREI S.R.L.,ITALY
LIML,LIRN,WZZ,198,12,1.3917,all_flights,LIML → LIRN,6.0606,WIZZ AIR HUNGARY LTD,HUNGARY
LIML,LIRN,ZZZ,605,55,3.7,all_flights,LIML → LIRN,9.0909,Unknown / not identified,
LIPE,LICC,RYR,376,18,-3.4667,all_flights,LIPE → LICC,4.7872,RYANAIR,IRELAND
LIPE,LICC,VLG,1,0,-13.25,all_flights,LIPE → LICC,0.0,VUELING AIRLINES,SPAIN
LIPE,LICC,WZZ,188,12,-6.0833,all_flights,LIPE → LICC,6.383,WIZZ AIR HUNGARY LTD,HUNGARY
LIPZ,LFPG,AFR,589,109,7.0,all_flights,LIPZ → LFPG,18.5059,AIR FRANCE,FRANCE
LIPZ,LFPG,SWT,15,0,-15.0667,all_flights,LIPZ → LFPG,0.0,SWIFTAIR S.A.,SPAIN
LIPZ,LFPG,ZZZ,275,39,5.6167,all_flights,LIPZ → LFPG,14.1818,Unknown / not identified,
LIRF,EBBR,BEL,243,25,-0.7333,all_flights,LIRF → EBBR,10.2881,BRUSSELS AIRLINES,BELGIUM
LIRF,EBBR,RYR,217,37,3.75,all_flights,LIRF → EBBR,17.0507,RYANAIR,IRELAND
LIRF,EBBR,ZZZ,223,24,3.0667,all_flights,LIRF → EBBR,10.7623,Unknown / not identified,
LIRF,EDDF,CFG,4,0,-3.15,all_flights,LIRF → EDDF,0.0,"CONDOR FLUGDIENST GMBH, FRANKFURT (MAIN)",GERMANY
LIRF,EDDF,DLH,528,21,-4.7083,all_flights,LIRF → EDDF,3.9773,"DEUTSCHE LUFTHANSA, AG, KOELN",GERMANY
LIRF,EDDF,ZZZ,18,0,-9.65,all_flights,LIRF → EDDF,0.0,Unknown / not identified,
LIRF,EDDM,DLH,547,30,-1.2667,all_flights,LIRF → EDDM,5.4845,"DEUTSCHE LUFTHANSA, AG, KOELN",GERMANY
LIRF,EDDM,ZZZ,112,19,4.3417,all_flights,LIRF → EDDM,16.9643,Unknown / not identified,
LIRF,EGKK,BAW,1,0,-5.3333,all_flights,LIRF → EGKK,0.0,BRITISH AIRWAYS,UNITED KINGDOM
LIRF,EGKK,EZY,265,93,9.5667,all_flights,LIRF → EGKK,35.0943,EASYJET UK LTD,UNITED KINGDOM
LIRF,EGKK,VLG,256,102,12.4167,all_flights,LIRF → EGKK,39.8438,VUELING AIRLINES,SPAIN
LIRF,EGKK,WZZ,97,41,13.5833,all_flights,LIRF → EGKK,42.268,WIZZ AIR HUNGARY LTD,HUNGARY
LIRF,EGLL,BAW,530,121,6.3,all_flights,LIRF → EGLL,22.8302,BRITISH AIRWAYS,UNITED KINGDOM
LIRF,EGLL,RJA,1,0,8.8,all_flights,LIRF → EGLL,0.0,ROYAL JORDANIAN,JORDAN
LIRF,EGLL,ZZZ,230,52,7.7,all_flights,LIRF → EGLL,22.6087,Unknown / not identified,
LIRF,EHAM,KLM,557,91,5.9,all_flights,LIRF → EHAM,16.3375,KLM ROYAL DUTCH AIRLINES,NETHERLANDS
LIRF,EHAM,VLG,131,39,8.7,all_flights,LIRF → EHAM,29.771,VUELING AIRLINES,SPAIN
LIRF,EHAM,ZZZ,327,94,8.2833,all_flights,LIRF → EHAM,28.7462,Unknown / not identified,
LIRF,LEBL,RYR,281,33,4.8833,all_flights,LIRF → LEBL,11.7438,RYANAIR,IRELAND
LIRF,LEBL,VLG,535,109,6.7333,all_flights,LIRF → LEBL,20.3738,VUELING AIRLINES,SPAIN
LIRF,LEBL,WZZ,21,4,7.1167,all_flights,LIRF → LEBL,19.0476,WIZZ AIR HUNGARY LTD,HUNGARY
LIRF,LEBL,ZZZ,316,54,7.475,all_flights,LIRF → LEBL,17.0886,Unknown / not identified,
LIRF,LEMD,AEA,245,48,5.7,all_flights,LIRF → LEMD,19.5918,AIR EUROPA,SPAIN
LIRF,LEMD,IBE,560,63,2.9417,all_flights,LIRF → LEMD,11.25,"IBERIA - LINEAS AEREAS DE ESPANA, SOCIEDAD ANONIMA OPERADORA",SPAIN
LIRF,LEMD,RYR,248,48,6.3917,all_flights,LIRF → LEMD,19.3548,RYANAIR,IRELAND
LIRF,LEMD,WZZ,90,24,8.3583,all_flights,LIRF → LEMD,26.6667,WIZZ AIR HUNGARY LTD,HUNGARY
LIRF,LEMD,ZZZ,208,38,7.075,all_flights,LIRF → LEMD,18.2692,Unknown / not identified,
LIRF,LFPG,AFR,659,95,5.3333,all_flights,LIRF → LFPG,14.4158,AIR FRANCE,FRANCE
LIRF,LFPG,SWN,25,8,11.75,all_flights,LIRF → LFPG,32.0,WEST ATLANTIC SWEDEN AB,SWEDEN
LIRF,LFPG,SWT,15,0,4.8833,all_flights,LIRF → LFPG,0.0,SWIFTAIR S.A.,SPAIN
LIRF,LFPG,TVF,3,1,13.2167,all_flights,LIRF → LFPG,33.3333,TRANSAVIA FRANCE,FRANCE
LIRF,LFPG,VLG,2,2,89.4917,all_flights,LIRF → LFPG,100.0,VUELING AIRLINES,SPAIN
LIRF,LFPG,ZZZ,494,105,8.1667,all_flights,LIRF → LFPG,21.2551,Unknown / not identified,
LIRF,LFPO,TVF,111,21,6.9,all_flights,LIRF → LFPO,18.9189,TRANSAVIA FRANCE,FRANCE
LIRF,LFPO,VLG,376,86,8.225,all_flights,LIRF → LFPO,22.8723,VUELING AIRLINES,SPAIN
LIRF,LFPO,WZZ,14,1,4.2583,all_flights,LIRF → LFPO,7.1429,WIZZ AIR HUNGARY LTD,HUNGARY
LIRF,LFPO,ZZZ,283,56,5.1333,all_flights,LIRF → LFPO,19.788,Unknown / not identified,
LIRF,LGAV,AEE,226,19,1.9333,all_flights,LIRF → LGAV,8.4071,AEGEAN AIRLINES,GREECE
LIRF,LGAV,AIZ,1,0,3.1167,all_flights,LIRF → LGAV,0.0,ARKIA ISRAEL INLAND AIRLINES,ISRAEL
LIRF,LGAV,RYR,137,7,-1.5667,all_flights,LIRF → LGAV,5.1095,RYANAIR,IRELAND
LIRF,LGAV,SEH,90,4,-0.7083,all_flights,LIRF → LGAV,4.4444,SKY EXPRESS S.A.,GREECE
LIRF,LGAV,ZZZ,250,26,4.2833,all_flights,LIRF → LGAV,10.4,Unknown / not identified,
LIRF,LIBD,MSA,1,0,-5.6,all_flights,LIRF → LIBD,0.0,POSTE AIR CARGO S.R.L.,ITALY
LIRF,LIBD,RYR,362,18,-1.2917,all_flights,LIRF → LIBD,4.9724,RYANAIR,IRELAND
LIRF,LIBD,ZZZ,409,33,-0.5333,all_flights,LIRF → LIBD,8.0685,Unknown / not identified,
LIRF,LIBR,RYR,228,17,0.025,all_flights,LIRF → LIBR,7.4561,RYANAIR,IRELAND
LIRF,LIBR,ZZZ,314,18,0.975,all_flights,LIRF → LIBR,5.7325,Unknown / not identified,
LIRF,LICC,MSA,85,11,0.0833,all_flights,LIRF → LICC,12.9412,POSTE AIR CARGO S.R.L.,ITALY
LIRF,LICC,RYR,842,83,-1.5583,all_flights,LIRF → LICC,9.8575,RYANAIR,IRELAND
LIRF,LICC,WZZ,166,13,-2.3167,all_flights,LIRF → LICC,7.8313,WIZZ AIR HUNGARY LTD,HUNGARY
LIRF,LICC,ZZZ,785,68,0.7,all_flights,LIRF → LICC,8.6624,Unknown / not identified,
LIRF,LICJ,MSA,35,1,2.2167,all_flights,LIRF → LICJ,2.8571,POSTE AIR CARGO S.R.L.,ITALY
LIRF,LICJ,RYR,686,38,-1.8583,all_flights,LIRF → LICJ,5.5394,RYANAIR,IRELAND
LIRF,LICJ,ZZZ,722,81,2.8417,all_flights,LIRF → LICJ,11.2188,Unknown / not identified,
LIRF,LIEE,MSA,99,2,2.2833,all_flights,LIRF → LIEE,2.0202,POSTE AIR CARGO S.R.L.,ITALY
LIRF,LIEE,RYR,1,0,-0.8167,all_flights,LIRF → LIEE,0.0,RYANAIR,IRELAND
LIRF,LIEE,ZZZ,859,63,-0.3167,all_flights,LIRF → LIEE,7.3341,Unknown / not identified,
LIRF,LIML,ZZZ,1295,66,-0.4833,all_flights,LIRF → LIML,5.0965,Unknown / not identified,
LIRF,LLBG,AIZ,21,2,4.8167,all_flights,LIRF → LLBG,9.5238,ARKIA ISRAEL INLAND AIRLINES,ISRAEL
LIRF,LLBG,BBG,13,1,7.75,all_flights,LIRF → LLBG,7.6923,BLUE BIRD AIRWAYS,GREECE
LIRF,LLBG,ELY,162,28,5.7667,all_flights,LIRF → LLBG,17.284,EL AL - ISRAEL AIRLINES LTD.,ISRAEL
LIRF,LLBG,ISR,14,1,-1.2167,all_flights,LIRF → LLBG,7.1429,ISRAIR LTD,ISRAEL
LIRF,LLBG,NOS,1,0,2.8333,all_flights,LIRF → LLBG,0.0,NEOS S.P.A.,ITALY
LIRF,LLBG,RYR,97,14,6.25,all_flights,LIRF → LLBG,14.433,RYANAIR,IRELAND
LIRF,LLBG,WZZ,98,21,7.1167,all_flights,LIRF → LLBG,21.4286,WIZZ AIR HUNGARY LTD,HUNGARY
LIRF,LLBG,ZZZ,211,29,2.65,all_flights,LIRF → LLBG,13.7441,Unknown / not identified,
LIRN,LIMC,BCS,85,1,-10.15,all_flights,LIRN → LIMC,1.1765,"EUROPEAN AIR TRANSPORT, LEIPZIG",GERMANY
LIRN,LIMC,RYR,309,11,-7.4833,all_flights,LIRN → LIMC,3.5599,RYANAIR,IRELAND
LIRN,LIMC,SLJ,1,0,-9.4167,all_flights,LIRN → LIMC,0.0,SLAM LAVORI AEREI S.R.L.,ITALY
LIRN,LIMC,WZZ,79,4,-2.8667,all_flights,LIRN → LIMC,5.0633,WIZZ AIR HUNGARY LTD,HUNGARY
LIRN,LIMC,ZZZ,641,6,-12.0167,all_flights,LIRN → LIMC,0.936,Unknown / not identified,
LIRN,LIML,SLJ,1,1,27.5667,all_flights,LIRN → LIML,100.0,SLAM LAVORI AEREI S.R.L.,ITALY
LIRN,LIML,WZZ,199,18,1.55,all_flights,LIRN → LIML,9.0452,WIZZ AIR HUNGARY LTD,HUNGARY
LIRN,LIML,ZZZ,603,44,1.5667,all_flights,LIRN → LIML,7.2968,Unknown / not identified,
LIRQ,LFPG,AFR,611,176,9.6833,all_flights,LIRQ → LFPG,28.8052,AIR FRANCE,FRANCE
LIRQ,LFPG,VLG,1,0,-4.75,all_flights,LIRQ → LFPG,0.0,VUELING AIRLINES,SPAIN
LKPR,EHAM,KLM,385,62,6.8167,all_flights,LKPR → EHAM,16.1039,KLM ROYAL DUTCH AIRLINES,NETHERLANDS
LKPR,EHAM,ZZZ,191,68,10.1333,all_flights,LKPR → EHAM,35.6021,Unknown / not identified,
LKPR,LFPG,AFR,370,106,8.1083,all_flights,LKPR → LFPG,28.6486,AIR FRANCE,FRANCE
LKPR,LFPG,CSA,79,21,6.7833,all_flights,LKPR → LFPG,26.5823,CZECH AIRLINES J.S.C.,CZECHIA
LKPR,LFPG,TVF,5,3,18.5,all_flights,LKPR → LFPG,60.0,TRANSAVIA FRANCE,FRANCE
LKPR,LFPG,ZZZ,83,17,2.9,all_flights,LKPR → LFPG,20.4819,Unknown / not identified,
LLBG,LCLK,AIZ,36,4,5.45,all_flights,LLBG → LCLK,11.1111,ARKIA ISRAEL INLAND AIRLINES,ISRAEL
LLBG,LCLK,CHG,1,0,-31.2667,all_flights,LLBG → LCLK,0.0,CHALLENGE AIRLINES (BE) S.A.,BELGIUM
LLBG,LCLK,CYP,70,4,1.3833,all_flights,LLBG → LCLK,5.7143,CYPRUS AIRWAYS,CYPRUS
LLBG,LCLK,ELY,144,15,6.0333,all_flights,LLBG → LCLK,10.4167,EL AL - ISRAEL AIRLINES LTD.,ISRAEL
LLBG,LCLK,ICL,4,0,7.1,all_flights,LLBG → LCLK,0.0,CHALLENGE AIRLINES (IL),ISRAEL
LLBG,LCLK,WZZ,57,6,5.5833,all_flights,LLBG → LCLK,10.5263,WIZZ AIR HUNGARY LTD,HUNGARY
LLBG,LCLK,ZZZ,202,21,3.0083,all_flights,LLBG → LCLK,10.396,Unknown / not identified,
LLBG,LFPG,AFR,175,60,11.3167,all_flights,LLBG → LFPG,34.2857,AIR FRANCE,FRANCE
LLBG,LFPG,AIZ,25,8,11.5333,all_flights,LLBG → LFPG,32.0,ARKIA ISRAEL INLAND AIRLINES,ISRAEL
LLBG,LFPG,ELY,290,36,5.4,all_flights,LLBG → LFPG,12.4138,EL AL - ISRAEL AIRLINES LTD.,ISRAEL
LLBG,LFPG,FDX,26,6,3.575,all_flights,LLBG → LFPG,23.0769,FEDERAL EXPRESS CORPORATION,UNITED STATES
LLBG,LFPG,TVF,11,10,36.4333,all_flights,LLBG → LFPG,90.9091,TRANSAVIA FRANCE,FRANCE
LLBG,LFPG,ZZZ,124,40,6.3167,all_flights,LLBG → LFPG,32.2581,Unknown / not identified,
LLBG,LGAV,AEE,253,80,11.2833,all_flights,LLBG → LGAV,31.6206,AEGEAN AIRLINES,GREECE
LLBG,LGAV,AIZ,31,6,6.9833,all_flights,LLBG → LGAV,19.3548,ARKIA ISRAEL INLAND AIRLINES,ISRAEL
LLBG,LGAV,BBG,28,2,3.0417,all_flights,LLBG → LGAV,7.1429,BLUE BIRD AIRWAYS,GREECE
LLBG,LGAV,ELY,162,32,7.375,all_flights,LLBG → LGAV,19.7531,EL AL - ISRAEL AIRLINES LTD.,ISRAEL
LLBG,LGAV,ISR,36,10,10.3167,all_flights,LLBG → LGAV,27.7778,ISRAIR LTD,ISRAEL
LLBG,LGAV,NOS,1,0,9.95,all_flights,LLBG → LGAV,0.0,NEOS S.P.A.,ITALY
LLBG,LGAV,RYR,35,6,6.5667,all_flights,LLBG → LGAV,17.1429,RYANAIR,IRELAND
LLBG,LGAV,WZZ,9,0,-6.0333,all_flights,LLBG → LGAV,0.0,WIZZ AIR HUNGARY LTD,HUNGARY
LLBG,LGAV,ZZZ,14,0,1.9667,all_flights,LLBG → LGAV,0.0,Unknown / not identified,
LLBG,LHBP,BBG,17,1,-2.7,all_flights,LLBG → LHBP,5.8824,BLUE BIRD AIRWAYS,GREECE
LLBG,LHBP,BEL,1,0,-82.55,all_flights,LLBG → LHBP,0.0,BRUSSELS AIRLINES,BELGIUM
LLBG,LHBP,ELY,132,12,1.325,all_flights,LLBG → LHBP,9.0909,EL AL - ISRAEL AIRLINES LTD.,ISRAEL
LLBG,LHBP,ISR,20,6,5.5583,all_flights,LLBG → LHBP,30.0,ISRAIR LTD,ISRAEL
LLBG,LHBP,RYR,170,24,3.6833,all_flights,LLBG → LHBP,14.1176,RYANAIR,IRELAND
LLBG,LHBP,THY,3,0,4.45,all_flights,LLBG → LHBP,0.0,TURK HAVA YOLLARI (TURKISH AIRLINES CO.),TURKEY
LLBG,LHBP,WZZ,187,10,-2.3333,all_flights,LLBG → LHBP,5.3476,WIZZ AIR HUNGARY LTD,HUNGARY
LLBG,LIRF,AIZ,22,1,-1.4167,all_flights,LLBG → LIRF,4.5455,ARKIA ISRAEL INLAND AIRLINES,ISRAEL
LLBG,LIRF,BBG,13,1,-4.2333,all_flights,LLBG → LIRF,7.6923,BLUE BIRD AIRWAYS,GREECE
LLBG,LIRF,ELY,163,5,-1.7,all_flights,LLBG → LIRF,3.0675,EL AL - ISRAEL AIRLINES LTD.,ISRAEL
LLBG,LIRF,ISR,14,0,-2.6417,all_flights,LLBG → LIRF,0.0,ISRAIR LTD,ISRAEL
LLBG,LIRF,NOS,3,0,-13.1833,all_flights,LLBG → LIRF,0.0,NEOS S.P.A.,ITALY
LLBG,LIRF,RYR,98,16,0.65,all_flights,LLBG → LIRF,16.3265,RYANAIR,IRELAND
LLBG,LIRF,WZZ,98,3,-4.575,all_flights,LLBG → LIRF,3.0612,WIZZ AIR HUNGARY LTD,HUNGARY
LLBG,LIRF,ZZZ,209,13,-2.0667,all_flights,LLBG → LIRF,6.2201,Unknown / not identified,
LLBG,LLER,AIZ,228,40,3.8333,all_flights,LLBG → LLER,17.5439,ARKIA ISRAEL INLAND AIRLINES,ISRAEL
LLBG,LLER,ISR,669,116,2.85,all_flights,LLBG → LLER,17.3393,ISRAIR LTD,ISRAEL
LLBG,LOWW,AUA,242,54,7.1333,all_flights,LLBG → LOWW,22.314,AUSTRIAN AIRLINES (AUA) AG,AUSTRIA
LLBG,LOWW,DLH,1,0,-2.8,all_flights,LLBG → LOWW,0.0,"DEUTSCHE LUFTHANSA, AG, KOELN",GERMANY
LLBG,LOWW,ELY,69,9,5.5,all_flights,LLBG → LOWW,13.0435,EL AL - ISRAEL AIRLINES LTD.,ISRAEL
LLBG,LOWW,FDX,52,16,8.5583,all_flights,LLBG → LOWW,30.7692,FEDERAL EXPRESS CORPORATION,UNITED STATES
LLBG,LOWW,ISR,4,0,-2.7,all_flights,LLBG → LOWW,0.0,ISRAIR LTD,ISRAEL
LLBG,LOWW,RYR,151,41,8.15,all_flights,LLBG → LOWW,27.1523,RYANAIR,IRELAND
LLBG,LOWW,WZZ,81,8,-0.8333,all_flights,LLBG → LOWW,9.8765,WIZZ AIR HUNGARY LTD,HUNGARY
LLBG,LTFJ,PGT,528,56,-1.8583,all_flights,LLBG → LTFJ,10.6061,PEGASUS HAVA TASIMACILIGI A.S. (PEGASUS),TURKEY
LLBG,LTFJ,THY,254,24,-1.45,all_flights,LLBG → LTFJ,9.4488,TURK HAVA YOLLARI (TURKISH AIRLINES CO.),TURKEY
LLBG,LTFM,ELY,1,0,-10.35,all_flights,LLBG → LTFM,0.0,EL AL - ISRAEL AIRLINES LTD.,ISRAEL
LLBG,LTFM,ETH,1,0,-9.1,all_flights,LLBG → LTFM,0.0,ETHIOPIAN AIRLINES CORPORATION,ETHIOPIA
LLBG,LTFM,FDX,1,0,-2.9833,all_flights,LLBG → LTFM,0.0,FEDERAL EXPRESS CORPORATION,UNITED STATES
LLBG,LTFM,GEC,4,1,-8.85,all_flights,LLBG → LTFM,25.0,"LUFTHANSA CARGO AG, FRANKFURT (MAIN)",GERMANY
LLBG,LTFM,MNB,63,5,-2.55,all_flights,LLBG → LTFM,7.9365,MNG HAVAYOLLARI VE TASIMACILIK A.S.,TURKEY
LLBG,LTFM,PGT,1,1,34.55,all_flights,LLBG → LTFM,100.0,PEGASUS HAVA TASIMACILIGI A.S. (PEGASUS),TURKEY
LLBG,LTFM,THY,854,74,-1.5167,all_flights,LLBG → LTFM,8.6651,TURK HAVA YOLLARI (TURKISH AIRLINES CO.),TURKEY
LLBG,OMDB,AIZ,54,21,11.1667,all_flights,LLBG → OMDB,38.8889,ARKIA ISRAEL INLAND AIRLINES,ISRAEL
LLBG,OMDB,ELY,142,22,4.5083,all_flights,LLBG → OMDB,15.493,EL AL - ISRAEL AIRLINES LTD.,ISRAEL
LLBG,OMDB,UAE,101,47,14.4833,all_flights,LLBG → OMDB,46.5347,EMIRATES,UNITED ARAB EMIRATES
LLBG,OMDB,ZZZ,473,218,13.2667,all_flights,LLBG → OMDB,46.0888,Unknown / not identified,
LLER,LLBG,AIZ,229,18,-4.9667,all_flights,LLER → LLBG,7.8603,ARKIA ISRAEL INLAND AIRLINES,ISRAEL
LLER,LLBG,ICL,1,1,23.5333,all_flights,LLER → LLBG,100.0,CHALLENGE AIRLINES (IL),ISRAEL
LLER,LLBG,ISR,664,73,-1.425,all_flights,LLER → LLBG,10.994,ISRAIR LTD,ISRAEL
LOWW,EBBR,AUA,359,85,7.9333,all_flights,LOWW → EBBR,23.6769,AUSTRIAN AIRLINES (AUA) AG,AUSTRIA
LOWW,EBBR,BEL,263,44,3.3,all_flights,LOWW → EBBR,16.73,BRUSSELS AIRLINES,BELGIUM
LOWW,EBBR,ETH,73,38,15.3833,all_flights,LOWW → EBBR,52.0548,ETHIOPIAN AIRLINES CORPORATION,ETHIOPIA
LOWW,EBBR,RAM,1,0,0.3333,all_flights,LOWW → EBBR,0.0,ROYAL AIR MAROC - COMPAGNIE NATIONALE DE TRANSPORTS AERIENS,MOROCCO
LOWW,EBBR,SXS,1,0,9.8833,all_flights,LOWW → EBBR,0.0,GUNES EKSPRES HAVACILIK A.S. (SUNEXPRESS),TURKEY
LOWW,EDDB,AUA,676,96,5.5667,all_flights,LOWW → EDDB,14.2012,AUSTRIAN AIRLINES (AUA) AG,AUSTRIA
LOWW,EDDB,ZZZ,15,4,7.5667,all_flights,LOWW → EDDB,26.6667,Unknown / not identified,
LOWW,EDDF,AAR,64,3,-1.55,all_flights,LOWW → EDDF,4.6875,ASIANA AIRLINES,REPUBLIC OF KOREA
LOWW,EDDF,ANA,18,1,-3.5,all_flights,LOWW → EDDF,5.5556,"ALL NIPPON AIRWAYS CO., LTD.",JAPAN
LOWW,EDDF,AUA,564,34,-1.725,all_flights,LOWW → EDDF,6.0284,AUSTRIAN AIRLINES (AUA) AG,AUSTRIA
LOWW,EDDF,DLH,443,23,-5.2667,all_flights,LOWW → EDDF,5.1919,"DEUTSCHE LUFTHANSA, AG, KOELN",GERMANY
LOWW,EDDF,KAL,21,2,1.4667,all_flights,LOWW → EDDF,9.5238,"KOREAN AIR LINES CO., LTD.",REPUBLIC OF KOREA
LOWW,EDDF,ZZZ,1,0,-7.9,all_flights,LOWW → EDDF,0.0,Unknown / not identified,
LOWW,EDDH,AUA,417,46,-2.2,all_flights,LOWW → EDDH,11.0312,AUSTRIAN AIRLINES (AUA) AG,AUSTRIA
LOWW,EDDH,EWG,225,20,-8.3,all_flights,LOWW → EDDH,8.8889,EUROWINGS GMBH,GERMANY
LOWW,EDDK,AUA,154,12,0.55,all_flights,LOWW → EDDK,7.7922,AUSTRIAN AIRLINES (AUA) AG,AUSTRIA
LOWW,EDDK,EWG,188,20,0.65,all_flights,LOWW → EDDK,10.6383,EUROWINGS GMBH,GERMANY
LOWW,EDDK,RYR,121,29,6.4667,all_flights,LOWW → EDDK,23.9669,RYANAIR,IRELAND
LOWW,EDDK,UPS,88,45,16.0167,all_flights,LOWW → EDDK,51.1364,"UNITED PARCEL SERVICE COMPANY, (LOUISVILLE, KY)",UNITED STATES
LOWW,EDDL,AUA,386,61,4.1083,all_flights,LOWW → EDDL,15.8031,AUSTRIAN AIRLINES (AUA) AG,AUSTRIA
LOWW,EDDL,EWG,258,31,4.2417,all_flights,LOWW → EDDL,12.0155,EUROWINGS GMBH,GERMANY
LOWW,EDDM,AUA,409,31,0.9333,all_flights,LOWW → EDDM,7.5795,AUSTRIAN AIRLINES (AUA) AG,AUSTRIA
LOWW,EDDM,DLH,238,9,-1.2083,all_flights,LOWW → EDDM,3.7815,"DEUTSCHE LUFTHANSA, AG, KOELN",GERMANY
LOWW,EDDM,MSR,1,1,27.55,all_flights,LOWW → EDDM,100.0,EGYPT AIR,EGYPT
LOWW,EGLL,AIC,1,1,42.7,all_flights,LOWW → EGLL,100.0,AIR INDIA LIMITED,INDIA
LOWW,EGLL,AUA,430,228,15.9833,all_flights,LOWW → EGLL,53.0233,AUSTRIAN AIRLINES (AUA) AG,AUSTRIA
LOWW,EGLL,BAW,334,189,16.6083,all_flights,LOWW → EGLL,56.5868,BRITISH AIRWAYS,UNITED KINGDOM
LOWW,EHAM,AUA,411,112,9.3667,all_flights,LOWW → EHAM,27.2506,AUSTRIAN AIRLINES (AUA) AG,AUSTRIA
LOWW,EHAM,KLM,384,68,6.6083,all_flights,LOWW → EHAM,17.7083,KLM ROYAL DUTCH AIRLINES,NETHERLANDS
LOWW,EHAM,ZZZ,15,0,-0.8667,all_flights,LOWW → EHAM,0.0,Unknown / not identified,
LOWW,EPWA,AUA,371,25,-3.45,all_flights,LOWW → EPWA,6.7385,AUSTRIAN AIRLINES (AUA) AG,AUSTRIA
LOWW,EPWA,LOT,215,16,-2.9333,all_flights,LOWW → EPWA,7.4419,LOT - POLSKIE LINIE LOTNICZE,POLAND
LOWW,LEBL,AUA,193,27,7.5333,all_flights,LOWW → LEBL,13.9896,AUSTRIAN AIRLINES (AUA) AG,AUSTRIA
LOWW,LEBL,RYR,180,27,3.8667,all_flights,LOWW → LEBL,15.0,RYANAIR,IRELAND
LOWW,LEBL,VLG,89,15,4.6667,all_flights,LOWW → LEBL,16.8539,VUELING AIRLINES,SPAIN
LOWW,LEBL,WZZ,102,14,5.5167,all_flights,LOWW → LEBL,13.7255,WIZZ AIR HUNGARY LTD,HUNGARY
LOWW,LEPA,AUA,167,24,3.6833,all_flights,LOWW → LEPA,14.3713,AUSTRIAN AIRLINES (AUA) AG,AUSTRIA
LOWW,LEPA,CFG,33,7,5.9333,all_flights,LOWW → LEPA,21.2121,"CONDOR FLUGDIENST GMBH, FRANKFURT (MAIN)",GERMANY
LOWW,LEPA,RYR,351,80,4.2167,all_flights,LOWW → LEPA,22.792,RYANAIR,IRELAND
LOWW,LEPA,WZZ,5,0,3.95,all_flights,LOWW → LEPA,0.0,WIZZ AIR HUNGARY LTD,HUNGARY
LOWW,LFPG,AFR,340,87,7.1833,all_flights,LOWW → LFPG,25.5882,AIR FRANCE,FRANCE
LOWW,LFPG,AUA,465,123,8.8333,all_flights,LOWW → LFPG,26.4516,AUSTRIAN AIRLINES (AUA) AG,AUSTRIA
LOWW,LFPG,FDX,82,29,9.6917,all_flights,LOWW → LFPG,35.3659,FEDERAL EXPRESS CORPORATION,UNITED STATES
LOWW,LFPG,TVF,5,3,15.2333,all_flights,LOWW → LFPG,60.0,TRANSAVIA FRANCE,FRANCE
LOWW,LFPG,ZZZ,2,1,6.1917,all_flights,LOWW → LFPG,50.0,Unknown / not identified,
LOWW,LIMC,AAR,33,1,-5.1667,all_flights,LOWW → LIMC,3.0303,ASIANA AIRLINES,REPUBLIC OF KOREA
LOWW,LIMC,AUA,380,12,-6.3,all_flights,LOWW → LIMC,3.1579,AUSTRIAN AIRLINES (AUA) AG,AUSTRIA
LOWW,LIMC,AZG,7,1,-21.7833,all_flights,LOWW → LIMC,14.2857,SILK WAY WEST AIRLINES,AZERBAIJAN
LOWW,LIMC,ETD,7,0,-0.3,all_flights,LOWW → LIMC,0.0,ETIHAD AIRWAYS,UNITED ARAB EMIRATES
LOWW,LIMC,KAL,51,2,-6.9,all_flights,LOWW → LIMC,3.9216,"KOREAN AIR LINES CO., LTD.",REPUBLIC OF KOREA
LOWW,LIMC,RYR,160,1,-9.7167,all_flights,LOWW → LIMC,0.625,RYANAIR,IRELAND
LOWW,LIMC,WZZ,19,0,-11.9167,all_flights,LOWW → LIMC,0.0,WIZZ AIR HUNGARY LTD,HUNGARY
LOWW,LLBG,AUA,243,115,13.9,all_flights,LOWW → LLBG,47.3251,AUSTRIAN AIRLINES (AUA) AG,AUSTRIA
LOWW,LLBG,ELY,69,17,6.5167,all_flights,LOWW → LLBG,24.6377,EL AL - ISRAEL AIRLINES LTD.,ISRAEL
LOWW,LLBG,FDX,43,13,10.8667,all_flights,LOWW → LLBG,30.2326,FEDERAL EXPRESS CORPORATION,UNITED STATES
LOWW,LLBG,ISR,4,1,8.675,all_flights,LOWW → LLBG,25.0,ISRAIR LTD,ISRAEL
LOWW,LLBG,RYR,151,42,9.1,all_flights,LOWW → LLBG,27.8146,RYANAIR,IRELAND
LOWW,LLBG,WZZ,81,34,13.1833,all_flights,LOWW → LLBG,41.9753,WIZZ AIR HUNGARY LTD,HUNGARY
LOWW,LLBG,ZZZ,12,2,3.9583,all_flights,LOWW → LLBG,16.6667,Unknown / not identified,
LOWW,LROP,AUA,363,23,0.4833,all_flights,LOWW → LROP,6.3361,AUSTRIAN AIRLINES (AUA) AG,AUSTRIA
LOWW,LROP,ROT,28,2,-0.325,all_flights,LOWW → LROP,7.1429,COMPANIA NATIONALA DE TRANSPORTURI AERIENE ROMANE TAROM S.A.,ROMANIA
LOWW,LROP,RYR,103,9,0.0333,all_flights,LOWW → LROP,8.7379,RYANAIR,IRELAND
LOWW,LROP,WZZ,50,5,2.2083,all_flights,LOWW → LROP,10.0,WIZZ AIR HUNGARY LTD,HUNGARY
LOWW,LSZH,AUA,640,111,7.2417,all_flights,LOWW → LSZH,17.3438,AUSTRIAN AIRLINES (AUA) AG,AUSTRIA
LOWW,LSZH,KAL,16,1,0.8833,all_flights,LOWW → LSZH,6.25,"KOREAN AIR LINES CO., LTD.",REPUBLIC OF KOREA
LOWW,LSZH,SWR,179,31,4.1167,all_flights,LOWW → LSZH,17.3184,SWISS INTERNATIONAL AIR LINES LTD,SWITZERLAND
LOWW,LYBE,ASL,217,12,-0.6167,all_flights,LOWW → LYBE,5.53,AIR SERBIA,SERBIA
LOWW,LYBE,AUA,296,22,2.0667,all_flights,LOWW → LYBE,7.4324,AUSTRIAN AIRLINES (AUA) AG,AUSTRIA
LOWW,LYBE,WZZ,3,3,49.0167,all_flights,LOWW → LYBE,100.0,WIZZ AIR HUNGARY LTD,HUNGARY
LPFR,EGKK,BAW,126,39,5.5083,all_flights,LPFR → EGKK,30.9524,BRITISH AIRWAYS,UNITED KINGDOM
LPFR,EGKK,EZY,350,96,6.575,all_flights,LPFR → EGKK,27.4286,EASYJET UK LTD,UNITED KINGDOM
LPFR,EGKK,WZZ,1,0,9.3667,all_flights,LPFR → EGKK,0.0,WIZZ AIR HUNGARY LTD,HUNGARY
LPFR,EGKK,ZZZ,182,73,10.7417,all_flights,LPFR → EGKK,40.1099,Unknown / not identified,
LPFR,EIDW,EIN,205,19,-0.2333,all_flights,LPFR → EIDW,9.2683,AER LINGUS TEORANTA,IRELAND
LPFR,EIDW,RYR,321,43,1.4667,all_flights,LPFR → EIDW,13.3956,RYANAIR,IRELAND
LPLA,LPPD,RYR,2,2,32.3917,all_flights,LPLA → LPPD,100.0,RYANAIR,IRELAND
LPLA,LPPD,RZO,3,1,10.7,all_flights,LPLA → LPPD,33.3333,SATA INTERNACIONAL - AZORES AIRLINES S.A,PORTUGAL
LPLA,LPPD,SAT,702,93,2.3,all_flights,LPLA → LPPD,13.2479,SERVICO ACOREANO DE TRANSPORTES AEREOS - EP (SATA),PORTUGAL
LPLA,LPPD,SWT,1,1,75.1333,all_flights,LPLA → LPPD,100.0,SWIFTAIR S.A.,SPAIN
LPLA,LPPD,TAP,1,0,-0.2167,all_flights,LPLA → LPPD,0.0,"TRANSPORTES AEREOS PORTUGUESES, E.P.",PORTUGAL
LPLA,LPPD,ZZZ,9,4,8.7667,all_flights,LPLA → LPPD,44.4444,Unknown / not identified,
LPMA,LPPR,RYR,93,9,-1.1667,all_flights,LPMA → LPPR,9.6774,RYANAIR,IRELAND
LPMA,LPPR,RZO,1,0,4.3833,all_flights,LPMA → LPPR,0.0,SATA INTERNACIONAL - AZORES AIRLINES S.A,PORTUGAL
LPMA,LPPR,TAP,203,12,-1.8,all_flights,LPMA → LPPR,5.9113,"TRANSPORTES AEREOS PORTUGUESES, E.P.",PORTUGAL
LPMA,LPPR,TVF,129,21,6.9833,all_flights,LPMA → LPPR,16.2791,TRANSAVIA FRANCE,FRANCE
LPMA,LPPR,ZZZ,226,29,4.4167,all_flights,LPMA → LPPR,12.8319,Unknown / not identified,
LPMA,LPPT,RYR,187,41,6.2167,all_flights,LPMA → LPPT,21.9251,RYANAIR,IRELAND
LPMA,LPPT,RZO,1,0,5.05,all_flights,LPMA → LPPT,0.0,SATA INTERNACIONAL - AZORES AIRLINES S.A,PORTUGAL
LPMA,LPPT,TAP,781,142,4.5,all_flights,LPMA → LPPT,18.1818,"TRANSPORTES AEREOS PORTUGUESES, E.P.",PORTUGAL
LPMA,LPPT,ZZZ,353,67,4.85,all_flights,LPMA → LPPT,18.9802,Unknown / not identified,
LPPD,LPLA,RYR,3,3,29.3333,all_flights,LPPD → LPLA,100.0,RYANAIR,IRELAND
LPPD,LPLA,RZO,5,1,0.0333,all_flights,LPPD → LPLA,20.0,SATA INTERNACIONAL - AZORES AIRLINES S.A,PORTUGAL
LPPD,LPLA,SAT,707,77,3.0167,all_flights,LPPD → LPLA,10.8911,SERVICO ACOREANO DE TRANSPORTES AEREOS - EP (SATA),PORTUGAL
LPPD,LPPT,RYR,235,53,4.4667,all_flights,LPPD → LPPT,22.5532,RYANAIR,IRELAND
LPPD,LPPT,RZO,338,66,3.85,all_flights,LPPD → LPPT,19.5266,SATA INTERNACIONAL - AZORES AIRLINES S.A,PORTUGAL
LPPD,LPPT,SWT,1,0,-7.2667,all_flights,LPPD → LPPT,0.0,SWIFTAIR S.A.,SPAIN
LPPD,LPPT,TAP,321,80,7.3,all_flights,LPPD → LPPT,24.9221,"TRANSPORTES AEREOS PORTUGUESES, E.P.",PORTUGAL
LPPR,ELLX,LGL,183,49,5.0,all_flights,LPPR → ELLX,26.776,LUXAIR - SOCIETE LUXEMBOURGEOISE DE NAVIGATION AERIENNE S.A.,LUXEMBOURG
LPPR,ELLX,RYR,146,19,-0.6917,all_flights,LPPR → ELLX,13.0137,RYANAIR,IRELAND
LPPR,ELLX,TAP,47,10,3.9833,all_flights,LPPR → ELLX,21.2766,"TRANSPORTES AEREOS PORTUGUESES, E.P.",PORTUGAL
LPPR,ELLX,ZZZ,157,23,-1.35,all_flights,LPPR → ELLX,14.6497,Unknown / not identified,
LPPR,LEBL,RYR,288,13,-6.025,all_flights,LPPR → LEBL,4.5139,RYANAIR,IRELAND
LPPR,LEBL,VLG,288,10,-2.95,all_flights,LPPR → LEBL,3.4722,VUELING AIRLINES,SPAIN
LPPR,LEMD,AEA,416,14,-3.9417,all_flights,LPPR → LEMD,3.3654,AIR EUROPA,SPAIN
LPPR,LEMD,ANE,149,20,-3.9,all_flights,LPPR → LEMD,13.4228,"AIR NOSTRUM LINEAS AEREAS DEL MEDITERRANEO, S.A.",SPAIN
LPPR,LEMD,IBE,305,27,-1.1667,all_flights,LPPR → LEMD,8.8525,"IBERIA - LINEAS AEREAS DE ESPANA, SOCIEDAD ANONIMA OPERADORA",SPAIN
LPPR,LEMD,PVG,1,0,4.4167,all_flights,LPPR → LEMD,0.0,"PRIVILEGE STYLE, S.A.",SPAIN
LPPR,LEMD,RYR,226,8,-7.3333,all_flights,LPPR → LEMD,3.5398,RYANAIR,IRELAND
LPPR,LEMD,ZZZ,44,1,-8.0083,all_flights,LPPR → LEMD,2.2727,Unknown / not identified,
LPPR,LFPO,TAP,323,23,-7.8667,all_flights,LPPR → LFPO,7.1207,"TRANSPORTES AEREOS PORTUGUESES, E.P.",PORTUGAL
LPPR,LFPO,TVF,629,73,0.45,all_flights,LPPR → LFPO,11.6057,TRANSAVIA FRANCE,FRANCE
LPPR,LFPO,VLG,93,5,1.8833,all_flights,LPPR → LFPO,5.3763,VUELING AIRLINES,SPAIN
LPPR,LPMA,RYR,93,6,-2.7167,all_flights,LPPR → LPMA,6.4516,RYANAIR,IRELAND
LPPR,LPMA,RZO,2,2,24.6917,all_flights,LPPR → LPMA,100.0,SATA INTERNACIONAL - AZORES AIRLINES S.A,PORTUGAL
LPPR,LPMA,TAP,203,13,-1.0167,all_flights,LPPR → LPMA,6.4039,"TRANSPORTES AEREOS PORTUGUESES, E.P.",PORTUGAL
LPPR,LPMA,TVF,129,9,0.7167,all_flights,LPPR → LPMA,6.9767,TRANSAVIA FRANCE,FRANCE
LPPR,LPMA,ZZZ,226,18,0.3,all_flights,LPPR → LPMA,7.9646,Unknown / not identified,
LPPR,LPPT,EZE,2,2,26.4833,all_flights,LPPR → LPPT,100.0,EASTERN AIRWAYS (UK) LIMITED,UNITED KINGDOM
LPPR,LPPT,KLM,1,1,39.5833,all_flights,LPPR → LPPT,100.0,KLM ROYAL DUTCH AIRLINES,NETHERLANDS
LPPR,LPPT,LGL,1,0,7.55,all_flights,LPPR → LPPT,0.0,LUXAIR - SOCIETE LUXEMBOURGEOISE DE NAVIGATION AERIENNE S.A.,LUXEMBOURG
LPPR,LPPT,RZO,3,0,-8.9667,all_flights,LPPR → LPPT,0.0,SATA INTERNACIONAL - AZORES AIRLINES S.A,PORTUGAL
LPPR,LPPT,SRR,82,19,7.4667,all_flights,LPPR → LPPT,23.1707,MAERSK AIR CARGO A/S,DENMARK
LPPR,LPPT,TAP,1043,150,-0.3167,all_flights,LPPR → LPPT,14.3816,"TRANSPORTES AEREOS PORTUGUESES, E.P.",PORTUGAL
LPPR,LPPT,ZZZ,6,1,-1.9583,all_flights,LPPR → LPPT,16.6667,Unknown / not identified,
LPPR,LSGG,EZS,190,12,-1.3667,all_flights,LPPR → LSGG,6.3158,EASY JET SWITZERLAND SA,SWITZERLAND
LPPR,LSGG,SWR,121,2,-10.3833,all_flights,LPPR → LSGG,1.6529,SWISS INTERNATIONAL AIR LINES LTD,SWITZERLAND
LPPR,LSGG,TAP,50,3,-0.3917,all_flights,LPPR → LSGG,6.0,"TRANSPORTES AEREOS PORTUGUESES, E.P.",PORTUGAL
LPPR,LSGG,ZZZ,353,13,-4.9333,all_flights,LPPR → LSGG,3.6827,Unknown / not identified,
LPPT,EBBR,BCS,3,0,2.4,all_flights,LPPT → EBBR,0.0,"EUROPEAN AIR TRANSPORT, LEIPZIG",GERMANY
LPPT,EBBR,BEL,171,61,10.8167,all_flights,LPPT → EBBR,35.6725,BRUSSELS AIRLINES,BELGIUM
LPPT,EBBR,RYR,107,40,11.6,all_flights,LPPT → EBBR,37.3832,RYANAIR,IRELAND
LPPT,EBBR,TAP,387,181,13.9833,all_flights,LPPT → EBBR,46.77,"TRANSPORTES AEREOS PORTUGUESES, E.P.",PORTUGAL
LPPT,EDDF,DLH,382,39,-4.0333,all_flights,LPPT → EDDF,10.2094,"DEUTSCHE LUFTHANSA, AG, KOELN",GERMANY
LPPT,EDDF,TAP,349,35,-2.8,all_flights,LPPT → EDDF,10.0287,"TRANSPORTES AEREOS PORTUGUESES, E.P.",PORTUGAL
LPPT,EDDM,DLH,227,33,2.05,all_flights,LPPT → EDDM,14.5374,"DEUTSCHE LUFTHANSA, AG, KOELN",GERMANY
LPPT,EDDM,TAP,329,77,6.1667,all_flights,LPPT → EDDM,23.4043,"TRANSPORTES AEREOS PORTUGUESES, E.P.",PORTUGAL
LPPT,EGLL,BAW,486,194,12.2,all_flights,LPPT → EGLL,39.9177,BRITISH AIRWAYS,UNITED KINGDOM
LPPT,EGLL,TAP,704,345,14.5417,all_flights,LPPT → EGLL,49.0057,"TRANSPORTES AEREOS PORTUGUESES, E.P.",PORTUGAL
LPPT,EHAM,KLM,364,127,10.65,all_flights,LPPT → EHAM,34.8901,KLM ROYAL DUTCH AIRLINES,NETHERLANDS
LPPT,EHAM,TAP,388,159,12.2167,all_flights,LPPT → EHAM,40.9794,"TRANSPORTES AEREOS PORTUGUESES, E.P.",PORTUGAL
LPPT,EHAM,TRA,134,64,14.0,all_flights,LPPT → EHAM,47.7612,TRANSAVIA HOLLAND B.V.,NETHERLANDS
LPPT,EHAM,VLG,101,51,15.15,all_flights,LPPT → EHAM,50.495,VUELING AIRLINES,SPAIN
LPPT,EHAM,ZZZ,67,33,14.85,all_flights,LPPT → EHAM,49.2537,Unknown / not identified,
LPPT,EIDW,EIN,136,26,3.9833,all_flights,LPPT → EIDW,19.1176,AER LINGUS TEORANTA,IRELAND
LPPT,EIDW,RYR,260,76,9.0583,all_flights,LPPT → EIDW,29.2308,RYANAIR,IRELAND
LPPT,EIDW,TAP,244,68,6.6583,all_flights,LPPT → EIDW,27.8689,"TRANSPORTES AEREOS PORTUGUESES, E.P.",PORTUGAL
LPPT,LEBL,EZS,1,0,-56.95,all_flights,LPPT → LEBL,0.0,EASY JET SWITZERLAND SA,SWITZERLAND
LPPT,LEBL,RYR,68,15,5.2083,all_flights,LPPT → LEBL,22.0588,RYANAIR,IRELAND
LPPT,LEBL,TAP,625,221,9.25,all_flights,LPPT → LEBL,35.36,"TRANSPORTES AEREOS PORTUGUESES, E.P.",PORTUGAL
LPPT,LEBL,VLG,405,117,7.9667,all_flights,LPPT → LEBL,28.8889,VUELING AIRLINES,SPAIN
LPPT,LEBL,ZZZ,32,10,7.05,all_flights,LPPT → LEBL,31.25,Unknown / not identified,
LPPT,LEMD,AEA,433,153,10.0667,all_flights,LPPT → LEMD,35.3349,AIR EUROPA,SPAIN
LPPT,LEMD,ANE,64,15,9.8333,all_flights,LPPT → LEMD,23.4375,"AIR NOSTRUM LINEAS AEREAS DEL MEDITERRANEO, S.A.",SPAIN
LPPT,LEMD,IBE,556,130,5.25,all_flights,LPPT → LEMD,23.3813,"IBERIA - LINEAS AEREAS DE ESPANA, SOCIEDAD ANONIMA OPERADORA",SPAIN
LPPT,LEMD,RYR,32,9,5.5,all_flights,LPPT → LEMD,28.125,RYANAIR,IRELAND
LPPT,LEMD,TAP,715,244,9.45,all_flights,LPPT → LEMD,34.1259,"TRANSPORTES AEREOS PORTUGUESES, E.P.",PORTUGAL
LPPT,LEMD,ZZZ,271,52,0.8,all_flights,LPPT → LEMD,19.1882,Unknown / not identified,
LPPT,LFPG,AFR,480,93,5.25,all_flights,LPPT → LFPG,19.375,AIR FRANCE,FRANCE
LPPT,LFPG,TVF,3,2,20.3667,all_flights,LPPT → LFPG,66.6667,TRANSAVIA FRANCE,FRANCE
LPPT,LFPG,VLG,1,1,27.5833,all_flights,LPPT → LFPG,100.0,VUELING AIRLINES,SPAIN
LPPT,LFPG,ZZZ,265,65,7.0833,all_flights,LPPT → LFPG,24.5283,Unknown / not identified,
LPPT,LFPO,TAP,817,202,5.6667,all_flights,LPPT → LFPO,24.7246,"TRANSPORTES AEREOS PORTUGUESES, E.P.",PORTUGAL
LPPT,LFPO,TVF,422,156,11.7167,all_flights,LPPT → LFPO,36.9668,TRANSAVIA FRANCE,FRANCE
LPPT,LFPO,VLG,172,64,12.9333,all_flights,LPPT → LFPO,37.2093,VUELING AIRLINES,SPAIN
LPPT,LIMC,TAP,374,53,-2.175,all_flights,LPPT → LIMC,14.1711,"TRANSPORTES AEREOS PORTUGUESES, E.P.",PORTUGAL
LPPT,LIMC,ZZZ,245,20,-8.55,all_flights,LPPT → LIMC,8.1633,Unknown / not identified,
LPPT,LPMA,RYR,187,73,10.75,all_flights,LPPT → LPMA,39.0374,RYANAIR,IRELAND
LPPT,LPMA,RZO,4,1,6.2083,all_flights,LPPT → LPMA,25.0,SATA INTERNACIONAL - AZORES AIRLINES S.A,PORTUGAL
LPPT,LPMA,TAP,781,383,14.7667,all_flights,LPPT → LPMA,49.0397,"TRANSPORTES AEREOS PORTUGUESES, E.P.",PORTUGAL
LPPT,LPMA,ZZZ,352,148,12.4083,all_flights,LPPT → LPMA,42.0455,Unknown / not identified,
LPPT,LPPD,RYR,234,61,8.5,all_flights,LPPT → LPPD,26.0684,RYANAIR,IRELAND
LPPT,LPPD,RZO,355,98,5.2667,all_flights,LPPT → LPPD,27.6056,SATA INTERNACIONAL - AZORES AIRLINES S.A,PORTUGAL
LPPT,LPPD,TAP,326,134,12.1083,all_flights,LPPT → LPPD,41.1043,"TRANSPORTES AEREOS PORTUGUESES, E.P.",PORTUGAL
LPPT,LPPR,BCS,18,12,20.4417,all_flights,LPPT → LPPR,66.6667,"EUROPEAN AIR TRANSPORT, LEIPZIG",GERMANY
LPPT,LPPR,EZE,2,1,12.8167,all_flights,LPPT → LPPR,50.0,EASTERN AIRWAYS (UK) LIMITED,UNITED KINGDOM
LPPT,LPPR,RZO,3,1,1.1167,all_flights,LPPT → LPPR,33.3333,SATA INTERNACIONAL - AZORES AIRLINES S.A,PORTUGAL
LPPT,LPPR,SRR,83,16,4.95,all_flights,LPPT → LPPR,19.2771,MAERSK AIR CARGO A/S,DENMARK
LPPT,LPPR,TAP,1043,235,4.35,all_flights,LPPT → LPPR,22.5312,"TRANSPORTES AEREOS PORTUGUESES, E.P.",PORTUGAL
LPPT,LPPR,ZZZ,2,1,21.6167,all_flights,LPPT → LPPR,50.0,Unknown / not identified,
LPPT,LSGG,EZS,176,54,8.6167,all_flights,LPPT → LSGG,30.6818,EASY JET SWITZERLAND SA,SWITZERLAND
LPPT,LSGG,SWR,100,8,-2.4083,all_flights,LPPT → LSGG,8.0,SWISS INTERNATIONAL AIR LINES LTD,SWITZERLAND
LPPT,LSGG,TAP,324,121,10.3667,all_flights,LPPT → LSGG,37.3457,"TRANSPORTES AEREOS PORTUGUESES, E.P.",PORTUGAL
LPPT,LSGG,ZZZ,138,35,4.4583,all_flights,LPPT → LSGG,25.3623,Unknown / not identified,
LPPT,LSZH,SWR,164,26,1.825,all_flights,LPPT → LSZH,15.8537,SWISS INTERNATIONAL AIR LINES LTD,SWITZERLAND
LPPT,LSZH,TAP,319,96,8.0,all_flights,LPPT → LSZH,30.094,"TRANSPORTES AEREOS PORTUGUESES, E.P.",PORTUGAL
LPPT,LSZH,ZZZ,29,7,7.5667,all_flights,LPPT → LSZH,24.1379,Unknown / not identified,
LRCL,LROP,BLA,43,0,-10.85,all_flights,LRCL → LROP,0.0,BLUE AIR AVIATION S.A.,ROMANIA
LRCL,LROP,ROT,393,1,-14.15,all_flights,LRCL → LROP,0.2545,COMPANIA NATIONALA DE TRANSPORTURI AERIENE ROMANE TAROM S.A.,ROMANIA
LRCL,LROP,ZZZ,194,1,-9.4917,all_flights,LRCL → LROP,0.5155,Unknown / not identified,
LROP,EHAM,BLA,28,18,20.8833,all_flights,LROP → EHAM,64.2857,BLUE AIR AVIATION S.A.,ROMANIA
LROP,EHAM,KLM,277,68,7.9333,all_flights,LROP → EHAM,24.5487,KLM ROYAL DUTCH AIRLINES,NETHERLANDS
LROP,EHAM,ROT,242,68,9.4583,all_flights,LROP → EHAM,28.0992,COMPANIA NATIONALA DE TRANSPORTURI AERIENE ROMANE TAROM S.A.,ROMANIA
LROP,LFPG,AFR,279,70,7.1167,all_flights,LROP → LFPG,25.0896,AIR FRANCE,FRANCE
LROP,LFPG,BLA,33,18,15.1833,all_flights,LROP → LFPG,54.5455,BLUE AIR AVIATION S.A.,ROMANIA
LROP,LFPG,ROT,193,35,6.6833,all_flights,LROP → LFPG,18.1347,COMPANIA NATIONALA DE TRANSPORTURI AERIENE ROMANE TAROM S.A.,ROMANIA
LROP,LFPG,SWN,24,6,6.3417,all_flights,LROP → LFPG,25.0,WEST ATLANTIC SWEDEN AB,SWEDEN
LROP,LFPG,ZZZ,41,12,4.45,all_flights,LROP → LFPG,29.2683,Unknown / not identified,
LROP,LOWW,AUA,364,59,6.3583,all_flights,LROP → LOWW,16.2088,AUSTRIAN AIRLINES (AUA) AG,AUSTRIA
LROP,LOWW,ROT,28,14,15.1,all_flights,LROP → LOWW,50.0,COMPANIA NATIONALA DE TRANSPORTURI AERIENE ROMANE TAROM S.A.,ROMANIA
LROP,LOWW,RYR,102,19,6.8833,all_flights,LROP → LOWW,18.6275,RYANAIR,IRELAND
LROP,LOWW,WZZ,52,9,6.7833,all_flights,LROP → LOWW,17.3077,WIZZ AIR HUNGARY LTD,HUNGARY
LROP,LRCL,BLA,45,1,-3.4167,all_flights,LROP → LRCL,2.2222,BLUE AIR AVIATION S.A.,ROMANIA
LROP,LRCL,ROT,394,5,-10.4833,all_flights,LROP → LRCL,1.269,COMPANIA NATIONALA DE TRANSPORTURI AERIENE ROMANE TAROM S.A.,ROMANIA
LROP,LRCL,ZZZ,189,5,-8.9833,all_flights,LROP → LRCL,2.6455,Unknown / not identified,
LROP,LRTR,KON,2,0,-9.5417,all_flights,LROP → LRTR,0.0,AIR CONNECT AVIATION GROUP,ROMANIA
LROP,LRTR,ROT,342,13,1.8333,all_flights,LROP → LRTR,3.8012,COMPANIA NATIONALA DE TRANSPORTURI AERIENE ROMANE TAROM S.A.,ROMANIA
LROP,LRTR,RYR,65,2,-1.3667,all_flights,LROP → LRTR,3.0769,RYANAIR,IRELAND
LROP,LRTR,ZZZ,112,1,-4.05,all_flights,LROP → LRTR,0.8929,Unknown / not identified,
LRTR,LROP,KON,3,0,-4.6667,all_flights,LRTR → LROP,0.0,AIR CONNECT AVIATION GROUP,ROMANIA
LRTR,LROP,ROT,340,0,-14.5583,all_flights,LRTR → LROP,0.0,COMPANIA NATIONALA DE TRANSPORTURI AERIENE ROMANE TAROM S.A.,ROMANIA
LRTR,LROP,RYR,65,0,-14.4667,all_flights,LRTR → LROP,0.0,RYANAIR,IRELAND
LRTR,LROP,ZZZ,104,0,-9.1417,all_flights,LRTR → LROP,0.0,Unknown / not identified,
LSGG,EBBR,BEL,343,34,-1.4333,all_flights,LSGG → EBBR,9.9125,BRUSSELS AIRLINES,BELGIUM
LSGG,EBBR,EZS,275,30,-2.3,all_flights,LSGG → EBBR,10.9091,EASY JET SWITZERLAND SA,SWITZERLAND
LSGG,EBBR,SWR,59,1,-3.2333,all_flights,LSGG → EBBR,1.6949,SWISS INTERNATIONAL AIR LINES LTD,SWITZERLAND
LSGG,EBBR,ZZZ,8,3,10.0583,all_flights,LSGG → EBBR,37.5,Unknown / not identified,
LSGG,EDDF,DLH,271,6,-13.2833,all_flights,LSGG → EDDF,2.214,"DEUTSCHE LUFTHANSA, AG, KOELN",GERMANY
LSGG,EDDF,SWR,360,6,-16.8833,all_flights,LSGG → EDDF,1.6667,SWISS INTERNATIONAL AIR LINES LTD,SWITZERLAND
LSGG,EGKK,BAW,92,28,8.525,all_flights,LSGG → EGKK,30.4348,BRITISH AIRWAYS,UNITED KINGDOM
LSGG,EGKK,EZS,386,122,9.225,all_flights,LSGG → EGKK,31.6062,EASY JET SWITZERLAND SA,SWITZERLAND
LSGG,EGKK,EZY,333,140,12.25,all_flights,LSGG → EGKK,42.042,EASYJET UK LTD,UNITED KINGDOM
LSGG,EGKK,SWR,36,8,5.175,all_flights,LSGG → EGKK,22.2222,SWISS INTERNATIONAL AIR LINES LTD,SWITZERLAND
LSGG,EGKK,ZZZ,6,4,26.3167,all_flights,LSGG → EGKK,66.6667,Unknown / not identified,
LSGG,EGLL,BAW,900,296,9.9667,all_flights,LSGG → EGLL,32.8889,BRITISH AIRWAYS,UNITED KINGDOM
LSGG,EGLL,ETH,1,1,55.05,all_flights,LSGG → EGLL,100.0,ETHIOPIAN AIRLINES CORPORATION,ETHIOPIA
LSGG,EGLL,SWR,504,100,4.85,all_flights,LSGG → EGLL,19.8413,SWISS INTERNATIONAL AIR LINES LTD,SWITZERLAND
LSGG,EHAM,EZS,162,35,4.2833,all_flights,LSGG → EHAM,21.6049,EASY JET SWITZERLAND SA,SWITZERLAND
LSGG,EHAM,KLM,596,144,7.9833,all_flights,LSGG → EHAM,24.1611,KLM ROYAL DUTCH AIRLINES,NETHERLANDS
LSGG,EHAM,ZZZ,132,21,3.15,all_flights,LSGG → EHAM,15.9091,Unknown / not identified,
LSGG,LEBL,EZS,128,24,3.4167,all_flights,LSGG → LEBL,18.75,EASY JET SWITZERLAND SA,SWITZERLAND
LSGG,LEBL,VLG,174,63,11.0583,all_flights,LSGG → LEBL,36.2069,VUELING AIRLINES,SPAIN
LSGG,LEBL,ZZZ,266,47,3.225,all_flights,LSGG → LEBL,17.6692,Unknown / not identified,
LSGG,LEMD,ANE,100,7,-2.2167,all_flights,LSGG → LEMD,7.0,"AIR NOSTRUM LINEAS AEREAS DEL MEDITERRANEO, S.A.",SPAIN
LSGG,LEMD,EZS,172,36,3.6417,all_flights,LSGG → LEMD,20.9302,EASY JET SWITZERLAND SA,SWITZERLAND
LSGG,LEMD,IBE,418,38,-0.5333,all_flights,LSGG → LEMD,9.0909,"IBERIA - LINEAS AEREAS DE ESPANA, SOCIEDAD ANONIMA OPERADORA",SPAIN
LSGG,LFMN,EZS,346,18,-5.9917,all_flights,LSGG → LFMN,5.2023,EASY JET SWITZERLAND SA,SWITZERLAND
LSGG,LFMN,SWR,78,2,-9.7167,all_flights,LSGG → LFMN,2.5641,SWISS INTERNATIONAL AIR LINES LTD,SWITZERLAND
LSGG,LFMN,ZZZ,103,6,-7.1667,all_flights,LSGG → LFMN,5.8252,Unknown / not identified,
LSGG,LFPG,AFR,894,111,2.1333,all_flights,LSGG → LFPG,12.4161,AIR FRANCE,FRANCE
LSGG,LFPG,BCS,1,1,15.8167,all_flights,LSGG → LFPG,100.0,"EUROPEAN AIR TRANSPORT, LEIPZIG",GERMANY
LSGG,LFPG,SWT,19,3,-3.6,all_flights,LSGG → LFPG,15.7895,SWIFTAIR S.A.,SPAIN
LSGG,LFPG,TAR,1,0,14.2833,all_flights,LSGG → LFPG,0.0,TUNIS AIR - SOCIETE TUNISIENNE DE L'AIR,TUNISIA
LSGG,LFPG,ZZZ,43,6,7.1,all_flights,LSGG → LFPG,13.9535,Unknown / not identified,
LSGG,LPPR,EZS,191,52,5.6333,all_flights,LSGG → LPPR,27.2251,EASY JET SWITZERLAND SA,SWITZERLAND
LSGG,LPPR,SWR,122,24,5.0167,all_flights,LSGG → LPPR,19.6721,SWISS INTERNATIONAL AIR LINES LTD,SWITZERLAND
LSGG,LPPR,TAP,50,15,9.0083,all_flights,LSGG → LPPR,30.0,"TRANSPORTES AEREOS PORTUGUESES, E.P.",PORTUGAL
LSGG,LPPR,ZZZ,351,102,9.65,all_flights,LSGG → LPPR,29.0598,Unknown / not identified,
LSGG,LPPT,EZS,177,76,12.2333,all_flights,LSGG → LPPT,42.9379,EASY JET SWITZERLAND SA,SWITZERLAND
LSGG,LPPT,SWR,103,23,5.1167,all_flights,LSGG → LPPT,22.3301,SWISS INTERNATIONAL AIR LINES LTD,SWITZERLAND
LSGG,LPPT,TAP,322,129,11.8833,all_flights,LSGG → LPPT,40.0621,"TRANSPORTES AEREOS PORTUGUESES, E.P.",PORTUGAL
LSGG,LPPT,ZZZ,138,44,9.325,all_flights,LSGG → LPPT,31.8841,Unknown / not identified,
LSGG,LSZH,RJA,6,2,1.4917,all_flights,LSGG → LSZH,33.3333,ROYAL JORDANIAN,JORDAN
LSGG,LSZH,SDR,1,0,-0.9667,all_flights,LSGG → LSZH,0.0,SUNDAIR GMBH,GERMANY
LSGG,LSZH,SWR,594,41,-0.8083,all_flights,LSGG → LSZH,6.9024,SWISS INTERNATIONAL AIR LINES LTD,SWITZERLAND
LSGG,LSZH,ZZZ,1,0,-1.1,all_flights,LSGG → LSZH,0.0,Unknown / not identified,
LSZH,EDDB,SWR,736,111,4.7833,all_flights,LSZH → EDDB,15.0815,SWISS INTERNATIONAL AIR LINES LTD,SWITZERLAND
LSZH,EDDB,ZZZ,83,13,4.25,all_flights,LSZH → EDDB,15.6627,Unknown / not identified,
LSZH,EDDF,DLH,623,6,-14.5167,all_flights,LSZH → EDDF,0.9631,"DEUTSCHE LUFTHANSA, AG, KOELN",GERMANY
LSZH,EDDF,SUS,1,1,17.5,all_flights,LSZH → EDDF,100.0,SUN-AIR OF SCANDINAVIA A/S,DENMARK
LSZH,EDDF,SWR,153,11,-7.3333,all_flights,LSZH → EDDF,7.1895,SWISS INTERNATIONAL AIR LINES LTD,SWITZERLAND
LSZH,EDDH,EWG,203,21,-3.5,all_flights,LSZH → EDDH,10.3448,EUROWINGS GMBH,GERMANY
LSZH,EDDH,SWR,440,51,0.8583,all_flights,LSZH → EDDH,11.5909,SWISS INTERNATIONAL AIR LINES LTD,SWITZERLAND
LSZH,EDDL,CFG,1,1,31.8667,all_flights,LSZH → EDDL,100.0,"CONDOR FLUGDIENST GMBH, FRANKFURT (MAIN)",GERMANY
LSZH,EDDL,EWG,272,31,1.6667,all_flights,LSZH → EDDL,11.3971,EUROWINGS GMBH,GERMANY
LSZH,EDDL,SWR,318,57,3.7083,all_flights,LSZH → EDDL,17.9245,SWISS INTERNATIONAL AIR LINES LTD,SWITZERLAND
LSZH,EDDM,DLH,590,31,-4.6,all_flights,LSZH → EDDM,5.2542,"DEUTSCHE LUFTHANSA, AG, KOELN",GERMANY
LSZH,EDDM,SWR,60,1,-3.5917,all_flights,LSZH → EDDM,1.6667,SWISS INTERNATIONAL AIR LINES LTD,SWITZERLAND
LSZH,EDDM,TAP,1,1,67.6333,all_flights,LSZH → EDDM,100.0,"TRANSPORTES AEREOS PORTUGUESES, E.P.",PORTUGAL
LSZH,EGLC,BAW,1,0,11.4333,all_flights,LSZH → EGLC,0.0,BRITISH AIRWAYS,UNITED KINGDOM
LSZH,EGLC,CFE,269,57,5.8167,all_flights,LSZH → EGLC,21.1896,BA CITYFLYER LTD,UNITED KINGDOM
LSZH,EGLC,SWR,346,37,0.5833,all_flights,LSZH → EGLC,10.6936,SWISS INTERNATIONAL AIR LINES LTD,SWITZERLAND
LSZH,EGLL,BAW,433,202,13.8333,all_flights,LSZH → EGLL,46.6513,BRITISH AIRWAYS,UNITED KINGDOM
LSZH,EGLL,SWR,744,196,9.0083,all_flights,LSZH → EGLL,26.3441,SWISS INTERNATIONAL AIR LINES LTD,SWITZERLAND
LSZH,EHAM,KLM,568,131,6.45,all_flights,LSZH → EHAM,23.0634,KLM ROYAL DUTCH AIRLINES,NETHERLANDS
LSZH,EHAM,SWR,450,117,7.65,all_flights,LSZH → EHAM,26.0,SWISS INTERNATIONAL AIR LINES LTD,SWITZERLAND
LSZH,EKCH,JET,1,0,-53.4833,all_flights,LSZH → EKCH,0.0,SVENSKT INDUSTRIFLYG AB,SWEDEN
LSZH,EKCH,SAS,174,24,3.925,all_flights,LSZH → EKCH,13.7931,SCANDINAVIAN AIRLINES SYSTEM,SWEDEN
LSZH,EKCH,SWR,355,30,1.5167,all_flights,LSZH → EKCH,8.4507,SWISS INTERNATIONAL AIR LINES LTD,SWITZERLAND
LSZH,EKCH,ZZZ,2,0,10.45,all_flights,LSZH → EKCH,0.0,Unknown / not identified,
LSZH,LEBL,SWR,434,83,6.125,all_flights,LSZH → LEBL,19.1244,SWISS INTERNATIONAL AIR LINES LTD,SWITZERLAND
LSZH,LEBL,VLG,188,56,8.85,all_flights,LSZH → LEBL,29.7872,VUELING AIRLINES,SPAIN
LSZH,LEMD,AEA,244,42,4.25,all_flights,LSZH → LEMD,17.2131,AIR EUROPA,SPAIN
LSZH,LEMD,IBE,361,59,3.65,all_flights,LSZH → LEMD,16.3435,"IBERIA - LINEAS AEREAS DE ESPANA, SOCIEDAD ANONIMA OPERADORA",SPAIN
LSZH,LEMD,SWR,109,26,9.2667,all_flights,LSZH → LEMD,23.8532,SWISS INTERNATIONAL AIR LINES LTD,SWITZERLAND
LSZH,LEPA,CFG,34,15,13.225,all_flights,LSZH → LEPA,44.1176,"CONDOR FLUGDIENST GMBH, FRANKFURT (MAIN)",GERMANY
LSZH,LEPA,EDW,97,12,3.6833,all_flights,LSZH → LEPA,12.3711,EDELWEISS AIR AG,SWITZERLAND
LSZH,LEPA,EWG,50,12,8.2667,all_flights,LSZH → LEPA,24.0,EUROWINGS GMBH,GERMANY
LSZH,LEPA,SWR,351,50,2.3167,all_flights,LSZH → LEPA,14.245,SWISS INTERNATIONAL AIR LINES LTD,SWITZERLAND
LSZH,LEPA,VLG,54,22,12.7083,all_flights,LSZH → LEPA,40.7407,VUELING AIRLINES,SPAIN
LSZH,LEPA,ZZZ,64,9,3.2417,all_flights,LSZH → LEPA,14.0625,Unknown / not identified,
LSZH,LFPG,AFR,339,87,7.9667,all_flights,LSZH → LFPG,25.6637,AIR FRANCE,FRANCE
LSZH,LFPG,SWR,449,106,7.4,all_flights,LSZH → LFPG,23.608,SWISS INTERNATIONAL AIR LINES LTD,SWITZERLAND
LSZH,LOWW,AUA,641,129,7.2667,all_flights,LSZH → LOWW,20.1248,AUSTRIAN AIRLINES (AUA) AG,AUSTRIA
LSZH,LOWW,SWR,178,30,5.1333,all_flights,LSZH → LOWW,16.8539,SWISS INTERNATIONAL AIR LINES LTD,SWITZERLAND
LSZH,LPPT,SWR,165,64,11.2833,all_flights,LSZH → LPPT,38.7879,SWISS INTERNATIONAL AIR LINES LTD,SWITZERLAND
LSZH,LPPT,TAP,319,164,15.1333,all_flights,LSZH → LPPT,51.4107,"TRANSPORTES AEREOS PORTUGUESES, E.P.",PORTUGAL
LSZH,LPPT,ZZZ,29,11,12.9833,all_flights,LSZH → LPPT,37.931,Unknown / not identified,
LSZH,LSGG,RJA,20,6,10.6,all_flights,LSZH → LSGG,30.0,ROYAL JORDANIAN,JORDAN
LSZH,LSGG,SDR,1,0,-4.4667,all_flights,LSZH → LSGG,0.0,SUNDAIR GMBH,GERMANY
LSZH,LSGG,SWR,599,148,7.05,all_flights,LSZH → LSGG,24.7078,SWISS INTERNATIONAL AIR LINES LTD,SWITZERLAND
LSZH,LSGG,ZZZ,1,0,-0.2833,all_flights,LSZH → LSGG,0.0,Unknown / not identified,
LSZH,LYBE,ASL,287,71,7.4,all_flights,LSZH → LYBE,24.7387,AIR SERBIA,SERBIA
LSZH,LYBE,MNE,1,1,43.5333,all_flights,LSZH → LYBE,100.0,TOMONTENEGRO,MONTENEGRO
LSZH,LYBE,SWR,300,56,5.325,all_flights,LSZH → LYBE,18.6667,SWISS INTERNATIONAL AIR LINES LTD,SWITZERLAND
LTAC,LTAI,PGT,234,46,3.525,all_flights,LTAC → LTAI,19.6581,PEGASUS HAVA TASIMACILIGI A.S. (PEGASUS),TURKEY
LTAC,LTAI,THY,282,45,3.2583,all_flights,LTAC → LTAI,15.9574,TURK HAVA YOLLARI (TURKISH AIRLINES CO.),TURKEY
LTAC,LTBJ,PGT,276,14,-1.025,all_flights,LTAC → LTBJ,5.0725,PEGASUS HAVA TASIMACILIGI A.S. (PEGASUS),TURKEY
LTAC,LTBJ,THY,385,36,-0.15,all_flights,LTAC → LTBJ,9.3506,TURK HAVA YOLLARI (TURKISH AIRLINES CO.),TURKEY
LTAC,LTFJ,AHY,1,0,12.5833,all_flights,LTAC → LTFJ,0.0,"AZERBAIJAN HAVA YOLLARI, NATIONAL AIRLINE",AZERBAIJAN
LTAC,LTFJ,PGT,786,93,-4.3417,all_flights,LTAC → LTFJ,11.8321,PEGASUS HAVA TASIMACILIGI A.S. (PEGASUS),TURKEY
LTAC,LTFJ,THY,541,47,-5.3333,all_flights,LTAC → LTFJ,8.6876,TURK HAVA YOLLARI (TURKISH AIRLINES CO.),TURKEY
LTAC,LTFM,FBA,1,1,18.9333,all_flights,LTAC → LTFM,100.0,FLY BAGHDAD,IRAQ
LTAC,LTFM,PGT,1,1,68.25,all_flights,LTAC → LTFM,100.0,PEGASUS HAVA TASIMACILIGI A.S. (PEGASUS),TURKEY
LTAC,LTFM,THY,1608,203,1.6917,all_flights,LTAC → LTFM,12.6244,TURK HAVA YOLLARI (TURKISH AIRLINES CO.),TURKEY
LTAF,LTFJ,PGT,722,87,-0.5583,all_flights,LTAF → LTFJ,12.0499,PEGASUS HAVA TASIMACILIGI A.S. (PEGASUS),TURKEY
LTAF,LTFJ,THY,281,22,-3.2833,all_flights,LTAF → LTFJ,7.8292,TURK HAVA YOLLARI (TURKISH AIRLINES CO.),TURKEY
LTAF,LTFM,PGT,1,1,45.35,all_flights,LTAF → LTFM,100.0,PEGASUS HAVA TASIMACILIGI A.S. (PEGASUS),TURKEY
LTAF,LTFM,THY,1239,164,2.8333,all_flights,LTAF → LTFM,13.2365,TURK HAVA YOLLARI (TURKISH AIRLINES CO.),TURKEY
LTAI,EDDK,CAI,50,21,10.4417,all_flights,LTAI → EDDK,42.0,TURISTIK HAVA TASIMACILIK A.S.,TURKEY
LTAI,EDDK,EWG,13,5,8.9167,all_flights,LTAI → EDDK,38.4615,EUROWINGS GMBH,GERMANY
LTAI,EDDK,PGT,126,80,19.875,all_flights,LTAI → EDDK,63.4921,PEGASUS HAVA TASIMACILIGI A.S. (PEGASUS),TURKEY
LTAI,EDDK,SXS,286,129,13.7083,all_flights,LTAI → EDDK,45.1049,GUNES EKSPRES HAVACILIK A.S. (SUNEXPRESS),TURKEY
LTAI,EDDK,THY,116,47,11.5833,all_flights,LTAI → EDDK,40.5172,TURK HAVA YOLLARI (TURKISH AIRLINES CO.),TURKEY
LTAI,EDDL,CAI,104,33,3.425,all_flights,LTAI → EDDL,31.7308,TURISTIK HAVA TASIMACILIK A.S.,TURKEY
LTAI,EDDL,EWG,8,3,12.5,all_flights,LTAI → EDDL,37.5,EUROWINGS GMBH,GERMANY
LTAI,EDDL,PGT,149,52,8.1,all_flights,LTAI → EDDL,34.8993,PEGASUS HAVA TASIMACILIGI A.S. (PEGASUS),TURKEY
LTAI,EDDL,SXS,396,102,7.1917,all_flights,LTAI → EDDL,25.7576,GUNES EKSPRES HAVACILIK A.S. (SUNEXPRESS),TURKEY
LTAI,EDDL,THY,66,29,12.175,all_flights,LTAI → EDDL,43.9394,TURK HAVA YOLLARI (TURKISH AIRLINES CO.),TURKEY
LTAI,LTAC,PGT,234,25,-1.275,all_flights,LTAI → LTAC,10.6838,PEGASUS HAVA TASIMACILIGI A.S. (PEGASUS),TURKEY
LTAI,LTAC,SXS,1,0,11.9167,all_flights,LTAI → LTAC,0.0,GUNES EKSPRES HAVACILIK A.S. (SUNEXPRESS),TURKEY
LTAI,LTAC,THY,281,40,1.4667,all_flights,LTAI → LTAC,14.2349,TURK HAVA YOLLARI (TURKISH AIRLINES CO.),TURKEY
LTAI,LTFJ,PGT,1195,131,-5.9833,all_flights,LTAI → LTFJ,10.9623,PEGASUS HAVA TASIMACILIGI A.S. (PEGASUS),TURKEY
LTAI,LTFJ,THY,764,65,-7.1333,all_flights,LTAI → LTFJ,8.5079,TURK HAVA YOLLARI (TURKISH AIRLINES CO.),TURKEY
LTAI,LTFM,THY,1817,235,-1.8167,all_flights,LTAI → LTFM,12.9334,TURK HAVA YOLLARI (TURKISH AIRLINES CO.),TURKEY
LTAI,UUDD,PGT,190,50,4.3667,all_flights,LTAI → UUDD,26.3158,PEGASUS HAVA TASIMACILIGI A.S. (PEGASUS),TURKEY
LTAI,UUDD,SBI,42,6,0.1667,all_flights,LTAI → UUDD,14.2857,SIBERIA AIRLINES,RUSSIAN FEDERATION
LTAI,UUDD,THY,395,156,10.65,all_flights,LTAI → UUDD,39.4937,TURK HAVA YOLLARI (TURKISH AIRLINES CO.),TURKEY
LTAI,UUDD,ZZZ,2,1,2.0917,all_flights,LTAI → UUDD,50.0,Unknown / not identified,
LTAI,UUWW,THY,957,287,7.9333,all_flights,LTAI → UUWW,29.9896,TURK HAVA YOLLARI (TURKISH AIRLINES CO.),TURKEY
LTAI,UUWW,ZZZ,14,0,-6.8417,all_flights,LTAI → UUWW,0.0,Unknown / not identified,
LTAJ,LTFJ,PGT,288,60,2.9917,all_flights,LTAJ → LTFJ,20.8333,PEGASUS HAVA TASIMACILIGI A.S. (PEGASUS),TURKEY
LTAJ,LTFJ,THY,348,45,-0.8417,all_flights,LTAJ → LTFJ,12.931,TURK HAVA YOLLARI (TURKISH AIRLINES CO.),TURKEY
LTAJ,LTFM,THY,873,197,6.15,all_flights,LTAJ → LTFM,22.5659,TURK HAVA YOLLARI (TURKISH AIRLINES CO.),TURKEY
LTAU,LTFJ,PGT,496,91,0.625,all_flights,LTAU → LTFJ,18.3468,PEGASUS HAVA TASIMACILIGI A.S. (PEGASUS),TURKEY
LTAU,LTFJ,THY,329,28,-4.1167,all_flights,LTAU → LTFJ,8.5106,TURK HAVA YOLLARI (TURKISH AIRLINES CO.),TURKEY
LTAU,LTFM,THY,788,104,-0.6333,all_flights,LTAU → LTFM,13.198,TURK HAVA YOLLARI (TURKISH AIRLINES CO.),TURKEY
LTBJ,LTAC,PGT,277,24,2.0167,all_flights,LTBJ → LTAC,8.6643,PEGASUS HAVA TASIMACILIGI A.S. (PEGASUS),TURKEY
LTBJ,LTAC,SXS,1,0,11.1,all_flights,LTBJ → LTAC,0.0,GUNES EKSPRES HAVACILIK A.S. (SUNEXPRESS),TURKEY
LTBJ,LTAC,THY,380,115,8.4083,all_flights,LTBJ → LTAC,30.2632,TURK HAVA YOLLARI (TURKISH AIRLINES CO.),TURKEY
LTBJ,LTFJ,AHY,2,1,13.5583,all_flights,LTBJ → LTFJ,50.0,"AZERBAIJAN HAVA YOLLARI, NATIONAL AIRLINE",AZERBAIJAN
LTBJ,LTFJ,PGT,1021,68,-6.6333,all_flights,LTBJ → LTFJ,6.6601,PEGASUS HAVA TASIMACILIGI A.S. (PEGASUS),TURKEY
LTBJ,LTFJ,THY,530,46,-3.9083,all_flights,LTBJ → LTFJ,8.6792,TURK HAVA YOLLARI (TURKISH AIRLINES CO.),TURKEY
LTBJ,LTFM,PGT,240,5,-11.6583,all_flights,LTBJ → LTFM,2.0833,PEGASUS HAVA TASIMACILIGI A.S. (PEGASUS),TURKEY
LTBJ,LTFM,THY,1536,122,-2.225,all_flights,LTBJ → LTFM,7.9427,TURK HAVA YOLLARI (TURKISH AIRLINES CO.),TURKEY
LTBS,LTFJ,PGT,567,58,-4.05,all_flights,LTBS → LTFJ,10.2293,PEGASUS HAVA TASIMACILIGI A.S. (PEGASUS),TURKEY
LTBS,LTFJ,THY,266,21,-8.4583,all_flights,LTBS → LTFJ,7.8947,TURK HAVA YOLLARI (TURKISH AIRLINES CO.),TURKEY
LTBS,LTFM,THY,700,126,4.1167,all_flights,LTBS → LTFM,18.0,TURK HAVA YOLLARI (TURKISH AIRLINES CO.),TURKEY
LTCG,LTFJ,PGT,578,63,0.3833,all_flights,LTCG → LTFJ,10.8997,PEGASUS HAVA TASIMACILIGI A.S. (PEGASUS),TURKEY
LTCG,LTFJ,THY,504,51,-0.7583,all_flights,LTCG → LTFJ,10.119,TURK HAVA YOLLARI (TURKISH AIRLINES CO.),TURKEY
LTCG,LTFM,THY,790,137,4.8083,all_flights,LTCG → LTFM,17.3418,TURK HAVA YOLLARI (TURKISH AIRLINES CO.),TURKEY
LTFE,LTFJ,PGT,647,23,-9.4833,all_flights,LTFE → LTFJ,3.5549,PEGASUS HAVA TASIMACILIGI A.S. (PEGASUS),TURKEY
LTFE,LTFJ,THY,337,24,-8.0833,all_flights,LTFE → LTFJ,7.1217,TURK HAVA YOLLARI (TURKISH AIRLINES CO.),TURKEY
LTFE,LTFM,THY,834,57,-4.9833,all_flights,LTFE → LTFM,6.8345,TURK HAVA YOLLARI (TURKISH AIRLINES CO.),TURKEY
LTFH,LTFJ,PGT,271,22,-4.2667,all_flights,LTFH → LTFJ,8.1181,PEGASUS HAVA TASIMACILIGI A.S. (PEGASUS),TURKEY
LTFH,LTFJ,THY,252,17,-6.7417,all_flights,LTFH → LTFJ,6.746,TURK HAVA YOLLARI (TURKISH AIRLINES CO.),TURKEY
LTFJ,EDDK,PGT,352,135,11.2833,all_flights,LTFJ → EDDK,38.3523,PEGASUS HAVA TASIMACILIGI A.S. (PEGASUS),TURKEY
LTFJ,EDDK,SWT,1,0,-16.4833,all_flights,LTFJ → EDDK,0.0,SWIFTAIR S.A.,SPAIN
LTFJ,EDDK,THY,191,74,11.3167,all_flights,LTFJ → EDDK,38.7435,TURK HAVA YOLLARI (TURKISH AIRLINES CO.),TURKEY
LTFJ,EDDK,ZZZ,1,0,-0.1667,all_flights,LTFJ → EDDK,0.0,Unknown / not identified,
LTFJ,EDDL,PGT,363,78,6.1,all_flights,LTFJ → EDDL,21.4876,PEGASUS HAVA TASIMACILIGI A.S. (PEGASUS),TURKEY
LTFJ,EDDL,THY,221,41,4.1667,all_flights,LTFJ → EDDL,18.552,TURK HAVA YOLLARI (TURKISH AIRLINES CO.),TURKEY
LTFJ,EDDL,ZZZ,1,0,-27.35,all_flights,LTFJ → EDDL,0.0,Unknown / not identified,
LTFJ,EGSS,PGT,447,203,13.4833,all_flights,LTFJ → EGSS,45.4139,PEGASUS HAVA TASIMACILIGI A.S. (PEGASUS),TURKEY
LTFJ,EGSS,THY,249,72,8.8667,all_flights,LTFJ → EGSS,28.9157,TURK HAVA YOLLARI (TURKISH AIRLINES CO.),TURKEY
LTFJ,EHAM,PGT,302,158,15.275,all_flights,LTFJ → EHAM,52.3179,PEGASUS HAVA TASIMACILIGI A.S. (PEGASUS),TURKEY
LTFJ,EHAM,THY,202,83,11.2583,all_flights,LTFJ → EHAM,41.0891,TURK HAVA YOLLARI (TURKISH AIRLINES CO.),TURKEY
LTFJ,LLBG,PGT,530,181,10.5333,all_flights,LTFJ → LLBG,34.1509,PEGASUS HAVA TASIMACILIGI A.S. (PEGASUS),TURKEY
LTFJ,LLBG,THY,258,74,7.7333,all_flights,LTFJ → LLBG,28.6822,TURK HAVA YOLLARI (TURKISH AIRLINES CO.),TURKEY
LTFJ,LTAC,PGT,769,159,4.2167,all_flights,LTFJ → LTAC,20.6762,PEGASUS HAVA TASIMACILIGI A.S. (PEGASUS),TURKEY
LTFJ,LTAC,THY,550,93,2.7167,all_flights,LTFJ → LTAC,16.9091,TURK HAVA YOLLARI (TURKISH AIRLINES CO.),TURKEY
LTFJ,LTAF,PGT,726,158,5.6417,all_flights,LTFJ → LTAF,21.7631,PEGASUS HAVA TASIMACILIGI A.S. (PEGASUS),TURKEY
LTFJ,LTAF,THY,284,46,1.5833,all_flights,LTFJ → LTAF,16.1972,TURK HAVA YOLLARI (TURKISH AIRLINES CO.),TURKEY
LTFJ,LTAI,PGT,1206,244,4.3167,all_flights,LTFJ → LTAI,20.2322,PEGASUS HAVA TASIMACILIGI A.S. (PEGASUS),TURKEY
LTFJ,LTAI,THY,758,155,3.5,all_flights,LTFJ → LTAI,20.4485,TURK HAVA YOLLARI (TURKISH AIRLINES CO.),TURKEY
LTFJ,LTAJ,PGT,287,64,6.0667,all_flights,LTFJ → LTAJ,22.2997,PEGASUS HAVA TASIMACILIGI A.S. (PEGASUS),TURKEY
LTFJ,LTAJ,THY,351,78,4.65,all_flights,LTFJ → LTAJ,22.2222,TURK HAVA YOLLARI (TURKISH AIRLINES CO.),TURKEY
LTFJ,LTAU,PGT,496,138,7.125,all_flights,LTFJ → LTAU,27.8226,PEGASUS HAVA TASIMACILIGI A.S. (PEGASUS),TURKEY
LTFJ,LTAU,THY,328,57,4.35,all_flights,LTFJ → LTAU,17.378,TURK HAVA YOLLARI (TURKISH AIRLINES CO.),TURKEY
LTFJ,LTBJ,PGT,1010,131,-0.25,all_flights,LTFJ → LTBJ,12.9703,PEGASUS HAVA TASIMACILIGI A.S. (PEGASUS),TURKEY
LTFJ,LTBJ,THY,530,53,-2.2583,all_flights,LTFJ → LTBJ,10.0,TURK HAVA YOLLARI (TURKISH AIRLINES CO.),TURKEY
LTFJ,LTBS,PGT,568,148,6.8583,all_flights,LTFJ → LTBS,26.0563,PEGASUS HAVA TASIMACILIGI A.S. (PEGASUS),TURKEY
LTFJ,LTBS,THY,265,47,3.3333,all_flights,LTFJ → LTBS,17.7358,TURK HAVA YOLLARI (TURKISH AIRLINES CO.),TURKEY
LTFJ,LTCG,PGT,575,160,6.6667,all_flights,LTFJ → LTCG,27.8261,PEGASUS HAVA TASIMACILIGI A.S. (PEGASUS),TURKEY
LTFJ,LTCG,THY,504,111,4.8583,all_flights,LTFJ → LTCG,22.0238,TURK HAVA YOLLARI (TURKISH AIRLINES CO.),TURKEY
LTFJ,LTFE,PGT,644,97,0.8417,all_flights,LTFJ → LTFE,15.0621,PEGASUS HAVA TASIMACILIGI A.S. (PEGASUS),TURKEY
LTFJ,LTFE,THY,340,47,0.425,all_flights,LTFJ → LTFE,13.8235,TURK HAVA YOLLARI (TURKISH AIRLINES CO.),TURKEY
LTFJ,LTFH,PGT,272,44,2.3667,all_flights,LTFJ → LTFH,16.1765,PEGASUS HAVA TASIMACILIGI A.S. (PEGASUS),TURKEY
LTFJ,LTFH,THY,255,46,2.3167,all_flights,LTFJ → LTFH,18.0392,TURK HAVA YOLLARI (TURKISH AIRLINES CO.),TURKEY
LTFJ,OKBK,JZR,105,38,11.25,all_flights,LTFJ → OKBK,36.1905,JAZEERA AIRWAYS,KUWAIT
LTFJ,OKBK,KAC,103,13,-2.1,all_flights,LTFJ → OKBK,12.6214,KUWAIT AIRWAYS CORPORATION,KUWAIT
LTFJ,OKBK,PGT,190,71,11.975,all_flights,LTFJ → OKBK,37.3684,PEGASUS HAVA TASIMACILIGI A.S. (PEGASUS),TURKEY
LTFJ,OKBK,THY,145,47,9.4,all_flights,LTFJ → OKBK,32.4138,TURK HAVA YOLLARI (TURKISH AIRLINES CO.),TURKEY
LTFM,DTTA,LBT,143,38,6.1833,all_flights,LTFM → DTTA,26.5734,NOUVEL AIR TUNISIE,TUNISIA
LTFM,DTTA,LWA,1,1,56.1,all_flights,LTFM → DTTA,100.0,LIBYAN WINGS,LIBYA
LTFM,DTTA,TAR,151,36,3.65,all_flights,LTFM → DTTA,23.8411,TUNIS AIR - SOCIETE TUNISIENNE DE L'AIR,TUNISIA
LTFM,DTTA,THY,289,59,5.8,all_flights,LTFM → DTTA,20.4152,TURK HAVA YOLLARI (TURKISH AIRLINES CO.),TURKEY
LTFM,EDDF,DLH,253,29,-2.1333,all_flights,LTFM → EDDF,11.4625,"DEUTSCHE LUFTHANSA, AG, KOELN",GERMANY
LTFM,EDDF,GEC,67,5,-4.9333,all_flights,LTFM → EDDF,7.4627,"LUFTHANSA CARGO AG, FRANKFURT (MAIN)",GERMANY
LTFM,EDDF,SDR,1,0,-16.1833,all_flights,LTFM → EDDF,0.0,SUNDAIR GMBH,GERMANY
LTFM,EDDF,THY,551,57,-2.4333,all_flights,LTFM → EDDF,10.3448,TURK HAVA YOLLARI (TURKISH AIRLINES CO.),TURKEY
LTFM,EGLL,BAW,276,144,15.9667,all_flights,LTFM → EGLL,52.1739,BRITISH AIRWAYS,UNITED KINGDOM
LTFM,EGLL,MNB,2,1,16.175,all_flights,LTFM → EGLL,50.0,MNG HAVAYOLLARI VE TASIMACILIK A.S.,TURKEY
LTFM,EGLL,THY,653,314,14.4667,all_flights,LTFM → EGLL,48.0858,TURK HAVA YOLLARI (TURKISH AIRLINES CO.),TURKEY
LTFM,EHAM,ACA,7,1,-7.9,all_flights,LTFM → EHAM,14.2857,AIR CANADA,CANADA
LTFM,EHAM,KLM,109,23,6.5667,all_flights,LTFM → EHAM,21.1009,KLM ROYAL DUTCH AIRLINES,NETHERLANDS
LTFM,EHAM,THY,582,167,8.7167,all_flights,LTFM → EHAM,28.6942,TURK HAVA YOLLARI (TURKISH AIRLINES CO.),TURKEY
LTFM,EHAM,UAE,1,1,18.3333,all_flights,LTFM → EHAM,100.0,EMIRATES,UNITED ARAB EMIRATES
LTFM,HECA,MSR,403,144,9.4833,all_flights,LTFM → HECA,35.732,EGYPT AIR,EGYPT
LTFM,HECA,THY,410,66,4.9,all_flights,LTFM → HECA,16.0976,TURK HAVA YOLLARI (TURKISH AIRLINES CO.),TURKEY
LTFM,HLLM,AAW,67,22,9.5167,all_flights,LTFM → HLLM,32.8358,AFRICAN AIRLINES CORPORATION,LIBYA
LTFM,HLLM,BRQ,83,15,3.2167,all_flights,LTFM → HLLM,18.0723,EL-BURAQ AIR TRANSPORT INC.,LIBYA
LTFM,HLLM,GMS,80,33,11.6,all_flights,LTFM → HLLM,41.25,GHADAMES AIR,LIBYA
LTFM,HLLM,LAA,56,14,1.175,all_flights,LTFM → HLLM,25.0,LIBYAN AIRLINES,LIBYA
LTFM,HLLM,LWA,251,45,-1.25,all_flights,LTFM → HLLM,17.9283,LIBYAN WINGS,LIBYA
LTFM,HLLM,MNB,7,0,-1.4833,all_flights,LTFM → HLLM,0.0,MNG HAVAYOLLARI VE TASIMACILIK A.S.,TURKEY
LTFM,HLLM,ZZZ,59,20,8.2333,all_flights,LTFM → HLLM,33.8983,Unknown / not identified,
LTFM,LFPG,AFR,109,9,2.65,all_flights,LTFM → LFPG,8.2569,AIR FRANCE,FRANCE
LTFM,LFPG,FDX,112,24,5.55,all_flights,LTFM → LFPG,21.4286,FEDERAL EXPRESS CORPORATION,UNITED STATES
LTFM,LFPG,THY,732,223,8.1917,all_flights,LTFM → LFPG,30.4645,TURK HAVA YOLLARI (TURKISH AIRLINES CO.),TURKEY
LTFM,LFPG,ZZZ,1,0,-10.0667,all_flights,LTFM → LFPG,0.0,Unknown / not identified,
LTFM,LGAV,AEE,248,42,1.5,all_flights,LTFM → LGAV,16.9355,AEGEAN AIRLINES,GREECE
LTFM,LGAV,THY,380,62,3.75,all_flights,LTFM → LGAV,16.3158,TURK HAVA YOLLARI (TURKISH AIRLINES CO.),TURKEY
LTFM,LLBG,ELY,1,1,44.6333,all_flights,LTFM → LLBG,100.0,EL AL - ISRAEL AIRLINES LTD.,ISRAEL
LTFM,LLBG,MNB,60,26,10.3667,all_flights,LTFM → LLBG,43.3333,MNG HAVAYOLLARI VE TASIMACILIK A.S.,TURKEY
LTFM,LLBG,THY,862,195,5.7667,all_flights,LTFM → LLBG,22.6218,TURK HAVA YOLLARI (TURKISH AIRLINES CO.),TURKEY
LTFM,LTAC,THY,1612,173,0.825,all_flights,LTFM → LTAC,10.732,TURK HAVA YOLLARI (TURKISH AIRLINES CO.),TURKEY
LTFM,LTAC,ZZZ,1,0,1.0167,all_flights,LTFM → LTAC,0.0,Unknown / not identified,
LTFM,LTAF,THY,1233,119,-0.2333,all_flights,LTFM → LTAF,9.6513,TURK HAVA YOLLARI (TURKISH AIRLINES CO.),TURKEY
LTFM,LTAI,THY,1813,307,4.0167,all_flights,LTFM → LTAI,16.9333,TURK HAVA YOLLARI (TURKISH AIRLINES CO.),TURKEY
LTFM,LTAJ,THY,873,113,2.2333,all_flights,LTFM → LTAJ,12.9439,TURK HAVA YOLLARI (TURKISH AIRLINES CO.),TURKEY
LTFM,LTAU,THY,791,108,2.7167,all_flights,LTFM → LTAU,13.6536,TURK HAVA YOLLARI (TURKISH AIRLINES CO.),TURKEY
LTFM,LTBJ,PGT,238,5,-8.1667,all_flights,LTFM → LTBJ,2.1008,PEGASUS HAVA TASIMACILIGI A.S. (PEGASUS),TURKEY
LTFM,LTBJ,THY,1535,142,1.0667,all_flights,LTFM → LTBJ,9.2508,TURK HAVA YOLLARI (TURKISH AIRLINES CO.),TURKEY
LTFM,LTBS,THY,705,130,4.9167,all_flights,LTFM → LTBS,18.4397,TURK HAVA YOLLARI (TURKISH AIRLINES CO.),TURKEY
LTFM,LTCG,THY,783,137,4.4167,all_flights,LTFM → LTCG,17.4968,TURK HAVA YOLLARI (TURKISH AIRLINES CO.),TURKEY
LTFM,LTFE,THY,834,164,5.3167,all_flights,LTFM → LTFE,19.6643,TURK HAVA YOLLARI (TURKISH AIRLINES CO.),TURKEY
LTFM,LYBE,ASL,180,29,2.5667,all_flights,LTFM → LYBE,16.1111,AIR SERBIA,SERBIA
LTFM,LYBE,THY,343,88,7.9,all_flights,LTFM → LYBE,25.656,TURK HAVA YOLLARI (TURKISH AIRLINES CO.),TURKEY
LTFM,LYBE,VCV,1,0,-7.0333,all_flights,LTFM → LYBE,0.0,CONVIASA,VENEZUELA
LTFM,LYBE,ZZZ,1,0,-0.5,all_flights,LTFM → LYBE,0.0,Unknown / not identified,
LTFM,OIIE,CPN,10,7,20.7333,all_flights,LTFM → OIIE,70.0,CASPIAN AIRLINES,IRAN (ISLAMIC REPUBLIC OF)
LTFM,OIIE,IRA,147,48,8.3333,all_flights,LTFM → OIIE,32.6531,IRAN NATIONAL AIRLINES CORP. (IRAN AIR),IRAN (ISLAMIC REPUBLIC OF)
LTFM,OIIE,IRB,173,75,13.1,all_flights,LTFM → OIIE,43.3526,IRAN AIR TOURS CO.,IRAN (ISLAMIC REPUBLIC OF)
LTFM,OIIE,IRC,97,59,18.6667,all_flights,LTFM → OIIE,60.8247,IRAN ASEMAN AIRLINE,IRAN (ISLAMIC REPUBLIC OF)
LTFM,OIIE,IRM,428,44,-3.4167,all_flights,LTFM → OIIE,10.2804,MAHAN AIR,IRAN (ISLAMIC REPUBLIC OF)
LTFM,OIIE,THY,502,124,7.9833,all_flights,LTFM → OIIE,24.7012,TURK HAVA YOLLARI (TURKISH AIRLINES CO.),TURKEY
LTFM,OIIE,ZZZ,381,96,5.7167,all_flights,LTFM → OIIE,25.1969,Unknown / not identified,
LTFM,OJAI,RJA,307,61,3.2667,all_flights,LTFM → OJAI,19.8697,ROYAL JORDANIAN,JORDAN
LTFM,OJAI,THY,345,41,1.6667,all_flights,LTFM → OJAI,11.8841,TURK HAVA YOLLARI (TURKISH AIRLINES CO.),TURKEY
LTFM,OKBK,FHY,4,0,5.7833,all_flights,LTFM → OKBK,0.0,FREE BIRD AIRLINES (HURKUS HAVAYOLU TASIMACILIK VE TICARET A.S.),TURKEY
LTFM,OKBK,JZR,165,72,12.4,all_flights,LTFM → OKBK,43.6364,JAZEERA AIRWAYS,KUWAIT
LTFM,OKBK,KAC,236,48,4.9667,all_flights,LTFM → OKBK,20.339,KUWAIT AIRWAYS CORPORATION,KUWAIT
LTFM,OKBK,THY,399,72,2.7667,all_flights,LTFM → OKBK,18.0451,TURK HAVA YOLLARI (TURKISH AIRLINES CO.),TURKEY
LTFM,OKBK,TWI,4,1,4.575,all_flights,LTFM → OKBK,25.0,TAILWIND HAVAYOLLARI A.S.,TURKEY
LTFM,OLBA,MEA,287,59,4.25,all_flights,LTFM → OLBA,20.5575,MIDDLE EAST AIRLINES - AIRLIBAN,LEBANON
LTFM,OLBA,THY,451,73,3.3167,all_flights,LTFM → OLBA,16.1863,TURK HAVA YOLLARI (TURKISH AIRLINES CO.),TURKEY
LTFM,OMDB,THY,389,83,5.6667,all_flights,LTFM → OMDB,21.3368,TURK HAVA YOLLARI (TURKISH AIRLINES CO.),TURKEY
LTFM,OMDB,UAE,314,118,11.3167,all_flights,LTFM → OMDB,37.5796,EMIRATES,UNITED ARAB EMIRATES
LTFM,OMDB,ZZZ,123,56,13.1167,all_flights,LTFM → OMDB,45.5285,Unknown / not identified,
LTFM,ORBI,FBA,21,0,-9.0,all_flights,LTFM → ORBI,0.0,FLY BAGHDAD,IRAQ
LTFM,ORBI,IAW,173,39,1.5667,all_flights,LTFM → ORBI,22.5434,IRAQI AIRWAYS,IRAQ
LTFM,ORBI,THY,213,25,2.1833,all_flights,LTFM → ORBI,11.7371,TURK HAVA YOLLARI (TURKISH AIRLINES CO.),TURKEY
LTFM,ORBI,TWI,16,1,-8.8833,all_flights,LTFM → ORBI,6.25,TAILWIND HAVAYOLLARI A.S.,TURKEY
LTFM,ORBI,ZZZ,97,23,2.0667,all_flights,LTFM → ORBI,23.7113,Unknown / not identified,
LTFM,OTHH,QTR,314,142,13.1833,all_flights,LTFM → OTHH,45.2229,QATAR AIRWAYS GROUP Q.C.S.C.,QATAR
LTFM,OTHH,THY,356,60,3.6417,all_flights,LTFM → OTHH,16.8539,TURK HAVA YOLLARI (TURKISH AIRLINES CO.),TURKEY
LTFM,UAAA,KZR,153,28,4.7167,all_flights,LTFM → UAAA,18.3007,AIR ASTANA,KAZAKHSTAN
LTFM,UAAA,THY,452,38,-3.55,all_flights,LTFM → UAAA,8.4071,TURK HAVA YOLLARI (TURKISH AIRLINES CO.),TURKEY
LTFM,UBBB,AHY,249,24,-0.25,all_flights,LTFM → UBBB,9.6386,"AZERBAIJAN HAVA YOLLARI, NATIONAL AIRLINE",AZERBAIJAN
LTFM,UBBB,AZG,40,11,0.3833,all_flights,LTFM → UBBB,27.5,SILK WAY WEST AIRLINES,AZERBAIJAN
LTFM,UBBB,THY,459,50,0.8667,all_flights,LTFM → UBBB,10.8932,TURK HAVA YOLLARI (TURKISH AIRLINES CO.),TURKEY
LTFM,URSS,SDM,308,49,2.925,all_flights,LTFM → URSS,15.9091,"ROSSIYA AIRLINES, JOINT STOCK COMPANY",RUSSIAN FEDERATION
LTFM,URSS,ZZZ,203,41,3.5667,all_flights,LTFM → URSS,20.197,Unknown / not identified,
LTFM,UTTT,THY,295,26,-3.3667,all_flights,LTFM → UTTT,8.8136,TURK HAVA YOLLARI (TURKISH AIRLINES CO.),TURKEY
LTFM,UTTT,UZB,279,79,9.8667,all_flights,LTFM → UTTT,28.3154,UZBEKISTAN AIRWAYS JSC,UZBEKISTAN
LTFM,UUWW,THY,637,128,4.5833,all_flights,LTFM → UUWW,20.0942,TURK HAVA YOLLARI (TURKISH AIRLINES CO.),TURKEY
LTFM,UUWW,ZZZ,61,15,2.0,all_flights,LTFM → UUWW,24.5902,Unknown / not identified,
LYBE,LOWW,ASL,218,35,4.0,all_flights,LYBE → LOWW,16.055,AIR SERBIA,SERBIA
LYBE,LOWW,AUA,296,39,1.9917,all_flights,LYBE → LOWW,13.1757,AUSTRIAN AIRLINES (AUA) AG,AUSTRIA
LYBE,LSZH,ASL,286,78,6.575,all_flights,LYBE → LSZH,27.2727,AIR SERBIA,SERBIA
LYBE,LSZH,SWR,298,92,10.1583,all_flights,LYBE → LSZH,30.8725,SWISS INTERNATIONAL AIR LINES LTD,SWITZERLAND
LYBE,LTFM,ASL,176,9,-4.3167,all_flights,LYBE → LTFM,5.1136,AIR SERBIA,SERBIA
LYBE,LTFM,PGT,1,0,14.5667,all_flights,LYBE → LTFM,0.0,PEGASUS HAVA TASIMACILIGI A.S. (PEGASUS),TURKEY
LYBE,LTFM,THY,347,31,-0.2167,all_flights,LYBE → LTFM,8.9337,TURK HAVA YOLLARI (TURKISH AIRLINES CO.),TURKEY
LYBE,LYPG,ASL,326,17,0.225,all_flights,LYBE → LYPG,5.2147,AIR SERBIA,SERBIA
LYBE,LYPG,MNE,218,3,-9.1917,all_flights,LYBE → LYPG,1.3761,TOMONTENEGRO,MONTENEGRO
LYBE,LYTV,ASL,352,30,0.6333,all_flights,LYBE → LYTV,8.5227,AIR SERBIA,SERBIA
LYBE,LYTV,MNE,152,0,-10.55,all_flights,LYBE → LYTV,0.0,TOMONTENEGRO,MONTENEGRO
LYPG,LYBE,AIZ,1,0,-8.3,all_flights,LYPG → LYBE,0.0,ARKIA ISRAEL INLAND AIRLINES,ISRAEL
LYPG,LYBE,ASL,328,10,-3.4417,all_flights,LYPG → LYBE,3.0488,AIR SERBIA,SERBIA
LYPG,LYBE,MNE,213,2,-7.8167,all_flights,LYPG → LYBE,0.939,TOMONTENEGRO,MONTENEGRO
LYTV,LYBE,ASL,350,14,-4.0583,all_flights,LYTV → LYBE,4.0,AIR SERBIA,SERBIA
LYTV,LYBE,MNE,157,2,-9.6333,all_flights,LYTV → LYBE,1.2739,TOMONTENEGRO,MONTENEGRO
MMMX,LEMD,AMX,250,223,35.9167,all_flights,MMMX → LEMD,89.2,"AEROVIAS DE MEXICO, S.A. DE C.V.",MEXICO
MMMX,LEMD,IBE,316,94,8.75,all_flights,MMMX → LEMD,29.7468,"IBERIA - LINEAS AEREAS DE ESPANA, SOCIEDAD ANONIMA OPERADORA",SPAIN
MMMX,LEMD,QTR,1,0,4.4,all_flights,MMMX → LEMD,0.0,QATAR AIRWAYS GROUP Q.C.S.C.,QATAR
OIIE,LTFM,CPN,10,1,5.5,all_flights,OIIE → LTFM,10.0,CASPIAN AIRLINES,IRAN (ISLAMIC REPUBLIC OF)
OIIE,LTFM,IRA,145,41,7.9,all_flights,OIIE → LTFM,28.2759,IRAN NATIONAL AIRLINES CORP. (IRAN AIR),IRAN (ISLAMIC REPUBLIC OF)
OIIE,LTFM,IRB,173,24,3.1167,all_flights,OIIE → LTFM,13.8728,IRAN AIR TOURS CO.,IRAN (ISLAMIC REPUBLIC OF)
OIIE,LTFM,IRC,67,15,5.7833,all_flights,OIIE → LTFM,22.3881,IRAN ASEMAN AIRLINE,IRAN (ISLAMIC REPUBLIC OF)
OIIE,LTFM,IRM,428,8,-15.1917,all_flights,OIIE → LTFM,1.8692,MAHAN AIR,IRAN (ISLAMIC REPUBLIC OF)
OIIE,LTFM,THY,499,52,-1.5333,all_flights,OIIE → LTFM,10.4208,TURK HAVA YOLLARI (TURKISH AIRLINES CO.),TURKEY
OIIE,LTFM,ZZZ,379,65,0.0667,all_flights,OIIE → LTFM,17.1504,Unknown / not identified,
OJAI,LTFM,RJA,307,16,-3.8833,all_flights,OJAI → LTFM,5.2117,ROYAL JORDANIAN,JORDAN
OJAI,LTFM,THY,355,48,-6.15,all_flights,OJAI → LTFM,13.5211,TURK HAVA YOLLARI (TURKISH AIRLINES CO.),TURKEY
OKBK,LTFJ,JZR,102,22,5.325,all_flights,OKBK → LTFJ,21.5686,JAZEERA AIRWAYS,KUWAIT
OKBK,LTFJ,KAC,103,11,-1.7833,all_flights,OKBK → LTFJ,10.6796,KUWAIT AIRWAYS CORPORATION,KUWAIT
OKBK,LTFJ,PGT,188,34,0.525,all_flights,OKBK → LTFJ,18.0851,PEGASUS HAVA TASIMACILIGI A.S. (PEGASUS),TURKEY
OKBK,LTFJ,THY,146,16,-3.575,all_flights,OKBK → LTFJ,10.9589,TURK HAVA YOLLARI (TURKISH AIRLINES CO.),TURKEY
OKBK,LTFM,FHY,3,0,-7.6333,all_flights,OKBK → LTFM,0.0,FREE BIRD AIRLINES (HURKUS HAVAYOLU TASIMACILIK VE TICARET A.S.),TURKEY
OKBK,LTFM,JZR,162,52,7.6417,all_flights,OKBK → LTFM,32.0988,JAZEERA AIRWAYS,KUWAIT
OKBK,LTFM,KAC,237,20,0.45,all_flights,OKBK → LTFM,8.4388,KUWAIT AIRWAYS CORPORATION,KUWAIT
OKBK,LTFM,QTR,8,4,14.4917,all_flights,OKBK → LTFM,50.0,QATAR AIRWAYS GROUP Q.C.S.C.,QATAR
OKBK,LTFM,THY,340,38,-4.975,all_flights,OKBK → LTFM,11.1765,TURK HAVA YOLLARI (TURKISH AIRLINES CO.),TURKEY
OKBK,LTFM,TWI,4,0,6.3,all_flights,OKBK → LTFM,0.0,TAILWIND HAVAYOLLARI A.S.,TURKEY
OLBA,HECA,DHX,25,4,0.7667,all_flights,OLBA → HECA,16.0,DHL AVIATION EEMEA B.S.C.(C),BAHRAIN
OLBA,HECA,MEA,241,47,5.3333,all_flights,OLBA → HECA,19.5021,MIDDLE EAST AIRLINES - AIRLIBAN,LEBANON
OLBA,HECA,MSR,315,49,-0.25,all_flights,OLBA → HECA,15.5556,EGYPT AIR,EGYPT
OLBA,LTFM,MEA,286,15,-6.3333,all_flights,OLBA → LTFM,5.2448,MIDDLE EAST AIRLINES - AIRLIBAN,LEBANON
OLBA,LTFM,THY,449,35,-6.6167,all_flights,OLBA → LTFM,7.7951,TURK HAVA YOLLARI (TURKISH AIRLINES CO.),TURKEY
OMDB,EGLL,BAW,238,184,23.2583,all_flights,OMDB → EGLL,77.3109,BRITISH AIRWAYS,UNITED KINGDOM
OMDB,EGLL,RBA,14,13,23.3083,all_flights,OMDB → EGLL,92.8571,ROYAL BRUNEI AIRLINES,BRUNEI DARUSSALAM
OMDB,EGLL,UAE,739,687,29.4667,all_flights,OMDB → EGLL,92.9635,EMIRATES,UNITED ARAB EMIRATES
OMDB,LFPG,AFR,172,113,18.4583,all_flights,OMDB → LFPG,65.6977,AIR FRANCE,FRANCE
OMDB,LFPG,ALK,2,0,0.45,all_flights,OMDB → LFPG,0.0,SRILANKAN AIRLINES,SRI LANKA
OMDB,LFPG,FDX,204,112,17.475,all_flights,OMDB → LFPG,54.902,FEDERAL EXPRESS CORPORATION,UNITED STATES
OMDB,LFPG,UAE,363,305,24.9333,all_flights,OMDB → LFPG,84.022,EMIRATES,UNITED ARAB EMIRATES
OMDB,LLBG,AIZ,57,29,15.5833,all_flights,OMDB → LLBG,50.8772,ARKIA ISRAEL INLAND AIRLINES,ISRAEL
OMDB,LLBG,ELY,143,71,14.9833,all_flights,OMDB → LLBG,49.6503,EL AL - ISRAEL AIRLINES LTD.,ISRAEL
OMDB,LLBG,UAE,100,58,16.45,all_flights,OMDB → LLBG,58.0,EMIRATES,UNITED ARAB EMIRATES
OMDB,LLBG,ZZZ,459,234,15.2667,all_flights,OMDB → LLBG,50.9804,Unknown / not identified,
OMDB,LTFM,THY,385,147,9.95,all_flights,OMDB → LTFM,38.1818,TURK HAVA YOLLARI (TURKISH AIRLINES CO.),TURKEY
OMDB,LTFM,UAE,312,164,15.7917,all_flights,OMDB → LTFM,52.5641,EMIRATES,UNITED ARAB EMIRATES
OMDB,LTFM,ZZZ,125,55,13.6,all_flights,OMDB → LTFM,44.0,Unknown / not identified,
OMDB,UUWW,AZV,7,3,14.7667,all_flights,OMDB → UUWW,42.8571,AZUR AIR,RUSSIAN FEDERATION
OMDB,UUWW,ZZZ,570,337,16.9833,all_flights,OMDB → UUWW,59.1228,Unknown / not identified,
ORBI,LTFM,FBA,20,2,-8.1333,all_flights,ORBI → LTFM,10.0,FLY BAGHDAD,IRAQ
ORBI,LTFM,IAW,177,66,9.3167,all_flights,ORBI → LTFM,37.2881,IRAQI AIRWAYS,IRAQ
ORBI,LTFM,THY,214,63,5.975,all_flights,ORBI → LTFM,29.4393,TURK HAVA YOLLARI (TURKISH AIRLINES CO.),TURKEY
ORBI,LTFM,TWI,16,3,4.25,all_flights,ORBI → LTFM,18.75,TAILWIND HAVAYOLLARI A.S.,TURKEY
ORBI,LTFM,ZZZ,97,42,10.7667,all_flights,ORBI → LTFM,43.299,Unknown / not identified,
OTHH,EGLL,BAW,78,62,27.0167,all_flights,OTHH → EGLL,79.4872,BRITISH AIRWAYS,UNITED KINGDOM
OTHH,EGLL,QTR,689,575,27.5833,all_flights,OTHH → EGLL,83.4543,QATAR AIRWAYS GROUP Q.C.S.C.,QATAR
OTHH,LTFM,QTR,300,110,10.075,all_flights,OTHH → LTFM,36.6667,QATAR AIRWAYS GROUP Q.C.S.C.,QATAR
OTHH,LTFM,THY,308,53,-0.0083,all_flights,OTHH → LTFM,17.2078,TURK HAVA YOLLARI (TURKISH AIRLINES CO.),TURKEY
RKSI,EDDF,AAR,91,76,26.9167,all_flights,RKSI → EDDF,83.5165,ASIANA AIRLINES,REPUBLIC OF KOREA
RKSI,EDDF,BOX,16,6,-2.075,all_flights,RKSI → EDDF,37.5,"AEROLOGIC GMBH, LEIPZIG",GERMANY
RKSI,EDDF,DLH,71,12,-0.2833,all_flights,RKSI → EDDF,16.9014,"DEUTSCHE LUFTHANSA, AG, KOELN",GERMANY
RKSI,EDDF,GEC,394,130,6.7917,all_flights,RKSI → EDDF,32.9949,"LUFTHANSA CARGO AG, FRANKFURT (MAIN)",GERMANY
RKSI,EDDF,KAL,156,76,14.675,all_flights,RKSI → EDDF,48.7179,"KOREAN AIR LINES CO., LTD.",REPUBLIC OF KOREA
SKBO,LEMD,AEA,118,69,17.3417,all_flights,SKBO → LEMD,58.4746,AIR EUROPA,SPAIN
SKBO,LEMD,AVA,347,190,16.4,all_flights,SKBO → LEMD,54.755,AEROVIAS DEL CONTINENTE AMERICANO S.A.,COLOMBIA
SKBO,LEMD,IBE,241,104,12.4833,all_flights,SKBO → LEMD,43.1535,"IBERIA - LINEAS AEREAS DE ESPANA, SOCIEDAD ANONIMA OPERADORA",SPAIN
UAAA,LTFM,KZR,153,46,8.7167,all_flights,UAAA → LTFM,30.0654,AIR ASTANA,KAZAKHSTAN
UAAA,LTFM,THY,396,159,10.2583,all_flights,UAAA → LTFM,40.1515,TURK HAVA YOLLARI (TURKISH AIRLINES CO.),TURKEY
UAAA,LTFM,WZZ,1,0,4.5333,all_flights,UAAA → LTFM,0.0,WIZZ AIR HUNGARY LTD,HUNGARY
UBBB,LTFM,AHY,249,9,1.1833,all_flights,UBBB → LTFM,3.6145,"AZERBAIJAN HAVA YOLLARI, NATIONAL AIRLINE",AZERBAIJAN
UBBB,LTFM,AZG,16,4,3.0417,all_flights,UBBB → LTFM,25.0,SILK WAY WEST AIRLINES,AZERBAIJAN
UBBB,LTFM,THY,458,48,-0.4167,all_flights,UBBB → LTFM,10.4803,TURK HAVA YOLLARI (TURKISH AIRLINES CO.),TURKEY
UBBB,LTFM,VCV,1,0,7.9833,all_flights,UBBB → LTFM,0.0,CONVIASA,VENEZUELA
UBBB,UBBN,AHY,933,44,1.2333,all_flights,UBBB → UBBN,4.716,"AZERBAIJAN HAVA YOLLARI, NATIONAL AIRLINE",AZERBAIJAN
UBBN,UBBB,AHY,933,82,2.5,all_flights,UBBN → UBBB,8.7889,"AZERBAIJAN HAVA YOLLARI, NATIONAL AIRLINE",AZERBAIJAN
UDYZ,UUWW,AMW,64,11,2.1167,all_flights,UDYZ → UUWW,17.1875,ARMENIA AIRWAYS AIR COMPANY,ARMENIA
UDYZ,UUWW,SHS,50,10,1.8833,all_flights,UDYZ → UUWW,20.0,SHIRAK AVIA LLC,ARMENIA
UDYZ,UUWW,UTA,153,76,14.9833,all_flights,UDYZ → UUWW,49.6732,UTAIR AVIATION,RUSSIAN FEDERATION
UDYZ,UUWW,ZZZ,565,184,6.5667,all_flights,UDYZ → UUWW,32.5664,Unknown / not identified,
ULLI,UMKK,AFL,1,1,38.8833,all_flights,ULLI → UMKK,100.0,AEROFLOT - RUSSIAN AIRLINES,RUSSIAN FEDERATION
ULLI,UMKK,AUL,172,42,2.6083,all_flights,ULLI → UMKK,24.4186,"SMARTAVIA AIRLINES, JOINT STOCK COMPANY",RUSSIAN FEDERATION
ULLI,UMKK,SDM,645,141,5.9667,all_flights,ULLI → UMKK,21.8605,"ROSSIYA AIRLINES, JOINT STOCK COMPANY",RUSSIAN FEDERATION
ULLI,UMKK,SVR,227,128,18.4,all_flights,ULLI → UMKK,56.3877,URAL AIRLINES,RUSSIAN FEDERATION
ULLI,UMKK,ZZZ,296,56,5.6333,all_flights,ULLI → UMKK,18.9189,Unknown / not identified,
UMKK,ULLI,AUL,173,29,4.4167,all_flights,UMKK → ULLI,16.763,"SMARTAVIA AIRLINES, JOINT STOCK COMPANY",RUSSIAN FEDERATION
UMKK,ULLI,SDM,647,89,0.2667,all_flights,UMKK → ULLI,13.7558,"ROSSIYA AIRLINES, JOINT STOCK COMPANY",RUSSIAN FEDERATION
UMKK,ULLI,SVR,229,115,15.45,all_flights,UMKK → ULLI,50.2183,URAL AIRLINES,RUSSIAN FEDERATION
UMKK,ULLI,ZZZ,298,53,5.5333,all_flights,UMKK → ULLI,17.7852,Unknown / not identified,
UMKK,UUDD,AUL,18,6,12.5917,all_flights,UMKK → UUDD,33.3333,"SMARTAVIA AIRLINES, JOINT STOCK COMPANY",RUSSIAN FEDERATION
UMKK,UUDD,SBI,348,78,4.1,all_flights,UMKK → UUDD,22.4138,SIBERIA AIRLINES,RUSSIAN FEDERATION
UMKK,UUDD,SVR,375,176,13.3667,all_flights,UMKK → UUDD,46.9333,URAL AIRLINES,RUSSIAN FEDERATION
UMKK,UUEE,AFL,801,87,-0.8833,all_flights,UMKK → UUEE,10.8614,AEROFLOT - RUSSIAN AIRLINES,RUSSIAN FEDERATION
UMKK,UUEE,AUL,75,18,0.5333,all_flights,UMKK → UUEE,24.0,"SMARTAVIA AIRLINES, JOINT STOCK COMPANY",RUSSIAN FEDERATION
UMKK,UUEE,SDM,105,31,9.0667,all_flights,UMKK → UUEE,29.5238,"ROSSIYA AIRLINES, JOINT STOCK COMPANY",RUSSIAN FEDERATION
UMKK,UUEE,ZZZ,88,31,9.8583,all_flights,UMKK → UUEE,35.2273,Unknown / not identified,
URSS,LTFM,SDM,310,49,0.4333,all_flights,URSS → LTFM,15.8065,"ROSSIYA AIRLINES, JOINT STOCK COMPANY",RUSSIAN FEDERATION
URSS,LTFM,THY,4,0,-0.475,all_flights,URSS → LTFM,0.0,TURK HAVA YOLLARI (TURKISH AIRLINES CO.),TURKEY
URSS,LTFM,ZZZ,203,54,6.8167,all_flights,URSS → LTFM,26.601,Unknown / not identified,
UTTT,LTFM,THY,283,26,0.95,all_flights,UTTT → LTFM,9.1873,TURK HAVA YOLLARI (TURKISH AIRLINES CO.),TURKEY
UTTT,LTFM,UZB,279,84,10.5333,all_flights,UTTT → LTFM,30.1075,UZBEKISTAN AIRWAYS JSC,UZBEKISTAN
UUDD,LTAI,PGT,188,44,2.2833,all_flights,UUDD → LTAI,23.4043,PEGASUS HAVA TASIMACILIGI A.S. (PEGASUS),TURKEY
UUDD,LTAI,SBI,43,27,21.9,all_flights,UUDD → LTAI,62.7907,SIBERIA AIRLINES,RUSSIAN FEDERATION
UUDD,LTAI,THY,395,157,10.5333,all_flights,UUDD → LTAI,39.7468,TURK HAVA YOLLARI (TURKISH AIRLINES CO.),TURKEY
UUDD,LTAI,ZZZ,2,1,10.4083,all_flights,UUDD → LTAI,50.0,Unknown / not identified,
UUDD,UMKK,AUL,16,1,1.1833,all_flights,UUDD → UMKK,6.25,"SMARTAVIA AIRLINES, JOINT STOCK COMPANY",RUSSIAN FEDERATION
UUDD,UMKK,SBI,349,97,6.3,all_flights,UUDD → UMKK,27.7937,SIBERIA AIRLINES,RUSSIAN FEDERATION
UUDD,UMKK,SVR,380,172,13.5667,all_flights,UUDD → UMKK,45.2632,URAL AIRLINES,RUSSIAN FEDERATION
UUEE,UMKK,AFL,770,53,-5.2833,all_flights,UUEE → UMKK,6.8831,AEROFLOT - RUSSIAN AIRLINES,RUSSIAN FEDERATION
UUEE,UMKK,AUL,75,23,7.8667,all_flights,UUEE → UMKK,30.6667,"SMARTAVIA AIRLINES, JOINT STOCK COMPANY",RUSSIAN FEDERATION
UUEE,UMKK,SDM,105,33,11.0,all_flights,UUEE → UMKK,31.4286,"ROSSIYA AIRLINES, JOINT STOCK COMPANY",RUSSIAN FEDERATION
UUEE,UMKK,ZZZ,86,31,13.1833,all_flights,UUEE → UMKK,36.0465,Unknown / not identified,
UUWW,LTAI,THY,954,628,22.5333,all_flights,UUWW → LTAI,65.8281,TURK HAVA YOLLARI (TURKISH AIRLINES CO.),TURKEY
UUWW,LTAI,ZZZ,14,7,15.0167,all_flights,UUWW → LTAI,50.0,Unknown / not identified,
UUWW,LTFM,THY,634,244,9.8,all_flights,UUWW → LTFM,38.4858,TURK HAVA YOLLARI (TURKISH AIRLINES CO.),TURKEY
UUWW,LTFM,ZZZ,59,24,9.8167,all_flights,UUWW → LTFM,40.678,Unknown / not identified,
UUWW,OMDB,AZV,8,7,22.4333,all_flights,UUWW → OMDB,87.5,AZUR AIR,RUSSIAN FEDERATION
UUWW,OMDB,ZZZ,574,494,34.9167,all_flights,UUWW → OMDB,86.0627,Unknown / not identified,
UUWW,UDYZ,AMW,62,33,16.1083,all_flights,UUWW → UDYZ,53.2258,ARMENIA AIRWAYS AIR COMPANY,ARMENIA
UUWW,UDYZ,SHS,49,29,16.6,all_flights,UUWW → UDYZ,59.1837,SHIRAK AVIA LLC,ARMENIA
UUWW,UDYZ,UTA,152,116,23.0667,all_flights,UUWW → UDYZ,76.3158,UTAIR AVIATION,RUSSIAN FEDERATION
UUWW,UDYZ,ZZZ,565,273,14.35,all_flights,UUWW → UDYZ,48.3186,Unknown / not identified,
VIDP,EGLL,AIC,193,139,20.6333,all_flights,VIDP → EGLL,72.0207,AIR INDIA LIMITED,INDIA
VIDP,EGLL,BAW,155,145,29.6,all_flights,VIDP → EGLL,93.5484,BRITISH AIRWAYS,UNITED KINGDOM
VIDP,EGLL,VIR,210,124,20.1167,all_flights,VIDP → EGLL,59.0476,VIRGIN ATLANTIC,UNITED KINGDOM
VIDP,EGLL,VTI,95,77,23.4167,all_flights,VIDP → EGLL,81.0526,TATA SIA AIRLINES LTD.,INDIA
WSSS,EGLL,BAW,139,112,24.9167,all_flights,WSSS → EGLL,80.5755,BRITISH AIRWAYS,UNITED KINGDOM
WSSS,EGLL,QFA,70,70,53.8833,all_flights,WSSS → EGLL,100.0,QANTAS AIRWAYS LIMITED,AUSTRALIA
WSSS,EGLL,SIA,458,356,24.15,all_flights,WSSS → EGLL,77.7293,SINGAPORE AIRLINES LIMITED,SINGAPORE
DAAG,LFPG,AFR,287,63,6.9333,scheduled_duration_under_3h,DAAG → LFPG,21.9512,AIR FRANCE,FRANCE
DAAG,LFPG,DAH,381,119,8.9667,scheduled_duration_under_3h,DAAG → LFPG,31.2336,AIR ALGERIE,ALGERIA
DAAG,LFPG,DTH,20,10,15.2583,scheduled_duration_under_3h,DAAG → LFPG,50.0,TASSILI AIRLINES,ALGERIA
DAAG,LFPG,TVF,3,2,16.15,scheduled_duration_under_3h,DAAG → LFPG,66.6667,TRANSAVIA FRANCE,FRANCE
DAAG,LFPG,ZZZ,183,45,3.3833,scheduled_duration_under_3h,DAAG → LFPG,24.5902,Unknown / not identified,
DAAG,LFPO,AFR,164,27,2.675,scheduled_duration_under_3h,DAAG → LFPO,16.4634,AIR FRANCE,FRANCE
DAAG,LFPO,DAH,315,107,10.0167,scheduled_duration_under_3h,DAAG → LFPO,33.9683,AIR ALGERIE,ALGERIA
DAAG,LFPO,TVF,149,43,9.7667,scheduled_duration_under_3h,DAAG → LFPO,28.8591,TRANSAVIA FRANCE,FRANCE
DTTA,LFPG,AFR,356,120,10.075,scheduled_duration_under_3h,DTTA → LFPG,33.7079,AIR FRANCE,FRANCE
DTTA,LFPG,LBT,176,56,11.1833,scheduled_duration_under_3h,DTTA → LFPG,31.8182,NOUVEL AIR TUNISIE,TUNISIA
DTTA,LFPG,TAR,5,3,22.3167,scheduled_duration_under_3h,DTTA → LFPG,60.0,TUNIS AIR - SOCIETE TUNISIENNE DE L'AIR,TUNISIA
DTTA,LFPG,ZZZ,78,11,3.8,scheduled_duration_under_3h,DTTA → LFPG,14.1026,Unknown / not identified,
DTTA,LFPO,AFR,78,17,6.2167,scheduled_duration_under_3h,DTTA → LFPO,21.7949,AIR FRANCE,FRANCE
DTTA,LFPO,TAR,331,146,13.2,scheduled_duration_under_3h,DTTA → LFPO,44.1088,TUNIS AIR - SOCIETE TUNISIENNE DE L'AIR,TUNISIA
DTTA,LFPO,TVF,276,72,9.1083,scheduled_duration_under_3h,DTTA → LFPO,26.087,TRANSAVIA FRANCE,FRANCE
DTTA,LTFM,LBT,143,30,4.9167,scheduled_duration_under_3h,DTTA → LTFM,20.979,NOUVEL AIR TUNISIE,TUNISIA
DTTA,LTFM,TAR,154,18,4.6917,scheduled_duration_under_3h,DTTA → LTFM,11.6883,TUNIS AIR - SOCIETE TUNISIENNE DE L'AIR,TUNISIA
DTTA,LTFM,THY,290,27,1.2833,scheduled_duration_under_3h,DTTA → LTFM,9.3103,TURK HAVA YOLLARI (TURKISH AIRLINES CO.),TURKEY
EBBR,EDDF,BEL,218,3,-10.8083,scheduled_duration_under_3h,EBBR → EDDF,1.3761,BRUSSELS AIRLINES,BELGIUM
EBBR,EDDF,DLH,462,4,-11.675,scheduled_duration_under_3h,EBBR → EDDF,0.8658,"DEUTSCHE LUFTHANSA, AG, KOELN",GERMANY
EBBR,EDDF,ZZZ,1,0,-18.75,scheduled_duration_under_3h,EBBR → EDDF,0.0,Unknown / not identified,
EBBR,EDDM,BEL,162,9,-0.7167,scheduled_duration_under_3h,EBBR → EDDM,5.5556,BRUSSELS AIRLINES,BELGIUM
EBBR,EDDM,DLH,512,18,-1.6167,scheduled_duration_under_3h,EBBR → EDDM,3.5156,"DEUTSCHE LUFTHANSA, AG, KOELN",GERMANY
EBBR,EDDP,ABB,2,1,10.6083,scheduled_duration_under_3h,EBBR → EDDP,50.0,AIR BELGIUM SA,BELGIUM
EBBR,EDDP,BCS,504,9,-6.75,scheduled_duration_under_3h,EBBR → EDDP,1.7857,"EUROPEAN AIR TRANSPORT, LEIPZIG",GERMANY
EBBR,EDDP,BOX,67,10,0.15,scheduled_duration_under_3h,EBBR → EDDP,14.9254,"AEROLOGIC GMBH, LEIPZIG",GERMANY
EBBR,EGLL,BAW,321,81,8.8833,scheduled_duration_under_3h,EBBR → EGLL,25.2336,BRITISH AIRWAYS,UNITED KINGDOM
EBBR,EGLL,BCS,20,2,3.2417,scheduled_duration_under_3h,EBBR → EGLL,10.0,"EUROPEAN AIR TRANSPORT, LEIPZIG",GERMANY
EBBR,EGLL,BEL,317,51,6.5667,scheduled_duration_under_3h,EBBR → EGLL,16.0883,BRUSSELS AIRLINES,BELGIUM
EBBR,EGLL,RWD,40,6,8.2333,scheduled_duration_under_3h,EBBR → EGLL,15.0,RWANDAIR LTD.,RWANDA
EBBR,EGLL,VIR,20,3,1.2417,scheduled_duration_under_3h,EBBR → EGLL,15.0,VIRGIN ATLANTIC,UNITED KINGDOM
EBBR,EIDW,BCS,78,2,-3.5333,scheduled_duration_under_3h,EBBR → EIDW,2.5641,"EUROPEAN AIR TRANSPORT, LEIPZIG",GERMANY
EBBR,EIDW,EIN,212,15,1.5417,scheduled_duration_under_3h,EBBR → EIDW,7.0755,AER LINGUS TEORANTA,IRELAND
EBBR,EIDW,RYR,229,18,0.2667,scheduled_duration_under_3h,EBBR → EIDW,7.8603,RYANAIR,IRELAND
EBBR,EKCH,BCS,86,0,-9.5417,scheduled_duration_under_3h,EBBR → EKCH,0.0,"EUROPEAN AIR TRANSPORT, LEIPZIG",GERMANY
EBBR,EKCH,BEL,291,6,-2.7667,scheduled_duration_under_3h,EBBR → EKCH,2.0619,BRUSSELS AIRLINES,BELGIUM
EBBR,EKCH,SAS,134,3,-3.1333,scheduled_duration_under_3h,EBBR → EKCH,2.2388,SCANDINAVIAN AIRLINES SYSTEM,SWEDEN
EBBR,EKCH,ZZZ,110,6,-0.675,scheduled_duration_under_3h,EBBR → EKCH,5.4545,Unknown / not identified,
EBBR,LEBL,BCS,73,2,-7.7833,scheduled_duration_under_3h,EBBR → LEBL,2.7397,"EUROPEAN AIR TRANSPORT, LEIPZIG",GERMANY
EBBR,LEBL,BEL,208,14,0.3583,scheduled_duration_under_3h,EBBR → LEBL,6.7308,BRUSSELS AIRLINES,BELGIUM
EBBR,LEBL,RYR,199,24,4.4167,scheduled_duration_under_3h,EBBR → LEBL,12.0603,RYANAIR,IRELAND
EBBR,LEBL,VLG,289,54,6.25,scheduled_duration_under_3h,EBBR → LEBL,18.6851,VUELING AIRLINES,SPAIN
EBBR,LEMD,AEA,242,28,1.8417,scheduled_duration_under_3h,EBBR → LEMD,11.5702,AIR EUROPA,SPAIN
EBBR,LEMD,BCS,73,1,-4.3667,scheduled_duration_under_3h,EBBR → LEMD,1.3699,"EUROPEAN AIR TRANSPORT, LEIPZIG",GERMANY
EBBR,LEMD,BEL,252,20,0.05,scheduled_duration_under_3h,EBBR → LEMD,7.9365,BRUSSELS AIRLINES,BELGIUM
EBBR,LEMD,IBE,365,49,3.0333,scheduled_duration_under_3h,EBBR → LEMD,13.4247,"IBERIA - LINEAS AEREAS DE ESPANA, SOCIEDAD ANONIMA OPERADORA",SPAIN
EBBR,LEMD,RYR,141,21,3.0667,scheduled_duration_under_3h,EBBR → LEMD,14.8936,RYANAIR,IRELAND
EBBR,LEMD,ZZZ,3,0,-0.5667,scheduled_duration_under_3h,EBBR → LEMD,0.0,Unknown / not identified,
EBBR,LIML,BEL,263,25,1.25,scheduled_duration_under_3h,EBBR → LIML,9.5057,BRUSSELS AIRLINES,BELGIUM
EBBR,LIML,ZZZ,291,24,0.95,scheduled_duration_under_3h,EBBR → LIML,8.2474,Unknown / not identified,
EBBR,LIRF,BEL,243,11,-8.5667,scheduled_duration_under_3h,EBBR → LIRF,4.5267,BRUSSELS AIRLINES,BELGIUM
EBBR,LIRF,RYR,214,14,-6.1417,scheduled_duration_under_3h,EBBR → LIRF,6.5421,RYANAIR,IRELAND
EBBR,LIRF,ZZZ,221,16,-4.0833,scheduled_duration_under_3h,EBBR → LIRF,7.2398,Unknown / not identified,
EBBR,LOWW,AUA,356,65,5.7417,scheduled_duration_under_3h,EBBR → LOWW,18.2584,AUSTRIAN AIRLINES (AUA) AG,AUSTRIA
EBBR,LOWW,BEL,264,33,3.6833,scheduled_duration_under_3h,EBBR → LOWW,12.5,BRUSSELS AIRLINES,BELGIUM
EBBR,LOWW,ETH,73,24,12.25,scheduled_duration_under_3h,EBBR → LOWW,32.8767,ETHIOPIAN AIRLINES CORPORATION,ETHIOPIA
EBBR,LPPT,BEL,167,37,5.0667,scheduled_duration_under_3h,EBBR → LPPT,22.1557,BRUSSELS AIRLINES,BELGIUM
EBBR,LPPT,RYR,102,20,4.7333,scheduled_duration_under_3h,EBBR → LPPT,19.6078,RYANAIR,IRELAND
EBBR,LPPT,TAP,365,111,9.9833,scheduled_duration_under_3h,EBBR → LPPT,30.411,"TRANSPORTES AEREOS PORTUGUESES, E.P.",PORTUGAL
EBBR,LSGG,BEL,343,10,-8.7833,scheduled_duration_under_3h,EBBR → LSGG,2.9155,BRUSSELS AIRLINES,BELGIUM
EBBR,LSGG,EZS,273,10,-10.7333,scheduled_duration_under_3h,EBBR → LSGG,3.663,EASY JET SWITZERLAND SA,SWITZERLAND
EBBR,LSGG,SWR,59,3,-10.2667,scheduled_duration_under_3h,EBBR → LSGG,5.0847,SWISS INTERNATIONAL AIR LINES LTD,SWITZERLAND
EBBR,LSGG,ZZZ,8,0,-7.5667,scheduled_duration_under_3h,EBBR → LSGG,0.0,Unknown / not identified,
EDDB,EDDF,CFG,1,0,5.3833,scheduled_duration_under_3h,EDDB → EDDF,0.0,"CONDOR FLUGDIENST GMBH, FRANKFURT (MAIN)",GERMANY
EDDB,EDDF,DLH,1281,90,-5.3167,scheduled_duration_under_3h,EDDB → EDDF,7.0258,"DEUTSCHE LUFTHANSA, AG, KOELN",GERMANY
EDDB,EDDF,ELY,1,0,-10.6333,scheduled_duration_under_3h,EDDB → EDDF,0.0,EL AL - ISRAEL AIRLINES LTD.,ISRAEL
EDDB,EDDF,LZB,5,0,-1.3333,scheduled_duration_under_3h,EDDB → EDDF,0.0,BULGARIA AIR,BULGARIA
EDDB,EDDF,MEA,1,0,-4.3667,scheduled_duration_under_3h,EDDB → EDDF,0.0,MIDDLE EAST AIRLINES - AIRLIBAN,LEBANON
EDDB,EDDK,EWG,36,5,3.25,scheduled_duration_under_3h,EDDB → EDDK,13.8889,EUROWINGS GMBH,GERMANY
EDDB,EDDK,GWI,398,83,6.6333,scheduled_duration_under_3h,EDDB → EDDK,20.8543,"GERMANWINGS GMBH, KOELN",GERMANY
EDDB,EDDK,SRR,69,31,13.7833,scheduled_duration_under_3h,EDDB → EDDK,44.9275,MAERSK AIR CARGO A/S,DENMARK
EDDB,EDDK,ZZZ,83,8,5.8667,scheduled_duration_under_3h,EDDB → EDDK,9.6386,Unknown / not identified,
EDDB,EDDM,DLH,985,45,-5.2833,scheduled_duration_under_3h,EDDB → EDDM,4.5685,"DEUTSCHE LUFTHANSA, AG, KOELN",GERMANY
EDDB,EDDM,SDR,1,0,6.0833,scheduled_duration_under_3h,EDDB → EDDM,0.0,SUNDAIR GMBH,GERMANY
EDDB,EDDS,CFG,13,6,14.45,scheduled_duration_under_3h,EDDB → EDDS,46.1538,"CONDOR FLUGDIENST GMBH, FRANKFURT (MAIN)",GERMANY
EDDB,EDDS,EWG,137,9,-1.1167,scheduled_duration_under_3h,EDDB → EDDS,6.5693,EUROWINGS GMBH,GERMANY
EDDB,EDDS,GWI,383,61,2.3,scheduled_duration_under_3h,EDDB → EDDS,15.9269,"GERMANWINGS GMBH, KOELN",GERMANY
EDDB,EDDS,SDR,1,0,-0.7333,scheduled_duration_under_3h,EDDB → EDDS,0.0,SUNDAIR GMBH,GERMANY
EDDB,EHAM,KLM,619,171,9.9833,scheduled_duration_under_3h,EDDB → EHAM,27.6252,KLM ROYAL DUTCH AIRLINES,NETHERLANDS
EDDB,EHAM,ZZZ,302,93,10.1333,scheduled_duration_under_3h,EDDB → EHAM,30.7947,Unknown / not identified,
EDDB,LEPA,EWG,170,46,7.1833,scheduled_duration_under_3h,EDDB → LEPA,27.0588,EUROWINGS GMBH,GERMANY
EDDB,LEPA,RYR,256,65,7.8667,scheduled_duration_under_3h,EDDB → LEPA,25.3906,RYANAIR,IRELAND
EDDB,LEPA,SDR,1,1,15.8,scheduled_duration_under_3h,EDDB → LEPA,100.0,SUNDAIR GMBH,GERMANY
EDDB,LEPA,ZZZ,247,61,6.4833,scheduled_duration_under_3h,EDDB → LEPA,24.6964,Unknown / not identified,
EDDB,LFPG,AFR,630,199,10.5333,scheduled_duration_under_3h,EDDB → LFPG,31.5873,AIR FRANCE,FRANCE
EDDB,LFPG,FDX,66,8,5.85,scheduled_duration_under_3h,EDDB → LFPG,12.1212,FEDERAL EXPRESS CORPORATION,UNITED STATES
EDDB,LFPG,TVF,1,1,15.2167,scheduled_duration_under_3h,EDDB → LFPG,100.0,TRANSAVIA FRANCE,FRANCE
EDDB,LFPG,ZZZ,229,74,10.85,scheduled_duration_under_3h,EDDB → LFPG,32.3144,Unknown / not identified,
EDDB,LOWW,AUA,669,177,8.7833,scheduled_duration_under_3h,EDDB → LOWW,26.4574,AUSTRIAN AIRLINES (AUA) AG,AUSTRIA
EDDB,LOWW,WZZ,1,0,-29.5667,scheduled_duration_under_3h,EDDB → LOWW,0.0,WIZZ AIR HUNGARY LTD,HUNGARY
EDDB,LOWW,ZZZ,14,3,6.6167,scheduled_duration_under_3h,EDDB → LOWW,21.4286,Unknown / not identified,
EDDB,LSZH,SWR,728,75,1.125,scheduled_duration_under_3h,EDDB → LSZH,10.3022,SWISS INTERNATIONAL AIR LINES LTD,SWITZERLAND
EDDB,LSZH,ZZZ,83,15,2.5667,scheduled_duration_under_3h,EDDB → LSZH,18.0723,Unknown / not identified,
EDDF,EBBR,BEL,216,38,6.5167,scheduled_duration_under_3h,EDDF → EBBR,17.5926,BRUSSELS AIRLINES,BELGIUM
EDDF,EBBR,BOX,1,0,-6.3333,scheduled_duration_under_3h,EDDF → EBBR,0.0,"AEROLOGIC GMBH, LEIPZIG",GERMANY
EDDF,EBBR,DLH,465,47,2.1667,scheduled_duration_under_3h,EDDF → EBBR,10.1075,"DEUTSCHE LUFTHANSA, AG, KOELN",GERMANY
EDDF,EBBR,ZZZ,1,1,33.6667,scheduled_duration_under_3h,EDDF → EBBR,100.0,Unknown / not identified,
EDDF,EDDB,CFG,1,1,21.4333,scheduled_duration_under_3h,EDDF → EDDB,100.0,"CONDOR FLUGDIENST GMBH, FRANKFURT (MAIN)",GERMANY
EDDF,EDDB,DLH,1283,165,3.6667,scheduled_duration_under_3h,EDDF → EDDB,12.8605,"DEUTSCHE LUFTHANSA, AG, KOELN",GERMANY
EDDF,EDDB,LZB,4,0,0.1333,scheduled_duration_under_3h,EDDF → EDDB,0.0,BULGARIA AIR,BULGARIA
EDDF,EDDH,BAW,1,0,-5.5833,scheduled_duration_under_3h,EDDF → EDDH,0.0,BRITISH AIRWAYS,UNITED KINGDOM
EDDF,EDDH,CFG,2,0,-7.2833,scheduled_duration_under_3h,EDDF → EDDH,0.0,"CONDOR FLUGDIENST GMBH, FRANKFURT (MAIN)",GERMANY
EDDF,EDDH,DLH,1142,69,-3.6083,scheduled_duration_under_3h,EDDF → EDDH,6.042,"DEUTSCHE LUFTHANSA, AG, KOELN",GERMANY
EDDF,EDDM,BAW,2,2,38.975,scheduled_duration_under_3h,EDDF → EDDM,100.0,BRITISH AIRWAYS,UNITED KINGDOM
EDDF,EDDM,CFG,3,0,2.6333,scheduled_duration_under_3h,EDDF → EDDM,0.0,"CONDOR FLUGDIENST GMBH, FRANKFURT (MAIN)",GERMANY
EDDF,EDDM,DLA,2,2,55.9167,scheduled_duration_under_3h,EDDF → EDDM,100.0,AIR DOLOMITI,ITALY
EDDF,EDDM,DLH,1173,120,1.9,scheduled_duration_under_3h,EDDF → EDDM,10.2302,"DEUTSCHE LUFTHANSA, AG, KOELN",GERMANY
EDDF,EDDM,OCN,1,1,81.2,scheduled_duration_under_3h,EDDF → EDDM,100.0,EW DISCOVER GMBH,GERMANY
EDDF,EDDM,OMA,1,1,29.7,scheduled_duration_under_3h,EDDF → EDDM,100.0,OMAN AIR,OMAN
EDDF,EDDM,QTR,1,0,7.4167,scheduled_duration_under_3h,EDDF → EDDM,0.0,QATAR AIRWAYS GROUP Q.C.S.C.,QATAR
EDDF,EDDM,SVA,1,0,5.4167,scheduled_duration_under_3h,EDDF → EDDM,0.0,SAUDI ARABIAN AIRLINES,SAUDI ARABIA
EDDF,EDDM,UAL,1,1,27.7333,scheduled_duration_under_3h,EDDF → EDDM,100.0,"UNITED AIRLINES, INC. (CHICAGO, IL)",UNITED STATES
EDDF,EDDM,ZZZ,5,0,-2.2333,scheduled_duration_under_3h,EDDF → EDDM,0.0,Unknown / not identified,
EDDF,EDDP,BCS,164,12,-2.425,scheduled_duration_under_3h,EDDF → EDDP,7.3171,"EUROPEAN AIR TRANSPORT, LEIPZIG",GERMANY
EDDF,EDDP,BOX,65,7,-3.4667,scheduled_duration_under_3h,EDDF → EDDP,10.7692,"AEROLOGIC GMBH, LEIPZIG",GERMANY
EDDF,EDDP,CFG,2,1,17.4833,scheduled_duration_under_3h,EDDF → EDDP,50.0,"CONDOR FLUGDIENST GMBH, FRANKFURT (MAIN)",GERMANY
EDDF,EDDP,DLH,368,12,-5.5917,scheduled_duration_under_3h,EDDF → EDDP,3.2609,"DEUTSCHE LUFTHANSA, AG, KOELN",GERMANY
EDDF,EFHK,DLH,293,59,5.3833,scheduled_duration_under_3h,EDDF → EFHK,20.1365,"DEUTSCHE LUFTHANSA, AG, KOELN",GERMANY
EDDF,EFHK,FIN,218,39,5.55,scheduled_duration_under_3h,EDDF → EFHK,17.8899,FINNAIR OYJ,FINLAND
EDDF,EGLC,CFE,310,63,6.2583,scheduled_duration_under_3h,EDDF → EGLC,20.3226,BA CITYFLYER LTD,UNITED KINGDOM
EDDF,EGLC,DLH,241,24,2.45,scheduled_duration_under_3h,EDDF → EGLC,9.9585,"DEUTSCHE LUFTHANSA, AG, KOELN",GERMANY
EDDF,EGLL,BAW,420,192,14.1167,scheduled_duration_under_3h,EDDF → EGLL,45.7143,BRITISH AIRWAYS,UNITED KINGDOM
EDDF,EGLL,BCS,32,4,2.7333,scheduled_duration_under_3h,EDDF → EGLL,12.5,"EUROPEAN AIR TRANSPORT, LEIPZIG",GERMANY
EDDF,EGLL,DLH,1008,418,12.4667,scheduled_duration_under_3h,EDDF → EGLL,41.4683,"DEUTSCHE LUFTHANSA, AG, KOELN",GERMANY
EDDF,EGLL,GEC,4,4,52.7583,scheduled_duration_under_3h,EDDF → EGLL,100.0,"LUFTHANSA CARGO AG, FRANKFURT (MAIN)",GERMANY
EDDF,EGLL,GFA,1,1,28.45,scheduled_duration_under_3h,EDDF → EGLL,100.0,GULF AIR,BAHRAIN
EDDF,EGLL,KAL,8,2,7.2917,scheduled_duration_under_3h,EDDF → EGLL,25.0,"KOREAN AIR LINES CO., LTD.",REPUBLIC OF KOREA
EDDF,EGLL,VIR,1,0,6.25,scheduled_duration_under_3h,EDDF → EGLL,0.0,VIRGIN ATLANTIC,UNITED KINGDOM
EDDF,EHAM,CPA,7,1,10.8333,scheduled_duration_under_3h,EDDF → EHAM,14.2857,CATHAY PACIFIC AIRWAYS LTD.,CHINA
EDDF,EHAM,DLH,457,67,4.05,scheduled_duration_under_3h,EDDF → EHAM,14.6608,"DEUTSCHE LUFTHANSA, AG, KOELN",GERMANY
EDDF,EHAM,KAL,7,1,3.25,scheduled_duration_under_3h,EDDF → EHAM,14.2857,"KOREAN AIR LINES CO., LTD.",REPUBLIC OF KOREA
EDDF,EHAM,KLM,530,102,5.1333,scheduled_duration_under_3h,EDDF → EHAM,19.2453,KLM ROYAL DUTCH AIRLINES,NETHERLANDS
EDDF,EHAM,SAS,1,0,-5.15,scheduled_duration_under_3h,EDDF → EHAM,0.0,SCANDINAVIAN AIRLINES SYSTEM,SWEDEN
EDDF,EHAM,ZZZ,1,0,-2.2,scheduled_duration_under_3h,EDDF → EHAM,0.0,Unknown / not identified,
EDDF,EIDW,DLH,420,78,6.225,scheduled_duration_under_3h,EDDF → EIDW,18.5714,"DEUTSCHE LUFTHANSA, AG, KOELN",GERMANY
EDDF,EIDW,EIN,195,50,7.2833,scheduled_duration_under_3h,EDDF → EIDW,25.641,AER LINGUS TEORANTA,IRELAND
EDDF,EIDW,GEC,15,2,4.5833,scheduled_duration_under_3h,EDDF → EIDW,13.3333,"LUFTHANSA CARGO AG, FRANKFURT (MAIN)",GERMANY
EDDF,EIDW,RYR,42,2,0.0667,scheduled_duration_under_3h,EDDF → EIDW,4.7619,RYANAIR,IRELAND
EDDF,EIDW,TMT,1,0,-2.0333,scheduled_duration_under_3h,EDDF → EIDW,0.0,TITAN AIRWAYS MALTA,MALTA
EDDF,EKCH,DLH,488,81,5.4917,scheduled_duration_under_3h,EDDF → EKCH,16.5984,"DEUTSCHE LUFTHANSA, AG, KOELN",GERMANY
EDDF,EKCH,SAS,110,6,1.8167,scheduled_duration_under_3h,EDDF → EKCH,5.4545,SCANDINAVIAN AIRLINES SYSTEM,SWEDEN
EDDF,ENGM,DLH,499,67,4.1,scheduled_duration_under_3h,EDDF → ENGM,13.4269,"DEUTSCHE LUFTHANSA, AG, KOELN",GERMANY
EDDF,ENGM,SAS,4,1,3.975,scheduled_duration_under_3h,EDDF → ENGM,25.0,SCANDINAVIAN AIRLINES SYSTEM,SWEDEN
EDDF,EPWA,DLH,357,26,-0.35,scheduled_duration_under_3h,EDDF → EPWA,7.2829,"DEUTSCHE LUFTHANSA, AG, KOELN",GERMANY
EDDF,EPWA,HVN,1,0,-0.2167,scheduled_duration_under_3h,EDDF → EPWA,0.0,HANG KHONG VIET NAM,VIET NAM
EDDF,EPWA,LOT,292,21,-1.4333,scheduled_duration_under_3h,EDDF → EPWA,7.1918,LOT - POLSKIE LINIE LOTNICZE,POLAND
EDDF,ESSA,DLH,483,96,6.5333,scheduled_duration_under_3h,EDDF → ESSA,19.8758,"DEUTSCHE LUFTHANSA, AG, KOELN",GERMANY
EDDF,ESSA,SAS,80,11,4.5083,scheduled_duration_under_3h,EDDF → ESSA,13.75,SCANDINAVIAN AIRLINES SYSTEM,SWEDEN
EDDF,LDZA,CTN,343,71,6.6333,scheduled_duration_under_3h,EDDF → LDZA,20.6997,CROATIA AIRLINES,CROATIA
EDDF,LDZA,DLH,176,25,5.3583,scheduled_duration_under_3h,EDDF → LDZA,14.2045,"DEUTSCHE LUFTHANSA, AG, KOELN",GERMANY
EDDF,LEBL,DLH,748,134,6.1417,scheduled_duration_under_3h,EDDF → LEBL,17.9144,"DEUTSCHE LUFTHANSA, AG, KOELN",GERMANY
EDDF,LEBL,GBG,1,0,12.0167,scheduled_duration_under_3h,EDDF → LEBL,0.0,GULLIVAIR,BULGARIA
EDDF,LEBL,RYR,16,1,0.0,scheduled_duration_under_3h,EDDF → LEBL,6.25,RYANAIR,IRELAND
EDDF,LEMD,AEA,243,31,4.3,scheduled_duration_under_3h,EDDF → LEMD,12.7572,AIR EUROPA,SPAIN
EDDF,LEMD,ANE,329,74,6.3,scheduled_duration_under_3h,EDDF → LEMD,22.4924,"AIR NOSTRUM LINEAS AEREAS DEL MEDITERRANEO, S.A.",SPAIN
EDDF,LEMD,BCS,40,3,3.65,scheduled_duration_under_3h,EDDF → LEMD,7.5,"EUROPEAN AIR TRANSPORT, LEIPZIG",GERMANY
EDDF,LEMD,CFG,1,0,13.3167,scheduled_duration_under_3h,EDDF → LEMD,0.0,"CONDOR FLUGDIENST GMBH, FRANKFURT (MAIN)",GERMANY
EDDF,LEMD,DLH,359,99,8.6833,scheduled_duration_under_3h,EDDF → LEMD,27.5766,"DEUTSCHE LUFTHANSA, AG, KOELN",GERMANY
EDDF,LEMD,GEC,6,2,13.5833,scheduled_duration_under_3h,EDDF → LEMD,33.3333,"LUFTHANSA CARGO AG, FRANKFURT (MAIN)",GERMANY
EDDF,LEMD,IBE,4,0,10.7917,scheduled_duration_under_3h,EDDF → LEMD,0.0,"IBERIA - LINEAS AEREAS DE ESPANA, SOCIEDAD ANONIMA OPERADORA",SPAIN
EDDF,LEMD,LCO,13,1,8.8667,scheduled_duration_under_3h,EDDF → LEMD,7.6923,LAN CARGO S.A.,CHILE
EDDF,LEPA,AEA,1,1,20.9,scheduled_duration_under_3h,EDDF → LEPA,100.0,AIR EUROPA,SPAIN
EDDF,LEPA,CFG,300,92,10.1167,scheduled_duration_under_3h,EDDF → LEPA,30.6667,"CONDOR FLUGDIENST GMBH, FRANKFURT (MAIN)",GERMANY
EDDF,LEPA,DLH,298,60,5.3083,scheduled_duration_under_3h,EDDF → LEPA,20.1342,"DEUTSCHE LUFTHANSA, AG, KOELN",GERMANY
EDDF,LEPA,OCN,49,11,8.0,scheduled_duration_under_3h,EDDF → LEPA,22.449,EW DISCOVER GMBH,GERMANY
EDDF,LEPA,RYR,26,3,-2.1583,scheduled_duration_under_3h,EDDF → LEPA,11.5385,RYANAIR,IRELAND
EDDF,LEPA,ZZZ,89,10,5.0333,scheduled_duration_under_3h,EDDF → LEPA,11.236,Unknown / not identified,
EDDF,LFPG,AFR,530,220,13.275,scheduled_duration_under_3h,EDDF → LFPG,41.5094,AIR FRANCE,FRANCE
EDDF,LFPG,ALK,2,0,-4.4833,scheduled_duration_under_3h,EDDF → LFPG,0.0,SRILANKAN AIRLINES,SRI LANKA
EDDF,LFPG,DLH,603,99,4.15,scheduled_duration_under_3h,EDDF → LFPG,16.4179,"DEUTSCHE LUFTHANSA, AG, KOELN",GERMANY
EDDF,LFPG,ETH,2,0,1.0333,scheduled_duration_under_3h,EDDF → LFPG,0.0,ETHIOPIAN AIRLINES CORPORATION,ETHIOPIA
EDDF,LFPG,FDX,62,11,8.5083,scheduled_duration_under_3h,EDDF → LFPG,17.7419,FEDERAL EXPRESS CORPORATION,UNITED STATES
EDDF,LFPG,GFA,26,0,-0.625,scheduled_duration_under_3h,EDDF → LFPG,0.0,GULF AIR,BAHRAIN
EDDF,LFPG,SDR,1,0,3.1833,scheduled_duration_under_3h,EDDF → LFPG,0.0,SUNDAIR GMBH,GERMANY
EDDF,LFPG,UAE,1,1,30.1333,scheduled_duration_under_3h,EDDF → LFPG,100.0,EMIRATES,UNITED ARAB EMIRATES
EDDF,LIMC,BCS,1,0,-6.5833,scheduled_duration_under_3h,EDDF → LIMC,0.0,"EUROPEAN AIR TRANSPORT, LEIPZIG",GERMANY
EDDF,LIMC,CPA,24,2,-2.175,scheduled_duration_under_3h,EDDF → LIMC,8.3333,CATHAY PACIFIC AIRWAYS LTD.,CHINA
EDDF,LIMC,DLA,19,4,-7.5333,scheduled_duration_under_3h,EDDF → LIMC,21.0526,AIR DOLOMITI,ITALY
EDDF,LIMC,DLH,503,29,-5.8833,scheduled_duration_under_3h,EDDF → LIMC,5.7654,"DEUTSCHE LUFTHANSA, AG, KOELN",GERMANY
EDDF,LIMC,IRA,2,0,12.925,scheduled_duration_under_3h,EDDF → LIMC,0.0,IRAN NATIONAL AIRLINES CORP. (IRAN AIR),IRAN (ISLAMIC REPUBLIC OF)
EDDF,LIMC,KAL,21,1,-2.55,scheduled_duration_under_3h,EDDF → LIMC,4.7619,"KOREAN AIR LINES CO., LTD.",REPUBLIC OF KOREA
EDDF,LIMC,ZZZ,18,2,-0.7417,scheduled_duration_under_3h,EDDF → LIMC,11.1111,Unknown / not identified,
EDDF,LIML,DLA,29,7,7.6,scheduled_duration_under_3h,EDDF → LIML,24.1379,AIR DOLOMITI,ITALY
EDDF,LIML,DLH,547,106,6.65,scheduled_duration_under_3h,EDDF → LIML,19.3784,"DEUTSCHE LUFTHANSA, AG, KOELN",GERMANY
EDDF,LIML,ZZZ,201,38,5.7833,scheduled_duration_under_3h,EDDF → LIML,18.9055,Unknown / not identified,
EDDF,LIRF,CFG,4,0,2.3333,scheduled_duration_under_3h,EDDF → LIRF,0.0,"CONDOR FLUGDIENST GMBH, FRANKFURT (MAIN)",GERMANY
EDDF,LIRF,DLH,526,51,-1.15,scheduled_duration_under_3h,EDDF → LIRF,9.6958,"DEUTSCHE LUFTHANSA, AG, KOELN",GERMANY
EDDF,LIRF,ZZZ,19,2,-5.25,scheduled_duration_under_3h,EDDF → LIRF,10.5263,Unknown / not identified,
EDDF,LOWW,AUA,562,117,7.5083,scheduled_duration_under_3h,EDDF → LOWW,20.8185,AUSTRIAN AIRLINES (AUA) AG,AUSTRIA
EDDF,LOWW,DLH,444,93,6.1417,scheduled_duration_under_3h,EDDF → LOWW,20.9459,"DEUTSCHE LUFTHANSA, AG, KOELN",GERMANY
EDDF,LOWW,GEC,1,0,-64.4833,scheduled_duration_under_3h,EDDF → LOWW,0.0,"LUFTHANSA CARGO AG, FRANKFURT (MAIN)",GERMANY
EDDF,LOWW,ZZZ,1,0,-2.1667,scheduled_duration_under_3h,EDDF → LOWW,0.0,Unknown / not identified,
EDDF,LSGG,DLH,272,27,2.9917,scheduled_duration_under_3h,EDDF → LSGG,9.9265,"DEUTSCHE LUFTHANSA, AG, KOELN",GERMANY
EDDF,LSGG,SWR,358,28,2.9917,scheduled_duration_under_3h,EDDF → LSGG,7.8212,SWISS INTERNATIONAL AIR LINES LTD,SWITZERLAND
EDDF,LSZH,ACA,1,0,-2.45,scheduled_duration_under_3h,EDDF → LSZH,0.0,AIR CANADA,CANADA
EDDF,LSZH,DLH,629,62,-0.1833,scheduled_duration_under_3h,EDDF → LSZH,9.8569,"DEUTSCHE LUFTHANSA, AG, KOELN",GERMANY
EDDF,LSZH,SUS,1,0,12.1167,scheduled_duration_under_3h,EDDF → LSZH,0.0,SUN-AIR OF SCANDINAVIA A/S,DENMARK
EDDF,LSZH,SWR,153,24,3.5167,scheduled_duration_under_3h,EDDF → LSZH,15.6863,SWISS INTERNATIONAL AIR LINES LTD,SWITZERLAND
EDDF,LSZH,UAL,2,2,46.1583,scheduled_duration_under_3h,EDDF → LSZH,100.0,"UNITED AIRLINES, INC. (CHICAGO, IL)",UNITED STATES
EDDF,LTFM,ACA,3,2,37.5,scheduled_duration_under_3h,EDDF → LTFM,66.6667,AIR CANADA,CANADA
EDDF,LTFM,DLH,174,32,5.6083,scheduled_duration_under_3h,EDDF → LTFM,18.3908,"DEUTSCHE LUFTHANSA, AG, KOELN",GERMANY
EDDF,LTFM,GEC,55,7,0.25,scheduled_duration_under_3h,EDDF → LTFM,12.7273,"LUFTHANSA CARGO AG, FRANKFURT (MAIN)",GERMANY
EDDF,LTFM,PGT,1,1,46.1167,scheduled_duration_under_3h,EDDF → LTFM,100.0,PEGASUS HAVA TASIMACILIGI A.S. (PEGASUS),TURKEY
EDDF,LTFM,SDR,1,0,10.8333,scheduled_duration_under_3h,EDDF → LTFM,0.0,SUNDAIR GMBH,GERMANY
EDDF,LTFM,THY,475,73,2.8833,scheduled_duration_under_3h,EDDF → LTFM,15.3684,TURK HAVA YOLLARI (TURKISH AIRLINES CO.),TURKEY
EDDH,EDDF,CFG,2,1,11.05,scheduled_duration_under_3h,EDDH → EDDF,50.0,"CONDOR FLUGDIENST GMBH, FRANKFURT (MAIN)",GERMANY
EDDH,EDDF,DLH,1132,35,-5.1917,scheduled_duration_under_3h,EDDH → EDDF,3.0919,"DEUTSCHE LUFTHANSA, AG, KOELN",GERMANY
EDDH,EDDM,DLH,1197,54,-2.45,scheduled_duration_under_3h,EDDH → EDDM,4.5113,"DEUTSCHE LUFTHANSA, AG, KOELN",GERMANY
EDDH,EDDM,EWG,12,2,6.2,scheduled_duration_under_3h,EDDH → EDDM,16.6667,EUROWINGS GMBH,GERMANY
EDDH,EDDM,GWI,232,23,0.775,scheduled_duration_under_3h,EDDH → EDDM,9.9138,"GERMANWINGS GMBH, KOELN",GERMANY
EDDH,EGLL,BAW,364,224,18.325,scheduled_duration_under_3h,EDDH → EGLL,61.5385,BRITISH AIRWAYS,UNITED KINGDOM
EDDH,EGLL,EWG,250,151,17.1417,scheduled_duration_under_3h,EDDH → EGLL,60.4,EUROWINGS GMBH,GERMANY
EDDH,EHAM,EWG,131,17,7.15,scheduled_duration_under_3h,EDDH → EHAM,12.9771,EUROWINGS GMBH,GERMANY
EDDH,EHAM,KLM,440,74,6.175,scheduled_duration_under_3h,EDDH → EHAM,16.8182,KLM ROYAL DUTCH AIRLINES,NETHERLANDS
EDDH,EHAM,PNX,1,0,6.45,scheduled_duration_under_3h,EDDH → EHAM,0.0,AIS AIRLINES,NETHERLANDS
EDDH,LEPA,CFG,118,52,12.7583,scheduled_duration_under_3h,EDDH → LEPA,44.0678,"CONDOR FLUGDIENST GMBH, FRANKFURT (MAIN)",GERMANY
EDDH,LEPA,EWG,378,71,5.6833,scheduled_duration_under_3h,EDDH → LEPA,18.7831,EUROWINGS GMBH,GERMANY
EDDH,LEPA,RYR,179,40,6.35,scheduled_duration_under_3h,EDDH → LEPA,22.3464,RYANAIR,IRELAND
EDDH,LFPG,AFR,434,71,5.7833,scheduled_duration_under_3h,EDDH → LFPG,16.3594,AIR FRANCE,FRANCE
EDDH,LFPG,EWG,153,22,5.7667,scheduled_duration_under_3h,EDDH → LFPG,14.3791,EUROWINGS GMBH,GERMANY
EDDH,LFPG,VLG,1,0,-0.8333,scheduled_duration_under_3h,EDDH → LFPG,0.0,VUELING AIRLINES,SPAIN
EDDH,LOWW,AUA,410,103,8.925,scheduled_duration_under_3h,EDDH → LOWW,25.122,AUSTRIAN AIRLINES (AUA) AG,AUSTRIA
EDDH,LOWW,EWG,224,52,8.8167,scheduled_duration_under_3h,EDDH → LOWW,23.2143,EUROWINGS GMBH,GERMANY
EDDH,LSZH,EWG,198,16,-1.7917,scheduled_duration_under_3h,EDDH → LSZH,8.0808,EUROWINGS GMBH,GERMANY
EDDH,LSZH,SWR,437,48,1.1333,scheduled_duration_under_3h,EDDH → LSZH,10.984,SWISS INTERNATIONAL AIR LINES LTD,SWITZERLAND
EDDK,EDDB,EWG,36,3,-8.175,scheduled_duration_under_3h,EDDK → EDDB,8.3333,EUROWINGS GMBH,GERMANY
EDDK,EDDB,GWI,396,68,-0.1833,scheduled_duration_under_3h,EDDK → EDDB,17.1717,"GERMANWINGS GMBH, KOELN",GERMANY
EDDK,EDDB,SRR,69,6,4.45,scheduled_duration_under_3h,EDDK → EDDB,8.6957,MAERSK AIR CARGO A/S,DENMARK
EDDK,EDDB,ZZZ,83,10,-2.35,scheduled_duration_under_3h,EDDK → EDDB,12.0482,Unknown / not identified,
EDDK,EDDM,DLH,511,40,-7.0,scheduled_duration_under_3h,EDDK → EDDM,7.8278,"DEUTSCHE LUFTHANSA, AG, KOELN",GERMANY
EDDK,EDDM,EWG,16,2,-2.7167,scheduled_duration_under_3h,EDDK → EDDM,12.5,EUROWINGS GMBH,GERMANY
EDDK,EDDM,FDX,16,0,-13.075,scheduled_duration_under_3h,EDDK → EDDM,0.0,FEDERAL EXPRESS CORPORATION,UNITED STATES
EDDK,EDDM,GWI,150,14,-4.4667,scheduled_duration_under_3h,EDDK → EDDM,9.3333,"GERMANWINGS GMBH, KOELN",GERMANY
EDDK,EDDM,SRR,86,7,-2.75,scheduled_duration_under_3h,EDDK → EDDM,8.1395,MAERSK AIR CARGO A/S,DENMARK
EDDK,EDDM,THY,1,1,110.4667,scheduled_duration_under_3h,EDDK → EDDM,100.0,TURK HAVA YOLLARI (TURKISH AIRLINES CO.),TURKEY
EDDK,EDDM,ZZZ,1,0,3.0667,scheduled_duration_under_3h,EDDK → EDDM,0.0,Unknown / not identified,
EDDK,LEPA,EWG,491,98,3.3833,scheduled_duration_under_3h,EDDK → LEPA,19.9593,EUROWINGS GMBH,GERMANY
EDDK,LEPA,RYR,358,112,5.75,scheduled_duration_under_3h,EDDK → LEPA,31.2849,RYANAIR,IRELAND
EDDK,LEPA,ZZZ,20,8,13.8167,scheduled_duration_under_3h,EDDK → LEPA,40.0,Unknown / not identified,
EDDK,LOWW,AUA,153,32,6.1333,scheduled_duration_under_3h,EDDK → LOWW,20.915,AUSTRIAN AIRLINES (AUA) AG,AUSTRIA
EDDK,LOWW,EWG,186,49,5.1833,scheduled_duration_under_3h,EDDK → LOWW,26.3441,EUROWINGS GMBH,GERMANY
EDDK,LOWW,RYR,120,37,9.9,scheduled_duration_under_3h,EDDK → LOWW,30.8333,RYANAIR,IRELAND
EDDK,LOWW,SWT,1,0,-42.2,scheduled_duration_under_3h,EDDK → LOWW,0.0,SWIFTAIR S.A.,SPAIN
EDDK,LOWW,UPS,88,15,-0.5083,scheduled_duration_under_3h,EDDK → LOWW,17.0455,"UNITED PARCEL SERVICE COMPANY, (LOUISVILLE, KY)",UNITED STATES
EDDL,EDDM,CFG,3,0,-5.8167,scheduled_duration_under_3h,EDDL → EDDM,0.0,"CONDOR FLUGDIENST GMBH, FRANKFURT (MAIN)",GERMANY
EDDL,EDDM,DLH,1059,65,-2.55,scheduled_duration_under_3h,EDDL → EDDM,6.1379,"DEUTSCHE LUFTHANSA, AG, KOELN",GERMANY
EDDL,EDDM,EWG,25,5,5.7833,scheduled_duration_under_3h,EDDL → EDDM,20.0,EUROWINGS GMBH,GERMANY
EDDL,EDDM,GWI,265,29,0.8,scheduled_duration_under_3h,EDDL → EDDM,10.9434,"GERMANWINGS GMBH, KOELN",GERMANY
EDDL,EDDM,ZZZ,5,2,0.4,scheduled_duration_under_3h,EDDL → EDDM,40.0,Unknown / not identified,
EDDL,EGLL,BAW,360,124,11.125,scheduled_duration_under_3h,EDDL → EGLL,34.4444,BRITISH AIRWAYS,UNITED KINGDOM
EDDL,EGLL,EWG,362,138,11.4917,scheduled_duration_under_3h,EDDL → EGLL,38.1215,EUROWINGS GMBH,GERMANY
EDDL,EKCH,BCY,3,0,-0.8,scheduled_duration_under_3h,EDDL → EKCH,0.0,CITYJET,IRELAND
EDDL,EKCH,EWG,167,32,3.5333,scheduled_duration_under_3h,EDDL → EKCH,19.1617,EUROWINGS GMBH,GERMANY
EDDL,EKCH,SAS,367,29,1.9,scheduled_duration_under_3h,EDDL → EKCH,7.9019,SCANDINAVIAN AIRLINES SYSTEM,SWEDEN
EDDL,LEPA,CFG,292,96,8.775,scheduled_duration_under_3h,EDDL → LEPA,32.8767,"CONDOR FLUGDIENST GMBH, FRANKFURT (MAIN)",GERMANY
EDDL,LEPA,CXI,39,11,6.3167,scheduled_duration_under_3h,EDDL → LEPA,28.2051,CORENDON AIRLINES EUROPE,MALTA
EDDL,LEPA,EWG,711,202,6.9,scheduled_duration_under_3h,EDDL → LEPA,28.4107,EUROWINGS GMBH,GERMANY
EDDL,LEPA,HHN,3,1,2.85,scheduled_duration_under_3h,EDDL → LEPA,33.3333,"HAHN AIR-LINES GMBH, DREIEICH",GERMANY
EDDL,LEPA,ZZZ,124,18,4.3333,scheduled_duration_under_3h,EDDL → LEPA,14.5161,Unknown / not identified,
EDDL,LFPG,AFR,552,145,9.3,scheduled_duration_under_3h,EDDL → LFPG,26.2681,AIR FRANCE,FRANCE
EDDL,LFPG,EWG,1,1,33.0333,scheduled_duration_under_3h,EDDL → LFPG,100.0,EUROWINGS GMBH,GERMANY
EDDL,LOWW,AUA,383,73,6.7,scheduled_duration_under_3h,EDDL → LOWW,19.0601,AUSTRIAN AIRLINES (AUA) AG,AUSTRIA
EDDL,LOWW,EWG,255,79,8.0,scheduled_duration_under_3h,EDDL → LOWW,30.9804,EUROWINGS GMBH,GERMANY
EDDL,LSZH,EWG,270,19,-3.5833,scheduled_duration_under_3h,EDDL → LSZH,7.037,EUROWINGS GMBH,GERMANY
EDDL,LSZH,SWR,316,24,0.2917,scheduled_duration_under_3h,EDDL → LSZH,7.5949,SWISS INTERNATIONAL AIR LINES LTD,SWITZERLAND
EDDL,LSZH,ZZZ,1,0,6.0833,scheduled_duration_under_3h,EDDL → LSZH,0.0,Unknown / not identified,
EDDM,EBBR,BEL,162,23,5.7083,scheduled_duration_under_3h,EDDM → EBBR,14.1975,BRUSSELS AIRLINES,BELGIUM
EDDM,EBBR,DLH,514,64,4.5417,scheduled_duration_under_3h,EDDM → EBBR,12.4514,"DEUTSCHE LUFTHANSA, AG, KOELN",GERMANY
EDDM,EBBR,ZZZ,3,1,14.2833,scheduled_duration_under_3h,EDDM → EBBR,33.3333,Unknown / not identified,
EDDM,EDDB,DLH,995,124,3.05,scheduled_duration_under_3h,EDDM → EDDB,12.4623,"DEUTSCHE LUFTHANSA, AG, KOELN",GERMANY
EDDM,EDDB,SDR,1,0,2.3,scheduled_duration_under_3h,EDDM → EDDB,0.0,SUNDAIR GMBH,GERMANY
EDDM,EDDF,CFG,2,0,-2.6833,scheduled_duration_under_3h,EDDM → EDDF,0.0,"CONDOR FLUGDIENST GMBH, FRANKFURT (MAIN)",GERMANY
EDDM,EDDF,DLH,1165,37,-6.65,scheduled_duration_under_3h,EDDM → EDDF,3.176,"DEUTSCHE LUFTHANSA, AG, KOELN",GERMANY
EDDM,EDDF,ZZZ,2,0,-11.775,scheduled_duration_under_3h,EDDM → EDDF,0.0,Unknown / not identified,
EDDM,EDDH,CFG,1,1,47.6833,scheduled_duration_under_3h,EDDM → EDDH,100.0,"CONDOR FLUGDIENST GMBH, FRANKFURT (MAIN)",GERMANY
EDDM,EDDH,DLH,1218,70,-4.6083,scheduled_duration_under_3h,EDDM → EDDH,5.7471,"DEUTSCHE LUFTHANSA, AG, KOELN",GERMANY
EDDM,EDDH,EWG,10,2,3.3917,scheduled_duration_under_3h,EDDM → EDDH,20.0,EUROWINGS GMBH,GERMANY
EDDM,EDDH,GWI,236,6,-11.55,scheduled_duration_under_3h,EDDM → EDDH,2.5424,"GERMANWINGS GMBH, KOELN",GERMANY
EDDM,EDDK,DLH,517,52,1.4667,scheduled_duration_under_3h,EDDM → EDDK,10.058,"DEUTSCHE LUFTHANSA, AG, KOELN",GERMANY
EDDM,EDDK,EWG,16,1,-5.0417,scheduled_duration_under_3h,EDDM → EDDK,6.25,EUROWINGS GMBH,GERMANY
EDDM,EDDK,GWI,151,10,-0.4667,scheduled_duration_under_3h,EDDM → EDDK,6.6225,"GERMANWINGS GMBH, KOELN",GERMANY
EDDM,EDDK,PGT,1,0,6.25,scheduled_duration_under_3h,EDDM → EDDK,0.0,PEGASUS HAVA TASIMACILIGI A.S. (PEGASUS),TURKEY
EDDM,EDDK,SRR,85,48,15.95,scheduled_duration_under_3h,EDDM → EDDK,56.4706,MAERSK AIR CARGO A/S,DENMARK
EDDM,EDDK,ZZZ,1,0,-4.7,scheduled_duration_under_3h,EDDM → EDDK,0.0,Unknown / not identified,
EDDM,EDDL,CFG,3,0,7.5667,scheduled_duration_under_3h,EDDM → EDDL,0.0,"CONDOR FLUGDIENST GMBH, FRANKFURT (MAIN)",GERMANY
EDDM,EDDL,DLH,1071,75,0.15,scheduled_duration_under_3h,EDDM → EDDL,7.0028,"DEUTSCHE LUFTHANSA, AG, KOELN",GERMANY
EDDM,EDDL,EWG,24,5,9.4083,scheduled_duration_under_3h,EDDM → EDDL,20.8333,EUROWINGS GMBH,GERMANY
EDDM,EDDL,GWI,267,38,0.8667,scheduled_duration_under_3h,EDDM → EDDL,14.2322,"GERMANWINGS GMBH, KOELN",GERMANY
EDDM,EDDL,SDR,2,2,33.9417,scheduled_duration_under_3h,EDDM → EDDL,100.0,SUNDAIR GMBH,GERMANY
EDDM,EDDL,ZZZ,3,0,-5.9667,scheduled_duration_under_3h,EDDM → EDDL,0.0,Unknown / not identified,
EDDM,EDDV,DLH,499,46,0.6667,scheduled_duration_under_3h,EDDM → EDDV,9.2184,"DEUTSCHE LUFTHANSA, AG, KOELN",GERMANY
EDDM,EDDV,SDR,1,0,14.3,scheduled_duration_under_3h,EDDM → EDDV,0.0,SUNDAIR GMBH,GERMANY
EDDM,EDDV,ZZZ,88,4,-0.35,scheduled_duration_under_3h,EDDM → EDDV,4.5455,Unknown / not identified,
EDDM,EDDW,DLH,520,49,2.3333,scheduled_duration_under_3h,EDDM → EDDW,9.4231,"DEUTSCHE LUFTHANSA, AG, KOELN",GERMANY
EDDM,EFHK,DLH,286,30,4.125,scheduled_duration_under_3h,EDDM → EFHK,10.4895,"DEUTSCHE LUFTHANSA, AG, KOELN",GERMANY
EDDM,EFHK,FIN,227,32,4.0,scheduled_duration_under_3h,EDDM → EFHK,14.0969,FINNAIR OYJ,FINLAND
EDDM,EGLL,BAW,459,254,16.7,scheduled_duration_under_3h,EDDM → EGLL,55.3377,BRITISH AIRWAYS,UNITED KINGDOM
EDDM,EGLL,DLH,743,311,12.5667,scheduled_duration_under_3h,EDDM → EGLL,41.8573,"DEUTSCHE LUFTHANSA, AG, KOELN",GERMANY
EDDM,EHAM,DLH,556,124,8.3667,scheduled_duration_under_3h,EDDM → EHAM,22.3022,"DEUTSCHE LUFTHANSA, AG, KOELN",GERMANY
EDDM,EHAM,KLM,556,129,9.25,scheduled_duration_under_3h,EDDM → EHAM,23.2014,KLM ROYAL DUTCH AIRLINES,NETHERLANDS
EDDM,EKCH,DLH,417,27,0.8,scheduled_duration_under_3h,EDDM → EKCH,6.4748,"DEUTSCHE LUFTHANSA, AG, KOELN",GERMANY
EDDM,EKCH,SAS,128,24,6.15,scheduled_duration_under_3h,EDDM → EKCH,18.75,SCANDINAVIAN AIRLINES SYSTEM,SWEDEN
EDDM,EKCH,ZZZ,21,3,3.6333,scheduled_duration_under_3h,EDDM → EKCH,14.2857,Unknown / not identified,
EDDM,EPWA,DLH,329,28,-1.3833,scheduled_duration_under_3h,EDDM → EPWA,8.5106,"DEUTSCHE LUFTHANSA, AG, KOELN",GERMANY
EDDM,EPWA,LOT,296,7,-7.0417,scheduled_duration_under_3h,EDDM → EPWA,2.3649,LOT - POLSKIE LINIE LOTNICZE,POLAND
EDDM,LEBL,DLH,526,55,4.3,scheduled_duration_under_3h,EDDM → LEBL,10.4563,"DEUTSCHE LUFTHANSA, AG, KOELN",GERMANY
EDDM,LEBL,VLG,219,34,6.7333,scheduled_duration_under_3h,EDDM → LEBL,15.5251,VUELING AIRLINES,SPAIN
EDDM,LEMD,AEA,243,21,3.1667,scheduled_duration_under_3h,EDDM → LEMD,8.642,AIR EUROPA,SPAIN
EDDM,LEMD,ANE,98,8,3.85,scheduled_duration_under_3h,EDDM → LEMD,8.1633,"AIR NOSTRUM LINEAS AEREAS DEL MEDITERRANEO, S.A.",SPAIN
EDDM,LEMD,DLH,354,70,5.6833,scheduled_duration_under_3h,EDDM → LEMD,19.774,"DEUTSCHE LUFTHANSA, AG, KOELN",GERMANY
EDDM,LEMD,IBE,248,32,2.8333,scheduled_duration_under_3h,EDDM → LEMD,12.9032,"IBERIA - LINEAS AEREAS DE ESPANA, SOCIEDAD ANONIMA OPERADORA",SPAIN
EDDM,LEPA,CFG,120,20,5.1,scheduled_duration_under_3h,EDDM → LEPA,16.6667,"CONDOR FLUGDIENST GMBH, FRANKFURT (MAIN)",GERMANY
EDDM,LEPA,DLH,148,18,3.925,scheduled_duration_under_3h,EDDM → LEPA,12.1622,"DEUTSCHE LUFTHANSA, AG, KOELN",GERMANY
EDDM,LEPA,EWG,307,68,5.4167,scheduled_duration_under_3h,EDDM → LEPA,22.1498,EUROWINGS GMBH,GERMANY
EDDM,LEPA,OCN,6,1,8.0083,scheduled_duration_under_3h,EDDM → LEPA,16.6667,EW DISCOVER GMBH,GERMANY
EDDM,LEPA,SDR,2,0,9.0167,scheduled_duration_under_3h,EDDM → LEPA,0.0,SUNDAIR GMBH,GERMANY
EDDM,LEPA,VLG,65,3,1.0333,scheduled_duration_under_3h,EDDM → LEPA,4.6154,VUELING AIRLINES,SPAIN
EDDM,LEPA,ZZZ,2,0,3.0167,scheduled_duration_under_3h,EDDM → LEPA,0.0,Unknown / not identified,
EDDM,LFPG,AFR,490,118,7.3083,scheduled_duration_under_3h,EDDM → LFPG,24.0816,AIR FRANCE,FRANCE
EDDM,LFPG,DLH,519,52,2.8333,scheduled_duration_under_3h,EDDM → LFPG,10.0193,"DEUTSCHE LUFTHANSA, AG, KOELN",GERMANY
EDDM,LFPG,ELY,1,0,12.0,scheduled_duration_under_3h,EDDM → LFPG,0.0,EL AL - ISRAEL AIRLINES LTD.,ISRAEL
EDDM,LFPG,FDX,69,7,3.4667,scheduled_duration_under_3h,EDDM → LFPG,10.1449,FEDERAL EXPRESS CORPORATION,UNITED STATES
EDDM,LFPG,ZZZ,12,3,3.1667,scheduled_duration_under_3h,EDDM → LFPG,25.0,Unknown / not identified,
EDDM,LGAV,AEE,159,23,5.0667,scheduled_duration_under_3h,EDDM → LGAV,14.4654,AEGEAN AIRLINES,GREECE
EDDM,LGAV,CFG,1,1,77.65,scheduled_duration_under_3h,EDDM → LGAV,100.0,"CONDOR FLUGDIENST GMBH, FRANKFURT (MAIN)",GERMANY
EDDM,LGAV,DLH,364,68,5.2417,scheduled_duration_under_3h,EDDM → LGAV,18.6813,"DEUTSCHE LUFTHANSA, AG, KOELN",GERMANY
EDDM,LGAV,SEH,25,5,2.6333,scheduled_duration_under_3h,EDDM → LGAV,20.0,SKY EXPRESS S.A.,GREECE
EDDM,LGAV,SRR,86,11,2.9667,scheduled_duration_under_3h,EDDM → LGAV,12.7907,MAERSK AIR CARGO A/S,DENMARK
EDDM,LIRF,DLH,550,21,-6.0083,scheduled_duration_under_3h,EDDM → LIRF,3.8182,"DEUTSCHE LUFTHANSA, AG, KOELN",GERMANY
EDDM,LIRF,ZZZ,111,10,-2.2167,scheduled_duration_under_3h,EDDM → LIRF,9.009,Unknown / not identified,
EDDM,LOWW,AUA,406,29,1.675,scheduled_duration_under_3h,EDDM → LOWW,7.1429,AUSTRIAN AIRLINES (AUA) AG,AUSTRIA
EDDM,LOWW,DLH,234,28,1.125,scheduled_duration_under_3h,EDDM → LOWW,11.9658,"DEUTSCHE LUFTHANSA, AG, KOELN",GERMANY
EDDM,LOWW,FDX,1,0,14.4,scheduled_duration_under_3h,EDDM → LOWW,0.0,FEDERAL EXPRESS CORPORATION,UNITED STATES
EDDM,LOWW,ZZZ,1,0,-19.4833,scheduled_duration_under_3h,EDDM → LOWW,0.0,Unknown / not identified,
EDDM,LSZH,DLH,590,72,3.4917,scheduled_duration_under_3h,EDDM → LSZH,12.2034,"DEUTSCHE LUFTHANSA, AG, KOELN",GERMANY
EDDM,LSZH,ETD,1,1,39.8667,scheduled_duration_under_3h,EDDM → LSZH,100.0,ETIHAD AIRWAYS,UNITED ARAB EMIRATES
EDDM,LSZH,SIA,1,1,19.4667,scheduled_duration_under_3h,EDDM → LSZH,100.0,SINGAPORE AIRLINES LIMITED,SINGAPORE
EDDM,LSZH,SWR,60,7,1.7333,scheduled_duration_under_3h,EDDM → LSZH,11.6667,SWISS INTERNATIONAL AIR LINES LTD,SWITZERLAND
EDDM,LSZH,THA,1,1,44.0667,scheduled_duration_under_3h,EDDM → LSZH,100.0,THAI AIRWAYS INTERNATIONAL LTD.,THAILAND
EDDM,LSZH,UAL,1,1,38.15,scheduled_duration_under_3h,EDDM → LSZH,100.0,"UNITED AIRLINES, INC. (CHICAGO, IL)",UNITED STATES
EDDP,EDDF,BCS,154,3,-15.2417,scheduled_duration_under_3h,EDDP → EDDF,1.9481,"EUROPEAN AIR TRANSPORT, LEIPZIG",GERMANY
EDDP,EDDF,BOX,59,2,-11.5167,scheduled_duration_under_3h,EDDP → EDDF,3.3898,"AEROLOGIC GMBH, LEIPZIG",GERMANY
EDDP,EDDF,DLH,370,7,-12.0583,scheduled_duration_under_3h,EDDP → EDDF,1.8919,"DEUTSCHE LUFTHANSA, AG, KOELN",GERMANY
EDDP,EGNX,BCS,172,7,-6.5167,scheduled_duration_under_3h,EDDP → EGNX,4.0698,"EUROPEAN AIR TRANSPORT, LEIPZIG",GERMANY
EDDP,EGNX,BOX,92,9,0.2667,scheduled_duration_under_3h,EDDP → EGNX,9.7826,"AEROLOGIC GMBH, LEIPZIG",GERMANY
EDDP,EGNX,CJT,4,0,-4.2417,scheduled_duration_under_3h,EDDP → EGNX,0.0,CARGOJET AIRWAYS LTD,CANADA
EDDP,EGNX,DHK,352,18,-7.0083,scheduled_duration_under_3h,EDDP → EGNX,5.1136,DHL AIR LIMITED,UNITED KINGDOM
EDDP,EGNX,PAC,2,0,-4.4833,scheduled_duration_under_3h,EDDP → EGNX,0.0,"POLAR AIR CARGO WORLDWIDE, INC. (WASHINGTON, DC)",UNITED STATES
EDDP,EGNX,ZZZ,111,14,-4.7333,scheduled_duration_under_3h,EDDP → EGNX,12.6126,Unknown / not identified,
EDDP,LIMC,BBD,7,0,-17.85,scheduled_duration_under_3h,EDDP → LIMC,0.0,BLUEBIRD NORDIC LTD,ICELAND
EDDP,LIMC,BCS,382,22,-16.4833,scheduled_duration_under_3h,EDDP → LIMC,5.7592,"EUROPEAN AIR TRANSPORT, LEIPZIG",GERMANY
EDDP,LIMC,DHX,9,0,-17.5,scheduled_duration_under_3h,EDDP → LIMC,0.0,DHL AVIATION EEMEA B.S.C.(C),BAHRAIN
EDDP,LIMC,GCL,1,0,-28.4667,scheduled_duration_under_3h,EDDP → LIMC,0.0,CARGOLOGIC GERMANY GMBH,GERMANY
EDDP,LIMC,GTI,4,0,-2.3167,scheduled_duration_under_3h,EDDP → LIMC,0.0,"ATLAS AIR, INC. (JAMAICA, NY)",UNITED STATES
EDDP,LIMC,PAC,12,2,-2.3667,scheduled_duration_under_3h,EDDP → LIMC,16.6667,"POLAR AIR CARGO WORLDWIDE, INC. (WASHINGTON, DC)",UNITED STATES
EDDP,LIMC,ZZZ,228,23,-7.7667,scheduled_duration_under_3h,EDDP → LIMC,10.0877,Unknown / not identified,
EDDS,EDDB,CFG,13,0,-0.7833,scheduled_duration_under_3h,EDDS → EDDB,0.0,"CONDOR FLUGDIENST GMBH, FRANKFURT (MAIN)",GERMANY
EDDS,EDDB,EWG,136,9,0.3583,scheduled_duration_under_3h,EDDS → EDDB,6.6176,EUROWINGS GMBH,GERMANY
EDDS,EDDB,GWI,392,66,5.2417,scheduled_duration_under_3h,EDDS → EDDB,16.8367,"GERMANWINGS GMBH, KOELN",GERMANY
EDDS,EDDB,SDR,1,0,2.3,scheduled_duration_under_3h,EDDS → EDDB,0.0,SUNDAIR GMBH,GERMANY
EDDS,EHAM,EWG,92,17,5.5667,scheduled_duration_under_3h,EDDS → EHAM,18.4783,EUROWINGS GMBH,GERMANY
EDDS,EHAM,KLM,415,81,6.9833,scheduled_duration_under_3h,EDDS → EHAM,19.5181,KLM ROYAL DUTCH AIRLINES,NETHERLANDS
EDDS,LEPA,CFG,59,7,2.45,scheduled_duration_under_3h,EDDS → LEPA,11.8644,"CONDOR FLUGDIENST GMBH, FRANKFURT (MAIN)",GERMANY
EDDS,LEPA,EWG,423,82,5.4167,scheduled_duration_under_3h,EDDS → LEPA,19.3853,EUROWINGS GMBH,GERMANY
EDDS,LEPA,VLG,32,1,1.3917,scheduled_duration_under_3h,EDDS → LEPA,3.125,VUELING AIRLINES,SPAIN
EDDS,LEPA,ZZZ,72,10,3.9917,scheduled_duration_under_3h,EDDS → LEPA,13.8889,Unknown / not identified,
EDDV,EDDM,DLH,492,18,-8.45,scheduled_duration_under_3h,EDDV → EDDM,3.6585,"DEUTSCHE LUFTHANSA, AG, KOELN",GERMANY
EDDV,EDDM,ZZZ,95,1,-10.9,scheduled_duration_under_3h,EDDV → EDDM,1.0526,Unknown / not identified,
EDDW,EDDM,DLH,514,25,-5.9083,scheduled_duration_under_3h,EDDW → EDDM,4.8638,"DEUTSCHE LUFTHANSA, AG, KOELN",GERMANY
EETN,EFHK,FIN,856,58,1.4,scheduled_duration_under_3h,EETN → EFHK,6.7757,FINNAIR OYJ,FINLAND
EETN,EFHK,KTB,8,0,1.1667,scheduled_duration_under_3h,EETN → EFHK,0.0,TRANSAVIABALTIKA,LITHUANIA
EETN,EFHK,ZZZ,105,1,-4.6167,scheduled_duration_under_3h,EETN → EFHK,0.9524,Unknown / not identified,
EFHK,EDDF,DLH,302,30,0.0833,scheduled_duration_under_3h,EFHK → EDDF,9.9338,"DEUTSCHE LUFTHANSA, AG, KOELN",GERMANY
EFHK,EDDF,FIN,224,19,-1.2167,scheduled_duration_under_3h,EFHK → EDDF,8.4821,FINNAIR OYJ,FINLAND
EFHK,EDDM,DLH,290,22,-0.7667,scheduled_duration_under_3h,EFHK → EDDM,7.5862,"DEUTSCHE LUFTHANSA, AG, KOELN",GERMANY
EFHK,EDDM,FIN,229,23,2.5167,scheduled_duration_under_3h,EFHK → EDDM,10.0437,FINNAIR OYJ,FINLAND
EFHK,EETN,FIN,858,65,1.1167,scheduled_duration_under_3h,EFHK → EETN,7.5758,FINNAIR OYJ,FINLAND
EFHK,EETN,KTB,8,1,0.3333,scheduled_duration_under_3h,EFHK → EETN,12.5,TRANSAVIABALTIKA,LITHUANIA
EFHK,EETN,ZZZ,149,19,2.8667,scheduled_duration_under_3h,EFHK → EETN,12.7517,Unknown / not identified,
EFHK,EFOU,FIN,855,74,1.6833,scheduled_duration_under_3h,EFHK → EFOU,8.655,FINNAIR OYJ,FINLAND
EFHK,EFOU,ZZZ,97,3,1.8,scheduled_duration_under_3h,EFHK → EFOU,3.0928,Unknown / not identified,
EFHK,EFRO,AFR,1,1,19.9167,scheduled_duration_under_3h,EFHK → EFRO,100.0,AIR FRANCE,FRANCE
EFHK,EFRO,FIN,578,68,3.1333,scheduled_duration_under_3h,EFHK → EFRO,11.7647,FINNAIR OYJ,FINLAND
EFHK,EFRO,ZZZ,85,11,5.9833,scheduled_duration_under_3h,EFHK → EFRO,12.9412,Unknown / not identified,
EFHK,EHAM,FIN,238,77,10.4417,scheduled_duration_under_3h,EFHK → EHAM,32.3529,FINNAIR OYJ,FINLAND
EFHK,EHAM,KLM,407,86,8.6833,scheduled_duration_under_3h,EFHK → EHAM,21.1302,KLM ROYAL DUTCH AIRLINES,NETHERLANDS
EFHK,EKCH,BCS,19,5,6.8167,scheduled_duration_under_3h,EFHK → EKCH,26.3158,"EUROPEAN AIR TRANSPORT, LEIPZIG",GERMANY
EFHK,EKCH,BCY,1,0,4.7833,scheduled_duration_under_3h,EFHK → EKCH,0.0,CITYJET,IRELAND
EFHK,EKCH,FIN,514,33,0.0833,scheduled_duration_under_3h,EFHK → EKCH,6.4202,FINNAIR OYJ,FINLAND
EFHK,EKCH,GCL,3,1,14.6333,scheduled_duration_under_3h,EFHK → EKCH,33.3333,CARGOLOGIC GERMANY GMBH,GERMANY
EFHK,EKCH,SAS,196,27,3.95,scheduled_duration_under_3h,EFHK → EKCH,13.7755,SCANDINAVIAN AIRLINES SYSTEM,SWEDEN
EFHK,EKCH,SWT,4,0,-6.4333,scheduled_duration_under_3h,EFHK → EKCH,0.0,SWIFTAIR S.A.,SPAIN
EFHK,EKCH,ZZZ,38,3,1.5667,scheduled_duration_under_3h,EFHK → EKCH,7.8947,Unknown / not identified,
EFHK,ENGM,FIN,434,65,4.8333,scheduled_duration_under_3h,EFHK → ENGM,14.977,FINNAIR OYJ,FINLAND
EFHK,ENGM,SAS,1,1,21.6167,scheduled_duration_under_3h,EFHK → ENGM,100.0,SCANDINAVIAN AIRLINES SYSTEM,SWEDEN
EFHK,ENGM,THY,11,3,8.5667,scheduled_duration_under_3h,EFHK → ENGM,27.2727,TURK HAVA YOLLARI (TURKISH AIRLINES CO.),TURKEY
EFHK,ENGM,ZZZ,61,8,5.7167,scheduled_duration_under_3h,EFHK → ENGM,13.1148,Unknown / not identified,
EFHK,ESSA,APF,1,0,-4.45,scheduled_duration_under_3h,EFHK → ESSA,0.0,AMAPOLA FLYG AB,SWEDEN
EFHK,ESSA,BCY,1,0,6.35,scheduled_duration_under_3h,EFHK → ESSA,0.0,CITYJET,IRELAND
EFHK,ESSA,FIN,737,55,2.6333,scheduled_duration_under_3h,EFHK → ESSA,7.4627,FINNAIR OYJ,FINLAND
EFHK,ESSA,FTL,1,0,-10.2,scheduled_duration_under_3h,EFHK → ESSA,0.0,FLIGHTLINE,SPAIN
EFHK,ESSA,SAS,238,53,7.1667,scheduled_duration_under_3h,EFHK → ESSA,22.2689,SCANDINAVIAN AIRLINES SYSTEM,SWEDEN
EFHK,ESSA,THY,12,4,10.7417,scheduled_duration_under_3h,EFHK → ESSA,33.3333,TURK HAVA YOLLARI (TURKISH AIRLINES CO.),TURKEY
EFHK,ESSA,UPS,13,0,2.1167,scheduled_duration_under_3h,EFHK → ESSA,0.0,"UNITED PARCEL SERVICE COMPANY, (LOUISVILLE, KY)",UNITED STATES
EFHK,ESSA,ZZZ,503,40,3.4,scheduled_duration_under_3h,EFHK → ESSA,7.9523,Unknown / not identified,
EFHK,EVRA,BTI,293,35,3.7833,scheduled_duration_under_3h,EFHK → EVRA,11.9454,AIR BALTIC CORPORATION JSC,LATVIA
EFHK,EVRA,FIN,331,34,2.9,scheduled_duration_under_3h,EFHK → EVRA,10.2719,FINNAIR OYJ,FINLAND
EFHK,EVRA,RYR,73,6,2.1667,scheduled_duration_under_3h,EFHK → EVRA,8.2192,RYANAIR,IRELAND
EFHK,LFPG,AFR,175,46,10.6333,scheduled_duration_under_3h,EFHK → LFPG,26.2857,AIR FRANCE,FRANCE
EFHK,LFPG,FDX,1,0,-4.75,scheduled_duration_under_3h,EFHK → LFPG,0.0,FEDERAL EXPRESS CORPORATION,UNITED STATES
EFHK,LFPG,FIN,411,59,5.95,scheduled_duration_under_3h,EFHK → LFPG,14.3552,FINNAIR OYJ,FINLAND
EFHK,LFPG,SWN,18,1,0.3167,scheduled_duration_under_3h,EFHK → LFPG,5.5556,WEST ATLANTIC SWEDEN AB,SWEDEN
EFHK,LFPG,ZZZ,37,6,0.8333,scheduled_duration_under_3h,EFHK → LFPG,16.2162,Unknown / not identified,
EFOU,EFHK,FIN,856,36,-0.3417,scheduled_duration_under_3h,EFOU → EFHK,4.2056,FINNAIR OYJ,FINLAND
EFOU,EFHK,ZZZ,97,2,-1.0167,scheduled_duration_under_3h,EFOU → EFHK,2.0619,Unknown / not identified,
EFRO,EFHK,FIN,577,43,0.5333,scheduled_duration_under_3h,EFRO → EFHK,7.4523,FINNAIR OYJ,FINLAND
EFRO,EFHK,ZZZ,85,11,4.1167,scheduled_duration_under_3h,EFRO → EFHK,12.9412,Unknown / not identified,
EGAA,EGGP,EZY,542,14,-4.4,scheduled_duration_under_3h,EGAA → EGGP,2.583,EASYJET UK LTD,UNITED KINGDOM
EGAA,EGKK,EZY,609,129,1.9333,scheduled_duration_under_3h,EGAA → EGKK,21.1823,EASYJET UK LTD,UNITED KINGDOM
EGAA,EGNX,ABV,24,0,-2.7,scheduled_duration_under_3h,EGAA → EGNX,0.0,ASL AIRLINES UK,UNITED KINGDOM
EGAA,EGNX,AWC,84,1,-1.1,scheduled_duration_under_3h,EGAA → EGNX,1.1905,TITAN AIRWAYS LTD,UNITED KINGDOM
EGAA,EGNX,DHK,102,6,1.075,scheduled_duration_under_3h,EGAA → EGNX,5.8824,DHL AIR LIMITED,UNITED KINGDOM
EGAA,EGNX,EZY,14,0,-4.3083,scheduled_duration_under_3h,EGAA → EGNX,0.0,EASYJET UK LTD,UNITED KINGDOM
EGAA,EGNX,ZZZ,290,19,1.625,scheduled_duration_under_3h,EGAA → EGNX,6.5517,Unknown / not identified,
EGAC,EGBB,CFE,14,0,3.1583,scheduled_duration_under_3h,EGAC → EGBB,0.0,BA CITYFLYER LTD,UNITED KINGDOM
EGAC,EGBB,EAI,94,5,4.625,scheduled_duration_under_3h,EGAC → EGBB,5.3191,EMERALD AIRLINES (IRELAND) LIMITED,IRELAND
EGAC,EGBB,ZZZ,410,49,4.0417,scheduled_duration_under_3h,EGAC → EGBB,11.9512,Unknown / not identified,
EGAC,EGLL,BAW,1,0,-15.9333,scheduled_duration_under_3h,EGAC → EGLL,0.0,BRITISH AIRWAYS,UNITED KINGDOM
EGAC,EGLL,EIN,270,46,3.925,scheduled_duration_under_3h,EGAC → EGLL,17.037,AER LINGUS TEORANTA,IRELAND
EGAC,EGLL,SHT,402,98,6.35,scheduled_duration_under_3h,EGAC → EGLL,24.3781,BRITISH AIRWAYS SHUTTLE,UNITED KINGDOM
EGAC,EGLL,ZZZ,173,52,9.4833,scheduled_duration_under_3h,EGAC → EGLL,30.0578,Unknown / not identified,
EGBB,EGAC,CFE,14,0,-6.0083,scheduled_duration_under_3h,EGBB → EGAC,0.0,BA CITYFLYER LTD,UNITED KINGDOM
EGBB,EGAC,EAI,94,0,-2.0583,scheduled_duration_under_3h,EGBB → EGAC,0.0,EMERALD AIRLINES (IRELAND) LIMITED,IRELAND
EGBB,EGAC,ZZZ,418,3,-4.5083,scheduled_duration_under_3h,EGBB → EGAC,0.7177,Unknown / not identified,
EGBB,EHAM,EXS,9,2,3.8667,scheduled_duration_under_3h,EGBB → EHAM,22.2222,JET2.COM LTD,UNITED KINGDOM
EGBB,EHAM,KLM,443,35,0.9167,scheduled_duration_under_3h,EGBB → EHAM,7.9007,KLM ROYAL DUTCH AIRLINES,NETHERLANDS
EGBB,EHAM,ZZZ,234,30,3.9333,scheduled_duration_under_3h,EGBB → EHAM,12.8205,Unknown / not identified,
EGBB,EIDW,EAI,69,2,-4.9667,scheduled_duration_under_3h,EGBB → EIDW,2.8986,EMERALD AIRLINES (IRELAND) LIMITED,IRELAND
EGBB,EIDW,EIN,281,7,-6.0667,scheduled_duration_under_3h,EGBB → EIDW,2.4911,AER LINGUS TEORANTA,IRELAND
EGBB,EIDW,GEC,16,1,-3.3667,scheduled_duration_under_3h,EGBB → EIDW,6.25,"LUFTHANSA CARGO AG, FRANKFURT (MAIN)",GERMANY
EGBB,EIDW,RYR,587,18,-5.5833,scheduled_duration_under_3h,EGBB → EIDW,3.0664,RYANAIR,IRELAND
EGBB,EIDW,ZZZ,155,7,-8.9167,scheduled_duration_under_3h,EGBB → EIDW,4.5161,Unknown / not identified,
EGCC,EGLL,SHT,559,84,2.3667,scheduled_duration_under_3h,EGCC → EGLL,15.0268,BRITISH AIRWAYS SHUTTLE,UNITED KINGDOM
EGCC,EGLL,VIR,1,0,-5.05,scheduled_duration_under_3h,EGCC → EGLL,0.0,VIRGIN ATLANTIC,UNITED KINGDOM
EGCC,EHAM,EZY,382,40,-3.075,scheduled_duration_under_3h,EGCC → EHAM,10.4712,EASYJET UK LTD,UNITED KINGDOM
EGCC,EHAM,KLM,528,67,1.425,scheduled_duration_under_3h,EGCC → EHAM,12.6894,KLM ROYAL DUTCH AIRLINES,NETHERLANDS
EGCC,EHAM,ZZZ,13,0,-8.1,scheduled_duration_under_3h,EGCC → EHAM,0.0,Unknown / not identified,
EGCC,EIDW,EAI,94,5,-2.875,scheduled_duration_under_3h,EGCC → EIDW,5.3191,EMERALD AIRLINES (IRELAND) LIMITED,IRELAND
EGCC,EIDW,EIN,301,18,-6.1833,scheduled_duration_under_3h,EGCC → EIDW,5.9801,AER LINGUS TEORANTA,IRELAND
EGCC,EIDW,RYR,642,28,-6.0833,scheduled_duration_under_3h,EGCC → EIDW,4.3614,RYANAIR,IRELAND
EGCC,EIDW,SWR,1,0,-8.9667,scheduled_duration_under_3h,EGCC → EIDW,0.0,SWISS INTERNATIONAL AIR LINES LTD,SWITZERLAND
EGCC,EIDW,ZZZ,146,15,-1.1667,scheduled_duration_under_3h,EGCC → EIDW,10.274,Unknown / not identified,
EGCC,LEAL,EXS,148,25,5.3917,scheduled_duration_under_3h,EGCC → LEAL,16.8919,JET2.COM LTD,UNITED KINGDOM
EGCC,LEAL,EZY,202,36,1.6917,scheduled_duration_under_3h,EGCC → LEAL,17.8218,EASYJET UK LTD,UNITED KINGDOM
EGCC,LEAL,RYR,297,46,3.3667,scheduled_duration_under_3h,EGCC → LEAL,15.4882,RYANAIR,IRELAND
EGCC,LEAL,ZZZ,41,5,5.3833,scheduled_duration_under_3h,EGCC → LEAL,12.1951,Unknown / not identified,
EGCC,LEPA,EXS,186,47,5.25,scheduled_duration_under_3h,EGCC → LEPA,25.2688,JET2.COM LTD,UNITED KINGDOM
EGCC,LEPA,EZY,127,25,2.1833,scheduled_duration_under_3h,EGCC → LEPA,19.685,EASYJET UK LTD,UNITED KINGDOM
EGCC,LEPA,RYR,185,37,3.0667,scheduled_duration_under_3h,EGCC → LEPA,20.0,RYANAIR,IRELAND
EGCC,LEPA,ZZZ,122,34,5.2083,scheduled_duration_under_3h,EGCC → LEPA,27.8689,Unknown / not identified,
EGCC,LFPG,AFR,346,57,4.0333,scheduled_duration_under_3h,EGCC → LFPG,16.474,AIR FRANCE,FRANCE
EGCC,LFPG,EZY,308,20,-5.3167,scheduled_duration_under_3h,EGCC → LFPG,6.4935,EASYJET UK LTD,UNITED KINGDOM
EGGD,EHAM,EZY,207,20,3.3167,scheduled_duration_under_3h,EGGD → EHAM,9.6618,EASYJET UK LTD,UNITED KINGDOM
EGGD,EHAM,KLM,301,36,3.8,scheduled_duration_under_3h,EGGD → EHAM,11.9601,KLM ROYAL DUTCH AIRLINES,NETHERLANDS
EGGD,EHAM,ZZZ,79,19,3.65,scheduled_duration_under_3h,EGGD → EHAM,24.0506,Unknown / not identified,
EGGD,EIDW,EAI,82,1,-6.0083,scheduled_duration_under_3h,EGGD → EIDW,1.2195,EMERALD AIRLINES (IRELAND) LIMITED,IRELAND
EGGD,EIDW,EIN,18,0,-17.125,scheduled_duration_under_3h,EGGD → EIDW,0.0,AER LINGUS TEORANTA,IRELAND
EGGD,EIDW,RYR,323,11,-1.5333,scheduled_duration_under_3h,EGGD → EIDW,3.4056,RYANAIR,IRELAND
EGGD,EIDW,ZZZ,142,3,-3.8667,scheduled_duration_under_3h,EGGD → EIDW,2.1127,Unknown / not identified,
EGGP,EGAA,EZY,541,26,-7.1,scheduled_duration_under_3h,EGGP → EGAA,4.8059,EASYJET UK LTD,UNITED KINGDOM
EGGW,EHAM,EZY,499,48,-2.6833,scheduled_duration_under_3h,EGGW → EHAM,9.6192,EASYJET UK LTD,UNITED KINGDOM
EGGW,EHAM,MNB,15,1,1.8167,scheduled_duration_under_3h,EGGW → EHAM,6.6667,MNG HAVAYOLLARI VE TASIMACILIK A.S.,TURKEY
EGGW,EHAM,ZZZ,92,8,-7.5833,scheduled_duration_under_3h,EGGW → EHAM,8.6957,Unknown / not identified,
EGJB,EGKK,AUR,606,72,1.3417,scheduled_duration_under_3h,EGJB → EGKK,11.8812,AURIGNY AIR SERVICES LTD.,UNITED KINGDOM
EGKK,EGAA,EZY,612,19,-5.2333,scheduled_duration_under_3h,EGKK → EGAA,3.1046,EASYJET UK LTD,UNITED KINGDOM
EGKK,EGJB,AUR,606,19,-7.05,scheduled_duration_under_3h,EGKK → EGJB,3.1353,AURIGNY AIR SERVICES LTD.,UNITED KINGDOM
EGKK,EGPF,BAW,33,2,-1.1833,scheduled_duration_under_3h,EGKK → EGPF,6.0606,BRITISH AIRWAYS,UNITED KINGDOM
EGKK,EGPF,EZY,436,25,-6.35,scheduled_duration_under_3h,EGKK → EGPF,5.7339,EASYJET UK LTD,UNITED KINGDOM
EGKK,EGPF,SHT,86,4,-3.1,scheduled_duration_under_3h,EGKK → EGPF,4.6512,BRITISH AIRWAYS SHUTTLE,UNITED KINGDOM
EGKK,EGPF,ZZZ,6,1,-0.5917,scheduled_duration_under_3h,EGKK → EGPF,16.6667,Unknown / not identified,
EGKK,EGPH,EZY,519,27,-5.3833,scheduled_duration_under_3h,EGKK → EGPH,5.2023,EASYJET UK LTD,UNITED KINGDOM
EGKK,EGPH,ZZZ,1,0,-18.9667,scheduled_duration_under_3h,EGKK → EGPH,0.0,Unknown / not identified,
EGKK,EHAM,BAW,211,30,3.35,scheduled_duration_under_3h,EGKK → EHAM,14.218,BRITISH AIRWAYS,UNITED KINGDOM
EGKK,EHAM,EZY,375,29,-4.45,scheduled_duration_under_3h,EGKK → EHAM,7.7333,EASYJET UK LTD,UNITED KINGDOM
EGKK,EHAM,ZZZ,283,28,-4.2167,scheduled_duration_under_3h,EGKK → EHAM,9.894,Unknown / not identified,
EGKK,EIDW,EIN,541,19,-9.6667,scheduled_duration_under_3h,EGKK → EIDW,3.512,AER LINGUS TEORANTA,IRELAND
EGKK,EIDW,RYR,910,34,-6.5333,scheduled_duration_under_3h,EGKK → EIDW,3.7363,RYANAIR,IRELAND
EGKK,EKCH,EZY,189,8,-6.7,scheduled_duration_under_3h,EGKK → EKCH,4.2328,EASYJET UK LTD,UNITED KINGDOM
EGKK,EKCH,ZZZ,416,7,-9.775,scheduled_duration_under_3h,EGKK → EKCH,1.6827,Unknown / not identified,
EGKK,LEAL,BAW,89,14,3.0833,scheduled_duration_under_3h,EGKK → LEAL,15.7303,BRITISH AIRWAYS,UNITED KINGDOM
EGKK,LEAL,EZY,412,36,1.425,scheduled_duration_under_3h,EGKK → LEAL,8.7379,EASYJET UK LTD,UNITED KINGDOM
EGKK,LEAL,RYR,81,3,1.15,scheduled_duration_under_3h,EGKK → LEAL,3.7037,RYANAIR,IRELAND
EGKK,LEAL,ZZZ,14,1,-2.7667,scheduled_duration_under_3h,EGKK → LEAL,7.1429,Unknown / not identified,
EGKK,LEBL,EZY,253,32,2.0833,scheduled_duration_under_3h,EGKK → LEBL,12.6482,EASYJET UK LTD,UNITED KINGDOM
EGKK,LEBL,VLG,669,101,2.85,scheduled_duration_under_3h,EGKK → LEBL,15.0972,VUELING AIRLINES,SPAIN
EGKK,LEBL,ZZZ,180,13,-4.45,scheduled_duration_under_3h,EGKK → LEBL,7.2222,Unknown / not identified,
EGKK,LEMD,AEA,244,14,-2.0667,scheduled_duration_under_3h,EGKK → LEMD,5.7377,AIR EUROPA,SPAIN
EGKK,LEMD,BAW,47,9,1.7667,scheduled_duration_under_3h,EGKK → LEMD,19.1489,BRITISH AIRWAYS,UNITED KINGDOM
EGKK,LEMD,EZY,300,21,-2.3083,scheduled_duration_under_3h,EGKK → LEMD,7.0,EASYJET UK LTD,UNITED KINGDOM
EGKK,LEMD,PLM,1,0,7.1833,scheduled_duration_under_3h,EGKK → LEMD,0.0,WAMOS AIR S.A.,SPAIN
EGKK,LEMD,ZZZ,172,20,-0.1083,scheduled_duration_under_3h,EGKK → LEMD,11.6279,Unknown / not identified,
EGKK,LEMG,BAW,114,14,1.1,scheduled_duration_under_3h,EGKK → LEMG,12.2807,BRITISH AIRWAYS,UNITED KINGDOM
EGKK,LEMG,CFE,1,0,7.7667,scheduled_duration_under_3h,EGKK → LEMG,0.0,BA CITYFLYER LTD,UNITED KINGDOM
EGKK,LEMG,EZY,369,56,3.9167,scheduled_duration_under_3h,EGKK → LEMG,15.1762,EASYJET UK LTD,UNITED KINGDOM
EGKK,LEMG,RYR,22,0,-2.4083,scheduled_duration_under_3h,EGKK → LEMG,0.0,RYANAIR,IRELAND
EGKK,LEMG,VLG,177,24,3.1,scheduled_duration_under_3h,EGKK → LEMG,13.5593,VUELING AIRLINES,SPAIN
EGKK,LEMG,WZZ,1,0,-12.5,scheduled_duration_under_3h,EGKK → LEMG,0.0,WIZZ AIR HUNGARY LTD,HUNGARY
EGKK,LEMG,ZZZ,230,39,4.35,scheduled_duration_under_3h,EGKK → LEMG,16.9565,Unknown / not identified,
EGKK,LEPA,BAW,69,10,4.0667,scheduled_duration_under_3h,EGKK → LEPA,14.4928,BRITISH AIRWAYS,UNITED KINGDOM
EGKK,LEPA,CFE,1,0,14.8333,scheduled_duration_under_3h,EGKK → LEPA,0.0,BA CITYFLYER LTD,UNITED KINGDOM
EGKK,LEPA,EZY,252,24,-1.2917,scheduled_duration_under_3h,EGKK → LEPA,9.5238,EASYJET UK LTD,UNITED KINGDOM
EGKK,LEPA,ZZZ,316,40,2.0,scheduled_duration_under_3h,EGKK → LEPA,12.6582,Unknown / not identified,
EGKK,LFMN,BAW,95,24,4.8167,scheduled_duration_under_3h,EGKK → LFMN,25.2632,BRITISH AIRWAYS,UNITED KINGDOM
EGKK,LFMN,EZY,387,62,2.85,scheduled_duration_under_3h,EGKK → LFMN,16.0207,EASYJET UK LTD,UNITED KINGDOM
EGKK,LFMN,ZZZ,38,4,-1.125,scheduled_duration_under_3h,EGKK → LFMN,10.5263,Unknown / not identified,
EGKK,LIMC,BAW,42,4,-9.7667,scheduled_duration_under_3h,EGKK → LIMC,9.5238,BRITISH AIRWAYS,UNITED KINGDOM
EGKK,LIMC,EZY,171,9,-15.4,scheduled_duration_under_3h,EGKK → LIMC,5.2632,EASYJET UK LTD,UNITED KINGDOM
EGKK,LIMC,WZZ,196,9,-15.4,scheduled_duration_under_3h,EGKK → LIMC,4.5918,WIZZ AIR HUNGARY LTD,HUNGARY
EGKK,LIMC,ZZZ,286,6,-19.0917,scheduled_duration_under_3h,EGKK → LIMC,2.0979,Unknown / not identified,
EGKK,LIRF,EZY,268,21,-5.6083,scheduled_duration_under_3h,EGKK → LIRF,7.8358,EASYJET UK LTD,UNITED KINGDOM
EGKK,LIRF,VLG,255,5,-7.15,scheduled_duration_under_3h,EGKK → LIRF,1.9608,VUELING AIRLINES,SPAIN
EGKK,LIRF,WZZ,100,11,-5.1667,scheduled_duration_under_3h,EGKK → LIRF,11.0,WIZZ AIR HUNGARY LTD,HUNGARY
EGKK,LPFR,BAW,121,10,3.7667,scheduled_duration_under_3h,EGKK → LPFR,8.2645,BRITISH AIRWAYS,UNITED KINGDOM
EGKK,LPFR,EZY,322,20,1.65,scheduled_duration_under_3h,EGKK → LPFR,6.2112,EASYJET UK LTD,UNITED KINGDOM
EGKK,LPFR,WZZ,1,0,6.3,scheduled_duration_under_3h,EGKK → LPFR,0.0,WIZZ AIR HUNGARY LTD,HUNGARY
EGKK,LPFR,ZZZ,171,14,0.9,scheduled_duration_under_3h,EGKK → LPFR,8.1871,Unknown / not identified,
EGKK,LSGG,BAW,93,5,-6.1167,scheduled_duration_under_3h,EGKK → LSGG,5.3763,BRITISH AIRWAYS,UNITED KINGDOM
EGKK,LSGG,EZS,381,27,-5.3167,scheduled_duration_under_3h,EGKK → LSGG,7.0866,EASY JET SWITZERLAND SA,SWITZERLAND
EGKK,LSGG,EZY,331,16,-3.3,scheduled_duration_under_3h,EGKK → LSGG,4.8338,EASYJET UK LTD,UNITED KINGDOM
EGKK,LSGG,SWR,34,1,-1.6667,scheduled_duration_under_3h,EGKK → LSGG,2.9412,SWISS INTERNATIONAL AIR LINES LTD,SWITZERLAND
EGKK,LSGG,ZZZ,6,4,21.1333,scheduled_duration_under_3h,EGKK → LSGG,66.6667,Unknown / not identified,
EGLC,EDDF,CFE,320,11,-4.8333,scheduled_duration_under_3h,EGLC → EDDF,3.4375,BA CITYFLYER LTD,UNITED KINGDOM
EGLC,EDDF,DLH,242,1,-9.4667,scheduled_duration_under_3h,EGLC → EDDF,0.4132,"DEUTSCHE LUFTHANSA, AG, KOELN",GERMANY
EGLC,EGPH,CFE,743,103,3.5333,scheduled_duration_under_3h,EGLC → EGPH,13.8627,BA CITYFLYER LTD,UNITED KINGDOM
EGLC,EHAM,CFE,452,90,5.1333,scheduled_duration_under_3h,EGLC → EHAM,19.9115,BA CITYFLYER LTD,UNITED KINGDOM
EGLC,EHAM,KLM,588,51,1.5,scheduled_duration_under_3h,EGLC → EHAM,8.6735,KLM ROYAL DUTCH AIRLINES,NETHERLANDS
EGLC,EIDW,CFE,535,47,-0.6,scheduled_duration_under_3h,EGLC → EIDW,8.785,BA CITYFLYER LTD,UNITED KINGDOM
EGLC,ELLX,BAW,1,0,-1.95,scheduled_duration_under_3h,EGLC → ELLX,0.0,BRITISH AIRWAYS,UNITED KINGDOM
EGLC,ELLX,CFE,107,18,5.2333,scheduled_duration_under_3h,EGLC → ELLX,16.8224,BA CITYFLYER LTD,UNITED KINGDOM
EGLC,ELLX,LGL,562,11,-4.6417,scheduled_duration_under_3h,EGLC → ELLX,1.9573,LUXAIR - SOCIETE LUXEMBOURGEOISE DE NAVIGATION AERIENNE S.A.,LUXEMBOURG
EGLC,LSZH,CFE,271,33,4.1833,scheduled_duration_under_3h,EGLC → LSZH,12.1771,BA CITYFLYER LTD,UNITED KINGDOM
EGLC,LSZH,SWR,344,42,0.8917,scheduled_duration_under_3h,EGLC → LSZH,12.2093,SWISS INTERNATIONAL AIR LINES LTD,SWITZERLAND
EGLL,EBBR,BAW,323,91,9.8167,scheduled_duration_under_3h,EGLL → EBBR,28.1734,BRITISH AIRWAYS,UNITED KINGDOM
EGLL,EBBR,BCS,81,4,-1.4,scheduled_duration_under_3h,EGLL → EBBR,4.9383,"EUROPEAN AIR TRANSPORT, LEIPZIG",GERMANY
EGLL,EBBR,BEL,317,69,6.8167,scheduled_duration_under_3h,EGLL → EBBR,21.7666,BRUSSELS AIRLINES,BELGIUM
EGLL,EBBR,ETH,3,2,17.1667,scheduled_duration_under_3h,EGLL → EBBR,66.6667,ETHIOPIAN AIRLINES CORPORATION,ETHIOPIA
EGLL,EBBR,RWD,41,9,9.4667,scheduled_duration_under_3h,EGLL → EBBR,21.9512,RWANDAIR LTD.,RWANDA
EGLL,EBBR,VIR,17,2,1.4667,scheduled_duration_under_3h,EGLL → EBBR,11.7647,VIRGIN ATLANTIC,UNITED KINGDOM
EGLL,EDDF,BAW,422,33,-3.3167,scheduled_duration_under_3h,EGLL → EDDF,7.8199,BRITISH AIRWAYS,UNITED KINGDOM
EGLL,EDDF,BCS,32,0,-15.8083,scheduled_duration_under_3h,EGLL → EDDF,0.0,"EUROPEAN AIR TRANSPORT, LEIPZIG",GERMANY
EGLL,EDDF,DLH,1016,58,-4.7333,scheduled_duration_under_3h,EGLL → EDDF,5.7087,"DEUTSCHE LUFTHANSA, AG, KOELN",GERMANY
EGLL,EDDF,GEC,4,0,3.4583,scheduled_duration_under_3h,EGLL → EDDF,0.0,"LUFTHANSA CARGO AG, FRANKFURT (MAIN)",GERMANY
EGLL,EDDF,SIA,1,0,7.3167,scheduled_duration_under_3h,EGLL → EDDF,0.0,SINGAPORE AIRLINES LIMITED,SINGAPORE
EGLL,EDDF,UAE,19,2,-11.4667,scheduled_duration_under_3h,EGLL → EDDF,10.5263,EMIRATES,UNITED ARAB EMIRATES
EGLL,EDDH,BAW,369,72,3.7833,scheduled_duration_under_3h,EGLL → EDDH,19.5122,BRITISH AIRWAYS,UNITED KINGDOM
EGLL,EDDH,EWG,252,42,0.2167,scheduled_duration_under_3h,EGLL → EDDH,16.6667,EUROWINGS GMBH,GERMANY
EGLL,EDDL,BAW,360,66,5.2917,scheduled_duration_under_3h,EGLL → EDDL,18.3333,BRITISH AIRWAYS,UNITED KINGDOM
EGLL,EDDL,EWG,364,43,0.7417,scheduled_duration_under_3h,EGLL → EDDL,11.8132,EUROWINGS GMBH,GERMANY
EGLL,EDDM,BAW,461,123,7.15,scheduled_duration_under_3h,EGLL → EDDM,26.6811,BRITISH AIRWAYS,UNITED KINGDOM
EGLL,EDDM,DLH,741,101,0.2333,scheduled_duration_under_3h,EGLL → EDDM,13.6302,"DEUTSCHE LUFTHANSA, AG, KOELN",GERMANY
EGLL,EGAC,BAW,1,1,37.35,scheduled_duration_under_3h,EGLL → EGAC,100.0,BRITISH AIRWAYS,UNITED KINGDOM
EGLL,EGAC,EIN,268,36,2.2083,scheduled_duration_under_3h,EGLL → EGAC,13.4328,AER LINGUS TEORANTA,IRELAND
EGLL,EGAC,SHT,404,98,7.9167,scheduled_duration_under_3h,EGLL → EGAC,24.2574,BRITISH AIRWAYS SHUTTLE,UNITED KINGDOM
EGLL,EGAC,ZZZ,168,18,-4.0917,scheduled_duration_under_3h,EGLL → EGAC,10.7143,Unknown / not identified,
EGLL,EGCC,ETH,1,1,21.0667,scheduled_duration_under_3h,EGLL → EGCC,100.0,ETHIOPIAN AIRLINES CORPORATION,ETHIOPIA
EGLL,EGCC,SHT,559,222,12.4,scheduled_duration_under_3h,EGLL → EGCC,39.7138,BRITISH AIRWAYS SHUTTLE,UNITED KINGDOM
EGLL,EGCC,SIA,1,1,18.2833,scheduled_duration_under_3h,EGLL → EGCC,100.0,SINGAPORE AIRLINES LIMITED,SINGAPORE
EGLL,EGCC,VIR,2,1,11.3,scheduled_duration_under_3h,EGLL → EGCC,50.0,VIRGIN ATLANTIC,UNITED KINGDOM
EGLL,EGPD,BAW,1,1,33.4,scheduled_duration_under_3h,EGLL → EGPD,100.0,BRITISH AIRWAYS,UNITED KINGDOM
EGLL,EGPD,SHT,544,187,10.5417,scheduled_duration_under_3h,EGLL → EGPD,34.375,BRITISH AIRWAYS SHUTTLE,UNITED KINGDOM
EGLL,EGPF,BAW,7,3,10.75,scheduled_duration_under_3h,EGLL → EGPF,42.8571,BRITISH AIRWAYS,UNITED KINGDOM
EGLL,EGPF,SHT,842,282,10.3083,scheduled_duration_under_3h,EGLL → EGPF,33.4917,BRITISH AIRWAYS SHUTTLE,UNITED KINGDOM
EGLL,EGPH,BAW,1,1,21.9833,scheduled_duration_under_3h,EGLL → EGPH,100.0,BRITISH AIRWAYS,UNITED KINGDOM
EGLL,EGPH,LOG,1,0,10.3833,scheduled_duration_under_3h,EGLL → EGPH,0.0,LOGAN AIR LIMITED,UNITED KINGDOM
EGLL,EGPH,SHT,875,272,9.7,scheduled_duration_under_3h,EGLL → EGPH,31.0857,BRITISH AIRWAYS SHUTTLE,UNITED KINGDOM
EGLL,EHAM,BAW,722,238,9.9833,scheduled_duration_under_3h,EGLL → EHAM,32.964,BRITISH AIRWAYS,UNITED KINGDOM
EGLL,EHAM,BCS,18,5,3.1917,scheduled_duration_under_3h,EGLL → EHAM,27.7778,"EUROPEAN AIR TRANSPORT, LEIPZIG",GERMANY
EGLL,EHAM,KLM,876,167,5.675,scheduled_duration_under_3h,EGLL → EHAM,19.0639,KLM ROYAL DUTCH AIRLINES,NETHERLANDS
EGLL,EHAM,MNB,1,0,8.6667,scheduled_duration_under_3h,EGLL → EHAM,0.0,MNG HAVAYOLLARI VE TASIMACILIK A.S.,TURKEY
EGLL,EHAM,SIA,18,1,10.1417,scheduled_duration_under_3h,EGLL → EHAM,5.5556,SINGAPORE AIRLINES LIMITED,SINGAPORE
EGLL,EHAM,ZZZ,146,40,7.6083,scheduled_duration_under_3h,EGLL → EHAM,27.3973,Unknown / not identified,
EGLL,EIDW,BAW,664,138,5.6333,scheduled_duration_under_3h,EGLL → EIDW,20.7831,BRITISH AIRWAYS,UNITED KINGDOM
EGLL,EIDW,EIN,1135,148,1.3333,scheduled_duration_under_3h,EGLL → EIDW,13.0396,AER LINGUS TEORANTA,IRELAND
EGLL,EKCH,BAW,477,99,5.6667,scheduled_duration_under_3h,EGLL → EKCH,20.7547,BRITISH AIRWAYS,UNITED KINGDOM
EGLL,EKCH,SAS,123,3,-3.75,scheduled_duration_under_3h,EGLL → EKCH,2.439,SCANDINAVIAN AIRLINES SYSTEM,SWEDEN
EGLL,EKCH,ZZZ,345,25,0.8167,scheduled_duration_under_3h,EGLL → EKCH,7.2464,Unknown / not identified,
EGLL,ENGM,BAW,263,69,6.5667,scheduled_duration_under_3h,EGLL → ENGM,26.2357,BRITISH AIRWAYS,UNITED KINGDOM
EGLL,ENGM,QTR,6,0,6.4833,scheduled_duration_under_3h,EGLL → ENGM,0.0,QATAR AIRWAYS GROUP Q.C.S.C.,QATAR
EGLL,ENGM,SAS,442,30,0.5167,scheduled_duration_under_3h,EGLL → ENGM,6.7873,SCANDINAVIAN AIRLINES SYSTEM,SWEDEN
EGLL,ENGM,THY,1,1,49.8167,scheduled_duration_under_3h,EGLL → ENGM,100.0,TURK HAVA YOLLARI (TURKISH AIRLINES CO.),TURKEY
EGLL,EPWA,BAW,296,56,3.05,scheduled_duration_under_3h,EGLL → EPWA,18.9189,BRITISH AIRWAYS,UNITED KINGDOM
EGLL,EPWA,LOT,266,47,3.2167,scheduled_duration_under_3h,EGLL → EPWA,17.6692,LOT - POLSKIE LINIE LOTNICZE,POLAND
EGLL,EPWA,VIR,1,0,-6.1,scheduled_duration_under_3h,EGLL → EPWA,0.0,VIRGIN ATLANTIC,UNITED KINGDOM
EGLL,ESSA,BAW,361,74,7.0167,scheduled_duration_under_3h,EGLL → ESSA,20.4986,BRITISH AIRWAYS,UNITED KINGDOM
EGLL,ESSA,BCS,3,0,-5.5,scheduled_duration_under_3h,EGLL → ESSA,0.0,"EUROPEAN AIR TRANSPORT, LEIPZIG",GERMANY
EGLL,ESSA,SAS,138,17,3.2833,scheduled_duration_under_3h,EGLL → ESSA,12.3188,SCANDINAVIAN AIRLINES SYSTEM,SWEDEN
EGLL,ESSA,ZZZ,368,39,3.45,scheduled_duration_under_3h,EGLL → ESSA,10.5978,Unknown / not identified,
EGLL,LEBL,BAW,711,264,11.4833,scheduled_duration_under_3h,EGLL → LEBL,37.1308,BRITISH AIRWAYS,UNITED KINGDOM
EGLL,LEMD,BAW,452,126,7.3917,scheduled_duration_under_3h,EGLL → LEMD,27.8761,BRITISH AIRWAYS,UNITED KINGDOM
EGLL,LEMD,IBE,878,119,1.0,scheduled_duration_under_3h,EGLL → LEMD,13.5535,"IBERIA - LINEAS AEREAS DE ESPANA, SOCIEDAD ANONIMA OPERADORA",SPAIN
EGLL,LFMN,AFR,30,4,9.5167,scheduled_duration_under_3h,EGLL → LFMN,13.3333,AIR FRANCE,FRANCE
EGLL,LFMN,BAW,586,192,9.0917,scheduled_duration_under_3h,EGLL → LFMN,32.7645,BRITISH AIRWAYS,UNITED KINGDOM
EGLL,LFMN,VJT,1,1,40.4333,scheduled_duration_under_3h,EGLL → LFMN,100.0,VISTAJET LTD,MALTA
EGLL,LFPG,AFR,623,114,5.1333,scheduled_duration_under_3h,EGLL → LFPG,18.2986,AIR FRANCE,FRANCE
EGLL,LFPG,BAW,598,129,5.9917,scheduled_duration_under_3h,EGLL → LFPG,21.5719,BRITISH AIRWAYS,UNITED KINGDOM
EGLL,LFPG,BCS,17,1,-11.5167,scheduled_duration_under_3h,EGLL → LFPG,5.8824,"EUROPEAN AIR TRANSPORT, LEIPZIG",GERMANY
EGLL,LFPG,CPA,14,6,9.2583,scheduled_duration_under_3h,EGLL → LFPG,42.8571,CATHAY PACIFIC AIRWAYS LTD.,CHINA
EGLL,LFPG,KAL,37,2,-0.9667,scheduled_duration_under_3h,EGLL → LFPG,5.4054,"KOREAN AIR LINES CO., LTD.",REPUBLIC OF KOREA
EGLL,LFPG,QTR,1,1,25.7333,scheduled_duration_under_3h,EGLL → LFPG,100.0,QATAR AIRWAYS GROUP Q.C.S.C.,QATAR
EGLL,LIML,BAW,456,130,7.8333,scheduled_duration_under_3h,EGLL → LIML,28.5088,BRITISH AIRWAYS,UNITED KINGDOM
EGLL,LIML,ZZZ,228,18,-1.8417,scheduled_duration_under_3h,EGLL → LIML,7.8947,Unknown / not identified,
EGLL,LIRF,BAW,527,75,-0.1167,scheduled_duration_under_3h,EGLL → LIRF,14.2315,BRITISH AIRWAYS,UNITED KINGDOM
EGLL,LIRF,ZZZ,227,11,-4.1,scheduled_duration_under_3h,EGLL → LIRF,4.8458,Unknown / not identified,
EGLL,LOWW,AUA,417,145,9.7167,scheduled_duration_under_3h,EGLL → LOWW,34.7722,AUSTRIAN AIRLINES (AUA) AG,AUSTRIA
EGLL,LOWW,BAW,333,148,13.8167,scheduled_duration_under_3h,EGLL → LOWW,44.4444,BRITISH AIRWAYS,UNITED KINGDOM
EGLL,LOWW,QTR,2,0,-5.35,scheduled_duration_under_3h,EGLL → LOWW,0.0,QATAR AIRWAYS GROUP Q.C.S.C.,QATAR
EGLL,LPPT,BAW,473,207,13.4333,scheduled_duration_under_3h,EGLL → LPPT,43.7632,BRITISH AIRWAYS,UNITED KINGDOM
EGLL,LPPT,TAP,690,172,7.475,scheduled_duration_under_3h,EGLL → LPPT,24.9275,"TRANSPORTES AEREOS PORTUGUESES, E.P.",PORTUGAL
EGLL,LSGG,BAW,900,241,7.8583,scheduled_duration_under_3h,EGLL → LSGG,26.7778,BRITISH AIRWAYS,UNITED KINGDOM
EGLL,LSGG,SWR,503,35,-3.8,scheduled_duration_under_3h,EGLL → LSGG,6.9583,SWISS INTERNATIONAL AIR LINES LTD,SWITZERLAND
EGLL,LSZH,BAW,435,129,8.5667,scheduled_duration_under_3h,EGLL → LSZH,29.6552,BRITISH AIRWAYS,UNITED KINGDOM
EGLL,LSZH,SWR,741,105,1.8667,scheduled_duration_under_3h,EGLL → LSZH,14.17,SWISS INTERNATIONAL AIR LINES LTD,SWITZERLAND
EGNX,EDDK,BCS,81,1,-3.2333,scheduled_duration_under_3h,EGNX → EDDK,1.2346,"EUROPEAN AIR TRANSPORT, LEIPZIG",GERMANY
EGNX,EDDK,MNB,83,1,-5.25,scheduled_duration_under_3h,EGNX → EDDK,1.2048,MNG HAVAYOLLARI VE TASIMACILIK A.S.,TURKEY
EGNX,EDDK,SRR,180,58,8.05,scheduled_duration_under_3h,EGNX → EDDK,32.2222,MAERSK AIR CARGO A/S,DENMARK
EGNX,EDDK,UPS,103,24,4.7333,scheduled_duration_under_3h,EGNX → EDDK,23.301,"UNITED PARCEL SERVICE COMPANY, (LOUISVILLE, KY)",UNITED STATES
EGNX,EDDK,ZZZ,69,1,-5.7,scheduled_duration_under_3h,EGNX → EDDK,1.4493,Unknown / not identified,
EGNX,EDDP,BCS,241,4,-6.0167,scheduled_duration_under_3h,EGNX → EDDP,1.6598,"EUROPEAN AIR TRANSPORT, LEIPZIG",GERMANY
EGNX,EDDP,BOX,104,3,-1.775,scheduled_duration_under_3h,EGNX → EDDP,2.8846,"AEROLOGIC GMBH, LEIPZIG",GERMANY
EGNX,EDDP,CJT,19,0,-4.15,scheduled_duration_under_3h,EGNX → EDDP,0.0,CARGOJET AIRWAYS LTD,CANADA
EGNX,EDDP,DHK,351,35,2.1,scheduled_duration_under_3h,EGNX → EDDP,9.9715,DHL AIR LIMITED,UNITED KINGDOM
EGNX,EDDP,ZZZ,108,4,-8.7833,scheduled_duration_under_3h,EGNX → EDDP,3.7037,Unknown / not identified,
EGNX,EGAA,ABV,115,2,-7.2,scheduled_duration_under_3h,EGNX → EGAA,1.7391,ASL AIRLINES UK,UNITED KINGDOM
EGNX,EGAA,AWC,81,4,0.5833,scheduled_duration_under_3h,EGNX → EGAA,4.9383,TITAN AIRWAYS LTD,UNITED KINGDOM
EGNX,EGAA,DHK,117,4,2.7167,scheduled_duration_under_3h,EGNX → EGAA,3.4188,DHL AIR LIMITED,UNITED KINGDOM
EGNX,EGAA,EZY,14,0,-0.3917,scheduled_duration_under_3h,EGNX → EGAA,0.0,EASYJET UK LTD,UNITED KINGDOM
EGNX,EGAA,ZZZ,285,11,0.0667,scheduled_duration_under_3h,EGNX → EGAA,3.8596,Unknown / not identified,
EGPB,EGPD,EZE,277,22,1.7167,scheduled_duration_under_3h,EGPB → EGPD,7.9422,EASTERN AIRWAYS (UK) LIMITED,UNITED KINGDOM
EGPB,EGPD,LOG,928,173,2.775,scheduled_duration_under_3h,EGPB → EGPD,18.6422,LOGAN AIR LIMITED,UNITED KINGDOM
EGPD,EGLL,BAW,1,0,-15.4167,scheduled_duration_under_3h,EGPD → EGLL,0.0,BRITISH AIRWAYS,UNITED KINGDOM
EGPD,EGLL,SHT,546,184,8.5667,scheduled_duration_under_3h,EGPD → EGLL,33.6996,BRITISH AIRWAYS SHUTTLE,UNITED KINGDOM
EGPD,EGPB,EZE,277,15,1.2833,scheduled_duration_under_3h,EGPD → EGPB,5.4152,EASTERN AIRWAYS (UK) LIMITED,UNITED KINGDOM
EGPD,EGPB,LOG,952,190,5.6917,scheduled_duration_under_3h,EGPD → EGPB,19.958,LOGAN AIR LIMITED,UNITED KINGDOM
EGPF,EGKK,BAW,33,11,11.8667,scheduled_duration_under_3h,EGPF → EGKK,33.3333,BRITISH AIRWAYS,UNITED KINGDOM
EGPF,EGKK,CFE,1,0,-3.6167,scheduled_duration_under_3h,EGPF → EGKK,0.0,BA CITYFLYER LTD,UNITED KINGDOM
EGPF,EGKK,EZY,437,102,2.5,scheduled_duration_under_3h,EGPF → EGKK,23.341,EASYJET UK LTD,UNITED KINGDOM
EGPF,EGKK,SHT,87,35,11.3333,scheduled_duration_under_3h,EGPF → EGKK,40.2299,BRITISH AIRWAYS SHUTTLE,UNITED KINGDOM
EGPF,EGKK,ZZZ,6,1,-2.9417,scheduled_duration_under_3h,EGPF → EGKK,16.6667,Unknown / not identified,
EGPF,EGLL,BAW,7,3,11.7833,scheduled_duration_under_3h,EGPF → EGLL,42.8571,BRITISH AIRWAYS,UNITED KINGDOM
EGPF,EGLL,LOG,1,0,-15.0167,scheduled_duration_under_3h,EGPF → EGLL,0.0,LOGAN AIR LIMITED,UNITED KINGDOM
EGPF,EGLL,SHT,842,166,5.5167,scheduled_duration_under_3h,EGPF → EGLL,19.715,BRITISH AIRWAYS SHUTTLE,UNITED KINGDOM
EGPF,EIDW,EAI,124,5,-0.4083,scheduled_duration_under_3h,EGPF → EIDW,4.0323,EMERALD AIRLINES (IRELAND) LIMITED,IRELAND
EGPF,EIDW,EIN,33,0,-7.6833,scheduled_duration_under_3h,EGPF → EIDW,0.0,AER LINGUS TEORANTA,IRELAND
EGPF,EIDW,LOG,2,0,-1.9667,scheduled_duration_under_3h,EGPF → EIDW,0.0,LOGAN AIR LIMITED,UNITED KINGDOM
EGPF,EIDW,RYR,356,23,-0.2917,scheduled_duration_under_3h,EGPF → EIDW,6.4607,RYANAIR,IRELAND
EGPF,EIDW,ZZZ,200,13,-0.85,scheduled_duration_under_3h,EGPF → EIDW,6.5,Unknown / not identified,
EGPH,EGKK,CFE,2,2,61.3917,scheduled_duration_under_3h,EGPH → EGKK,100.0,BA CITYFLYER LTD,UNITED KINGDOM
EGPH,EGKK,EZY,516,120,1.3417,scheduled_duration_under_3h,EGPH → EGKK,23.2558,EASYJET UK LTD,UNITED KINGDOM
EGPH,EGKK,ZZZ,1,0,-13.6,scheduled_duration_under_3h,EGPH → EGKK,0.0,Unknown / not identified,
EGPH,EGLC,CFE,737,64,-3.7667,scheduled_duration_under_3h,EGPH → EGLC,8.6839,BA CITYFLYER LTD,UNITED KINGDOM
EGPH,EGLL,BAW,1,1,37.8667,scheduled_duration_under_3h,EGPH → EGLL,100.0,BRITISH AIRWAYS,UNITED KINGDOM
EGPH,EGLL,SHT,868,283,7.9333,scheduled_duration_under_3h,EGPH → EGLL,32.6037,BRITISH AIRWAYS SHUTTLE,UNITED KINGDOM
EGPH,EGSS,CFE,2,2,133.9083,scheduled_duration_under_3h,EGPH → EGSS,100.0,BA CITYFLYER LTD,UNITED KINGDOM
EGPH,EGSS,DHK,14,2,0.8167,scheduled_duration_under_3h,EGPH → EGSS,14.2857,DHL AIR LIMITED,UNITED KINGDOM
EGPH,EGSS,EZY,324,24,-6.2667,scheduled_duration_under_3h,EGPH → EGSS,7.4074,EASYJET UK LTD,UNITED KINGDOM
EGPH,EGSS,ZZZ,274,12,-5.4333,scheduled_duration_under_3h,EGPH → EGSS,4.3796,Unknown / not identified,
EGPH,EHAM,EZY,117,25,2.5333,scheduled_duration_under_3h,EGPH → EHAM,21.3675,EASYJET UK LTD,UNITED KINGDOM
EGPH,EHAM,KLM,398,82,4.2333,scheduled_duration_under_3h,EGPH → EHAM,20.603,KLM ROYAL DUTCH AIRLINES,NETHERLANDS
EGPH,EHAM,TRA,1,0,1.4,scheduled_duration_under_3h,EGPH → EHAM,0.0,TRANSAVIA HOLLAND B.V.,NETHERLANDS
EGPH,EHAM,ZZZ,92,17,3.05,scheduled_duration_under_3h,EGPH → EHAM,18.4783,Unknown / not identified,
EGPH,EIDW,EAI,131,11,-3.3667,scheduled_duration_under_3h,EGPH → EIDW,8.3969,EMERALD AIRLINES (IRELAND) LIMITED,IRELAND
EGPH,EIDW,EIN,39,0,-10.2333,scheduled_duration_under_3h,EGPH → EIDW,0.0,AER LINGUS TEORANTA,IRELAND
EGPH,EIDW,RYR,490,60,-0.875,scheduled_duration_under_3h,EGPH → EIDW,12.2449,RYANAIR,IRELAND
EGPH,EIDW,ZZZ,235,23,-3.1333,scheduled_duration_under_3h,EGPH → EIDW,9.7872,Unknown / not identified,
EGSS,EGPH,DHK,12,0,-0.7667,scheduled_duration_under_3h,EGSS → EGPH,0.0,DHL AIR LIMITED,UNITED KINGDOM
EGSS,EGPH,EZY,324,18,-0.9,scheduled_duration_under_3h,EGSS → EGPH,5.5556,EASYJET UK LTD,UNITED KINGDOM
EGSS,EGPH,LOG,1,0,-31.0333,scheduled_duration_under_3h,EGSS → EGPH,0.0,LOGAN AIR LIMITED,UNITED KINGDOM
EGSS,EGPH,ZZZ,276,11,-3.6167,scheduled_duration_under_3h,EGSS → EGPH,3.9855,Unknown / not identified,
EGSS,EIDW,FDX,87,2,-9.7833,scheduled_duration_under_3h,EGSS → EIDW,2.2989,FEDERAL EXPRESS CORPORATION,UNITED STATES
EGSS,EIDW,RYR,922,65,-1.2417,scheduled_duration_under_3h,EGSS → EIDW,7.0499,RYANAIR,IRELAND
EGSS,EIDW,ZZZ,4,0,-11.175,scheduled_duration_under_3h,EGSS → EIDW,0.0,Unknown / not identified,
EGSS,LHBP,RYR,500,123,5.7917,scheduled_duration_under_3h,EGSS → LHBP,24.6,RYANAIR,IRELAND
EGSS,LHBP,ZZZ,4,0,-0.425,scheduled_duration_under_3h,EGSS → LHBP,0.0,Unknown / not identified,
EGSS,LIME,RYR,507,54,-4.8,scheduled_duration_under_3h,EGSS → LIME,10.6509,RYANAIR,IRELAND
EHAM,EDDB,BCS,1,0,-2.0,scheduled_duration_under_3h,EHAM → EDDB,0.0,"EUROPEAN AIR TRANSPORT, LEIPZIG",GERMANY
EHAM,EDDB,KLM,626,174,8.75,scheduled_duration_under_3h,EHAM → EDDB,27.7955,KLM ROYAL DUTCH AIRLINES,NETHERLANDS
EHAM,EDDB,ZZZ,303,93,9.3333,scheduled_duration_under_3h,EHAM → EDDB,30.6931,Unknown / not identified,
EHAM,EDDF,CPA,14,5,10.8833,scheduled_duration_under_3h,EHAM → EDDF,35.7143,CATHAY PACIFIC AIRWAYS LTD.,CHINA
EHAM,EDDF,DLH,466,72,-2.425,scheduled_duration_under_3h,EHAM → EDDF,15.4506,"DEUTSCHE LUFTHANSA, AG, KOELN",GERMANY
EHAM,EDDF,KLM,539,41,-3.1667,scheduled_duration_under_3h,EHAM → EDDF,7.6067,KLM ROYAL DUTCH AIRLINES,NETHERLANDS
EHAM,EDDF,LCO,91,17,-4.2167,scheduled_duration_under_3h,EHAM → EDDF,18.6813,LAN CARGO S.A.,CHILE
EHAM,EDDF,THY,1,0,-14.1667,scheduled_duration_under_3h,EHAM → EDDF,0.0,TURK HAVA YOLLARI (TURKISH AIRLINES CO.),TURKEY
EHAM,EDDF,UAE,28,4,-8.8917,scheduled_duration_under_3h,EHAM → EDDF,14.2857,EMIRATES,UNITED ARAB EMIRATES
EHAM,EDDF,ZZZ,2,1,7.8583,scheduled_duration_under_3h,EHAM → EDDF,50.0,Unknown / not identified,
EHAM,EDDH,EWG,131,8,-4.7167,scheduled_duration_under_3h,EHAM → EDDH,6.1069,EUROWINGS GMBH,GERMANY
EHAM,EDDH,KLM,448,34,-3.3833,scheduled_duration_under_3h,EHAM → EDDH,7.5893,KLM ROYAL DUTCH AIRLINES,NETHERLANDS
EHAM,EDDM,DLH,557,132,6.4833,scheduled_duration_under_3h,EHAM → EDDM,23.6984,"DEUTSCHE LUFTHANSA, AG, KOELN",GERMANY
EHAM,EDDM,KLM,559,93,4.1,scheduled_duration_under_3h,EHAM → EDDM,16.6369,KLM ROYAL DUTCH AIRLINES,NETHERLANDS
EHAM,EDDM,ZZZ,1,0,-57.05,scheduled_duration_under_3h,EHAM → EDDM,0.0,Unknown / not identified,
EHAM,EDDS,EWG,93,13,-0.4667,scheduled_duration_under_3h,EHAM → EDDS,13.9785,EUROWINGS GMBH,GERMANY
EHAM,EDDS,KLM,421,65,4.2833,scheduled_duration_under_3h,EHAM → EDDS,15.4394,KLM ROYAL DUTCH AIRLINES,NETHERLANDS
EHAM,EFHK,FIN,234,108,13.9083,scheduled_duration_under_3h,EHAM → EFHK,46.1538,FINNAIR OYJ,FINLAND
EHAM,EFHK,KLM,407,44,5.2,scheduled_duration_under_3h,EHAM → EFHK,10.8108,KLM ROYAL DUTCH AIRLINES,NETHERLANDS
EHAM,EGBB,EXS,9,0,8.5167,scheduled_duration_under_3h,EHAM → EGBB,0.0,JET2.COM LTD,UNITED KINGDOM
EHAM,EGBB,KLM,443,82,6.25,scheduled_duration_under_3h,EHAM → EGBB,18.5102,KLM ROYAL DUTCH AIRLINES,NETHERLANDS
EHAM,EGBB,ZZZ,230,64,4.7167,scheduled_duration_under_3h,EHAM → EGBB,27.8261,Unknown / not identified,
EHAM,EGCC,EZY,381,67,2.0167,scheduled_duration_under_3h,EHAM → EGCC,17.5853,EASYJET UK LTD,UNITED KINGDOM
EHAM,EGCC,KLM,528,79,4.3833,scheduled_duration_under_3h,EHAM → EGCC,14.9621,KLM ROYAL DUTCH AIRLINES,NETHERLANDS
EHAM,EGCC,ZZZ,12,1,-3.8167,scheduled_duration_under_3h,EHAM → EGCC,8.3333,Unknown / not identified,
EHAM,EGGD,EZY,206,48,6.3333,scheduled_duration_under_3h,EHAM → EGGD,23.301,EASYJET UK LTD,UNITED KINGDOM
EHAM,EGGD,KLM,300,52,7.075,scheduled_duration_under_3h,EHAM → EGGD,17.3333,KLM ROYAL DUTCH AIRLINES,NETHERLANDS
EHAM,EGGD,ZZZ,77,20,7.6667,scheduled_duration_under_3h,EHAM → EGGD,25.974,Unknown / not identified,
EHAM,EGGW,EZY,497,85,3.9167,scheduled_duration_under_3h,EHAM → EGGW,17.1026,EASYJET UK LTD,UNITED KINGDOM
EHAM,EGGW,ZZZ,91,12,3.45,scheduled_duration_under_3h,EHAM → EGGW,13.1868,Unknown / not identified,
EHAM,EGKK,BAW,210,125,17.6417,scheduled_duration_under_3h,EHAM → EGKK,59.5238,BRITISH AIRWAYS,UNITED KINGDOM
EHAM,EGKK,CFE,1,1,77.4667,scheduled_duration_under_3h,EHAM → EGKK,100.0,BA CITYFLYER LTD,UNITED KINGDOM
EHAM,EGKK,EZY,372,117,8.7167,scheduled_duration_under_3h,EHAM → EGKK,31.4516,EASYJET UK LTD,UNITED KINGDOM
EHAM,EGKK,UAE,1,1,30.5,scheduled_duration_under_3h,EHAM → EGKK,100.0,EMIRATES,UNITED ARAB EMIRATES
EHAM,EGKK,ZZZ,281,68,4.9333,scheduled_duration_under_3h,EHAM → EGKK,24.1993,Unknown / not identified,
EHAM,EGLC,CFE,451,135,9.1333,scheduled_duration_under_3h,EHAM → EGLC,29.9335,BA CITYFLYER LTD,UNITED KINGDOM
EHAM,EGLC,KLM,591,103,5.3667,scheduled_duration_under_3h,EHAM → EGLC,17.4281,KLM ROYAL DUTCH AIRLINES,NETHERLANDS
EHAM,EGLL,BAW,718,446,18.8667,scheduled_duration_under_3h,EHAM → EGLL,62.117,BRITISH AIRWAYS,UNITED KINGDOM
EHAM,EGLL,BCS,17,0,1.85,scheduled_duration_under_3h,EHAM → EGLL,0.0,"EUROPEAN AIR TRANSPORT, LEIPZIG",GERMANY
EHAM,EGLL,KLM,877,498,16.7333,scheduled_duration_under_3h,EHAM → EGLL,56.7845,KLM ROYAL DUTCH AIRLINES,NETHERLANDS
EHAM,EGLL,SIA,18,7,13.075,scheduled_duration_under_3h,EHAM → EGLL,38.8889,SINGAPORE AIRLINES LIMITED,SINGAPORE
EHAM,EGLL,ZZZ,148,109,25.9667,scheduled_duration_under_3h,EHAM → EGLL,73.6486,Unknown / not identified,
EHAM,EGPH,EZY,117,32,8.2167,scheduled_duration_under_3h,EHAM → EGPH,27.3504,EASYJET UK LTD,UNITED KINGDOM
EHAM,EGPH,KLM,400,86,7.5917,scheduled_duration_under_3h,EHAM → EGPH,21.5,KLM ROYAL DUTCH AIRLINES,NETHERLANDS
EHAM,EGPH,PNX,1,1,32.6,scheduled_duration_under_3h,EHAM → EGPH,100.0,AIS AIRLINES,NETHERLANDS
EHAM,EGPH,ZZZ,92,23,7.1917,scheduled_duration_under_3h,EHAM → EGPH,25.0,Unknown / not identified,
EHAM,EIDW,EIN,430,155,9.275,scheduled_duration_under_3h,EHAM → EIDW,36.0465,AER LINGUS TEORANTA,IRELAND
EHAM,EIDW,KLM,503,112,7.15,scheduled_duration_under_3h,EHAM → EIDW,22.2664,KLM ROYAL DUTCH AIRLINES,NETHERLANDS
EHAM,EIDW,RYR,470,128,7.1333,scheduled_duration_under_3h,EHAM → EIDW,27.234,RYANAIR,IRELAND
EHAM,EKBI,KLM,517,73,6.0667,scheduled_duration_under_3h,EHAM → EKBI,14.1199,KLM ROYAL DUTCH AIRLINES,NETHERLANDS
EHAM,EKCH,BCY,1,0,0.2333,scheduled_duration_under_3h,EHAM → EKCH,0.0,CITYJET,IRELAND
EHAM,EKCH,KLM,681,98,4.3667,scheduled_duration_under_3h,EHAM → EKCH,14.3906,KLM ROYAL DUTCH AIRLINES,NETHERLANDS
EHAM,EKCH,SAS,185,27,3.5833,scheduled_duration_under_3h,EHAM → EKCH,14.5946,SCANDINAVIAN AIRLINES SYSTEM,SWEDEN
EHAM,EKCH,VLG,94,32,10.5417,scheduled_duration_under_3h,EHAM → EKCH,34.0426,VUELING AIRLINES,SPAIN
EHAM,EKCH,ZZZ,547,144,6.25,scheduled_duration_under_3h,EHAM → EKCH,26.3254,Unknown / not identified,
EHAM,ENGM,AZG,1,0,8.7,scheduled_duration_under_3h,EHAM → ENGM,0.0,SILK WAY WEST AIRLINES,AZERBAIJAN
EHAM,ENGM,KLM,574,87,5.6333,scheduled_duration_under_3h,EHAM → ENGM,15.1568,KLM ROYAL DUTCH AIRLINES,NETHERLANDS
EHAM,ENGM,SAS,195,90,13.7833,scheduled_duration_under_3h,EHAM → ENGM,46.1538,SCANDINAVIAN AIRLINES SYSTEM,SWEDEN
EHAM,ENGM,UAE,1,0,-0.1333,scheduled_duration_under_3h,EHAM → ENGM,0.0,EMIRATES,UNITED ARAB EMIRATES
EHAM,ENGM,ZZZ,109,22,7.0667,scheduled_duration_under_3h,EHAM → ENGM,20.1835,Unknown / not identified,
EHAM,EPWA,KLM,400,50,2.1167,scheduled_duration_under_3h,EHAM → EPWA,12.5,KLM ROYAL DUTCH AIRLINES,NETHERLANDS
EHAM,EPWA,LOT,308,63,4.175,scheduled_duration_under_3h,EHAM → EPWA,20.4545,LOT - POLSKIE LINIE LOTNICZE,POLAND
EHAM,ESSA,KAL,5,2,12.3,scheduled_duration_under_3h,EHAM → ESSA,40.0,"KOREAN AIR LINES CO., LTD.",REPUBLIC OF KOREA
EHAM,ESSA,KLM,620,116,6.5167,scheduled_duration_under_3h,EHAM → ESSA,18.7097,KLM ROYAL DUTCH AIRLINES,NETHERLANDS
EHAM,ESSA,SAS,224,74,8.8667,scheduled_duration_under_3h,EHAM → ESSA,33.0357,SCANDINAVIAN AIRLINES SYSTEM,SWEDEN
EHAM,ESSA,ZZZ,83,23,8.4,scheduled_duration_under_3h,EHAM → ESSA,27.7108,Unknown / not identified,
EHAM,LEBL,KLM,530,110,7.5083,scheduled_duration_under_3h,EHAM → LEBL,20.7547,KLM ROYAL DUTCH AIRLINES,NETHERLANDS
EHAM,LEBL,TRA,203,68,9.8333,scheduled_duration_under_3h,EHAM → LEBL,33.4975,TRANSAVIA HOLLAND B.V.,NETHERLANDS
EHAM,LEBL,VLG,599,306,15.1333,scheduled_duration_under_3h,EHAM → LEBL,51.0851,VUELING AIRLINES,SPAIN
EHAM,LEMD,AEA,243,69,7.7333,scheduled_duration_under_3h,EHAM → LEMD,28.3951,AIR EUROPA,SPAIN
EHAM,LEMD,BCS,36,14,10.7333,scheduled_duration_under_3h,EHAM → LEMD,38.8889,"EUROPEAN AIR TRANSPORT, LEIPZIG",GERMANY
EHAM,LEMD,IBE,54,14,8.5417,scheduled_duration_under_3h,EHAM → LEMD,25.9259,"IBERIA - LINEAS AEREAS DE ESPANA, SOCIEDAD ANONIMA OPERADORA",SPAIN
EHAM,LEMD,KLM,495,135,9.45,scheduled_duration_under_3h,EHAM → LEMD,27.2727,KLM ROYAL DUTCH AIRLINES,NETHERLANDS
EHAM,LEMD,LCO,1,0,5.6333,scheduled_duration_under_3h,EHAM → LEMD,0.0,LAN CARGO S.A.,CHILE
EHAM,LEMD,THY,1,0,-6.3333,scheduled_duration_under_3h,EHAM → LEMD,0.0,TURK HAVA YOLLARI (TURKISH AIRLINES CO.),TURKEY
EHAM,LEMD,UAE,11,5,12.2833,scheduled_duration_under_3h,EHAM → LEMD,45.4545,EMIRATES,UNITED ARAB EMIRATES
EHAM,LEMD,ZZZ,189,75,12.6833,scheduled_duration_under_3h,EHAM → LEMD,39.6825,Unknown / not identified,
EHAM,LFPG,AFR,543,151,8.8333,scheduled_duration_under_3h,EHAM → LFPG,27.8085,AIR FRANCE,FRANCE
EHAM,LFPG,CPA,4,2,18.2083,scheduled_duration_under_3h,EHAM → LFPG,50.0,CATHAY PACIFIC AIRWAYS LTD.,CHINA
EHAM,LFPG,FDX,71,10,6.6167,scheduled_duration_under_3h,EHAM → LFPG,14.0845,FEDERAL EXPRESS CORPORATION,UNITED STATES
EHAM,LFPG,KLM,536,125,6.875,scheduled_duration_under_3h,EHAM → LFPG,23.3209,KLM ROYAL DUTCH AIRLINES,NETHERLANDS
EHAM,LFPG,SWN,3,2,30.8167,scheduled_duration_under_3h,EHAM → LFPG,66.6667,WEST ATLANTIC SWEDEN AB,SWEDEN
EHAM,LFPG,ZZZ,6,1,7.6917,scheduled_duration_under_3h,EHAM → LFPG,16.6667,Unknown / not identified,
EHAM,LIMC,AZG,1,1,77.5333,scheduled_duration_under_3h,EHAM → LIMC,100.0,SILK WAY WEST AIRLINES,AZERBAIJAN
EHAM,LIMC,CLX,6,1,-11.1417,scheduled_duration_under_3h,EHAM → LIMC,16.6667,CARGOLUX AIRLINES INTERNATIONAL S.A.,LUXEMBOURG
EHAM,LIMC,KLM,225,23,-2.2333,scheduled_duration_under_3h,EHAM → LIMC,10.2222,KLM ROYAL DUTCH AIRLINES,NETHERLANDS
EHAM,LIMC,NCA,62,13,-0.275,scheduled_duration_under_3h,EHAM → LIMC,20.9677,"NIPPON CARGO AIRLINES CO., LTD.",JAPAN
EHAM,LIMC,UAE,1,0,-1.9333,scheduled_duration_under_3h,EHAM → LIMC,0.0,EMIRATES,UNITED ARAB EMIRATES
EHAM,LIMC,ZZZ,314,28,-7.1417,scheduled_duration_under_3h,EHAM → LIMC,8.9172,Unknown / not identified,
EHAM,LIML,KLM,356,90,9.2417,scheduled_duration_under_3h,EHAM → LIML,25.2809,KLM ROYAL DUTCH AIRLINES,NETHERLANDS
EHAM,LIML,ZZZ,447,125,8.8,scheduled_duration_under_3h,EHAM → LIML,27.9642,Unknown / not identified,
EHAM,LIRF,KLM,557,52,-1.55,scheduled_duration_under_3h,EHAM → LIRF,9.3357,KLM ROYAL DUTCH AIRLINES,NETHERLANDS
EHAM,LIRF,VLG,131,28,5.55,scheduled_duration_under_3h,EHAM → LIRF,21.374,VUELING AIRLINES,SPAIN
EHAM,LIRF,ZZZ,319,38,0.2333,scheduled_duration_under_3h,EHAM → LIRF,11.9122,Unknown / not identified,
EHAM,LKPR,KLM,385,64,4.1,scheduled_duration_under_3h,EHAM → LKPR,16.6234,KLM ROYAL DUTCH AIRLINES,NETHERLANDS
EHAM,LKPR,TRA,1,0,9.3167,scheduled_duration_under_3h,EHAM → LKPR,0.0,TRANSAVIA HOLLAND B.V.,NETHERLANDS
EHAM,LKPR,ZZZ,191,38,3.3,scheduled_duration_under_3h,EHAM → LKPR,19.8953,Unknown / not identified,
EHAM,LOWW,AUA,405,191,14.15,scheduled_duration_under_3h,EHAM → LOWW,47.1605,AUSTRIAN AIRLINES (AUA) AG,AUSTRIA
EHAM,LOWW,KLM,386,102,9.6167,scheduled_duration_under_3h,EHAM → LOWW,26.4249,KLM ROYAL DUTCH AIRLINES,NETHERLANDS
EHAM,LOWW,ZZZ,15,2,1.9833,scheduled_duration_under_3h,EHAM → LOWW,13.3333,Unknown / not identified,
EHAM,LPPT,KLM,312,97,9.45,scheduled_duration_under_3h,EHAM → LPPT,31.0897,KLM ROYAL DUTCH AIRLINES,NETHERLANDS
EHAM,LPPT,TAP,227,117,15.7833,scheduled_duration_under_3h,EHAM → LPPT,51.5419,"TRANSPORTES AEREOS PORTUGUESES, E.P.",PORTUGAL
EHAM,LPPT,TRA,86,35,12.7917,scheduled_duration_under_3h,EHAM → LPPT,40.6977,TRANSAVIA HOLLAND B.V.,NETHERLANDS
EHAM,LPPT,VLG,84,40,14.5667,scheduled_duration_under_3h,EHAM → LPPT,47.619,VUELING AIRLINES,SPAIN
EHAM,LPPT,ZZZ,56,24,11.3333,scheduled_duration_under_3h,EHAM → LPPT,42.8571,Unknown / not identified,
EHAM,LROP,BLA,22,7,5.825,scheduled_duration_under_3h,EHAM → LROP,31.8182,BLUE AIR AVIATION S.A.,ROMANIA
EHAM,LROP,KLM,274,29,1.5583,scheduled_duration_under_3h,EHAM → LROP,10.5839,KLM ROYAL DUTCH AIRLINES,NETHERLANDS
EHAM,LROP,ROT,230,66,5.625,scheduled_duration_under_3h,EHAM → LROP,28.6957,COMPANIA NATIONALA DE TRANSPORTURI AERIENE ROMANE TAROM S.A.,ROMANIA
EHAM,LSGG,EZS,161,36,3.4833,scheduled_duration_under_3h,EHAM → LSGG,22.3602,EASY JET SWITZERLAND SA,SWITZERLAND
EHAM,LSGG,KLM,598,97,4.1333,scheduled_duration_under_3h,EHAM → LSGG,16.2207,KLM ROYAL DUTCH AIRLINES,NETHERLANDS
EHAM,LSGG,ZZZ,131,15,1.5667,scheduled_duration_under_3h,EHAM → LSGG,11.4504,Unknown / not identified,
EHAM,LSZH,KLM,566,129,6.7583,scheduled_duration_under_3h,EHAM → LSZH,22.7915,KLM ROYAL DUTCH AIRLINES,NETHERLANDS
EHAM,LSZH,SWR,447,125,7.7667,scheduled_duration_under_3h,EHAM → LSZH,27.9642,SWISS INTERNATIONAL AIR LINES LTD,SWITZERLAND
EIDW,EDDF,DLH,419,16,-7.0167,scheduled_duration_under_3h,EIDW → EDDF,3.8186,"DEUTSCHE LUFTHANSA, AG, KOELN",GERMANY
EIDW,EDDF,EIN,198,12,-7.0833,scheduled_duration_under_3h,EIDW → EDDF,6.0606,AER LINGUS TEORANTA,IRELAND
EIDW,EDDF,GEC,17,1,-0.9667,scheduled_duration_under_3h,EIDW → EDDF,5.8824,"LUFTHANSA CARGO AG, FRANKFURT (MAIN)",GERMANY
EIDW,EDDF,RYR,44,1,-11.6167,scheduled_duration_under_3h,EIDW → EDDF,2.2727,RYANAIR,IRELAND
EIDW,EDDF,ZZZ,9,0,-6.9667,scheduled_duration_under_3h,EIDW → EDDF,0.0,Unknown / not identified,
EIDW,EGBB,EAI,69,17,5.4,scheduled_duration_under_3h,EIDW → EGBB,24.6377,EMERALD AIRLINES (IRELAND) LIMITED,IRELAND
EIDW,EGBB,EIN,281,11,-3.8,scheduled_duration_under_3h,EIDW → EGBB,3.9146,AER LINGUS TEORANTA,IRELAND
EIDW,EGBB,RYR,588,29,-0.2833,scheduled_duration_under_3h,EIDW → EGBB,4.932,RYANAIR,IRELAND
EIDW,EGBB,ZZZ,97,9,0.8833,scheduled_duration_under_3h,EIDW → EGBB,9.2784,Unknown / not identified,
EIDW,EGCC,EAI,94,11,2.7667,scheduled_duration_under_3h,EIDW → EGCC,11.7021,EMERALD AIRLINES (IRELAND) LIMITED,IRELAND
EIDW,EGCC,EIN,301,19,-0.5667,scheduled_duration_under_3h,EIDW → EGCC,6.3123,AER LINGUS TEORANTA,IRELAND
EIDW,EGCC,GEC,15,4,2.2333,scheduled_duration_under_3h,EIDW → EGCC,26.6667,"LUFTHANSA CARGO AG, FRANKFURT (MAIN)",GERMANY
EIDW,EGCC,RYR,644,42,-0.3417,scheduled_duration_under_3h,EIDW → EGCC,6.5217,RYANAIR,IRELAND
EIDW,EGCC,ZZZ,144,11,4.4,scheduled_duration_under_3h,EIDW → EGCC,7.6389,Unknown / not identified,
EIDW,EGGD,EAI,83,14,1.7333,scheduled_duration_under_3h,EIDW → EGGD,16.8675,EMERALD AIRLINES (IRELAND) LIMITED,IRELAND
EIDW,EGGD,EIN,18,0,-8.6,scheduled_duration_under_3h,EIDW → EGGD,0.0,AER LINGUS TEORANTA,IRELAND
EIDW,EGGD,RYR,324,16,-1.1083,scheduled_duration_under_3h,EIDW → EGGD,4.9383,RYANAIR,IRELAND
EIDW,EGGD,ZZZ,142,14,1.7167,scheduled_duration_under_3h,EIDW → EGGD,9.8592,Unknown / not identified,
EIDW,EGKK,CFE,3,2,47.1,scheduled_duration_under_3h,EIDW → EGKK,66.6667,BA CITYFLYER LTD,UNITED KINGDOM
EIDW,EGKK,EIN,542,126,1.325,scheduled_duration_under_3h,EIDW → EGKK,23.2472,AER LINGUS TEORANTA,IRELAND
EIDW,EGKK,RYR,909,175,1.8667,scheduled_duration_under_3h,EIDW → EGKK,19.2519,RYANAIR,IRELAND
EIDW,EGLC,CFE,529,35,-5.8333,scheduled_duration_under_3h,EIDW → EGLC,6.6163,BA CITYFLYER LTD,UNITED KINGDOM
EIDW,EGLL,ACA,1,1,75.5833,scheduled_duration_under_3h,EIDW → EGLL,100.0,AIR CANADA,CANADA
EIDW,EGLL,BAW,661,95,0.5333,scheduled_duration_under_3h,EIDW → EGLL,14.3722,BRITISH AIRWAYS,UNITED KINGDOM
EIDW,EGLL,EIN,1139,173,2.0333,scheduled_duration_under_3h,EIDW → EGLL,15.1888,AER LINGUS TEORANTA,IRELAND
EIDW,EGPF,EAI,124,0,-4.825,scheduled_duration_under_3h,EIDW → EGPF,0.0,EMERALD AIRLINES (IRELAND) LIMITED,IRELAND
EIDW,EGPF,EIN,34,0,-10.875,scheduled_duration_under_3h,EIDW → EGPF,0.0,AER LINGUS TEORANTA,IRELAND
EIDW,EGPF,LOG,2,0,-14.2333,scheduled_duration_under_3h,EIDW → EGPF,0.0,LOGAN AIR LIMITED,UNITED KINGDOM
EIDW,EGPF,RYR,359,2,-8.0,scheduled_duration_under_3h,EIDW → EGPF,0.5571,RYANAIR,IRELAND
EIDW,EGPF,ZZZ,200,2,-8.8,scheduled_duration_under_3h,EIDW → EGPF,1.0,Unknown / not identified,
EIDW,EGPH,EAI,132,5,-1.775,scheduled_duration_under_3h,EIDW → EGPH,3.7879,EMERALD AIRLINES (IRELAND) LIMITED,IRELAND
EIDW,EGPH,EIN,39,0,-5.55,scheduled_duration_under_3h,EIDW → EGPH,0.0,AER LINGUS TEORANTA,IRELAND
EIDW,EGPH,RYR,492,21,-2.0417,scheduled_duration_under_3h,EIDW → EGPH,4.2683,RYANAIR,IRELAND
EIDW,EGPH,ZZZ,235,9,-0.7833,scheduled_duration_under_3h,EIDW → EGPH,3.8298,Unknown / not identified,
EIDW,EGSS,CFE,1,0,0.7667,scheduled_duration_under_3h,EIDW → EGSS,0.0,BA CITYFLYER LTD,UNITED KINGDOM
EIDW,EGSS,FDX,84,7,-0.6333,scheduled_duration_under_3h,EIDW → EGSS,8.3333,FEDERAL EXPRESS CORPORATION,UNITED STATES
EIDW,EGSS,RYR,918,60,-2.3167,scheduled_duration_under_3h,EIDW → EGSS,6.5359,RYANAIR,IRELAND
EIDW,EGSS,ZZZ,4,0,-7.025,scheduled_duration_under_3h,EIDW → EGSS,0.0,Unknown / not identified,
EIDW,EHAM,DAL,1,0,10.0333,scheduled_duration_under_3h,EIDW → EHAM,0.0,"DELTA AIR LINES, INC.",UNITED STATES
EIDW,EHAM,EIN,430,103,5.6583,scheduled_duration_under_3h,EIDW → EHAM,23.9535,AER LINGUS TEORANTA,IRELAND
EIDW,EHAM,KLM,502,112,6.8417,scheduled_duration_under_3h,EIDW → EHAM,22.3108,KLM ROYAL DUTCH AIRLINES,NETHERLANDS
EIDW,EHAM,RYR,478,91,3.3083,scheduled_duration_under_3h,EIDW → EHAM,19.0377,RYANAIR,IRELAND
EIDW,LEBL,EIN,213,27,1.25,scheduled_duration_under_3h,EIDW → LEBL,12.6761,AER LINGUS TEORANTA,IRELAND
EIDW,LEBL,RYR,307,28,-1.4,scheduled_duration_under_3h,EIDW → LEBL,9.1205,RYANAIR,IRELAND
EIDW,LEBL,VLG,92,6,-2.2917,scheduled_duration_under_3h,EIDW → LEBL,6.5217,VUELING AIRLINES,SPAIN
EIDW,LEBL,ZZZ,1,0,5.75,scheduled_duration_under_3h,EIDW → LEBL,0.0,Unknown / not identified,
EIDW,LEMD,EIN,129,7,-3.7,scheduled_duration_under_3h,EIDW → LEMD,5.4264,AER LINGUS TEORANTA,IRELAND
EIDW,LEMD,RYR,260,17,-2.8083,scheduled_duration_under_3h,EIDW → LEMD,6.5385,RYANAIR,IRELAND
EIDW,LEMD,ZZZ,122,14,2.275,scheduled_duration_under_3h,EIDW → LEMD,11.4754,Unknown / not identified,
EIDW,LFPG,AFR,366,39,0.275,scheduled_duration_under_3h,EIDW → LFPG,10.6557,AIR FRANCE,FRANCE
EIDW,LFPG,BCS,32,7,4.6833,scheduled_duration_under_3h,EIDW → LFPG,21.875,"EUROPEAN AIR TRANSPORT, LEIPZIG",GERMANY
EIDW,LFPG,EIN,445,36,-2.1,scheduled_duration_under_3h,EIDW → LFPG,8.0899,AER LINGUS TEORANTA,IRELAND
EIDW,LFPG,FDX,3,1,8.0333,scheduled_duration_under_3h,EIDW → LFPG,33.3333,FEDERAL EXPRESS CORPORATION,UNITED STATES
EIDW,LFPG,SWR,1,1,25.8667,scheduled_duration_under_3h,EIDW → LFPG,100.0,SWISS INTERNATIONAL AIR LINES LTD,SWITZERLAND
EIDW,LFPG,TVF,3,0,-6.65,scheduled_duration_under_3h,EIDW → LFPG,0.0,TRANSAVIA FRANCE,FRANCE
EIDW,LFPG,ZZZ,66,1,-8.3333,scheduled_duration_under_3h,EIDW → LFPG,1.5152,Unknown / not identified,
EIDW,LPPT,EIN,136,33,5.8167,scheduled_duration_under_3h,EIDW → LPPT,24.2647,AER LINGUS TEORANTA,IRELAND
EIDW,LPPT,RYR,259,77,5.6667,scheduled_duration_under_3h,EIDW → LPPT,29.7297,RYANAIR,IRELAND
EIDW,LPPT,TAP,242,92,10.5417,scheduled_duration_under_3h,EIDW → LPPT,38.0165,"TRANSPORTES AEREOS PORTUGUESES, E.P.",PORTUGAL
EKBI,EHAM,KLM,515,54,3.0333,scheduled_duration_under_3h,EKBI → EHAM,10.4854,KLM ROYAL DUTCH AIRLINES,NETHERLANDS
EKBI,EHAM,SUS,1,0,-12.35,scheduled_duration_under_3h,EKBI → EHAM,0.0,SUN-AIR OF SCANDINAVIA A/S,DENMARK
EKCH,EBBR,BCS,65,4,-0.6167,scheduled_duration_under_3h,EKCH → EBBR,6.1538,"EUROPEAN AIR TRANSPORT, LEIPZIG",GERMANY
EKCH,EBBR,BEL,292,44,5.35,scheduled_duration_under_3h,EKCH → EBBR,15.0685,BRUSSELS AIRLINES,BELGIUM
EKCH,EBBR,SAS,132,17,6.6083,scheduled_duration_under_3h,EKCH → EBBR,12.8788,SCANDINAVIAN AIRLINES SYSTEM,SWEDEN
EKCH,EBBR,ZZZ,111,11,6.9667,scheduled_duration_under_3h,EKCH → EBBR,9.9099,Unknown / not identified,
EKCH,EDDF,DLH,489,20,-3.7333,scheduled_duration_under_3h,EKCH → EDDF,4.09,"DEUTSCHE LUFTHANSA, AG, KOELN",GERMANY
EKCH,EDDF,SAS,108,2,-4.0667,scheduled_duration_under_3h,EKCH → EDDF,1.8519,SCANDINAVIAN AIRLINES SYSTEM,SWEDEN
EKCH,EDDL,EWG,167,20,5.0667,scheduled_duration_under_3h,EKCH → EDDL,11.976,EUROWINGS GMBH,GERMANY
EKCH,EDDL,SAS,367,36,4.75,scheduled_duration_under_3h,EKCH → EDDL,9.8093,SCANDINAVIAN AIRLINES SYSTEM,SWEDEN
EKCH,EDDM,BCS,3,1,-5.9167,scheduled_duration_under_3h,EKCH → EDDM,33.3333,"EUROPEAN AIR TRANSPORT, LEIPZIG",GERMANY
EKCH,EDDM,DLH,416,11,-3.1083,scheduled_duration_under_3h,EKCH → EDDM,2.6442,"DEUTSCHE LUFTHANSA, AG, KOELN",GERMANY
EKCH,EDDM,SAS,129,6,-3.45,scheduled_duration_under_3h,EKCH → EDDM,4.6512,SCANDINAVIAN AIRLINES SYSTEM,SWEDEN
EKCH,EDDM,ZZZ,21,0,-2.65,scheduled_duration_under_3h,EKCH → EDDM,0.0,Unknown / not identified,
EKCH,EFHK,BCS,19,1,2.7167,scheduled_duration_under_3h,EKCH → EFHK,5.2632,"EUROPEAN AIR TRANSPORT, LEIPZIG",GERMANY
EKCH,EFHK,FIN,513,73,3.7667,scheduled_duration_under_3h,EKCH → EFHK,14.23,FINNAIR OYJ,FINLAND
EKCH,EFHK,GCL,4,0,8.7417,scheduled_duration_under_3h,EKCH → EFHK,0.0,CARGOLOGIC GERMANY GMBH,GERMANY
EKCH,EFHK,SAS,197,9,3.5333,scheduled_duration_under_3h,EKCH → EFHK,4.5685,SCANDINAVIAN AIRLINES SYSTEM,SWEDEN
EKCH,EFHK,SWT,4,0,-1.5333,scheduled_duration_under_3h,EKCH → EFHK,0.0,SWIFTAIR S.A.,SPAIN
EKCH,EFHK,ZZZ,37,3,1.7,scheduled_duration_under_3h,EKCH → EFHK,8.1081,Unknown / not identified,
EKCH,EGKK,EZY,186,47,9.525,scheduled_duration_under_3h,EKCH → EGKK,25.2688,EASYJET UK LTD,UNITED KINGDOM
EKCH,EGKK,ZZZ,417,117,10.05,scheduled_duration_under_3h,EKCH → EGKK,28.0576,Unknown / not identified,
EKCH,EGLL,BAW,475,166,11.1667,scheduled_duration_under_3h,EKCH → EGLL,34.9474,BRITISH AIRWAYS,UNITED KINGDOM
EKCH,EGLL,SAS,124,32,8.825,scheduled_duration_under_3h,EKCH → EGLL,25.8065,SCANDINAVIAN AIRLINES SYSTEM,SWEDEN
EKCH,EGLL,ZZZ,346,131,11.9167,scheduled_duration_under_3h,EKCH → EGLL,37.8613,Unknown / not identified,
EKCH,EHAM,KLM,681,109,7.5167,scheduled_duration_under_3h,EKCH → EHAM,16.0059,KLM ROYAL DUTCH AIRLINES,NETHERLANDS
EKCH,EHAM,SAS,186,44,8.0417,scheduled_duration_under_3h,EKCH → EHAM,23.6559,SCANDINAVIAN AIRLINES SYSTEM,SWEDEN
EKCH,EHAM,VLG,94,25,9.9583,scheduled_duration_under_3h,EKCH → EHAM,26.5957,VUELING AIRLINES,SPAIN
EKCH,EHAM,ZZZ,544,101,7.1583,scheduled_duration_under_3h,EKCH → EHAM,18.5662,Unknown / not identified,
EKCH,EKRN,SAS,9,0,-2.9667,scheduled_duration_under_3h,EKCH → EKRN,0.0,SCANDINAVIAN AIRLINES SYSTEM,SWEDEN
EKCH,EKRN,ZZZ,813,37,0.3,scheduled_duration_under_3h,EKCH → EKRN,4.551,Unknown / not identified,
EKCH,EKYT,SAS,637,45,3.15,scheduled_duration_under_3h,EKCH → EKYT,7.0644,SCANDINAVIAN AIRLINES SYSTEM,SWEDEN
EKCH,EKYT,ZZZ,1129,26,-0.9167,scheduled_duration_under_3h,EKCH → EKYT,2.3029,Unknown / not identified,
EKCH,ENBR,BCS,15,0,-4.65,scheduled_duration_under_3h,EKCH → ENBR,0.0,"EUROPEAN AIR TRANSPORT, LEIPZIG",GERMANY
EKCH,ENBR,BCY,2,0,-0.8833,scheduled_duration_under_3h,EKCH → ENBR,0.0,CITYJET,IRELAND
EKCH,ENBR,FLI,2,2,134.1083,scheduled_duration_under_3h,EKCH → ENBR,100.0,"ATLANTIC AIRWAYS, FAROE ISLANDS P/F",DENMARK
EKCH,ENBR,SAS,416,27,1.5,scheduled_duration_under_3h,EKCH → ENBR,6.4904,SCANDINAVIAN AIRLINES SYSTEM,SWEDEN
EKCH,ENBR,ZZZ,74,0,-2.0417,scheduled_duration_under_3h,EKCH → ENBR,0.0,Unknown / not identified,
EKCH,ENGM,BCS,75,3,-2.15,scheduled_duration_under_3h,EKCH → ENGM,4.0,"EUROPEAN AIR TRANSPORT, LEIPZIG",GERMANY
EKCH,ENGM,BCY,1,0,2.5,scheduled_duration_under_3h,EKCH → ENGM,0.0,CITYJET,IRELAND
EKCH,ENGM,DLH,1,0,-15.0667,scheduled_duration_under_3h,EKCH → ENGM,0.0,"DEUTSCHE LUFTHANSA, AG, KOELN",GERMANY
EKCH,ENGM,SAS,1115,65,2.0,scheduled_duration_under_3h,EKCH → ENGM,5.8296,SCANDINAVIAN AIRLINES SYSTEM,SWEDEN
EKCH,ENGM,ZZZ,726,35,0.4583,scheduled_duration_under_3h,EKCH → ENGM,4.8209,Unknown / not identified,
EKCH,ENZV,BCS,87,5,2.0833,scheduled_duration_under_3h,EKCH → ENZV,5.7471,"EUROPEAN AIR TRANSPORT, LEIPZIG",GERMANY
EKCH,ENZV,FLI,1,1,146.8167,scheduled_duration_under_3h,EKCH → ENZV,100.0,"ATLANTIC AIRWAYS, FAROE ISLANDS P/F",DENMARK
EKCH,ENZV,SAS,466,18,1.1417,scheduled_duration_under_3h,EKCH → ENZV,3.8627,SCANDINAVIAN AIRLINES SYSTEM,SWEDEN
EKCH,ENZV,ZZZ,51,3,3.4167,scheduled_duration_under_3h,EKCH → ENZV,5.8824,Unknown / not identified,
EKCH,EPWA,LOT,326,7,-5.1833,scheduled_duration_under_3h,EKCH → EPWA,2.1472,LOT - POLSKIE LINIE LOTNICZE,POLAND
EKCH,EPWA,SAS,35,4,1.5,scheduled_duration_under_3h,EKCH → EPWA,11.4286,SCANDINAVIAN AIRLINES SYSTEM,SWEDEN
EKCH,EPWA,WZZ,57,4,-0.7167,scheduled_duration_under_3h,EKCH → EPWA,7.0175,WIZZ AIR HUNGARY LTD,HUNGARY
EKCH,EPWA,ZZZ,137,5,-3.4167,scheduled_duration_under_3h,EKCH → EPWA,3.6496,Unknown / not identified,
EKCH,ESSA,BCS,14,2,-7.8917,scheduled_duration_under_3h,EKCH → ESSA,14.2857,"EUROPEAN AIR TRANSPORT, LEIPZIG",GERMANY
EKCH,ESSA,BCY,2,0,-2.675,scheduled_duration_under_3h,EKCH → ESSA,0.0,CITYJET,IRELAND
EKCH,ESSA,SAS,1044,55,0.3917,scheduled_duration_under_3h,EKCH → ESSA,5.2682,SCANDINAVIAN AIRLINES SYSTEM,SWEDEN
EKCH,ESSA,ZZZ,516,23,-1.9833,scheduled_duration_under_3h,EKCH → ESSA,4.4574,Unknown / not identified,
EKCH,LFPG,AFR,476,90,6.7583,scheduled_duration_under_3h,EKCH → LFPG,18.9076,AIR FRANCE,FRANCE
EKCH,LFPG,FDX,19,0,-4.0833,scheduled_duration_under_3h,EKCH → LFPG,0.0,FEDERAL EXPRESS CORPORATION,UNITED STATES
EKCH,LFPG,SAS,242,23,3.7583,scheduled_duration_under_3h,EKCH → LFPG,9.5041,SCANDINAVIAN AIRLINES SYSTEM,SWEDEN
EKCH,LFPG,TVF,1,1,15.85,scheduled_duration_under_3h,EKCH → LFPG,100.0,TRANSAVIA FRANCE,FRANCE
EKCH,LFPG,ZZZ,307,33,3.3167,scheduled_duration_under_3h,EKCH → LFPG,10.7492,Unknown / not identified,
EKCH,LSZH,SAS,174,13,0.9167,scheduled_duration_under_3h,EKCH → LSZH,7.4713,SCANDINAVIAN AIRLINES SYSTEM,SWEDEN
EKCH,LSZH,SWR,354,24,0.2417,scheduled_duration_under_3h,EKCH → LSZH,6.7797,SWISS INTERNATIONAL AIR LINES LTD,SWITZERLAND
EKCH,LSZH,ZZZ,1,0,1.6,scheduled_duration_under_3h,EKCH → LSZH,0.0,Unknown / not identified,
EKRN,EKCH,SAS,7,0,-0.5167,scheduled_duration_under_3h,EKRN → EKCH,0.0,SCANDINAVIAN AIRLINES SYSTEM,SWEDEN
EKRN,EKCH,ZZZ,813,6,-3.5667,scheduled_duration_under_3h,EKRN → EKCH,0.738,Unknown / not identified,
EKYT,EKCH,BCY,1,1,18.3333,scheduled_duration_under_3h,EKYT → EKCH,100.0,CITYJET,IRELAND
EKYT,EKCH,SAS,636,54,2.675,scheduled_duration_under_3h,EKYT → EKCH,8.4906,SCANDINAVIAN AIRLINES SYSTEM,SWEDEN
EKYT,EKCH,ZZZ,1136,18,-2.9917,scheduled_duration_under_3h,EKYT → EKCH,1.5845,Unknown / not identified,
ELLX,EGLC,BAW,2,1,6.5917,scheduled_duration_under_3h,ELLX → EGLC,50.0,BRITISH AIRWAYS,UNITED KINGDOM
ELLX,EGLC,CFE,106,10,0.0667,scheduled_duration_under_3h,ELLX → EGLC,9.434,BA CITYFLYER LTD,UNITED KINGDOM
ELLX,EGLC,LGL,566,20,-9.0417,scheduled_duration_under_3h,ELLX → EGLC,3.5336,LUXAIR - SOCIETE LUXEMBOURGEOISE DE NAVIGATION AERIENNE S.A.,LUXEMBOURG
ELLX,LIMC,CLX,5,0,-0.7,scheduled_duration_under_3h,ELLX → LIMC,0.0,CARGOLUX AIRLINES INTERNATIONAL S.A.,LUXEMBOURG
ELLX,LIMC,LGL,257,6,-15.9,scheduled_duration_under_3h,ELLX → LIMC,2.3346,LUXAIR - SOCIETE LUXEMBOURGEOISE DE NAVIGATION AERIENNE S.A.,LUXEMBOURG
ELLX,LIMC,QTR,4,0,-20.6,scheduled_duration_under_3h,ELLX → LIMC,0.0,QATAR AIRWAYS GROUP Q.C.S.C.,QATAR
ELLX,LIMC,ZZZ,283,7,-13.5833,scheduled_duration_under_3h,ELLX → LIMC,2.4735,Unknown / not identified,
ELLX,LPPR,LGL,184,46,6.75,scheduled_duration_under_3h,ELLX → LPPR,25.0,LUXAIR - SOCIETE LUXEMBOURGEOISE DE NAVIGATION AERIENNE S.A.,LUXEMBOURG
ELLX,LPPR,RYR,147,33,4.3333,scheduled_duration_under_3h,ELLX → LPPR,22.449,RYANAIR,IRELAND
ELLX,LPPR,TAP,47,11,10.7,scheduled_duration_under_3h,ELLX → LPPR,23.4043,"TRANSPORTES AEREOS PORTUGUESES, E.P.",PORTUGAL
ELLX,LPPR,ZZZ,159,33,4.4,scheduled_duration_under_3h,ELLX → LPPR,20.7547,Unknown / not identified,
ENAL,ENBR,SAS,209,12,-1.1167,scheduled_duration_under_3h,ENAL → ENBR,5.7416,SCANDINAVIAN AIRLINES SYSTEM,SWEDEN
ENAL,ENBR,WIF,536,9,-5.425,scheduled_duration_under_3h,ENAL → ENBR,1.6791,WIDEROE'S FLYVESELSKAP A/S,NORWAY
ENAL,ENGM,SAS,399,14,0.6333,scheduled_duration_under_3h,ENAL → ENGM,3.5088,SCANDINAVIAN AIRLINES SYSTEM,SWEDEN
ENAL,ENGM,WIF,1,0,-10.0667,scheduled_duration_under_3h,ENAL → ENGM,0.0,WIDEROE'S FLYVESELSKAP A/S,NORWAY
ENAL,ENGM,ZZZ,371,13,-1.0833,scheduled_duration_under_3h,ENAL → ENGM,3.504,Unknown / not identified,
ENBO,ENGM,SAS,498,61,4.65,scheduled_duration_under_3h,ENBO → ENGM,12.249,SCANDINAVIAN AIRLINES SYSTEM,SWEDEN
ENBO,ENGM,SWN,66,1,-6.6917,scheduled_duration_under_3h,ENBO → ENGM,1.5152,WEST ATLANTIC SWEDEN AB,SWEDEN
ENBO,ENGM,WIF,1,0,5.8833,scheduled_duration_under_3h,ENBO → ENGM,0.0,WIDEROE'S FLYVESELSKAP A/S,NORWAY
ENBO,ENGM,ZZZ,490,44,3.1083,scheduled_duration_under_3h,ENBO → ENGM,8.9796,Unknown / not identified,
ENBO,ENLK,WIF,657,11,-9.7667,scheduled_duration_under_3h,ENBO → ENLK,1.6743,WIDEROE'S FLYVESELSKAP A/S,NORWAY
ENBO,ENSH,WIF,501,8,-6.25,scheduled_duration_under_3h,ENBO → ENSH,1.5968,WIDEROE'S FLYVESELSKAP A/S,NORWAY
ENBO,ENTC,SAS,249,12,1.15,scheduled_duration_under_3h,ENBO → ENTC,4.8193,SCANDINAVIAN AIRLINES SYSTEM,SWEDEN
ENBO,ENTC,SWN,93,4,-8.9,scheduled_duration_under_3h,ENBO → ENTC,4.3011,WEST ATLANTIC SWEDEN AB,SWEDEN
ENBO,ENTC,WIF,264,15,-1.85,scheduled_duration_under_3h,ENBO → ENTC,5.6818,WIDEROE'S FLYVESELSKAP A/S,NORWAY
ENBO,ENTC,ZZZ,2,0,-2.45,scheduled_duration_under_3h,ENBO → ENTC,0.0,Unknown / not identified,
ENBO,ENVA,SAS,247,4,-6.2167,scheduled_duration_under_3h,ENBO → ENVA,1.6194,SCANDINAVIAN AIRLINES SYSTEM,SWEDEN
ENBO,ENVA,WIF,347,18,-13.9333,scheduled_duration_under_3h,ENBO → ENVA,5.1873,WIDEROE'S FLYVESELSKAP A/S,NORWAY
ENBR,EKCH,BCS,15,1,-8.3167,scheduled_duration_under_3h,ENBR → EKCH,6.6667,"EUROPEAN AIR TRANSPORT, LEIPZIG",GERMANY
ENBR,EKCH,BCY,3,0,-6.4833,scheduled_duration_under_3h,ENBR → EKCH,0.0,CITYJET,IRELAND
ENBR,EKCH,SAS,414,5,-8.9167,scheduled_duration_under_3h,ENBR → EKCH,1.2077,SCANDINAVIAN AIRLINES SYSTEM,SWEDEN
ENBR,EKCH,ZZZ,74,0,-12.425,scheduled_duration_under_3h,ENBR → EKCH,0.0,Unknown / not identified,
ENBR,ENAL,SAS,207,1,-5.8,scheduled_duration_under_3h,ENBR → ENAL,0.4831,SCANDINAVIAN AIRLINES SYSTEM,SWEDEN
ENBR,ENAL,WIF,535,5,-8.7167,scheduled_duration_under_3h,ENBR → ENAL,0.9346,WIDEROE'S FLYVESELSKAP A/S,NORWAY
ENBR,ENCN,SAS,1,0,-15.8167,scheduled_duration_under_3h,ENBR → ENCN,0.0,SCANDINAVIAN AIRLINES SYSTEM,SWEDEN
ENBR,ENCN,WIF,625,3,-10.7667,scheduled_duration_under_3h,ENBR → ENCN,0.48,WIDEROE'S FLYVESELSKAP A/S,NORWAY
ENBR,ENFL,WIF,539,0,-25.5,scheduled_duration_under_3h,ENBR → ENFL,0.0,WIDEROE'S FLYVESELSKAP A/S,NORWAY
ENBR,ENGM,DLH,1,0,-44.6667,scheduled_duration_under_3h,ENBR → ENGM,0.0,"DEUTSCHE LUFTHANSA, AG, KOELN",GERMANY
ENBR,ENGM,FIN,1,0,-58.6333,scheduled_duration_under_3h,ENBR → ENGM,0.0,FINNAIR OYJ,FINLAND
ENBR,ENGM,SAS,1074,8,-11.9333,scheduled_duration_under_3h,ENBR → ENGM,0.7449,SCANDINAVIAN AIRLINES SYSTEM,SWEDEN
ENBR,ENGM,SWT,69,0,-33.3833,scheduled_duration_under_3h,ENBR → ENGM,0.0,SWIFTAIR S.A.,SPAIN
ENBR,ENGM,WIF,58,1,-27.1667,scheduled_duration_under_3h,ENBR → ENGM,1.7241,WIDEROE'S FLYVESELSKAP A/S,NORWAY
ENBR,ENGM,ZZZ,1421,7,-14.5,scheduled_duration_under_3h,ENBR → ENGM,0.4926,Unknown / not identified,
ENBR,ENTO,WIF,585,0,-19.5833,scheduled_duration_under_3h,ENBR → ENTO,0.0,WIDEROE'S FLYVESELSKAP A/S,NORWAY
ENBR,ENVA,SAS,450,5,-8.675,scheduled_duration_under_3h,ENBR → ENVA,1.1111,SCANDINAVIAN AIRLINES SYSTEM,SWEDEN
ENBR,ENVA,WIF,515,6,-10.5333,scheduled_duration_under_3h,ENBR → ENVA,1.165,WIDEROE'S FLYVESELSKAP A/S,NORWAY
ENBR,ENVA,ZZZ,214,2,-6.075,scheduled_duration_under_3h,ENBR → ENVA,0.9346,Unknown / not identified,
ENBR,ENZV,BCS,71,1,-5.8333,scheduled_duration_under_3h,ENBR → ENZV,1.4085,"EUROPEAN AIR TRANSPORT, LEIPZIG",GERMANY
ENBR,ENZV,BCY,1,0,-2.6333,scheduled_duration_under_3h,ENBR → ENZV,0.0,CITYJET,IRELAND
ENBR,ENZV,SAS,649,15,-7.2,scheduled_duration_under_3h,ENBR → ENZV,2.3112,SCANDINAVIAN AIRLINES SYSTEM,SWEDEN
ENBR,ENZV,SWT,53,0,-35.75,scheduled_duration_under_3h,ENBR → ENZV,0.0,SWIFTAIR S.A.,SPAIN
ENBR,ENZV,WIF,705,8,-8.3833,scheduled_duration_under_3h,ENBR → ENZV,1.1348,WIDEROE'S FLYVESELSKAP A/S,NORWAY
ENBR,ENZV,WZZ,1,0,-12.1333,scheduled_duration_under_3h,ENBR → ENZV,0.0,WIZZ AIR HUNGARY LTD,HUNGARY
ENBR,ENZV,ZZZ,260,1,-10.925,scheduled_duration_under_3h,ENBR → ENZV,0.3846,Unknown / not identified,
ENCN,ENBR,WIF,625,2,-12.0,scheduled_duration_under_3h,ENCN → ENBR,0.32,WIDEROE'S FLYVESELSKAP A/S,NORWAY
ENCN,ENGM,SAS,384,5,-4.1,scheduled_duration_under_3h,ENCN → ENGM,1.3021,SCANDINAVIAN AIRLINES SYSTEM,SWEDEN
ENCN,ENGM,ZZZ,257,3,-4.8,scheduled_duration_under_3h,ENCN → ENGM,1.1673,Unknown / not identified,
ENEV,ENGM,SAS,228,24,2.2917,scheduled_duration_under_3h,ENEV → ENGM,10.5263,SCANDINAVIAN AIRLINES SYSTEM,SWEDEN
ENEV,ENGM,ZZZ,509,29,0.25,scheduled_duration_under_3h,ENEV → ENGM,5.6974,Unknown / not identified,
ENFL,ENBR,WIF,539,3,-16.9167,scheduled_duration_under_3h,ENFL → ENBR,0.5566,WIDEROE'S FLYVESELSKAP A/S,NORWAY
ENGM,EDDF,DLH,502,27,-3.0167,scheduled_duration_under_3h,ENGM → EDDF,5.3785,"DEUTSCHE LUFTHANSA, AG, KOELN",GERMANY
ENGM,EDDF,SAS,4,0,1.4917,scheduled_duration_under_3h,ENGM → EDDF,0.0,SCANDINAVIAN AIRLINES SYSTEM,SWEDEN
ENGM,EDDF,UAE,2,1,3.775,scheduled_duration_under_3h,ENGM → EDDF,50.0,EMIRATES,UNITED ARAB EMIRATES
ENGM,EFHK,FIN,434,60,2.825,scheduled_duration_under_3h,ENGM → EFHK,13.8249,FINNAIR OYJ,FINLAND
ENGM,EFHK,THY,7,0,-5.25,scheduled_duration_under_3h,ENGM → EFHK,0.0,TURK HAVA YOLLARI (TURKISH AIRLINES CO.),TURKEY
ENGM,EFHK,ZZZ,61,1,2.6333,scheduled_duration_under_3h,ENGM → EFHK,1.6393,Unknown / not identified,
ENGM,EGLL,BAW,262,124,14.625,scheduled_duration_under_3h,ENGM → EGLL,47.3282,BRITISH AIRWAYS,UNITED KINGDOM
ENGM,EGLL,SAS,442,138,9.2417,scheduled_duration_under_3h,ENGM → EGLL,31.2217,SCANDINAVIAN AIRLINES SYSTEM,SWEDEN
ENGM,EHAM,KLM,568,103,6.8,scheduled_duration_under_3h,ENGM → EHAM,18.1338,KLM ROYAL DUTCH AIRLINES,NETHERLANDS
ENGM,EHAM,SAS,192,32,6.8833,scheduled_duration_under_3h,ENGM → EHAM,16.6667,SCANDINAVIAN AIRLINES SYSTEM,SWEDEN
ENGM,EHAM,TRA,1,0,4.45,scheduled_duration_under_3h,ENGM → EHAM,0.0,TRANSAVIA HOLLAND B.V.,NETHERLANDS
ENGM,EHAM,ZZZ,108,21,7.825,scheduled_duration_under_3h,ENGM → EHAM,19.4444,Unknown / not identified,
ENGM,EKCH,BCS,76,5,0.725,scheduled_duration_under_3h,ENGM → EKCH,6.5789,"EUROPEAN AIR TRANSPORT, LEIPZIG",GERMANY
ENGM,EKCH,BCY,1,0,-13.2833,scheduled_duration_under_3h,ENGM → EKCH,0.0,CITYJET,IRELAND
ENGM,EKCH,FLI,1,0,2.25,scheduled_duration_under_3h,ENGM → EKCH,0.0,"ATLANTIC AIRWAYS, FAROE ISLANDS P/F",DENMARK
ENGM,EKCH,SAS,1118,21,-2.05,scheduled_duration_under_3h,ENGM → EKCH,1.8784,SCANDINAVIAN AIRLINES SYSTEM,SWEDEN
ENGM,EKCH,ZZZ,744,28,-4.275,scheduled_duration_under_3h,ENGM → EKCH,3.7634,Unknown / not identified,
ENGM,ENAL,SAS,414,51,4.7667,scheduled_duration_under_3h,ENGM → ENAL,12.3188,SCANDINAVIAN AIRLINES SYSTEM,SWEDEN
ENGM,ENAL,WIF,8,3,7.875,scheduled_duration_under_3h,ENGM → ENAL,37.5,WIDEROE'S FLYVESELSKAP A/S,NORWAY
ENGM,ENAL,ZZZ,375,37,4.1333,scheduled_duration_under_3h,ENGM → ENAL,9.8667,Unknown / not identified,
ENGM,ENBO,SAS,496,63,7.3083,scheduled_duration_under_3h,ENGM → ENBO,12.7016,SCANDINAVIAN AIRLINES SYSTEM,SWEDEN
ENGM,ENBO,SWN,125,10,-1.5833,scheduled_duration_under_3h,ENGM → ENBO,8.0,WEST ATLANTIC SWEDEN AB,SWEDEN
ENGM,ENBO,WIF,2,0,-0.9083,scheduled_duration_under_3h,ENGM → ENBO,0.0,WIDEROE'S FLYVESELSKAP A/S,NORWAY
ENGM,ENBO,ZZZ,491,73,5.9,scheduled_duration_under_3h,ENGM → ENBO,14.8676,Unknown / not identified,
ENGM,ENBR,SAS,1052,27,-3.325,scheduled_duration_under_3h,ENGM → ENBR,2.5665,SCANDINAVIAN AIRLINES SYSTEM,SWEDEN
ENGM,ENBR,SWT,65,1,-7.9833,scheduled_duration_under_3h,ENGM → ENBR,1.5385,SWIFTAIR S.A.,SPAIN
ENGM,ENBR,WIF,55,1,-13.5167,scheduled_duration_under_3h,ENGM → ENBR,1.8182,WIDEROE'S FLYVESELSKAP A/S,NORWAY
ENGM,ENBR,ZZZ,1421,40,-2.5333,scheduled_duration_under_3h,ENGM → ENBR,2.8149,Unknown / not identified,
ENGM,ENCN,SAS,384,3,-5.9333,scheduled_duration_under_3h,ENGM → ENCN,0.7812,SCANDINAVIAN AIRLINES SYSTEM,SWEDEN
ENGM,ENCN,ZZZ,257,4,-5.5667,scheduled_duration_under_3h,ENGM → ENCN,1.5564,Unknown / not identified,
ENGM,ENEV,SAS,227,48,8.65,scheduled_duration_under_3h,ENGM → ENEV,21.1454,SCANDINAVIAN AIRLINES SYSTEM,SWEDEN
ENGM,ENEV,ZZZ,506,100,7.35,scheduled_duration_under_3h,ENGM → ENEV,19.7628,Unknown / not identified,
ENGM,ENHD,SAS,337,13,0.4833,scheduled_duration_under_3h,ENGM → ENHD,3.8576,SCANDINAVIAN AIRLINES SYSTEM,SWEDEN
ENGM,ENHD,WIF,1,0,-21.1,scheduled_duration_under_3h,ENGM → ENHD,0.0,WIDEROE'S FLYVESELSKAP A/S,NORWAY
ENGM,ENHD,ZZZ,285,12,0.2167,scheduled_duration_under_3h,ENGM → ENHD,4.2105,Unknown / not identified,
ENGM,ENTC,SAS,661,167,9.6833,scheduled_duration_under_3h,ENGM → ENTC,25.2648,SCANDINAVIAN AIRLINES SYSTEM,SWEDEN
ENGM,ENTC,SWN,40,3,-2.2333,scheduled_duration_under_3h,ENGM → ENTC,7.5,WEST ATLANTIC SWEDEN AB,SWEDEN
ENGM,ENTC,ZZZ,791,178,8.75,scheduled_duration_under_3h,ENGM → ENTC,22.5032,Unknown / not identified,
ENGM,ENVA,SAS,1117,57,1.6167,scheduled_duration_under_3h,ENGM → ENVA,5.103,SCANDINAVIAN AIRLINES SYSTEM,SWEDEN
ENGM,ENVA,SWT,69,1,-8.6,scheduled_duration_under_3h,ENGM → ENVA,1.4493,SWIFTAIR S.A.,SPAIN
ENGM,ENVA,WIF,288,2,-8.4833,scheduled_duration_under_3h,ENGM → ENVA,0.6944,WIDEROE'S FLYVESELSKAP A/S,NORWAY
ENGM,ENVA,ZZZ,1408,65,-0.0333,scheduled_duration_under_3h,ENGM → ENVA,4.6165,Unknown / not identified,
ENGM,ENZV,SAS,1051,57,1.9333,scheduled_duration_under_3h,ENGM → ENZV,5.4234,SCANDINAVIAN AIRLINES SYSTEM,SWEDEN
ENGM,ENZV,SWT,3,0,-10.2167,scheduled_duration_under_3h,ENGM → ENZV,0.0,SWIFTAIR S.A.,SPAIN
ENGM,ENZV,ZZZ,1123,61,0.65,scheduled_duration_under_3h,ENGM → ENZV,5.4319,Unknown / not identified,
ENGM,ESSA,ETH,109,35,7.7167,scheduled_duration_under_3h,ENGM → ESSA,32.1101,ETHIOPIAN AIRLINES CORPORATION,ETHIOPIA
ENGM,ESSA,ICE,4,2,18.4,scheduled_duration_under_3h,ENGM → ESSA,50.0,ICELANDAIR,ICELAND
ENGM,ESSA,SAS,768,58,4.0417,scheduled_duration_under_3h,ENGM → ESSA,7.5521,SCANDINAVIAN AIRLINES SYSTEM,SWEDEN
ENGM,ESSA,ZZZ,614,45,2.4333,scheduled_duration_under_3h,ENGM → ESSA,7.329,Unknown / not identified,
ENGM,LFPG,AFR,234,58,8.5583,scheduled_duration_under_3h,ENGM → LFPG,24.7863,AIR FRANCE,FRANCE
ENGM,LFPG,QTR,1,1,26.1167,scheduled_duration_under_3h,ENGM → LFPG,100.0,QATAR AIRWAYS GROUP Q.C.S.C.,QATAR
ENGM,LFPG,SAS,107,7,-1.1667,scheduled_duration_under_3h,ENGM → LFPG,6.5421,SCANDINAVIAN AIRLINES SYSTEM,SWEDEN
ENGM,LFPG,ZZZ,177,27,4.1333,scheduled_duration_under_3h,ENGM → LFPG,15.2542,Unknown / not identified,
ENHD,ENGM,SAS,336,7,-1.825,scheduled_duration_under_3h,ENHD → ENGM,2.0833,SCANDINAVIAN AIRLINES SYSTEM,SWEDEN
ENHD,ENGM,WIF,1,0,-7.55,scheduled_duration_under_3h,ENHD → ENGM,0.0,WIDEROE'S FLYVESELSKAP A/S,NORWAY
ENHD,ENGM,ZZZ,284,2,-3.0583,scheduled_duration_under_3h,ENHD → ENGM,0.7042,Unknown / not identified,
ENHF,ENTC,WIF,711,7,-18.0833,scheduled_duration_under_3h,ENHF → ENTC,0.9845,WIDEROE'S FLYVESELSKAP A/S,NORWAY
ENLK,ENBO,WIF,659,3,-7.9833,scheduled_duration_under_3h,ENLK → ENBO,0.4552,WIDEROE'S FLYVESELSKAP A/S,NORWAY
ENSH,ENBO,WIF,553,5,-9.2333,scheduled_duration_under_3h,ENSH → ENBO,0.9042,WIDEROE'S FLYVESELSKAP A/S,NORWAY
ENTC,ENAT,SAS,79,4,-3.7833,scheduled_duration_under_3h,ENTC → ENAT,5.0633,SCANDINAVIAN AIRLINES SYSTEM,SWEDEN
ENTC,ENAT,WIF,442,7,-9.55,scheduled_duration_under_3h,ENTC → ENAT,1.5837,WIDEROE'S FLYVESELSKAP A/S,NORWAY
ENTC,ENAT,ZZZ,91,5,-2.0167,scheduled_duration_under_3h,ENTC → ENAT,5.4945,Unknown / not identified,
ENTC,ENBO,SAS,239,5,-13.7167,scheduled_duration_under_3h,ENTC → ENBO,2.0921,SCANDINAVIAN AIRLINES SYSTEM,SWEDEN
ENTC,ENBO,SWN,28,0,-9.8917,scheduled_duration_under_3h,ENTC → ENBO,0.0,WEST ATLANTIC SWEDEN AB,SWEDEN
ENTC,ENBO,WIF,258,4,-16.1583,scheduled_duration_under_3h,ENTC → ENBO,1.5504,WIDEROE'S FLYVESELSKAP A/S,NORWAY
ENTC,ENGM,SAS,684,50,0.9833,scheduled_duration_under_3h,ENTC → ENGM,7.3099,SCANDINAVIAN AIRLINES SYSTEM,SWEDEN
ENTC,ENGM,SWN,99,3,-15.5333,scheduled_duration_under_3h,ENTC → ENGM,3.0303,WEST ATLANTIC SWEDEN AB,SWEDEN
ENTC,ENGM,ZZZ,791,66,-0.05,scheduled_duration_under_3h,ENTC → ENGM,8.3439,Unknown / not identified,
ENTC,ENHF,WIF,605,11,-17.0833,scheduled_duration_under_3h,ENTC → ENHF,1.8182,WIDEROE'S FLYVESELSKAP A/S,NORWAY
ENTO,ENBR,WIF,583,1,-14.4667,scheduled_duration_under_3h,ENTO → ENBR,0.1715,WIDEROE'S FLYVESELSKAP A/S,NORWAY
ENVA,ENBO,SAS,257,8,-2.65,scheduled_duration_under_3h,ENVA → ENBO,3.1128,SCANDINAVIAN AIRLINES SYSTEM,SWEDEN
ENVA,ENBO,WIF,345,13,-13.3,scheduled_duration_under_3h,ENVA → ENBO,3.7681,WIDEROE'S FLYVESELSKAP A/S,NORWAY
ENVA,ENBR,SAS,476,18,-3.475,scheduled_duration_under_3h,ENVA → ENBR,3.7815,SCANDINAVIAN AIRLINES SYSTEM,SWEDEN
ENVA,ENBR,WIF,503,12,-8.45,scheduled_duration_under_3h,ENVA → ENBR,2.3857,WIDEROE'S FLYVESELSKAP A/S,NORWAY
ENVA,ENBR,ZZZ,215,2,-6.1167,scheduled_duration_under_3h,ENVA → ENBR,0.9302,Unknown / not identified,
ENVA,ENGM,SAS,1116,31,-3.4583,scheduled_duration_under_3h,ENVA → ENGM,2.7778,SCANDINAVIAN AIRLINES SYSTEM,SWEDEN
ENVA,ENGM,SWT,69,0,-22.0333,scheduled_duration_under_3h,ENVA → ENGM,0.0,SWIFTAIR S.A.,SPAIN
ENVA,ENGM,WIF,286,2,-11.9917,scheduled_duration_under_3h,ENVA → ENGM,0.6993,WIDEROE'S FLYVESELSKAP A/S,NORWAY
ENVA,ENGM,ZZZ,1410,23,-5.9917,scheduled_duration_under_3h,ENVA → ENGM,1.6312,Unknown / not identified,
ENZV,EKCH,ADZ,1,0,12.5167,scheduled_duration_under_3h,ENZV → EKCH,0.0,COMPASS CARGO AIRLINES,BULGARIA
ENZV,EKCH,BCS,85,0,-12.6167,scheduled_duration_under_3h,ENZV → EKCH,0.0,"EUROPEAN AIR TRANSPORT, LEIPZIG",GERMANY
ENZV,EKCH,BCY,3,0,-6.6833,scheduled_duration_under_3h,ENZV → EKCH,0.0,CITYJET,IRELAND
ENZV,EKCH,SAS,459,4,-5.85,scheduled_duration_under_3h,ENZV → EKCH,0.8715,SCANDINAVIAN AIRLINES SYSTEM,SWEDEN
ENZV,EKCH,ZZZ,50,1,-7.5917,scheduled_duration_under_3h,ENZV → EKCH,2.0,Unknown / not identified,
ENZV,ENBR,BCS,71,3,-15.2833,scheduled_duration_under_3h,ENZV → ENBR,4.2254,"EUROPEAN AIR TRANSPORT, LEIPZIG",GERMANY
ENZV,ENBR,SAS,636,7,-9.6583,scheduled_duration_under_3h,ENZV → ENBR,1.1006,SCANDINAVIAN AIRLINES SYSTEM,SWEDEN
ENZV,ENBR,SWT,57,0,-31.2667,scheduled_duration_under_3h,ENZV → ENBR,0.0,SWIFTAIR S.A.,SPAIN
ENZV,ENBR,WIF,701,3,-15.9667,scheduled_duration_under_3h,ENZV → ENBR,0.428,WIDEROE'S FLYVESELSKAP A/S,NORWAY
ENZV,ENBR,ZZZ,259,0,-13.9333,scheduled_duration_under_3h,ENZV → ENBR,0.0,Unknown / not identified,
ENZV,ENGM,BCY,1,0,-32.1833,scheduled_duration_under_3h,ENZV → ENGM,0.0,CITYJET,IRELAND
ENZV,ENGM,SAS,1041,12,-6.05,scheduled_duration_under_3h,ENZV → ENGM,1.1527,SCANDINAVIAN AIRLINES SYSTEM,SWEDEN
ENZV,ENGM,ZZZ,1118,7,-11.2667,scheduled_duration_under_3h,ENZV → ENGM,0.6261,Unknown / not identified,
EPGD,EPWA,LOT,603,22,-8.85,scheduled_duration_under_3h,EPGD → EPWA,3.6484,LOT - POLSKIE LINIE LOTNICZE,POLAND
EPGD,EPWA,WZZ,1,0,-19.9,scheduled_duration_under_3h,EPGD → EPWA,0.0,WIZZ AIR HUNGARY LTD,HUNGARY
EPKK,EPWA,ELY,2,2,37.6417,scheduled_duration_under_3h,EPKK → EPWA,100.0,EL AL - ISRAEL AIRLINES LTD.,ISRAEL
EPKK,EPWA,LOT,723,65,-3.5167,scheduled_duration_under_3h,EPKK → EPWA,8.9903,LOT - POLSKIE LINIE LOTNICZE,POLAND
EPWA,EDDF,ACA,1,0,-16.15,scheduled_duration_under_3h,EPWA → EDDF,0.0,AIR CANADA,CANADA
EPWA,EDDF,DLH,357,20,-4.45,scheduled_duration_under_3h,EPWA → EDDF,5.6022,"DEUTSCHE LUFTHANSA, AG, KOELN",GERMANY
EPWA,EDDF,LOT,292,22,-1.7917,scheduled_duration_under_3h,EPWA → EDDF,7.5342,LOT - POLSKIE LINIE LOTNICZE,POLAND
EPWA,EDDF,UAE,1,0,2.4833,scheduled_duration_under_3h,EPWA → EDDF,0.0,EMIRATES,UNITED ARAB EMIRATES
EPWA,EDDM,DLH,326,21,-2.1417,scheduled_duration_under_3h,EPWA → EDDM,6.4417,"DEUTSCHE LUFTHANSA, AG, KOELN",GERMANY
EPWA,EDDM,LOT,296,21,1.1833,scheduled_duration_under_3h,EPWA → EDDM,7.0946,LOT - POLSKIE LINIE LOTNICZE,POLAND
EPWA,EGLL,BAW,297,147,14.8667,scheduled_duration_under_3h,EPWA → EGLL,49.4949,BRITISH AIRWAYS,UNITED KINGDOM
EPWA,EGLL,LOT,275,153,16.4833,scheduled_duration_under_3h,EPWA → EGLL,55.6364,LOT - POLSKIE LINIE LOTNICZE,POLAND
EPWA,EGLL,VIR,1,0,1.2,scheduled_duration_under_3h,EPWA → EGLL,0.0,VIRGIN ATLANTIC,UNITED KINGDOM
EPWA,EHAM,KLM,399,84,6.9833,scheduled_duration_under_3h,EPWA → EHAM,21.0526,KLM ROYAL DUTCH AIRLINES,NETHERLANDS
EPWA,EHAM,LOT,305,62,8.3833,scheduled_duration_under_3h,EPWA → EHAM,20.3279,LOT - POLSKIE LINIE LOTNICZE,POLAND
EPWA,EHAM,UAE,1,1,24.0,scheduled_duration_under_3h,EPWA → EHAM,100.0,EMIRATES,UNITED ARAB EMIRATES
EPWA,EKCH,LOT,328,7,-3.7333,scheduled_duration_under_3h,EPWA → EKCH,2.1341,LOT - POLSKIE LINIE LOTNICZE,POLAND
EPWA,EKCH,SAS,35,0,-8.3667,scheduled_duration_under_3h,EPWA → EKCH,0.0,SCANDINAVIAN AIRLINES SYSTEM,SWEDEN
EPWA,EKCH,WZZ,58,2,-7.5833,scheduled_duration_under_3h,EPWA → EKCH,3.4483,WIZZ AIR HUNGARY LTD,HUNGARY
EPWA,EKCH,ZZZ,137,2,-7.8833,scheduled_duration_under_3h,EPWA → EKCH,1.4599,Unknown / not identified,
EPWA,EPGD,LOT,605,26,-3.3833,scheduled_duration_under_3h,EPWA → EPGD,4.2975,LOT - POLSKIE LINIE LOTNICZE,POLAND
EPWA,EPGD,WZZ,2,2,38.075,scheduled_duration_under_3h,EPWA → EPGD,100.0,WIZZ AIR HUNGARY LTD,HUNGARY
EPWA,EPGD,ZZZ,2,2,55.4,scheduled_duration_under_3h,EPWA → EPGD,100.0,Unknown / not identified,
EPWA,EPKK,DLH,1,0,3.8333,scheduled_duration_under_3h,EPWA → EPKK,0.0,"DEUTSCHE LUFTHANSA, AG, KOELN",GERMANY
EPWA,EPKK,LOT,726,80,1.1667,scheduled_duration_under_3h,EPWA → EPKK,11.0193,LOT - POLSKIE LINIE LOTNICZE,POLAND
EPWA,EPKK,TRA,1,0,-5.45,scheduled_duration_under_3h,EPWA → EPKK,0.0,TRANSAVIA HOLLAND B.V.,NETHERLANDS
EPWA,EPKK,WZZ,1,0,-11.1833,scheduled_duration_under_3h,EPWA → EPKK,0.0,WIZZ AIR HUNGARY LTD,HUNGARY
EPWA,EPWR,LOT,647,38,2.9,scheduled_duration_under_3h,EPWA → EPWR,5.8733,LOT - POLSKIE LINIE LOTNICZE,POLAND
EPWA,LFPG,ABB,1,0,13.2,scheduled_duration_under_3h,EPWA → LFPG,0.0,AIR BELGIUM SA,BELGIUM
EPWA,LFPG,AFR,370,102,9.2,scheduled_duration_under_3h,EPWA → LFPG,27.5676,AIR FRANCE,FRANCE
EPWA,LFPG,FDX,1,0,10.9,scheduled_duration_under_3h,EPWA → LFPG,0.0,FEDERAL EXPRESS CORPORATION,UNITED STATES
EPWA,LFPG,LOT,330,75,7.2667,scheduled_duration_under_3h,EPWA → LFPG,22.7273,LOT - POLSKIE LINIE LOTNICZE,POLAND
EPWA,LFPG,ZZZ,55,9,3.5667,scheduled_duration_under_3h,EPWA → LFPG,16.3636,Unknown / not identified,
EPWA,LOWW,AUA,371,63,5.15,scheduled_duration_under_3h,EPWA → LOWW,16.9811,AUSTRIAN AIRLINES (AUA) AG,AUSTRIA
EPWA,LOWW,LOT,216,58,7.8917,scheduled_duration_under_3h,EPWA → LOWW,26.8519,LOT - POLSKIE LINIE LOTNICZE,POLAND
EPWR,EPWA,LOT,644,13,-7.6083,scheduled_duration_under_3h,EPWR → EPWA,2.0186,LOT - POLSKIE LINIE LOTNICZE,POLAND
ESGG,ESSA,BCY,1,0,12.0167,scheduled_duration_under_3h,ESGG → ESSA,0.0,CITYJET,IRELAND
ESGG,ESSA,BRX,1,0,-10.3,scheduled_duration_under_3h,ESGG → ESSA,0.0,BRAATHENS REGIONAL AIRWAYS AB,SWEDEN
ESGG,ESSA,RYR,230,6,-5.125,scheduled_duration_under_3h,ESGG → ESSA,2.6087,RYANAIR,IRELAND
ESGG,ESSA,SAS,552,32,0.375,scheduled_duration_under_3h,ESGG → ESSA,5.7971,SCANDINAVIAN AIRLINES SYSTEM,SWEDEN
ESGG,ESSA,ZZZ,12,2,0.7833,scheduled_duration_under_3h,ESGG → ESSA,16.6667,Unknown / not identified,
ESGG,ESSB,BRX,540,2,-5.4333,scheduled_duration_under_3h,ESGG → ESSB,0.3704,BRAATHENS REGIONAL AIRWAYS AB,SWEDEN
ESMS,ESSA,APF,4,0,-11.3583,scheduled_duration_under_3h,ESMS → ESSA,0.0,AMAPOLA FLYG AB,SWEDEN
ESMS,ESSA,AZD,65,0,-17.5,scheduled_duration_under_3h,ESMS → ESSA,0.0,ZIMEX AVIATION AUSTRIA,AUSTRIA
ESMS,ESSA,BRX,1,0,-10.9833,scheduled_duration_under_3h,ESMS → ESSA,0.0,BRAATHENS REGIONAL AIRWAYS AB,SWEDEN
ESMS,ESSA,FTL,60,2,-4.9417,scheduled_duration_under_3h,ESMS → ESSA,3.3333,FLIGHTLINE,SPAIN
ESMS,ESSA,RYR,150,2,-7.5833,scheduled_duration_under_3h,ESMS → ESSA,1.3333,RYANAIR,IRELAND
ESMS,ESSA,SAS,403,7,-2.8833,scheduled_duration_under_3h,ESMS → ESSA,1.737,SCANDINAVIAN AIRLINES SYSTEM,SWEDEN
ESMS,ESSB,BRX,823,11,-3.85,scheduled_duration_under_3h,ESMS → ESSB,1.3366,BRAATHENS REGIONAL AIRWAYS AB,SWEDEN
ESMS,ESSB,ZZZ,1,0,-13.4833,scheduled_duration_under_3h,ESMS → ESSB,0.0,Unknown / not identified,
ESNU,ESSA,BRX,1,1,26.6,scheduled_duration_under_3h,ESNU → ESSA,100.0,BRAATHENS REGIONAL AIRWAYS AB,SWEDEN
ESNU,ESSA,SAS,486,30,-0.35,scheduled_duration_under_3h,ESNU → ESSA,6.1728,SCANDINAVIAN AIRLINES SYSTEM,SWEDEN
ESNU,ESSA,ZZZ,363,32,0.25,scheduled_duration_under_3h,ESNU → ESSA,8.8154,Unknown / not identified,
ESPA,ESSA,RYR,94,6,-6.4,scheduled_duration_under_3h,ESPA → ESSA,6.383,RYANAIR,IRELAND
ESPA,ESSA,SAS,687,100,3.65,scheduled_duration_under_3h,ESPA → ESSA,14.556,SCANDINAVIAN AIRLINES SYSTEM,SWEDEN
ESPA,ESSA,ZZZ,451,31,0.45,scheduled_duration_under_3h,ESPA → ESSA,6.8736,Unknown / not identified,
ESSA,EDDF,DLH,483,13,-4.8,scheduled_duration_under_3h,ESSA → EDDF,2.6915,"DEUTSCHE LUFTHANSA, AG, KOELN",GERMANY
ESSA,EDDF,SAS,80,2,-8.7917,scheduled_duration_under_3h,ESSA → EDDF,2.5,SCANDINAVIAN AIRLINES SYSTEM,SWEDEN
ESSA,EFHK,APF,1,0,-4.0333,scheduled_duration_under_3h,ESSA → EFHK,0.0,AMAPOLA FLYG AB,SWEDEN
ESSA,EFHK,FIN,739,27,-2.2833,scheduled_duration_under_3h,ESSA → EFHK,3.6536,FINNAIR OYJ,FINLAND
ESSA,EFHK,FTL,19,0,-7.4333,scheduled_duration_under_3h,ESSA → EFHK,0.0,FLIGHTLINE,SPAIN
ESSA,EFHK,SAS,243,10,-2.2833,scheduled_duration_under_3h,ESSA → EFHK,4.1152,SCANDINAVIAN AIRLINES SYSTEM,SWEDEN
ESSA,EFHK,THY,4,0,1.4,scheduled_duration_under_3h,ESSA → EFHK,0.0,TURK HAVA YOLLARI (TURKISH AIRLINES CO.),TURKEY
ESSA,EFHK,UPS,16,1,-5.1167,scheduled_duration_under_3h,ESSA → EFHK,6.25,"UNITED PARCEL SERVICE COMPANY, (LOUISVILLE, KY)",UNITED STATES
ESSA,EFHK,ZZZ,499,6,-4.9667,scheduled_duration_under_3h,ESSA → EFHK,1.2024,Unknown / not identified,
ESSA,EGLL,BAW,363,111,9.4833,scheduled_duration_under_3h,ESSA → EGLL,30.5785,BRITISH AIRWAYS,UNITED KINGDOM
ESSA,EGLL,BCS,20,7,11.675,scheduled_duration_under_3h,ESSA → EGLL,35.0,"EUROPEAN AIR TRANSPORT, LEIPZIG",GERMANY
ESSA,EGLL,SAS,137,35,6.25,scheduled_duration_under_3h,ESSA → EGLL,25.5474,SCANDINAVIAN AIRLINES SYSTEM,SWEDEN
ESSA,EGLL,ZZZ,370,80,6.5667,scheduled_duration_under_3h,ESSA → EGLL,21.6216,Unknown / not identified,
ESSA,EHAM,KLM,619,103,2.9167,scheduled_duration_under_3h,ESSA → EHAM,16.6397,KLM ROYAL DUTCH AIRLINES,NETHERLANDS
ESSA,EHAM,SAS,224,46,4.5667,scheduled_duration_under_3h,ESSA → EHAM,20.5357,SCANDINAVIAN AIRLINES SYSTEM,SWEDEN
ESSA,EHAM,ZZZ,82,18,5.9083,scheduled_duration_under_3h,ESSA → EHAM,21.9512,Unknown / not identified,
ESSA,EKCH,FLI,1,0,1.9833,scheduled_duration_under_3h,ESSA → EKCH,0.0,"ATLANTIC AIRWAYS, FAROE ISLANDS P/F",DENMARK
ESSA,EKCH,SAS,1040,3,-5.8333,scheduled_duration_under_3h,ESSA → EKCH,0.2885,SCANDINAVIAN AIRLINES SYSTEM,SWEDEN
ESSA,EKCH,ZZZ,506,7,-9.325,scheduled_duration_under_3h,ESSA → EKCH,1.3834,Unknown / not identified,
ESSA,ENGM,ETH,109,8,0.9333,scheduled_duration_under_3h,ESSA → ENGM,7.3394,ETHIOPIAN AIRLINES CORPORATION,ETHIOPIA
ESSA,ENGM,SAS,769,18,-1.9,scheduled_duration_under_3h,ESSA → ENGM,2.3407,SCANDINAVIAN AIRLINES SYSTEM,SWEDEN
ESSA,ENGM,ZZZ,613,14,-5.1167,scheduled_duration_under_3h,ESSA → ENGM,2.2838,Unknown / not identified,
ESSA,ESGG,BRX,1,0,-12.2333,scheduled_duration_under_3h,ESSA → ESGG,0.0,BRAATHENS REGIONAL AIRWAYS AB,SWEDEN
ESSA,ESGG,RYR,230,4,-6.75,scheduled_duration_under_3h,ESSA → ESGG,1.7391,RYANAIR,IRELAND
ESSA,ESGG,SAS,556,21,-3.025,scheduled_duration_under_3h,ESSA → ESGG,3.777,SCANDINAVIAN AIRLINES SYSTEM,SWEDEN
ESSA,ESGG,ZZZ,14,2,0.3833,scheduled_duration_under_3h,ESSA → ESGG,14.2857,Unknown / not identified,
ESSA,ESMS,APF,6,0,-8.5333,scheduled_duration_under_3h,ESSA → ESMS,0.0,AMAPOLA FLYG AB,SWEDEN
ESSA,ESMS,AZD,65,1,-16.4333,scheduled_duration_under_3h,ESSA → ESMS,1.5385,ZIMEX AVIATION AUSTRIA,AUSTRIA
ESSA,ESMS,BRX,2,0,-5.9583,scheduled_duration_under_3h,ESSA → ESMS,0.0,BRAATHENS REGIONAL AIRWAYS AB,SWEDEN
ESSA,ESMS,RYR,150,12,-5.6917,scheduled_duration_under_3h,ESSA → ESMS,8.0,RYANAIR,IRELAND
ESSA,ESMS,SAS,400,7,-5.2917,scheduled_duration_under_3h,ESSA → ESMS,1.75,SCANDINAVIAN AIRLINES SYSTEM,SWEDEN
ESSA,ESNU,SAS,485,21,-3.1167,scheduled_duration_under_3h,ESSA → ESNU,4.3299,SCANDINAVIAN AIRLINES SYSTEM,SWEDEN
ESSA,ESNU,ZZZ,362,7,-6.675,scheduled_duration_under_3h,ESSA → ESNU,1.9337,Unknown / not identified,
ESSA,ESPA,RYR,95,2,-2.5333,scheduled_duration_under_3h,ESSA → ESPA,2.1053,RYANAIR,IRELAND
ESSA,ESPA,SAS,697,45,0.7167,scheduled_duration_under_3h,ESSA → ESPA,6.4562,SCANDINAVIAN AIRLINES SYSTEM,SWEDEN
ESSA,ESPA,ZZZ,452,13,-3.475,scheduled_duration_under_3h,ESSA → ESPA,2.8761,Unknown / not identified,
ESSA,LFPG,AFR,346,43,2.5417,scheduled_duration_under_3h,ESSA → LFPG,12.4277,AIR FRANCE,FRANCE
ESSA,LFPG,SAS,183,8,-0.7833,scheduled_duration_under_3h,ESSA → LFPG,4.3716,SCANDINAVIAN AIRLINES SYSTEM,SWEDEN
ESSA,LFPG,ZZZ,137,18,-0.0333,scheduled_duration_under_3h,ESSA → LFPG,13.1387,Unknown / not identified,
ESSB,ESGG,BRX,541,20,-0.3167,scheduled_duration_under_3h,ESSB → ESGG,3.6969,BRAATHENS REGIONAL AIRWAYS AB,SWEDEN
ESSB,ESMS,BRX,825,11,0.3667,scheduled_duration_under_3h,ESSB → ESMS,1.3333,BRAATHENS REGIONAL AIRWAYS AB,SWEDEN
ESSB,ESSV,BRX,609,5,-0.8167,scheduled_duration_under_3h,ESSB → ESSV,0.821,BRAATHENS REGIONAL AIRWAYS AB,SWEDEN
ESSV,ESSB,BRX,608,3,-5.4417,scheduled_duration_under_3h,ESSV → ESSB,0.4934,BRAATHENS REGIONAL AIRWAYS AB,SWEDEN
EVRA,EFHK,BTI,295,24,1.6167,scheduled_duration_under_3h,EVRA → EFHK,8.1356,AIR BALTIC CORPORATION JSC,LATVIA
EVRA,EFHK,FIN,329,5,-3.85,scheduled_duration_under_3h,EVRA → EFHK,1.5198,FINNAIR OYJ,FINLAND
EVRA,EFHK,RYR,71,1,-1.6333,scheduled_duration_under_3h,EVRA → EFHK,1.4085,RYANAIR,IRELAND
GCFV,GCLP,CFG,32,7,6.65,scheduled_duration_under_3h,GCFV → GCLP,21.875,"CONDOR FLUGDIENST GMBH, FRANKFURT (MAIN)",GERMANY
GCFV,GCLP,EWG,1,0,13.3833,scheduled_duration_under_3h,GCFV → GCLP,0.0,EUROWINGS GMBH,GERMANY
GCFV,GCLP,EZY,1,1,16.1167,scheduled_duration_under_3h,GCFV → GCLP,100.0,EASYJET UK LTD,UNITED KINGDOM
GCFV,GCLP,IBB,856,19,-4.5833,scheduled_duration_under_3h,GCFV → GCLP,2.2196,BINTER CANARIAS,SPAIN
GCFV,GCLP,NOS,13,1,9.1667,scheduled_duration_under_3h,GCFV → GCLP,7.6923,NEOS S.P.A.,ITALY
GCFV,GCLP,SDR,7,3,3.2333,scheduled_duration_under_3h,GCFV → GCLP,42.8571,SUNDAIR GMBH,GERMANY
GCFV,GCLP,TRA,1,1,34.6333,scheduled_duration_under_3h,GCFV → GCLP,100.0,TRANSAVIA HOLLAND B.V.,NETHERLANDS
GCFV,GCLP,VLG,1,1,47.25,scheduled_duration_under_3h,GCFV → GCLP,100.0,VUELING AIRLINES,SPAIN
GCFV,GCLP,ZZZ,1014,27,-5.4,scheduled_duration_under_3h,GCFV → GCLP,2.6627,Unknown / not identified,
GCFV,GCXO,IBB,324,7,-14.7333,scheduled_duration_under_3h,GCFV → GCXO,2.1605,BINTER CANARIAS,SPAIN
GCFV,GCXO,ZZZ,600,7,-12.8167,scheduled_duration_under_3h,GCFV → GCXO,1.1667,Unknown / not identified,
GCHI,GCXO,IBB,56,0,-6.1083,scheduled_duration_under_3h,GCHI → GCXO,0.0,BINTER CANARIAS,SPAIN
GCHI,GCXO,ZZZ,621,5,-5.1,scheduled_duration_under_3h,GCHI → GCXO,0.8052,Unknown / not identified,
GCLA,GCLP,CFG,13,2,10.5333,scheduled_duration_under_3h,GCLA → GCLP,15.3846,"CONDOR FLUGDIENST GMBH, FRANKFURT (MAIN)",GERMANY
GCLA,GCLP,IBB,367,10,-1.5,scheduled_duration_under_3h,GCLA → GCLP,2.7248,BINTER CANARIAS,SPAIN
GCLA,GCLP,ZZZ,323,7,-1.5333,scheduled_duration_under_3h,GCLA → GCLP,2.1672,Unknown / not identified,
GCLA,GCXO,IBB,661,14,-4.5,scheduled_duration_under_3h,GCLA → GCXO,2.118,BINTER CANARIAS,SPAIN
GCLA,GCXO,ZZZ,1305,29,-3.9,scheduled_duration_under_3h,GCLA → GCXO,2.2222,Unknown / not identified,
GCLP,GCFV,CFG,9,7,16.5167,scheduled_duration_under_3h,GCLP → GCFV,77.7778,"CONDOR FLUGDIENST GMBH, FRANKFURT (MAIN)",GERMANY
GCLP,GCFV,CXI,3,1,8.1833,scheduled_duration_under_3h,GCLP → GCFV,33.3333,CORENDON AIRLINES EUROPE,MALTA
GCLP,GCFV,IBB,852,32,-1.7833,scheduled_duration_under_3h,GCLP → GCFV,3.7559,BINTER CANARIAS,SPAIN
GCLP,GCFV,NOS,1,1,17.5333,scheduled_duration_under_3h,GCLP → GCFV,100.0,NEOS S.P.A.,ITALY
GCLP,GCFV,SDR,4,0,7.3333,scheduled_duration_under_3h,GCLP → GCFV,0.0,SUNDAIR GMBH,GERMANY
GCLP,GCFV,ZZZ,1035,31,-1.8,scheduled_duration_under_3h,GCLP → GCFV,2.9952,Unknown / not identified,
GCLP,GCLA,CFG,4,2,16.2333,scheduled_duration_under_3h,GCLP → GCLA,50.0,"CONDOR FLUGDIENST GMBH, FRANKFURT (MAIN)",GERMANY
GCLP,GCLA,IBB,365,8,-3.95,scheduled_duration_under_3h,GCLP → GCLA,2.1918,BINTER CANARIAS,SPAIN
GCLP,GCLA,ZZZ,317,7,-4.7333,scheduled_duration_under_3h,GCLP → GCLA,2.2082,Unknown / not identified,
GCLP,GCRR,CXI,2,1,23.5417,scheduled_duration_under_3h,GCLP → GCRR,50.0,CORENDON AIRLINES EUROPE,MALTA
GCLP,GCRR,IBB,1355,54,-2.3333,scheduled_duration_under_3h,GCLP → GCRR,3.9852,BINTER CANARIAS,SPAIN
GCLP,GCRR,RYR,1,1,52.6,scheduled_duration_under_3h,GCLP → GCRR,100.0,RYANAIR,IRELAND
GCLP,GCRR,VLG,1,1,17.8333,scheduled_duration_under_3h,GCLP → GCRR,100.0,VUELING AIRLINES,SPAIN
GCLP,GCRR,ZZZ,1031,36,-2.8833,scheduled_duration_under_3h,GCLP → GCRR,3.4918,Unknown / not identified,
GCLP,GCTS,BAW,1,0,14.9167,scheduled_duration_under_3h,GCLP → GCTS,0.0,BRITISH AIRWAYS,UNITED KINGDOM
GCLP,GCTS,CFG,19,8,12.15,scheduled_duration_under_3h,GCLP → GCTS,42.1053,"CONDOR FLUGDIENST GMBH, FRANKFURT (MAIN)",GERMANY
GCLP,GCTS,CXI,9,1,4.0833,scheduled_duration_under_3h,GCLP → GCTS,11.1111,CORENDON AIRLINES EUROPE,MALTA
GCLP,GCTS,EXS,3,1,1.9167,scheduled_duration_under_3h,GCLP → GCTS,33.3333,JET2.COM LTD,UNITED KINGDOM
GCLP,GCTS,EZY,3,0,3.0833,scheduled_duration_under_3h,GCLP → GCTS,0.0,EASYJET UK LTD,UNITED KINGDOM
GCLP,GCTS,IBB,99,9,-8.4167,scheduled_duration_under_3h,GCLP → GCTS,9.0909,BINTER CANARIAS,SPAIN
GCLP,GCTS,SDR,2,0,6.075,scheduled_duration_under_3h,GCLP → GCTS,0.0,SUNDAIR GMBH,GERMANY
GCLP,GCTS,TRA,1,0,0.1,scheduled_duration_under_3h,GCLP → GCTS,0.0,TRANSAVIA HOLLAND B.V.,NETHERLANDS
GCLP,GCTS,ZZZ,501,19,-10.85,scheduled_duration_under_3h,GCLP → GCTS,3.7924,Unknown / not identified,
GCLP,GCXO,IBB,1318,34,-7.9583,scheduled_duration_under_3h,GCLP → GCXO,2.5797,BINTER CANARIAS,SPAIN
GCLP,GCXO,SWT,68,3,-0.0917,scheduled_duration_under_3h,GCLP → GCXO,4.4118,SWIFTAIR S.A.,SPAIN
GCLP,GCXO,VLG,1,0,2.9,scheduled_duration_under_3h,GCLP → GCXO,0.0,VUELING AIRLINES,SPAIN
GCLP,GCXO,ZZZ,1002,25,-8.1,scheduled_duration_under_3h,GCLP → GCXO,2.495,Unknown / not identified,
GCLP,LEMD,AEA,303,58,7.0333,scheduled_duration_under_3h,GCLP → LEMD,19.1419,AIR EUROPA,SPAIN
GCLP,LEMD,IBE,7,2,5.8167,scheduled_duration_under_3h,GCLP → LEMD,28.5714,"IBERIA - LINEAS AEREAS DE ESPANA, SOCIEDAD ANONIMA OPERADORA",SPAIN
GCLP,LEMD,RYR,236,15,2.5583,scheduled_duration_under_3h,GCLP → LEMD,6.3559,RYANAIR,IRELAND
GCLP,LEMD,SAS,1,1,58.35,scheduled_duration_under_3h,GCLP → LEMD,100.0,SCANDINAVIAN AIRLINES SYSTEM,SWEDEN
GCLP,LEMD,SWT,63,2,-9.7167,scheduled_duration_under_3h,GCLP → LEMD,3.1746,SWIFTAIR S.A.,SPAIN
GCLP,LEMD,ZZZ,772,104,4.35,scheduled_duration_under_3h,GCLP → LEMD,13.4715,Unknown / not identified,
GCRR,GCLP,CFG,1,1,31.25,scheduled_duration_under_3h,GCRR → GCLP,100.0,"CONDOR FLUGDIENST GMBH, FRANKFURT (MAIN)",GERMANY
GCRR,GCLP,CXI,4,2,13.7167,scheduled_duration_under_3h,GCRR → GCLP,50.0,CORENDON AIRLINES EUROPE,MALTA
GCRR,GCLP,IBB,1364,39,-7.3083,scheduled_duration_under_3h,GCRR → GCLP,2.8592,BINTER CANARIAS,SPAIN
GCRR,GCLP,RYR,1,0,6.2833,scheduled_duration_under_3h,GCRR → GCLP,0.0,RYANAIR,IRELAND
GCRR,GCLP,ZZZ,1022,31,-9.375,scheduled_duration_under_3h,GCRR → GCLP,3.0333,Unknown / not identified,
GCRR,GCXO,IBB,561,4,-13.9167,scheduled_duration_under_3h,GCRR → GCXO,0.713,BINTER CANARIAS,SPAIN
GCRR,GCXO,VLG,1,0,-6.3833,scheduled_duration_under_3h,GCRR → GCXO,0.0,VUELING AIRLINES,SPAIN
GCRR,GCXO,ZZZ,604,7,-12.25,scheduled_duration_under_3h,GCRR → GCXO,1.1589,Unknown / not identified,
GCRR,LEMD,AEA,43,3,-1.5333,scheduled_duration_under_3h,GCRR → LEMD,6.9767,AIR EUROPA,SPAIN
GCRR,LEMD,RYR,234,5,-0.6083,scheduled_duration_under_3h,GCRR → LEMD,2.1368,RYANAIR,IRELAND
GCRR,LEMD,ZZZ,300,44,5.2667,scheduled_duration_under_3h,GCRR → LEMD,14.6667,Unknown / not identified,
GCTS,GCLP,CFG,21,3,5.15,scheduled_duration_under_3h,GCTS → GCLP,14.2857,"CONDOR FLUGDIENST GMBH, FRANKFURT (MAIN)",GERMANY
GCTS,GCLP,CXI,6,0,3.3667,scheduled_duration_under_3h,GCTS → GCLP,0.0,CORENDON AIRLINES EUROPE,MALTA
GCTS,GCLP,IBB,90,3,-5.4583,scheduled_duration_under_3h,GCTS → GCLP,3.3333,BINTER CANARIAS,SPAIN
GCTS,GCLP,LGL,4,0,-2.9167,scheduled_duration_under_3h,GCTS → GCLP,0.0,LUXAIR - SOCIETE LUXEMBOURGEOISE DE NAVIGATION AERIENNE S.A.,LUXEMBOURG
GCTS,GCLP,NOS,15,2,-3.2333,scheduled_duration_under_3h,GCTS → GCLP,13.3333,NEOS S.P.A.,ITALY
GCTS,GCLP,SDR,5,1,3.55,scheduled_duration_under_3h,GCTS → GCLP,20.0,SUNDAIR GMBH,GERMANY
GCTS,GCLP,VLG,1,1,41.9333,scheduled_duration_under_3h,GCTS → GCLP,100.0,VUELING AIRLINES,SPAIN
GCTS,GCLP,ZZZ,474,14,-7.9333,scheduled_duration_under_3h,GCTS → GCLP,2.9536,Unknown / not identified,
GCXO,GCFV,IBB,322,1,-6.1333,scheduled_duration_under_3h,GCXO → GCFV,0.3106,BINTER CANARIAS,SPAIN
GCXO,GCFV,ZZZ,608,8,-4.4833,scheduled_duration_under_3h,GCXO → GCFV,1.3158,Unknown / not identified,
GCXO,GCHI,IBB,56,2,-2.65,scheduled_duration_under_3h,GCXO → GCHI,3.5714,BINTER CANARIAS,SPAIN
GCXO,GCHI,ZZZ,629,10,-1.8667,scheduled_duration_under_3h,GCXO → GCHI,1.5898,Unknown / not identified,
GCXO,GCLA,IBB,663,12,-3.9333,scheduled_duration_under_3h,GCXO → GCLA,1.81,BINTER CANARIAS,SPAIN
GCXO,GCLA,ZZZ,1311,25,-4.0667,scheduled_duration_under_3h,GCXO → GCLA,1.9069,Unknown / not identified,
GCXO,GCLP,IBB,1304,22,-7.5083,scheduled_duration_under_3h,GCXO → GCLP,1.6871,BINTER CANARIAS,SPAIN
GCXO,GCLP,SWT,63,3,-7.6667,scheduled_duration_under_3h,GCXO → GCLP,4.7619,SWIFTAIR S.A.,SPAIN
GCXO,GCLP,ZZZ,1018,23,-7.275,scheduled_duration_under_3h,GCXO → GCLP,2.2593,Unknown / not identified,
GCXO,GCRR,AEA,1,0,-69.9667,scheduled_duration_under_3h,GCXO → GCRR,0.0,AIR EUROPA,SPAIN
GCXO,GCRR,IBB,568,15,-4.25,scheduled_duration_under_3h,GCXO → GCRR,2.6408,BINTER CANARIAS,SPAIN
GCXO,GCRR,ZZZ,605,21,-1.9167,scheduled_duration_under_3h,GCXO → GCRR,3.4711,Unknown / not identified,
GCXO,LEMD,AEA,410,35,1.8583,scheduled_duration_under_3h,GCXO → LEMD,8.5366,AIR EUROPA,SPAIN
GCXO,LEMD,IBE,24,4,5.6667,scheduled_duration_under_3h,GCXO → LEMD,16.6667,"IBERIA - LINEAS AEREAS DE ESPANA, SOCIEDAD ANONIMA OPERADORA",SPAIN
GCXO,LEMD,RYR,120,12,2.3083,scheduled_duration_under_3h,GCXO → LEMD,10.0,RYANAIR,IRELAND
GCXO,LEMD,SWT,64,7,-0.3083,scheduled_duration_under_3h,GCXO → LEMD,10.9375,SWIFTAIR S.A.,SPAIN
GCXO,LEMD,ZZZ,634,65,3.3167,scheduled_duration_under_3h,GCXO → LEMD,10.2524,Unknown / not identified,
GEML,LEMG,ANE,734,4,-10.5667,scheduled_duration_under_3h,GEML → LEMG,0.545,"AIR NOSTRUM LINEAS AEREAS DEL MEDITERRANEO, S.A.",SPAIN
GMMN,LFPG,AFR,351,47,3.4833,scheduled_duration_under_3h,GMMN → LFPG,13.3903,AIR FRANCE,FRANCE
GMMN,LFPG,BCS,79,2,-0.6,scheduled_duration_under_3h,GMMN → LFPG,2.5316,"EUROPEAN AIR TRANSPORT, LEIPZIG",GERMANY
GMMN,LFPG,RAM,149,40,7.8667,scheduled_duration_under_3h,GMMN → LFPG,26.8456,ROYAL AIR MAROC - COMPAGNIE NATIONALE DE TRANSPORTS AERIENS,MOROCCO
GMMN,LFPO,AFR,20,6,3.8417,scheduled_duration_under_3h,GMMN → LFPO,30.0,AIR FRANCE,FRANCE
GMMN,LFPO,RAM,530,133,8.7333,scheduled_duration_under_3h,GMMN → LFPO,25.0943,ROYAL AIR MAROC - COMPAGNIE NATIONALE DE TRANSPORTS AERIENS,MOROCCO
GMMN,LFPO,TVF,105,33,7.3667,scheduled_duration_under_3h,GMMN → LFPO,31.4286,TRANSAVIA FRANCE,FRANCE
GMMN,LFPO,ZZZ,79,16,6.7667,scheduled_duration_under_3h,GMMN → LFPO,20.2532,Unknown / not identified,
GMMX,LFPO,RAM,192,48,7.3833,scheduled_duration_under_3h,GMMX → LFPO,25.0,ROYAL AIR MAROC - COMPAGNIE NATIONALE DE TRANSPORTS AERIENS,MOROCCO
GMMX,LFPO,TVF,266,59,5.8333,scheduled_duration_under_3h,GMMX → LFPO,22.1805,TRANSAVIA FRANCE,FRANCE
GMMX,LFPO,VLG,6,2,13.2167,scheduled_duration_under_3h,GMMX → LFPO,33.3333,VUELING AIRLINES,SPAIN
GMMX,LFPO,ZZZ,36,3,5.8583,scheduled_duration_under_3h,GMMX → LFPO,8.3333,Unknown / not identified,
HECA,LTFM,MSR,386,93,4.0167,scheduled_duration_under_3h,HECA → LTFM,24.0933,EGYPT AIR,EGYPT
HECA,LTFM,QTR,1,1,17.35,scheduled_duration_under_3h,HECA → LTFM,100.0,QATAR AIRWAYS GROUP Q.C.S.C.,QATAR
HECA,LTFM,SVA,1,0,10.2833,scheduled_duration_under_3h,HECA → LTFM,0.0,SAUDI ARABIAN AIRLINES,SAUDI ARABIA
HECA,LTFM,THY,401,115,8.3833,scheduled_duration_under_3h,HECA → LTFM,28.6783,TURK HAVA YOLLARI (TURKISH AIRLINES CO.),TURKEY
HECA,OLBA,MEA,241,30,0.7833,scheduled_duration_under_3h,HECA → OLBA,12.4481,MIDDLE EAST AIRLINES - AIRLIBAN,LEBANON
HECA,OLBA,MSR,315,63,2.05,scheduled_duration_under_3h,HECA → OLBA,20.0,EGYPT AIR,EGYPT
LCLK,LGAV,AEE,638,75,3.2667,scheduled_duration_under_3h,LCLK → LGAV,11.7555,AEGEAN AIRLINES,GREECE
LCLK,LGAV,BCS,44,4,3.625,scheduled_duration_under_3h,LCLK → LGAV,9.0909,"EUROPEAN AIR TRANSPORT, LEIPZIG",GERMANY
LCLK,LGAV,CYP,164,22,4.6167,scheduled_duration_under_3h,LCLK → LGAV,13.4146,CYPRUS AIRWAYS,CYPRUS
LCLK,LGAV,GFA,34,8,-4.4833,scheduled_duration_under_3h,LCLK → LGAV,23.5294,GULF AIR,BAHRAIN
LCLK,LGAV,SEH,328,49,5.1833,scheduled_duration_under_3h,LCLK → LGAV,14.939,SKY EXPRESS S.A.,GREECE
LCLK,LGAV,SWN,47,2,0.75,scheduled_duration_under_3h,LCLK → LGAV,4.2553,WEST ATLANTIC SWEDEN AB,SWEDEN
LCLK,LGAV,WZZ,100,20,1.6417,scheduled_duration_under_3h,LCLK → LGAV,20.0,WIZZ AIR HUNGARY LTD,HUNGARY
LCLK,LGAV,ZZZ,38,2,-3.7167,scheduled_duration_under_3h,LCLK → LGAV,5.2632,Unknown / not identified,
LCLK,LLBG,AIZ,36,13,8.375,scheduled_duration_under_3h,LCLK → LLBG,36.1111,ARKIA ISRAEL INLAND AIRLINES,ISRAEL
LCLK,LLBG,CHG,2,0,-14.2917,scheduled_duration_under_3h,LCLK → LLBG,0.0,CHALLENGE AIRLINES (BE) S.A.,BELGIUM
LCLK,LLBG,CYP,69,11,4.8833,scheduled_duration_under_3h,LCLK → LLBG,15.942,CYPRUS AIRWAYS,CYPRUS
LCLK,LLBG,ELY,142,16,4.825,scheduled_duration_under_3h,LCLK → LLBG,11.2676,EL AL - ISRAEL AIRLINES LTD.,ISRAEL
LCLK,LLBG,ICL,5,0,-8.8667,scheduled_duration_under_3h,LCLK → LLBG,0.0,CHALLENGE AIRLINES (IL),ISRAEL
LCLK,LLBG,ISR,2,0,9.1167,scheduled_duration_under_3h,LCLK → LLBG,0.0,ISRAIR LTD,ISRAEL
LCLK,LLBG,SWR,1,1,19.6333,scheduled_duration_under_3h,LCLK → LLBG,100.0,SWISS INTERNATIONAL AIR LINES LTD,SWITZERLAND
LCLK,LLBG,UPS,67,21,2.9333,scheduled_duration_under_3h,LCLK → LLBG,31.3433,"UNITED PARCEL SERVICE COMPANY, (LOUISVILLE, KY)",UNITED STATES
LCLK,LLBG,WZZ,57,4,0.2833,scheduled_duration_under_3h,LCLK → LLBG,7.0175,WIZZ AIR HUNGARY LTD,HUNGARY
LCLK,LLBG,ZZZ,203,34,3.8,scheduled_duration_under_3h,LCLK → LLBG,16.7488,Unknown / not identified,
LDZA,EDDF,CTN,337,15,-3.0167,scheduled_duration_under_3h,LDZA → EDDF,4.451,CROATIA AIRLINES,CROATIA
LDZA,EDDF,DLH,176,19,-2.2667,scheduled_duration_under_3h,LDZA → EDDF,10.7955,"DEUTSCHE LUFTHANSA, AG, KOELN",GERMANY
LEAL,EGCC,EXS,147,19,3.3667,scheduled_duration_under_3h,LEAL → EGCC,12.9252,JET2.COM LTD,UNITED KINGDOM
LEAL,EGCC,EZY,203,18,-0.7333,scheduled_duration_under_3h,LEAL → EGCC,8.867,EASYJET UK LTD,UNITED KINGDOM
LEAL,EGCC,RYR,297,46,6.25,scheduled_duration_under_3h,LEAL → EGCC,15.4882,RYANAIR,IRELAND
LEAL,EGCC,ZZZ,42,4,0.875,scheduled_duration_under_3h,LEAL → EGCC,9.5238,Unknown / not identified,
LEAL,EGKK,BAW,95,10,3.9167,scheduled_duration_under_3h,LEAL → EGKK,10.5263,BRITISH AIRWAYS,UNITED KINGDOM
LEAL,EGKK,EZY,408,77,3.4917,scheduled_duration_under_3h,LEAL → EGKK,18.8725,EASYJET UK LTD,UNITED KINGDOM
LEAL,EGKK,RYR,81,13,0.9833,scheduled_duration_under_3h,LEAL → EGKK,16.0494,RYANAIR,IRELAND
LEAL,EGKK,ZZZ,13,3,-2.3333,scheduled_duration_under_3h,LEAL → EGKK,23.0769,Unknown / not identified,
LEAL,LEMD,AEA,232,26,2.9917,scheduled_duration_under_3h,LEAL → LEMD,11.2069,AIR EUROPA,SPAIN
LEAL,LEMD,ANE,320,41,4.4083,scheduled_duration_under_3h,LEAL → LEMD,12.8125,"AIR NOSTRUM LINEAS AEREAS DEL MEDITERRANEO, S.A.",SPAIN
LEAL,LEMD,IBE,30,1,-1.1917,scheduled_duration_under_3h,LEAL → LEMD,3.3333,"IBERIA - LINEAS AEREAS DE ESPANA, SOCIEDAD ANONIMA OPERADORA",SPAIN
LEAL,LEPA,AEA,218,8,-1.4917,scheduled_duration_under_3h,LEAL → LEPA,3.6697,AIR EUROPA,SPAIN
LEAL,LEPA,NOS,1,0,10.4,scheduled_duration_under_3h,LEAL → LEPA,0.0,NEOS S.P.A.,ITALY
LEAL,LEPA,RYR,89,3,-0.5,scheduled_duration_under_3h,LEAL → LEPA,3.3708,RYANAIR,IRELAND
LEAL,LEPA,VLG,237,6,-3.8,scheduled_duration_under_3h,LEAL → LEPA,2.5316,VUELING AIRLINES,SPAIN
LEBB,LEBL,VLG,619,36,-0.2,scheduled_duration_under_3h,LEBB → LEBL,5.8158,VUELING AIRLINES,SPAIN
LEBB,LEMD,AEA,361,17,-2.35,scheduled_duration_under_3h,LEBB → LEMD,4.7091,AIR EUROPA,SPAIN
LEBB,LEMD,ANE,24,4,1.6667,scheduled_duration_under_3h,LEBB → LEMD,16.6667,"AIR NOSTRUM LINEAS AEREAS DEL MEDITERRANEO, S.A.",SPAIN
LEBB,LEMD,IBE,519,69,0.5333,scheduled_duration_under_3h,LEBB → LEMD,13.2948,"IBERIA - LINEAS AEREAS DE ESPANA, SOCIEDAD ANONIMA OPERADORA",SPAIN
LEBL,EBBR,BCS,66,3,-0.1917,scheduled_duration_under_3h,LEBL → EBBR,4.5455,"EUROPEAN AIR TRANSPORT, LEIPZIG",GERMANY
LEBL,EBBR,BEL,207,33,3.2,scheduled_duration_under_3h,LEBL → EBBR,15.942,BRUSSELS AIRLINES,BELGIUM
LEBL,EBBR,RYR,200,29,4.9167,scheduled_duration_under_3h,LEBL → EBBR,14.5,RYANAIR,IRELAND
LEBL,EBBR,VLG,290,102,10.3167,scheduled_duration_under_3h,LEBL → EBBR,35.1724,VUELING AIRLINES,SPAIN
LEBL,EDDF,DLH,753,22,-9.5333,scheduled_duration_under_3h,LEBL → EDDF,2.9216,"DEUTSCHE LUFTHANSA, AG, KOELN",GERMANY
LEBL,EDDF,GBG,1,0,-0.1833,scheduled_duration_under_3h,LEBL → EDDF,0.0,GULLIVAIR,BULGARIA
LEBL,EDDF,RYR,18,0,-11.8917,scheduled_duration_under_3h,LEBL → EDDF,0.0,RYANAIR,IRELAND
LEBL,EDDM,DLH,524,27,-4.85,scheduled_duration_under_3h,LEBL → EDDM,5.1527,"DEUTSCHE LUFTHANSA, AG, KOELN",GERMANY
LEBL,EDDM,VLG,219,20,-0.1667,scheduled_duration_under_3h,LEBL → EDDM,9.1324,VUELING AIRLINES,SPAIN
LEBL,EGKK,EZY,245,75,8.0833,scheduled_duration_under_3h,LEBL → EGKK,30.6122,EASYJET UK LTD,UNITED KINGDOM
LEBL,EGKK,VLG,673,249,10.8167,scheduled_duration_under_3h,LEBL → EGKK,36.9985,VUELING AIRLINES,SPAIN
LEBL,EGKK,ZZZ,179,35,2.5833,scheduled_duration_under_3h,LEBL → EGKK,19.5531,Unknown / not identified,
LEBL,EGLL,BAW,703,274,10.9167,scheduled_duration_under_3h,LEBL → EGLL,38.9758,BRITISH AIRWAYS,UNITED KINGDOM
LEBL,EHAM,KLM,528,128,8.7333,scheduled_duration_under_3h,LEBL → EHAM,24.2424,KLM ROYAL DUTCH AIRLINES,NETHERLANDS
LEBL,EHAM,TRA,207,41,6.15,scheduled_duration_under_3h,LEBL → EHAM,19.8068,TRANSAVIA HOLLAND B.V.,NETHERLANDS
LEBL,EHAM,VLG,603,176,9.8167,scheduled_duration_under_3h,LEBL → EHAM,29.1874,VUELING AIRLINES,SPAIN
LEBL,EIDW,EIN,209,38,1.9167,scheduled_duration_under_3h,LEBL → EIDW,18.1818,AER LINGUS TEORANTA,IRELAND
LEBL,EIDW,RYR,284,73,6.0583,scheduled_duration_under_3h,LEBL → EIDW,25.7042,RYANAIR,IRELAND
LEBL,EIDW,VLG,92,23,7.8917,scheduled_duration_under_3h,LEBL → EIDW,25.0,VUELING AIRLINES,SPAIN
LEBL,EIDW,ZZZ,1,0,-16.9,scheduled_duration_under_3h,LEBL → EIDW,0.0,Unknown / not identified,
LEBL,LEBB,VLG,620,76,3.5833,scheduled_duration_under_3h,LEBL → LEBB,12.2581,VUELING AIRLINES,SPAIN
LEBL,LEIB,RYR,346,28,-2.3417,scheduled_duration_under_3h,LEBL → LEIB,8.0925,RYANAIR,IRELAND
LEBL,LEIB,VLG,861,50,-2.3333,scheduled_duration_under_3h,LEBL → LEIB,5.8072,VUELING AIRLINES,SPAIN
LEBL,LEMD,AEA,251,26,-0.0667,scheduled_duration_under_3h,LEBL → LEMD,10.3586,AIR EUROPA,SPAIN
LEBL,LEMD,CSA,1,0,-3.1333,scheduled_duration_under_3h,LEBL → LEMD,0.0,CZECH AIRLINES J.S.C.,CZECHIA
LEBL,LEMD,IBE,1257,249,6.95,scheduled_duration_under_3h,LEBL → LEMD,19.8091,"IBERIA - LINEAS AEREAS DE ESPANA, SOCIEDAD ANONIMA OPERADORA",SPAIN
LEBL,LEMD,NOS,1,0,12.35,scheduled_duration_under_3h,LEBL → LEMD,0.0,NEOS S.P.A.,ITALY
LEBL,LEMD,RYR,3,3,44.3667,scheduled_duration_under_3h,LEBL → LEMD,100.0,RYANAIR,IRELAND
LEBL,LEMD,SWT,1,0,-1.45,scheduled_duration_under_3h,LEBL → LEMD,0.0,SWIFTAIR S.A.,SPAIN
LEBL,LEMD,TAR,1,1,15.7833,scheduled_duration_under_3h,LEBL → LEMD,100.0,TUNIS AIR - SOCIETE TUNISIENNE DE L'AIR,TUNISIA
LEBL,LEMD,VLG,271,29,3.8167,scheduled_duration_under_3h,LEBL → LEMD,10.7011,VUELING AIRLINES,SPAIN
LEBL,LEMD,ZZZ,14,0,1.625,scheduled_duration_under_3h,LEBL → LEMD,0.0,Unknown / not identified,
LEBL,LEMG,RYR,159,45,8.3167,scheduled_duration_under_3h,LEBL → LEMG,28.3019,RYANAIR,IRELAND
LEBL,LEMG,VLG,610,121,8.1333,scheduled_duration_under_3h,LEBL → LEMG,19.8361,VUELING AIRLINES,SPAIN
LEBL,LEMH,RYR,176,24,-1.5417,scheduled_duration_under_3h,LEBL → LEMH,13.6364,RYANAIR,IRELAND
LEBL,LEMH,VLG,756,25,-1.3333,scheduled_duration_under_3h,LEBL → LEMH,3.3069,VUELING AIRLINES,SPAIN
LEBL,LEPA,AEA,592,44,0.8833,scheduled_duration_under_3h,LEBL → LEPA,7.4324,AIR EUROPA,SPAIN
LEBL,LEPA,RYR,532,66,0.3167,scheduled_duration_under_3h,LEBL → LEPA,12.406,RYANAIR,IRELAND
LEBL,LEPA,SWT,88,14,3.6083,scheduled_duration_under_3h,LEBL → LEPA,15.9091,SWIFTAIR S.A.,SPAIN
LEBL,LEPA,VLG,1203,70,-0.1333,scheduled_duration_under_3h,LEBL → LEPA,5.8188,VUELING AIRLINES,SPAIN
LEBL,LEZL,RYR,238,50,6.575,scheduled_duration_under_3h,LEBL → LEZL,21.0084,RYANAIR,IRELAND
LEBL,LEZL,VLG,694,81,4.5417,scheduled_duration_under_3h,LEBL → LEZL,11.6715,VUELING AIRLINES,SPAIN
LEBL,LFPG,AFR,668,87,3.6417,scheduled_duration_under_3h,LEBL → LFPG,13.024,AIR FRANCE,FRANCE
LEBL,LFPG,BCS,2,1,24.7333,scheduled_duration_under_3h,LEBL → LFPG,50.0,"EUROPEAN AIR TRANSPORT, LEIPZIG",GERMANY
LEBL,LFPG,FDX,71,8,1.1167,scheduled_duration_under_3h,LEBL → LFPG,11.2676,FEDERAL EXPRESS CORPORATION,UNITED STATES
LEBL,LFPG,SDR,1,0,1.6833,scheduled_duration_under_3h,LEBL → LFPG,0.0,SUNDAIR GMBH,GERMANY
LEBL,LFPG,SWN,4,0,-6.3167,scheduled_duration_under_3h,LEBL → LFPG,0.0,WEST ATLANTIC SWEDEN AB,SWEDEN
LEBL,LFPG,TVF,2,0,4.05,scheduled_duration_under_3h,LEBL → LFPG,0.0,TRANSAVIA FRANCE,FRANCE
LEBL,LFPG,VLG,294,39,3.6417,scheduled_duration_under_3h,LEBL → LFPG,13.2653,VUELING AIRLINES,SPAIN
LEBL,LFPG,ZZZ,260,33,0.575,scheduled_duration_under_3h,LEBL → LFPG,12.6923,Unknown / not identified,
LEBL,LFPO,TVF,150,42,9.45,scheduled_duration_under_3h,LEBL → LFPO,28.0,TRANSAVIA FRANCE,FRANCE
LEBL,LFPO,VLG,792,103,4.1083,scheduled_duration_under_3h,LEBL → LFPO,13.0051,VUELING AIRLINES,SPAIN
LEBL,LIMC,BCS,80,5,-12.05,scheduled_duration_under_3h,LEBL → LIMC,6.25,"EUROPEAN AIR TRANSPORT, LEIPZIG",GERMANY
LEBL,LIMC,RYR,115,5,-11.95,scheduled_duration_under_3h,LEBL → LIMC,4.3478,RYANAIR,IRELAND
LEBL,LIMC,SIA,88,4,-12.95,scheduled_duration_under_3h,LEBL → LIMC,4.5455,SINGAPORE AIRLINES LIMITED,SINGAPORE
LEBL,LIMC,VLG,498,15,-11.75,scheduled_duration_under_3h,LEBL → LIMC,3.012,VUELING AIRLINES,SPAIN
LEBL,LIMC,ZZZ,297,6,-17.5833,scheduled_duration_under_3h,LEBL → LIMC,2.0202,Unknown / not identified,
LEBL,LIRF,RYR,278,22,-3.9583,scheduled_duration_under_3h,LEBL → LIRF,7.9137,RYANAIR,IRELAND
LEBL,LIRF,VLG,536,22,-6.0417,scheduled_duration_under_3h,LEBL → LIRF,4.1045,VUELING AIRLINES,SPAIN
LEBL,LIRF,WZZ,21,0,-5.3167,scheduled_duration_under_3h,LEBL → LIRF,0.0,WIZZ AIR HUNGARY LTD,HUNGARY
LEBL,LIRF,ZZZ,318,13,-7.3,scheduled_duration_under_3h,LEBL → LIRF,4.0881,Unknown / not identified,
LEBL,LOWW,AUA,187,30,5.0833,scheduled_duration_under_3h,LEBL → LOWW,16.0428,AUSTRIAN AIRLINES (AUA) AG,AUSTRIA
LEBL,LOWW,RYR,179,54,10.1,scheduled_duration_under_3h,LEBL → LOWW,30.1676,RYANAIR,IRELAND
LEBL,LOWW,VLG,90,14,5.0,scheduled_duration_under_3h,LEBL → LOWW,15.5556,VUELING AIRLINES,SPAIN
LEBL,LOWW,WZZ,102,39,12.9,scheduled_duration_under_3h,LEBL → LOWW,38.2353,WIZZ AIR HUNGARY LTD,HUNGARY
LEBL,LPPR,RYR,285,33,2.85,scheduled_duration_under_3h,LEBL → LPPR,11.5789,RYANAIR,IRELAND
LEBL,LPPR,VLG,287,46,5.95,scheduled_duration_under_3h,LEBL → LPPR,16.0279,VUELING AIRLINES,SPAIN
LEBL,LPPT,BCS,15,2,0.6833,scheduled_duration_under_3h,LEBL → LPPT,13.3333,"EUROPEAN AIR TRANSPORT, LEIPZIG",GERMANY
LEBL,LPPT,RYR,67,28,12.2167,scheduled_duration_under_3h,LEBL → LPPT,41.791,RYANAIR,IRELAND
LEBL,LPPT,TAP,618,139,7.7167,scheduled_duration_under_3h,LEBL → LPPT,22.4919,"TRANSPORTES AEREOS PORTUGUESES, E.P.",PORTUGAL
LEBL,LPPT,VLG,404,173,12.3083,scheduled_duration_under_3h,LEBL → LPPT,42.8218,VUELING AIRLINES,SPAIN
LEBL,LPPT,ZZZ,32,12,10.425,scheduled_duration_under_3h,LEBL → LPPT,37.5,Unknown / not identified,
LEBL,LSGG,EZS,128,9,-3.2417,scheduled_duration_under_3h,LEBL → LSGG,7.0312,EASY JET SWITZERLAND SA,SWITZERLAND
LEBL,LSGG,VLG,173,29,3.7167,scheduled_duration_under_3h,LEBL → LSGG,16.763,VUELING AIRLINES,SPAIN
LEBL,LSGG,ZZZ,265,22,-2.5667,scheduled_duration_under_3h,LEBL → LSGG,8.3019,Unknown / not identified,
LEBL,LSZH,SWR,430,45,-0.05,scheduled_duration_under_3h,LEBL → LSZH,10.4651,SWISS INTERNATIONAL AIR LINES LTD,SWITZERLAND
LEBL,LSZH,VLG,188,23,0.5667,scheduled_duration_under_3h,LEBL → LSZH,12.234,VUELING AIRLINES,SPAIN
LECO,LEMD,AEA,329,12,2.4333,scheduled_duration_under_3h,LECO → LEMD,3.6474,AIR EUROPA,SPAIN
LECO,LEMD,ANE,40,4,3.625,scheduled_duration_under_3h,LECO → LEMD,10.0,"AIR NOSTRUM LINEAS AEREAS DEL MEDITERRANEO, S.A.",SPAIN
LECO,LEMD,IBE,401,40,1.65,scheduled_duration_under_3h,LECO → LEMD,9.9751,"IBERIA - LINEAS AEREAS DE ESPANA, SOCIEDAD ANONIMA OPERADORA",SPAIN
LEIB,LEBL,RYR,346,10,-3.1083,scheduled_duration_under_3h,LEIB → LEBL,2.8902,RYANAIR,IRELAND
LEIB,LEBL,VLG,860,29,-1.5,scheduled_duration_under_3h,LEIB → LEBL,3.3721,VUELING AIRLINES,SPAIN
LEIB,LEMD,AEA,236,16,-0.15,scheduled_duration_under_3h,LEIB → LEMD,6.7797,AIR EUROPA,SPAIN
LEIB,LEMD,RYR,264,14,-0.925,scheduled_duration_under_3h,LEIB → LEMD,5.303,RYANAIR,IRELAND
LEIB,LEMD,VLG,159,11,2.6167,scheduled_duration_under_3h,LEIB → LEMD,6.9182,VUELING AIRLINES,SPAIN
LEIB,LEMD,ZZZ,353,72,7.4833,scheduled_duration_under_3h,LEIB → LEMD,20.3966,Unknown / not identified,
LEIB,LEPA,AEA,437,7,-9.3667,scheduled_duration_under_3h,LEIB → LEPA,1.6018,AIR EUROPA,SPAIN
LEIB,LEPA,ANE,820,24,-5.4333,scheduled_duration_under_3h,LEIB → LEPA,2.9268,"AIR NOSTRUM LINEAS AEREAS DEL MEDITERRANEO, S.A.",SPAIN
LEIB,LEPA,CXI,3,0,-11.8333,scheduled_duration_under_3h,LEIB → LEPA,0.0,CORENDON AIRLINES EUROPE,MALTA
LEIB,LEPA,NOS,4,1,4.7083,scheduled_duration_under_3h,LEIB → LEPA,25.0,NEOS S.P.A.,ITALY
LEIB,LEPA,RYR,1,0,9.95,scheduled_duration_under_3h,LEIB → LEPA,0.0,RYANAIR,IRELAND
LEIB,LEPA,SWT,283,3,-10.2833,scheduled_duration_under_3h,LEIB → LEPA,1.0601,SWIFTAIR S.A.,SPAIN
LEIB,LEPA,ZZZ,1,0,-101.3,scheduled_duration_under_3h,LEIB → LEPA,0.0,Unknown / not identified,
LEMD,EBBR,AEA,242,53,8.75,scheduled_duration_under_3h,LEMD → EBBR,21.9008,AIR EUROPA,SPAIN
LEMD,EBBR,BCS,70,7,3.3917,scheduled_duration_under_3h,LEMD → EBBR,10.0,"EUROPEAN AIR TRANSPORT, LEIPZIG",GERMANY
LEMD,EBBR,BEL,251,30,3.4833,scheduled_duration_under_3h,LEMD → EBBR,11.9522,BRUSSELS AIRLINES,BELGIUM
LEMD,EBBR,IBE,364,52,5.2333,scheduled_duration_under_3h,LEMD → EBBR,14.2857,"IBERIA - LINEAS AEREAS DE ESPANA, SOCIEDAD ANONIMA OPERADORA",SPAIN
LEMD,EBBR,RYR,142,22,5.1167,scheduled_duration_under_3h,LEMD → EBBR,15.493,RYANAIR,IRELAND
LEMD,EBBR,ZZZ,4,2,7.6333,scheduled_duration_under_3h,LEMD → EBBR,50.0,Unknown / not identified,
LEMD,EDDF,AEA,244,9,-7.3333,scheduled_duration_under_3h,LEMD → EDDF,3.6885,AIR EUROPA,SPAIN
LEMD,EDDF,ANE,342,19,-4.8667,scheduled_duration_under_3h,LEMD → EDDF,5.5556,"AIR NOSTRUM LINEAS AEREAS DEL MEDITERRANEO, S.A.",SPAIN
LEMD,EDDF,BCS,47,2,-9.4667,scheduled_duration_under_3h,LEMD → EDDF,4.2553,"EUROPEAN AIR TRANSPORT, LEIPZIG",GERMANY
LEMD,EDDF,DLH,385,9,-9.4,scheduled_duration_under_3h,LEMD → EDDF,2.3377,"DEUTSCHE LUFTHANSA, AG, KOELN",GERMANY
LEMD,EDDF,GEC,1,0,-8.75,scheduled_duration_under_3h,LEMD → EDDF,0.0,"LUFTHANSA CARGO AG, FRANKFURT (MAIN)",GERMANY
LEMD,EDDF,IBE,4,0,-16.475,scheduled_duration_under_3h,LEMD → EDDF,0.0,"IBERIA - LINEAS AEREAS DE ESPANA, SOCIEDAD ANONIMA OPERADORA",SPAIN
LEMD,EDDF,KAL,1,0,4.1,scheduled_duration_under_3h,LEMD → EDDF,0.0,"KOREAN AIR LINES CO., LTD.",REPUBLIC OF KOREA
LEMD,EDDF,RYR,1,0,-15.9167,scheduled_duration_under_3h,LEMD → EDDF,0.0,RYANAIR,IRELAND
LEMD,EDDF,UAE,3,0,4.1,scheduled_duration_under_3h,LEMD → EDDF,0.0,EMIRATES,UNITED ARAB EMIRATES
LEMD,EDDM,AEA,243,22,1.1167,scheduled_duration_under_3h,LEMD → EDDM,9.0535,AIR EUROPA,SPAIN
LEMD,EDDM,ANE,98,10,-0.925,scheduled_duration_under_3h,LEMD → EDDM,10.2041,"AIR NOSTRUM LINEAS AEREAS DEL MEDITERRANEO, S.A.",SPAIN
LEMD,EDDM,DLH,372,14,-0.9,scheduled_duration_under_3h,LEMD → EDDM,3.7634,"DEUTSCHE LUFTHANSA, AG, KOELN",GERMANY
LEMD,EDDM,IBE,264,13,-3.55,scheduled_duration_under_3h,LEMD → EDDM,4.9242,"IBERIA - LINEAS AEREAS DE ESPANA, SOCIEDAD ANONIMA OPERADORA",SPAIN
LEMD,EGKK,AEA,244,95,10.6667,scheduled_duration_under_3h,LEMD → EGKK,38.9344,AIR EUROPA,SPAIN
LEMD,EGKK,BAW,46,25,17.4167,scheduled_duration_under_3h,LEMD → EGKK,54.3478,BRITISH AIRWAYS,UNITED KINGDOM
LEMD,EGKK,EZY,299,79,6.15,scheduled_duration_under_3h,LEMD → EGKK,26.4214,EASYJET UK LTD,UNITED KINGDOM
LEMD,EGKK,ZZZ,170,34,4.4,scheduled_duration_under_3h,LEMD → EGKK,20.0,Unknown / not identified,
LEMD,EGLL,BAW,453,191,12.7,scheduled_duration_under_3h,LEMD → EGLL,42.1634,BRITISH AIRWAYS,UNITED KINGDOM
LEMD,EGLL,BCS,17,1,0.6833,scheduled_duration_under_3h,LEMD → EGLL,5.8824,"EUROPEAN AIR TRANSPORT, LEIPZIG",GERMANY
LEMD,EGLL,IBE,878,274,9.5667,scheduled_duration_under_3h,LEMD → EGLL,31.2073,"IBERIA - LINEAS AEREAS DE ESPANA, SOCIEDAD ANONIMA OPERADORA",SPAIN
LEMD,EHAM,AEA,244,59,7.25,scheduled_duration_under_3h,LEMD → EHAM,24.1803,AIR EUROPA,SPAIN
LEMD,EHAM,BCS,37,7,6.25,scheduled_duration_under_3h,LEMD → EHAM,18.9189,"EUROPEAN AIR TRANSPORT, LEIPZIG",GERMANY
LEMD,EHAM,IBE,53,3,4.15,scheduled_duration_under_3h,LEMD → EHAM,5.6604,"IBERIA - LINEAS AEREAS DE ESPANA, SOCIEDAD ANONIMA OPERADORA",SPAIN
LEMD,EHAM,KLM,494,86,6.6583,scheduled_duration_under_3h,LEMD → EHAM,17.4089,KLM ROYAL DUTCH AIRLINES,NETHERLANDS
LEMD,EHAM,UAE,4,1,8.725,scheduled_duration_under_3h,LEMD → EHAM,25.0,EMIRATES,UNITED ARAB EMIRATES
LEMD,EHAM,ZZZ,192,45,8.3917,scheduled_duration_under_3h,LEMD → EHAM,23.4375,Unknown / not identified,
LEMD,EIDW,BCS,2,0,3.15,scheduled_duration_under_3h,LEMD → EIDW,0.0,"EUROPEAN AIR TRANSPORT, LEIPZIG",GERMANY
LEMD,EIDW,EIN,128,15,3.325,scheduled_duration_under_3h,LEMD → EIDW,11.7188,AER LINGUS TEORANTA,IRELAND
LEMD,EIDW,RYR,259,36,3.85,scheduled_duration_under_3h,LEMD → EIDW,13.8996,RYANAIR,IRELAND
LEMD,EIDW,ZZZ,122,34,8.2833,scheduled_duration_under_3h,LEMD → EIDW,27.8689,Unknown / not identified,
LEMD,GCLP,AEA,296,86,9.1167,scheduled_duration_under_3h,LEMD → GCLP,29.0541,AIR EUROPA,SPAIN
LEMD,GCLP,IBE,5,4,30.3,scheduled_duration_under_3h,LEMD → GCLP,80.0,"IBERIA - LINEAS AEREAS DE ESPANA, SOCIEDAD ANONIMA OPERADORA",SPAIN
LEMD,GCLP,RYR,224,46,6.7333,scheduled_duration_under_3h,LEMD → GCLP,20.5357,RYANAIR,IRELAND
LEMD,GCLP,SWT,68,15,7.05,scheduled_duration_under_3h,LEMD → GCLP,22.0588,SWIFTAIR S.A.,SPAIN
LEMD,GCLP,ZZZ,759,146,7.2167,scheduled_duration_under_3h,LEMD → GCLP,19.2358,Unknown / not identified,
LEMD,GCRR,AEA,43,3,-0.7,scheduled_duration_under_3h,LEMD → GCRR,6.9767,AIR EUROPA,SPAIN
LEMD,GCRR,RYR,233,12,-2.8,scheduled_duration_under_3h,LEMD → GCRR,5.1502,RYANAIR,IRELAND
LEMD,GCRR,ZZZ,288,16,-6.525,scheduled_duration_under_3h,LEMD → GCRR,5.5556,Unknown / not identified,
LEMD,GCXO,AEA,397,78,6.3833,scheduled_duration_under_3h,LEMD → GCXO,19.6474,AIR EUROPA,SPAIN
LEMD,GCXO,ANE,1,1,82.3833,scheduled_duration_under_3h,LEMD → GCXO,100.0,"AIR NOSTRUM LINEAS AEREAS DEL MEDITERRANEO, S.A.",SPAIN
LEMD,GCXO,IBE,24,4,5.775,scheduled_duration_under_3h,LEMD → GCXO,16.6667,"IBERIA - LINEAS AEREAS DE ESPANA, SOCIEDAD ANONIMA OPERADORA",SPAIN
LEMD,GCXO,RYR,114,13,3.45,scheduled_duration_under_3h,LEMD → GCXO,11.4035,RYANAIR,IRELAND
LEMD,GCXO,SWT,58,10,4.4083,scheduled_duration_under_3h,LEMD → GCXO,17.2414,SWIFTAIR S.A.,SPAIN
LEMD,GCXO,ZZZ,621,83,4.9833,scheduled_duration_under_3h,LEMD → GCXO,13.3655,Unknown / not identified,
LEMD,LEAL,AEA,232,24,3.8917,scheduled_duration_under_3h,LEMD → LEAL,10.3448,AIR EUROPA,SPAIN
LEMD,LEAL,ANE,320,65,7.5583,scheduled_duration_under_3h,LEMD → LEAL,20.3125,"AIR NOSTRUM LINEAS AEREAS DEL MEDITERRANEO, S.A.",SPAIN
LEMD,LEAL,IBE,30,1,-0.7833,scheduled_duration_under_3h,LEMD → LEAL,3.3333,"IBERIA - LINEAS AEREAS DE ESPANA, SOCIEDAD ANONIMA OPERADORA",SPAIN
LEMD,LEBB,AEA,361,31,0.8333,scheduled_duration_under_3h,LEMD → LEBB,8.5873,AIR EUROPA,SPAIN
LEMD,LEBB,ANE,29,8,6.3667,scheduled_duration_under_3h,LEMD → LEBB,27.5862,"AIR NOSTRUM LINEAS AEREAS DEL MEDITERRANEO, S.A.",SPAIN
LEMD,LEBB,IBE,518,49,3.8,scheduled_duration_under_3h,LEMD → LEBB,9.4595,"IBERIA - LINEAS AEREAS DE ESPANA, SOCIEDAD ANONIMA OPERADORA",SPAIN
LEMD,LEBL,AEA,252,35,4.2167,scheduled_duration_under_3h,LEMD → LEBL,13.8889,AIR EUROPA,SPAIN
LEMD,LEBL,BCS,1,0,0.5,scheduled_duration_under_3h,LEMD → LEBL,0.0,"EUROPEAN AIR TRANSPORT, LEIPZIG",GERMANY
LEMD,LEBL,IBE,1260,92,1.8167,scheduled_duration_under_3h,LEMD → LEBL,7.3016,"IBERIA - LINEAS AEREAS DE ESPANA, SOCIEDAD ANONIMA OPERADORA",SPAIN
LEMD,LEBL,RJA,2,0,-4.0167,scheduled_duration_under_3h,LEMD → LEBL,0.0,ROYAL JORDANIAN,JORDAN
LEMD,LEBL,VLG,270,29,0.9917,scheduled_duration_under_3h,LEMD → LEBL,10.7407,VUELING AIRLINES,SPAIN
LEMD,LEBL,ZZZ,6,0,-0.7333,scheduled_duration_under_3h,LEMD → LEBL,0.0,Unknown / not identified,
LEMD,LECO,AEA,329,42,3.9667,scheduled_duration_under_3h,LEMD → LECO,12.766,AIR EUROPA,SPAIN
LEMD,LECO,ANE,40,7,7.0667,scheduled_duration_under_3h,LEMD → LECO,17.5,"AIR NOSTRUM LINEAS AEREAS DEL MEDITERRANEO, S.A.",SPAIN
LEMD,LECO,IBE,397,61,5.0333,scheduled_duration_under_3h,LEMD → LECO,15.3652,"IBERIA - LINEAS AEREAS DE ESPANA, SOCIEDAD ANONIMA OPERADORA",SPAIN
LEMD,LEIB,AEA,236,8,-5.0583,scheduled_duration_under_3h,LEMD → LEIB,3.3898,AIR EUROPA,SPAIN
LEMD,LEIB,RYR,265,8,-2.8167,scheduled_duration_under_3h,LEMD → LEIB,3.0189,RYANAIR,IRELAND
LEMD,LEIB,VLG,159,6,-3.2833,scheduled_duration_under_3h,LEMD → LEIB,3.7736,VUELING AIRLINES,SPAIN
LEMD,LEIB,ZZZ,352,18,-0.4083,scheduled_duration_under_3h,LEMD → LEIB,5.1136,Unknown / not identified,
LEMD,LEMG,AEA,386,57,5.6,scheduled_duration_under_3h,LEMD → LEMG,14.7668,AIR EUROPA,SPAIN
LEMD,LEMG,ANE,124,35,8.1583,scheduled_duration_under_3h,LEMD → LEMG,28.2258,"AIR NOSTRUM LINEAS AEREAS DEL MEDITERRANEO, S.A.",SPAIN
LEMD,LEMG,ETD,10,2,6.0417,scheduled_duration_under_3h,LEMD → LEMG,20.0,ETIHAD AIRWAYS,UNITED ARAB EMIRATES
LEMD,LEMG,IBE,36,9,7.4167,scheduled_duration_under_3h,LEMD → LEMG,25.0,"IBERIA - LINEAS AEREAS DE ESPANA, SOCIEDAD ANONIMA OPERADORA",SPAIN
LEMD,LEMG,KAC,6,1,8.1583,scheduled_duration_under_3h,LEMD → LEMG,16.6667,KUWAIT AIRWAYS CORPORATION,KUWAIT
LEMD,LEMG,ZZZ,182,36,8.2333,scheduled_duration_under_3h,LEMD → LEMG,19.7802,Unknown / not identified,
LEMD,LEPA,AEA,668,21,-5.7583,scheduled_duration_under_3h,LEMD → LEPA,3.1437,AIR EUROPA,SPAIN
LEMD,LEPA,ANE,5,0,-9.1333,scheduled_duration_under_3h,LEMD → LEPA,0.0,"AIR NOSTRUM LINEAS AEREAS DEL MEDITERRANEO, S.A.",SPAIN
LEMD,LEPA,IBE,6,0,-3.1333,scheduled_duration_under_3h,LEMD → LEPA,0.0,"IBERIA - LINEAS AEREAS DE ESPANA, SOCIEDAD ANONIMA OPERADORA",SPAIN
LEMD,LEPA,RYR,595,37,-2.0,scheduled_duration_under_3h,LEMD → LEPA,6.2185,RYANAIR,IRELAND
LEMD,LEPA,SWT,3,0,-18.1833,scheduled_duration_under_3h,LEMD → LEPA,0.0,SWIFTAIR S.A.,SPAIN
LEMD,LEPA,ZZZ,701,33,-2.7833,scheduled_duration_under_3h,LEMD → LEPA,4.7076,Unknown / not identified,
LEMD,LEST,AEA,3,3,44.2167,scheduled_duration_under_3h,LEMD → LEST,100.0,AIR EUROPA,SPAIN
LEMD,LEST,IBE,23,2,0.2167,scheduled_duration_under_3h,LEMD → LEST,8.6957,"IBERIA - LINEAS AEREAS DE ESPANA, SOCIEDAD ANONIMA OPERADORA",SPAIN
LEMD,LEST,RYR,172,7,-1.675,scheduled_duration_under_3h,LEMD → LEST,4.0698,RYANAIR,IRELAND
LEMD,LEST,ZZZ,362,67,6.8333,scheduled_duration_under_3h,LEMD → LEST,18.5083,Unknown / not identified,
LEMD,LEVC,AEA,244,23,2.5167,scheduled_duration_under_3h,LEMD → LEVC,9.4262,AIR EUROPA,SPAIN
LEMD,LEVC,ANE,349,32,2.9833,scheduled_duration_under_3h,LEMD → LEVC,9.1691,"AIR NOSTRUM LINEAS AEREAS DEL MEDITERRANEO, S.A.",SPAIN
LEMD,LEVC,IBE,2,0,-0.7083,scheduled_duration_under_3h,LEMD → LEVC,0.0,"IBERIA - LINEAS AEREAS DE ESPANA, SOCIEDAD ANONIMA OPERADORA",SPAIN
LEMD,LEVC,VLG,1,1,54.55,scheduled_duration_under_3h,LEMD → LEVC,100.0,VUELING AIRLINES,SPAIN
LEMD,LEVX,AEA,361,41,5.65,scheduled_duration_under_3h,LEMD → LEVX,11.3573,AIR EUROPA,SPAIN
LEMD,LEVX,ANE,79,24,10.2833,scheduled_duration_under_3h,LEMD → LEVX,30.3797,"AIR NOSTRUM LINEAS AEREAS DEL MEDITERRANEO, S.A.",SPAIN
LEMD,LEVX,IBE,395,103,9.2167,scheduled_duration_under_3h,LEMD → LEVX,26.0759,"IBERIA - LINEAS AEREAS DE ESPANA, SOCIEDAD ANONIMA OPERADORA",SPAIN
LEMD,LFPG,AFR,672,85,3.2833,scheduled_duration_under_3h,LEMD → LFPG,12.6488,AIR FRANCE,FRANCE
LEMD,LFPG,BCS,1,1,18.1833,scheduled_duration_under_3h,LEMD → LFPG,100.0,"EUROPEAN AIR TRANSPORT, LEIPZIG",GERMANY
LEMD,LFPG,FDX,77,9,3.9167,scheduled_duration_under_3h,LEMD → LFPG,11.6883,FEDERAL EXPRESS CORPORATION,UNITED STATES
LEMD,LFPG,QTR,3,0,-0.3,scheduled_duration_under_3h,LEMD → LFPG,0.0,QATAR AIRWAYS GROUP Q.C.S.C.,QATAR
LEMD,LFPG,TVF,3,2,16.3667,scheduled_duration_under_3h,LEMD → LFPG,66.6667,TRANSAVIA FRANCE,FRANCE
LEMD,LFPG,ZZZ,474,17,-0.0833,scheduled_duration_under_3h,LEMD → LFPG,3.5865,Unknown / not identified,
LEMD,LFPO,AEA,324,30,0.075,scheduled_duration_under_3h,LEMD → LFPO,9.2593,AIR EUROPA,SPAIN
LEMD,LFPO,CRL,2,1,5.1917,scheduled_duration_under_3h,LEMD → LFPO,50.0,CORSAIR,FRANCE
LEMD,LFPO,IBE,775,63,3.6167,scheduled_duration_under_3h,LEMD → LFPO,8.129,"IBERIA - LINEAS AEREAS DE ESPANA, SOCIEDAD ANONIMA OPERADORA",SPAIN
LEMD,LFPO,TVF,316,44,4.8333,scheduled_duration_under_3h,LEMD → LFPO,13.9241,TRANSAVIA FRANCE,FRANCE
LEMD,LFPO,VLG,1,0,14.1167,scheduled_duration_under_3h,LEMD → LFPO,0.0,VUELING AIRLINES,SPAIN
LEMD,LFPO,ZZZ,1,0,6.3,scheduled_duration_under_3h,LEMD → LFPO,0.0,Unknown / not identified,
LEMD,LIMC,AEA,244,7,-10.55,scheduled_duration_under_3h,LEMD → LIMC,2.8689,AIR EUROPA,SPAIN
LEMD,LIMC,BBD,100,5,-5.475,scheduled_duration_under_3h,LEMD → LIMC,5.0,BLUEBIRD NORDIC LTD,ICELAND
LEMD,LIMC,BCS,18,2,-9.1333,scheduled_duration_under_3h,LEMD → LIMC,11.1111,"EUROPEAN AIR TRANSPORT, LEIPZIG",GERMANY
LEMD,LIMC,IBE,136,3,-15.1417,scheduled_duration_under_3h,LEMD → LIMC,2.2059,"IBERIA - LINEAS AEREAS DE ESPANA, SOCIEDAD ANONIMA OPERADORA",SPAIN
LEMD,LIMC,KAL,1,0,11.35,scheduled_duration_under_3h,LEMD → LIMC,0.0,"KOREAN AIR LINES CO., LTD.",REPUBLIC OF KOREA
LEMD,LIMC,MSR,1,0,-6.3333,scheduled_duration_under_3h,LEMD → LIMC,0.0,EGYPT AIR,EGYPT
LEMD,LIMC,NOS,1,0,-8.1,scheduled_duration_under_3h,LEMD → LIMC,0.0,NEOS S.P.A.,ITALY
LEMD,LIMC,QTR,9,0,-10.7333,scheduled_duration_under_3h,LEMD → LIMC,0.0,QATAR AIRWAYS GROUP Q.C.S.C.,QATAR
LEMD,LIMC,RYR,117,4,-11.1167,scheduled_duration_under_3h,LEMD → LIMC,3.4188,RYANAIR,IRELAND
LEMD,LIMC,ZZZ,128,2,-11.3583,scheduled_duration_under_3h,LEMD → LIMC,1.5625,Unknown / not identified,
LEMD,LIRF,AEA,245,16,-3.5,scheduled_duration_under_3h,LEMD → LIRF,6.5306,AIR EUROPA,SPAIN
LEMD,LIRF,IBE,547,26,-2.6167,scheduled_duration_under_3h,LEMD → LIRF,4.7532,"IBERIA - LINEAS AEREAS DE ESPANA, SOCIEDAD ANONIMA OPERADORA",SPAIN
LEMD,LIRF,PLM,1,0,-3.6667,scheduled_duration_under_3h,LEMD → LIRF,0.0,WAMOS AIR S.A.,SPAIN
LEMD,LIRF,RYR,248,7,-5.05,scheduled_duration_under_3h,LEMD → LIRF,2.8226,RYANAIR,IRELAND
LEMD,LIRF,VLG,1,1,39.3333,scheduled_duration_under_3h,LEMD → LIRF,100.0,VUELING AIRLINES,SPAIN
LEMD,LIRF,WZZ,89,9,-2.0167,scheduled_duration_under_3h,LEMD → LIRF,10.1124,WIZZ AIR HUNGARY LTD,HUNGARY
LEMD,LIRF,ZZZ,208,4,-3.9,scheduled_duration_under_3h,LEMD → LIRF,1.9231,Unknown / not identified,
LEMD,LPPR,AEA,416,44,3.825,scheduled_duration_under_3h,LEMD → LPPR,10.5769,AIR EUROPA,SPAIN
LEMD,LPPR,ANE,149,12,3.4667,scheduled_duration_under_3h,LEMD → LPPR,8.0537,"AIR NOSTRUM LINEAS AEREAS DEL MEDITERRANEO, S.A.",SPAIN
LEMD,LPPR,BCS,67,11,3.1,scheduled_duration_under_3h,LEMD → LPPR,16.4179,"EUROPEAN AIR TRANSPORT, LEIPZIG",GERMANY
LEMD,LPPR,DLH,1,1,18.65,scheduled_duration_under_3h,LEMD → LPPR,100.0,"DEUTSCHE LUFTHANSA, AG, KOELN",GERMANY
LEMD,LPPR,IBE,305,67,6.4167,scheduled_duration_under_3h,LEMD → LPPR,21.9672,"IBERIA - LINEAS AEREAS DE ESPANA, SOCIEDAD ANONIMA OPERADORA",SPAIN
LEMD,LPPR,RYR,227,19,2.0667,scheduled_duration_under_3h,LEMD → LPPR,8.37,RYANAIR,IRELAND
LEMD,LPPR,THY,9,2,7.4833,scheduled_duration_under_3h,LEMD → LPPR,22.2222,TURK HAVA YOLLARI (TURKISH AIRLINES CO.),TURKEY
LEMD,LPPR,ZZZ,44,2,1.1667,scheduled_duration_under_3h,LEMD → LPPR,4.5455,Unknown / not identified,
LEMD,LPPT,AEA,433,101,7.3833,scheduled_duration_under_3h,LEMD → LPPT,23.3256,AIR EUROPA,SPAIN
LEMD,LPPT,ANE,64,20,11.275,scheduled_duration_under_3h,LEMD → LPPT,31.25,"AIR NOSTRUM LINEAS AEREAS DEL MEDITERRANEO, S.A.",SPAIN
LEMD,LPPT,BCS,1,1,36.7833,scheduled_duration_under_3h,LEMD → LPPT,100.0,"EUROPEAN AIR TRANSPORT, LEIPZIG",GERMANY
LEMD,LPPT,IBE,557,139,8.05,scheduled_duration_under_3h,LEMD → LPPT,24.9551,"IBERIA - LINEAS AEREAS DE ESPANA, SOCIEDAD ANONIMA OPERADORA",SPAIN
LEMD,LPPT,RYR,32,5,7.175,scheduled_duration_under_3h,LEMD → LPPT,15.625,RYANAIR,IRELAND
LEMD,LPPT,SWN,1,1,84.3667,scheduled_duration_under_3h,LEMD → LPPT,100.0,WEST ATLANTIC SWEDEN AB,SWEDEN
LEMD,LPPT,TAP,715,147,4.65,scheduled_duration_under_3h,LEMD → LPPT,20.5594,"TRANSPORTES AEREOS PORTUGUESES, E.P.",PORTUGAL
LEMD,LPPT,ZZZ,253,34,2.9833,scheduled_duration_under_3h,LEMD → LPPT,13.4387,Unknown / not identified,
LEMD,LSGG,ANE,100,9,1.3083,scheduled_duration_under_3h,LEMD → LSGG,9.0,"AIR NOSTRUM LINEAS AEREAS DEL MEDITERRANEO, S.A.",SPAIN
LEMD,LSGG,EZS,173,4,-3.95,scheduled_duration_under_3h,LEMD → LSGG,2.3121,EASY JET SWITZERLAND SA,SWITZERLAND
LEMD,LSGG,IBE,417,29,-1.8667,scheduled_duration_under_3h,LEMD → LSGG,6.9544,"IBERIA - LINEAS AEREAS DE ESPANA, SOCIEDAD ANONIMA OPERADORA",SPAIN
LEMD,LSZH,AEA,244,32,1.7,scheduled_duration_under_3h,LEMD → LSZH,13.1148,AIR EUROPA,SPAIN
LEMD,LSZH,IBE,361,22,0.2333,scheduled_duration_under_3h,LEMD → LSZH,6.0942,"IBERIA - LINEAS AEREAS DE ESPANA, SOCIEDAD ANONIMA OPERADORA",SPAIN
LEMD,LSZH,SWR,108,16,4.6167,scheduled_duration_under_3h,LEMD → LSZH,14.8148,SWISS INTERNATIONAL AIR LINES LTD,SWITZERLAND
LEMG,EGKK,BAW,119,28,6.5167,scheduled_duration_under_3h,LEMG → EGKK,23.5294,BRITISH AIRWAYS,UNITED KINGDOM
LEMG,EGKK,EZY,373,79,5.5833,scheduled_duration_under_3h,LEMG → EGKK,21.1796,EASYJET UK LTD,UNITED KINGDOM
LEMG,EGKK,RYR,22,0,1.3083,scheduled_duration_under_3h,LEMG → EGKK,0.0,RYANAIR,IRELAND
LEMG,EGKK,VLG,182,72,11.4917,scheduled_duration_under_3h,LEMG → EGKK,39.5604,VUELING AIRLINES,SPAIN
LEMG,EGKK,WZZ,1,0,-5.7,scheduled_duration_under_3h,LEMG → EGKK,0.0,WIZZ AIR HUNGARY LTD,HUNGARY
LEMG,EGKK,ZZZ,241,79,9.4167,scheduled_duration_under_3h,LEMG → EGKK,32.7801,Unknown / not identified,
LEMG,EHAM,KLM,83,25,10.3167,scheduled_duration_under_3h,LEMG → EHAM,30.1205,KLM ROYAL DUTCH AIRLINES,NETHERLANDS
LEMG,EHAM,RYR,82,17,5.1,scheduled_duration_under_3h,LEMG → EHAM,20.7317,RYANAIR,IRELAND
LEMG,EHAM,TRA,269,42,5.1667,scheduled_duration_under_3h,LEMG → EHAM,15.6134,TRANSAVIA HOLLAND B.V.,NETHERLANDS
LEMG,EHAM,VLG,102,34,10.5417,scheduled_duration_under_3h,LEMG → EHAM,33.3333,VUELING AIRLINES,SPAIN
LEMG,EHAM,ZZZ,70,23,9.5667,scheduled_duration_under_3h,LEMG → EHAM,32.8571,Unknown / not identified,
LEMG,GEML,ANE,735,62,4.0333,scheduled_duration_under_3h,LEMG → GEML,8.4354,"AIR NOSTRUM LINEAS AEREAS DEL MEDITERRANEO, S.A.",SPAIN
LEMG,GEML,UGC,1,0,2.8,scheduled_duration_under_3h,LEMG → GEML,0.0,"URGEMER CANARIAS, S.L.",SPAIN
LEMG,LEBL,RYR,157,28,5.3333,scheduled_duration_under_3h,LEMG → LEBL,17.8344,RYANAIR,IRELAND
LEMG,LEBL,VLG,605,124,7.0,scheduled_duration_under_3h,LEMG → LEBL,20.4959,VUELING AIRLINES,SPAIN
LEMG,LEMD,AEA,386,36,2.0667,scheduled_duration_under_3h,LEMG → LEMD,9.3264,AIR EUROPA,SPAIN
LEMG,LEMD,ANE,123,16,3.2,scheduled_duration_under_3h,LEMG → LEMD,13.0081,"AIR NOSTRUM LINEAS AEREAS DEL MEDITERRANEO, S.A.",SPAIN
LEMG,LEMD,EZY,1,0,-90.7833,scheduled_duration_under_3h,LEMG → LEMD,0.0,EASYJET UK LTD,UNITED KINGDOM
LEMG,LEMD,IBE,37,1,3.7,scheduled_duration_under_3h,LEMG → LEMD,2.7027,"IBERIA - LINEAS AEREAS DE ESPANA, SOCIEDAD ANONIMA OPERADORA",SPAIN
LEMG,LEMD,KAC,9,2,6.7667,scheduled_duration_under_3h,LEMG → LEMD,22.2222,KUWAIT AIRWAYS CORPORATION,KUWAIT
LEMG,LEMD,SVA,2,0,10.0417,scheduled_duration_under_3h,LEMG → LEMD,0.0,SAUDI ARABIAN AIRLINES,SAUDI ARABIA
LEMG,LEMD,ZZZ,182,52,7.7083,scheduled_duration_under_3h,LEMG → LEMD,28.5714,Unknown / not identified,
LEMH,LEBL,RYR,177,6,-2.7167,scheduled_duration_under_3h,LEMH → LEBL,3.3898,RYANAIR,IRELAND
LEMH,LEBL,SWT,2,0,-6.4667,scheduled_duration_under_3h,LEMH → LEBL,0.0,SWIFTAIR S.A.,SPAIN
LEMH,LEBL,VLG,757,45,-1.4,scheduled_duration_under_3h,LEMH → LEBL,5.9445,VUELING AIRLINES,SPAIN
LEMH,LEPA,AEA,205,2,-7.1333,scheduled_duration_under_3h,LEMH → LEPA,0.9756,AIR EUROPA,SPAIN
LEMH,LEPA,ANE,812,34,-4.3,scheduled_duration_under_3h,LEMH → LEPA,4.1872,"AIR NOSTRUM LINEAS AEREAS DEL MEDITERRANEO, S.A.",SPAIN
LEMH,LEPA,AUA,1,0,9.2167,scheduled_duration_under_3h,LEMH → LEPA,0.0,AUSTRIAN AIRLINES (AUA) AG,AUSTRIA
LEMH,LEPA,NOS,4,0,3.8583,scheduled_duration_under_3h,LEMH → LEPA,0.0,NEOS S.P.A.,ITALY
LEMH,LEPA,SWT,172,5,-8.5083,scheduled_duration_under_3h,LEMH → LEPA,2.907,SWIFTAIR S.A.,SPAIN
LEMH,LEPA,ZZZ,10,1,0.8833,scheduled_duration_under_3h,LEMH → LEPA,10.0,Unknown / not identified,
LEPA,EDDB,EWG,177,45,7.7833,scheduled_duration_under_3h,LEPA → EDDB,25.4237,EUROWINGS GMBH,GERMANY
LEPA,EDDB,RYR,287,102,9.4333,scheduled_duration_under_3h,LEPA → EDDB,35.5401,RYANAIR,IRELAND
LEPA,EDDB,SDR,1,0,0.9333,scheduled_duration_under_3h,LEPA → EDDB,0.0,SUNDAIR GMBH,GERMANY
LEPA,EDDB,ZZZ,259,100,9.7,scheduled_duration_under_3h,LEPA → EDDB,38.61,Unknown / not identified,
LEPA,EDDF,CFG,262,25,-5.1667,scheduled_duration_under_3h,LEPA → EDDF,9.542,"CONDOR FLUGDIENST GMBH, FRANKFURT (MAIN)",GERMANY
LEPA,EDDF,DLH,305,19,-7.0,scheduled_duration_under_3h,LEPA → EDDF,6.2295,"DEUTSCHE LUFTHANSA, AG, KOELN",GERMANY
LEPA,EDDF,OCN,48,0,-5.5917,scheduled_duration_under_3h,LEPA → EDDF,0.0,EW DISCOVER GMBH,GERMANY
LEPA,EDDF,RYR,27,1,-10.2667,scheduled_duration_under_3h,LEPA → EDDF,3.7037,RYANAIR,IRELAND
LEPA,EDDF,ZZZ,89,2,-6.5667,scheduled_duration_under_3h,LEPA → EDDF,2.2472,Unknown / not identified,
LEPA,EDDH,CFG,102,18,1.375,scheduled_duration_under_3h,LEPA → EDDH,17.6471,"CONDOR FLUGDIENST GMBH, FRANKFURT (MAIN)",GERMANY
LEPA,EDDH,EWG,343,31,-2.0333,scheduled_duration_under_3h,LEPA → EDDH,9.0379,EUROWINGS GMBH,GERMANY
LEPA,EDDH,RYR,182,33,-1.6917,scheduled_duration_under_3h,LEPA → EDDH,18.1319,RYANAIR,IRELAND
LEPA,EDDK,EWG,455,89,1.9833,scheduled_duration_under_3h,LEPA → EDDK,19.5604,EUROWINGS GMBH,GERMANY
LEPA,EDDK,RYR,335,86,4.8833,scheduled_duration_under_3h,LEPA → EDDK,25.6716,RYANAIR,IRELAND
LEPA,EDDK,ZZZ,19,9,11.5667,scheduled_duration_under_3h,LEPA → EDDK,47.3684,Unknown / not identified,
LEPA,EDDL,CFG,280,35,1.7333,scheduled_duration_under_3h,LEPA → EDDL,12.5,"CONDOR FLUGDIENST GMBH, FRANKFURT (MAIN)",GERMANY
LEPA,EDDL,CXI,41,6,0.25,scheduled_duration_under_3h,LEPA → EDDL,14.6341,CORENDON AIRLINES EUROPE,MALTA
LEPA,EDDL,EWG,674,124,1.5917,scheduled_duration_under_3h,LEPA → EDDL,18.3976,EUROWINGS GMBH,GERMANY
LEPA,EDDL,HHN,1,0,7.65,scheduled_duration_under_3h,LEPA → EDDL,0.0,"HAHN AIR-LINES GMBH, DREIEICH",GERMANY
LEPA,EDDL,ZZZ,125,13,-0.0667,scheduled_duration_under_3h,LEPA → EDDL,10.4,Unknown / not identified,
LEPA,EDDM,CFG,120,13,0.175,scheduled_duration_under_3h,LEPA → EDDM,10.8333,"CONDOR FLUGDIENST GMBH, FRANKFURT (MAIN)",GERMANY
LEPA,EDDM,DLH,148,15,-0.975,scheduled_duration_under_3h,LEPA → EDDM,10.1351,"DEUTSCHE LUFTHANSA, AG, KOELN",GERMANY
LEPA,EDDM,EWG,320,26,-2.5167,scheduled_duration_under_3h,LEPA → EDDM,8.125,EUROWINGS GMBH,GERMANY
LEPA,EDDM,OCN,7,1,-2.5167,scheduled_duration_under_3h,LEPA → EDDM,14.2857,EW DISCOVER GMBH,GERMANY
LEPA,EDDM,SDR,2,0,4.425,scheduled_duration_under_3h,LEPA → EDDM,0.0,SUNDAIR GMBH,GERMANY
LEPA,EDDM,VLG,65,6,-2.4833,scheduled_duration_under_3h,LEPA → EDDM,9.2308,VUELING AIRLINES,SPAIN
LEPA,EDDM,ZZZ,4,1,-4.1083,scheduled_duration_under_3h,LEPA → EDDM,25.0,Unknown / not identified,
LEPA,EDDS,CFG,59,9,0.3167,scheduled_duration_under_3h,LEPA → EDDS,15.2542,"CONDOR FLUGDIENST GMBH, FRANKFURT (MAIN)",GERMANY
LEPA,EDDS,EWG,405,61,0.0833,scheduled_duration_under_3h,LEPA → EDDS,15.0617,EUROWINGS GMBH,GERMANY
LEPA,EDDS,VLG,32,4,0.9917,scheduled_duration_under_3h,LEPA → EDDS,12.5,VUELING AIRLINES,SPAIN
LEPA,EDDS,ZZZ,72,4,-1.075,scheduled_duration_under_3h,LEPA → EDDS,5.5556,Unknown / not identified,
LEPA,EGCC,EXS,188,41,5.3083,scheduled_duration_under_3h,LEPA → EGCC,21.8085,JET2.COM LTD,UNITED KINGDOM
LEPA,EGCC,EZY,125,30,7.2,scheduled_duration_under_3h,LEPA → EGCC,24.0,EASYJET UK LTD,UNITED KINGDOM
LEPA,EGCC,RYR,174,81,13.8333,scheduled_duration_under_3h,LEPA → EGCC,46.5517,RYANAIR,IRELAND
LEPA,EGCC,ZZZ,117,21,5.9833,scheduled_duration_under_3h,LEPA → EGCC,17.9487,Unknown / not identified,
LEPA,EGKK,BAW,67,21,9.2167,scheduled_duration_under_3h,LEPA → EGKK,31.3433,BRITISH AIRWAYS,UNITED KINGDOM
LEPA,EGKK,EZY,241,70,8.1667,scheduled_duration_under_3h,LEPA → EGKK,29.0456,EASYJET UK LTD,UNITED KINGDOM
LEPA,EGKK,ZZZ,315,107,9.35,scheduled_duration_under_3h,LEPA → EGKK,33.9683,Unknown / not identified,
LEPA,LEAL,AEA,218,16,3.7,scheduled_duration_under_3h,LEPA → LEAL,7.3394,AIR EUROPA,SPAIN
LEPA,LEAL,RYR,90,17,7.825,scheduled_duration_under_3h,LEPA → LEAL,18.8889,RYANAIR,IRELAND
LEPA,LEAL,VLG,237,18,2.0,scheduled_duration_under_3h,LEPA → LEAL,7.5949,VUELING AIRLINES,SPAIN
LEPA,LEAL,ZZZ,9,2,13.3167,scheduled_duration_under_3h,LEPA → LEAL,22.2222,Unknown / not identified,
LEPA,LEBL,AEA,592,47,0.8417,scheduled_duration_under_3h,LEPA → LEBL,7.9392,AIR EUROPA,SPAIN
LEPA,LEBL,RYR,533,78,2.1333,scheduled_duration_under_3h,LEPA → LEBL,14.6341,RYANAIR,IRELAND
LEPA,LEBL,SWT,94,5,-2.7083,scheduled_duration_under_3h,LEPA → LEBL,5.3191,SWIFTAIR S.A.,SPAIN
LEPA,LEBL,VLG,1200,70,-0.5333,scheduled_duration_under_3h,LEPA → LEBL,5.8333,VUELING AIRLINES,SPAIN
LEPA,LEIB,AEA,437,7,-7.5,scheduled_duration_under_3h,LEPA → LEIB,1.6018,AIR EUROPA,SPAIN
LEPA,LEIB,ANE,824,35,-6.075,scheduled_duration_under_3h,LEPA → LEIB,4.2476,"AIR NOSTRUM LINEAS AEREAS DEL MEDITERRANEO, S.A.",SPAIN
LEPA,LEIB,SWT,285,3,-11.8,scheduled_duration_under_3h,LEPA → LEIB,1.0526,SWIFTAIR S.A.,SPAIN
LEPA,LEIB,TVF,1,1,24.6667,scheduled_duration_under_3h,LEPA → LEIB,100.0,TRANSAVIA FRANCE,FRANCE
LEPA,LEIB,VLG,1,1,52.0167,scheduled_duration_under_3h,LEPA → LEIB,100.0,VUELING AIRLINES,SPAIN
LEPA,LEIB,ZZZ,18,1,-13.925,scheduled_duration_under_3h,LEPA → LEIB,5.5556,Unknown / not identified,
LEPA,LEMD,AEA,669,78,4.05,scheduled_duration_under_3h,LEPA → LEMD,11.6592,AIR EUROPA,SPAIN
LEPA,LEMD,ANE,5,0,-5.1333,scheduled_duration_under_3h,LEPA → LEMD,0.0,"AIR NOSTRUM LINEAS AEREAS DEL MEDITERRANEO, S.A.",SPAIN
LEPA,LEMD,IBE,6,0,3.5167,scheduled_duration_under_3h,LEPA → LEMD,0.0,"IBERIA - LINEAS AEREAS DE ESPANA, SOCIEDAD ANONIMA OPERADORA",SPAIN
LEPA,LEMD,RYR,596,123,5.75,scheduled_duration_under_3h,LEPA → LEMD,20.6376,RYANAIR,IRELAND
LEPA,LEMD,ZZZ,703,144,6.6,scheduled_duration_under_3h,LEPA → LEMD,20.4836,Unknown / not identified,
LEPA,LEMH,AEA,205,12,0.9167,scheduled_duration_under_3h,LEPA → LEMH,5.8537,AIR EUROPA,SPAIN
LEPA,LEMH,ANE,811,64,0.9667,scheduled_duration_under_3h,LEPA → LEMH,7.8915,"AIR NOSTRUM LINEAS AEREAS DEL MEDITERRANEO, S.A.",SPAIN
LEPA,LEMH,NOS,9,2,-0.2667,scheduled_duration_under_3h,LEPA → LEMH,22.2222,NEOS S.P.A.,ITALY
LEPA,LEMH,RYR,1,0,-4.1333,scheduled_duration_under_3h,LEPA → LEMH,0.0,RYANAIR,IRELAND
LEPA,LEMH,SWT,165,6,-1.15,scheduled_duration_under_3h,LEPA → LEMH,3.6364,SWIFTAIR S.A.,SPAIN
LEPA,LEMH,ZZZ,2,1,3.6833,scheduled_duration_under_3h,LEPA → LEMH,50.0,Unknown / not identified,
LEPA,LEVC,AEA,231,9,1.35,scheduled_duration_under_3h,LEPA → LEVC,3.8961,AIR EUROPA,SPAIN
LEPA,LEVC,ANE,185,6,-3.85,scheduled_duration_under_3h,LEPA → LEVC,3.2432,"AIR NOSTRUM LINEAS AEREAS DEL MEDITERRANEO, S.A.",SPAIN
LEPA,LEVC,RYR,242,37,1.75,scheduled_duration_under_3h,LEPA → LEVC,15.2893,RYANAIR,IRELAND
LEPA,LEVC,VLG,254,12,-1.4667,scheduled_duration_under_3h,LEPA → LEVC,4.7244,VUELING AIRLINES,SPAIN
LEPA,LOWW,AUA,166,26,5.8833,scheduled_duration_under_3h,LEPA → LOWW,15.6627,AUSTRIAN AIRLINES (AUA) AG,AUSTRIA
LEPA,LOWW,CFG,31,8,6.8833,scheduled_duration_under_3h,LEPA → LOWW,25.8065,"CONDOR FLUGDIENST GMBH, FRANKFURT (MAIN)",GERMANY
LEPA,LOWW,RYR,340,124,10.425,scheduled_duration_under_3h,LEPA → LOWW,36.4706,RYANAIR,IRELAND
LEPA,LOWW,WZZ,5,1,6.1,scheduled_duration_under_3h,LEPA → LOWW,20.0,WIZZ AIR HUNGARY LTD,HUNGARY
LEPA,LSZH,CFG,34,6,0.8167,scheduled_duration_under_3h,LEPA → LSZH,17.6471,"CONDOR FLUGDIENST GMBH, FRANKFURT (MAIN)",GERMANY
LEPA,LSZH,EDW,96,6,-6.0083,scheduled_duration_under_3h,LEPA → LSZH,6.25,EDELWEISS AIR AG,SWITZERLAND
LEPA,LSZH,EWG,48,5,-4.8083,scheduled_duration_under_3h,LEPA → LSZH,10.4167,EUROWINGS GMBH,GERMANY
LEPA,LSZH,SWR,350,32,-1.275,scheduled_duration_under_3h,LEPA → LSZH,9.1429,SWISS INTERNATIONAL AIR LINES LTD,SWITZERLAND
LEPA,LSZH,VLG,54,12,-0.95,scheduled_duration_under_3h,LEPA → LSZH,22.2222,VUELING AIRLINES,SPAIN
LEPA,LSZH,ZZZ,64,5,-3.3833,scheduled_duration_under_3h,LEPA → LSZH,7.8125,Unknown / not identified,
LEST,LEMD,AEA,3,1,14.9,scheduled_duration_under_3h,LEST → LEMD,33.3333,AIR EUROPA,SPAIN
LEST,LEMD,IBE,23,5,0.5,scheduled_duration_under_3h,LEST → LEMD,21.7391,"IBERIA - LINEAS AEREAS DE ESPANA, SOCIEDAD ANONIMA OPERADORA",SPAIN
LEST,LEMD,RYR,173,2,-5.8667,scheduled_duration_under_3h,LEST → LEMD,1.1561,RYANAIR,IRELAND
LEST,LEMD,ZZZ,362,64,3.725,scheduled_duration_under_3h,LEST → LEMD,17.6796,Unknown / not identified,
LEVC,LEMD,AEA,243,30,3.8667,scheduled_duration_under_3h,LEVC → LEMD,12.3457,AIR EUROPA,SPAIN
LEVC,LEMD,ANE,350,28,4.2083,scheduled_duration_under_3h,LEVC → LEMD,8.0,"AIR NOSTRUM LINEAS AEREAS DEL MEDITERRANEO, S.A.",SPAIN
LEVC,LEMD,IBE,1,1,16.3,scheduled_duration_under_3h,LEVC → LEMD,100.0,"IBERIA - LINEAS AEREAS DE ESPANA, SOCIEDAD ANONIMA OPERADORA",SPAIN
LEVC,LEMD,RYR,2,0,10.225,scheduled_duration_under_3h,LEVC → LEMD,0.0,RYANAIR,IRELAND
LEVC,LEMD,VLG,1,0,10.4333,scheduled_duration_under_3h,LEVC → LEMD,0.0,VUELING AIRLINES,SPAIN
LEVC,LEPA,AEA,230,7,-3.275,scheduled_duration_under_3h,LEVC → LEPA,3.0435,AIR EUROPA,SPAIN
LEVC,LEPA,ANE,189,1,-8.4833,scheduled_duration_under_3h,LEVC → LEPA,0.5291,"AIR NOSTRUM LINEAS AEREAS DEL MEDITERRANEO, S.A.",SPAIN
LEVC,LEPA,RYR,242,5,-6.5583,scheduled_duration_under_3h,LEVC → LEPA,2.0661,RYANAIR,IRELAND
LEVC,LEPA,VLG,254,6,-10.1833,scheduled_duration_under_3h,LEVC → LEPA,2.3622,VUELING AIRLINES,SPAIN
LEVX,LEMD,AEA,360,33,5.025,scheduled_duration_under_3h,LEVX → LEMD,9.1667,AIR EUROPA,SPAIN
LEVX,LEMD,ANE,79,14,5.6167,scheduled_duration_under_3h,LEVX → LEMD,17.7215,"AIR NOSTRUM LINEAS AEREAS DEL MEDITERRANEO, S.A.",SPAIN
LEVX,LEMD,IBE,395,47,3.1333,scheduled_duration_under_3h,LEVX → LEMD,11.8987,"IBERIA - LINEAS AEREAS DE ESPANA, SOCIEDAD ANONIMA OPERADORA",SPAIN
LEZL,LEBL,RYR,240,14,3.7083,scheduled_duration_under_3h,LEZL → LEBL,5.8333,RYANAIR,IRELAND
LEZL,LEBL,VLG,693,42,2.7333,scheduled_duration_under_3h,LEZL → LEBL,6.0606,VUELING AIRLINES,SPAIN
LFBD,LFLL,AFR,274,51,2.6333,scheduled_duration_under_3h,LFBD → LFLL,18.6131,AIR FRANCE,FRANCE
LFBD,LFLL,EZS,1,0,-92.1,scheduled_duration_under_3h,LFBD → LFLL,0.0,EASY JET SWITZERLAND SA,SWITZERLAND
LFBD,LFLL,ZZZ,372,14,-10.175,scheduled_duration_under_3h,LFBD → LFLL,3.7634,Unknown / not identified,
LFBD,LFPG,AFR,741,72,1.1,scheduled_duration_under_3h,LFBD → LFPG,9.7166,AIR FRANCE,FRANCE
LFBD,LFPG,BCS,66,17,9.75,scheduled_duration_under_3h,LFBD → LFPG,25.7576,"EUROPEAN AIR TRANSPORT, LEIPZIG",GERMANY
LFBD,LFPG,SRR,85,13,8.5333,scheduled_duration_under_3h,LFBD → LFPG,15.2941,MAERSK AIR CARGO A/S,DENMARK
LFBD,LFPG,ZZZ,6,0,-0.5583,scheduled_duration_under_3h,LFBD → LFPG,0.0,Unknown / not identified,
LFBO,LFLL,AFR,254,24,-0.0083,scheduled_duration_under_3h,LFBO → LFLL,9.4488,AIR FRANCE,FRANCE
LFBO,LFLL,LBT,1,0,7.6167,scheduled_duration_under_3h,LFBO → LFLL,0.0,NOUVEL AIR TUNISIE,TUNISIA
LFBO,LFLL,SRR,87,2,-7.5333,scheduled_duration_under_3h,LFBO → LFLL,2.2989,MAERSK AIR CARGO A/S,DENMARK
LFBO,LFLL,ZZZ,240,7,-8.7,scheduled_duration_under_3h,LFBO → LFLL,2.9167,Unknown / not identified,
LFBO,LFPG,AFR,744,35,-1.8833,scheduled_duration_under_3h,LFBO → LFPG,4.7043,AIR FRANCE,FRANCE
LFBO,LFPG,BCS,3,1,14.3333,scheduled_duration_under_3h,LFBO → LFPG,33.3333,"EUROPEAN AIR TRANSPORT, LEIPZIG",GERMANY
LFBO,LFPG,SWN,39,2,1.9333,scheduled_duration_under_3h,LFBO → LFPG,5.1282,WEST ATLANTIC SWEDEN AB,SWEDEN
LFBO,LFPG,ZZZ,209,9,-8.5833,scheduled_duration_under_3h,LFBO → LFPG,4.3062,Unknown / not identified,
LFBO,LFPO,AFR,1961,97,-6.1333,scheduled_duration_under_3h,LFBO → LFPO,4.9465,AIR FRANCE,FRANCE
LFBO,LFPO,ZZZ,664,40,-8.7083,scheduled_duration_under_3h,LFBO → LFPO,6.0241,Unknown / not identified,
LFLL,LFBD,AFR,276,49,4.7,scheduled_duration_under_3h,LFLL → LFBD,17.7536,AIR FRANCE,FRANCE
LFLL,LFBD,ZZZ,372,25,0.7583,scheduled_duration_under_3h,LFLL → LFBD,6.7204,Unknown / not identified,
LFLL,LFBO,AFR,255,37,4.2167,scheduled_duration_under_3h,LFLL → LFBO,14.5098,AIR FRANCE,FRANCE
LFLL,LFBO,BCS,70,5,0.6083,scheduled_duration_under_3h,LFLL → LFBO,7.1429,"EUROPEAN AIR TRANSPORT, LEIPZIG",GERMANY
LFLL,LFBO,SRR,87,17,6.8667,scheduled_duration_under_3h,LFLL → LFBO,19.5402,MAERSK AIR CARGO A/S,DENMARK
LFLL,LFBO,ZZZ,241,14,-2.1833,scheduled_duration_under_3h,LFLL → LFBO,5.8091,Unknown / not identified,
LFLL,LFPG,AFR,652,130,5.0417,scheduled_duration_under_3h,LFLL → LFPG,19.9387,AIR FRANCE,FRANCE
LFLL,LFPG,TSC,1,0,-7.2833,scheduled_duration_under_3h,LFLL → LFPG,0.0,AIR TRANSAT A.T. INC.,CANADA
LFLL,LFPG,ZZZ,64,25,11.0667,scheduled_duration_under_3h,LFLL → LFPG,39.0625,Unknown / not identified,
LFLL,LFRS,AFR,256,16,-2.8,scheduled_duration_under_3h,LFLL → LFRS,6.25,AIR FRANCE,FRANCE
LFLL,LFRS,MSC,2,1,11.2083,scheduled_duration_under_3h,LFLL → LFRS,50.0,AIR CAIRO,EGYPT
LFLL,LFRS,RAM,2,1,15.7,scheduled_duration_under_3h,LFLL → LFRS,50.0,ROYAL AIR MAROC - COMPAGNIE NATIONALE DE TRANSPORTS AERIENS,MOROCCO
LFLL,LFRS,ZZZ,380,21,-2.7083,scheduled_duration_under_3h,LFLL → LFRS,5.5263,Unknown / not identified,
LFML,LFKJ,CCM,343,20,-2.3333,scheduled_duration_under_3h,LFML → LFKJ,5.8309,AIR CORSICA,FRANCE
LFML,LFKJ,SWN,31,6,7.3833,scheduled_duration_under_3h,LFML → LFKJ,19.3548,WEST ATLANTIC SWEDEN AB,SWEDEN
LFML,LFKJ,ZZZ,127,4,-4.0167,scheduled_duration_under_3h,LFML → LFKJ,3.1496,Unknown / not identified,
LFML,LFPG,AFR,767,203,6.8167,scheduled_duration_under_3h,LFML → LFPG,26.4668,AIR FRANCE,FRANCE
LFML,LFPG,SWN,5,2,13.8333,scheduled_duration_under_3h,LFML → LFPG,40.0,WEST ATLANTIC SWEDEN AB,SWEDEN
LFML,LFPG,TVF,1,1,73.6833,scheduled_duration_under_3h,LFML → LFPG,100.0,TRANSAVIA FRANCE,FRANCE
LFML,LFPG,ZZZ,248,46,6.8167,scheduled_duration_under_3h,LFML → LFPG,18.5484,Unknown / not identified,
LFML,LFPO,AFR,1048,87,-1.6417,scheduled_duration_under_3h,LFML → LFPO,8.3015,AIR FRANCE,FRANCE
LFMN,EGKK,BAW,96,60,19.7333,scheduled_duration_under_3h,LFMN → EGKK,62.5,BRITISH AIRWAYS,UNITED KINGDOM
LFMN,EGKK,EZY,379,220,17.2833,scheduled_duration_under_3h,LFMN → EGKK,58.0475,EASYJET UK LTD,UNITED KINGDOM
LFMN,EGKK,ZZZ,38,9,6.4,scheduled_duration_under_3h,LFMN → EGKK,23.6842,Unknown / not identified,
LFMN,EGLL,AFR,31,21,18.6667,scheduled_duration_under_3h,LFMN → EGLL,67.7419,AIR FRANCE,FRANCE
LFMN,EGLL,BAW,585,325,16.35,scheduled_duration_under_3h,LFMN → EGLL,55.5556,BRITISH AIRWAYS,UNITED KINGDOM
LFMN,LFPG,AFR,890,232,7.5667,scheduled_duration_under_3h,LFMN → LFPG,26.0674,AIR FRANCE,FRANCE
LFMN,LFPG,KAC,5,4,25.7167,scheduled_duration_under_3h,LFMN → LFPG,80.0,KUWAIT AIRWAYS CORPORATION,KUWAIT
LFMN,LFPG,SWT,15,0,1.8833,scheduled_duration_under_3h,LFMN → LFPG,0.0,SWIFTAIR S.A.,SPAIN
LFMN,LFPG,ZZZ,334,105,9.3917,scheduled_duration_under_3h,LFMN → LFPG,31.4371,Unknown / not identified,
LFMN,LFPO,AFR,1758,226,2.4917,scheduled_duration_under_3h,LFMN → LFPO,12.8555,AIR FRANCE,FRANCE
LFMN,LFPO,ZZZ,718,163,7.525,scheduled_duration_under_3h,LFMN → LFPO,22.7019,Unknown / not identified,
LFMN,LSGG,BAW,1,1,31.0167,scheduled_duration_under_3h,LFMN → LSGG,100.0,BRITISH AIRWAYS,UNITED KINGDOM
LFMN,LSGG,EZS,345,47,2.1,scheduled_duration_under_3h,LFMN → LSGG,13.6232,EASY JET SWITZERLAND SA,SWITZERLAND
LFMN,LSGG,EZY,1,0,-16.5,scheduled_duration_under_3h,LFMN → LSGG,0.0,EASYJET UK LTD,UNITED KINGDOM
LFMN,LSGG,SWR,78,4,0.2583,scheduled_duration_under_3h,LFMN → LSGG,5.1282,SWISS INTERNATIONAL AIR LINES LTD,SWITZERLAND
LFMN,LSGG,ZZZ,103,8,-3.1833,scheduled_duration_under_3h,LFMN → LSGG,7.767,Unknown / not identified,
LFMT,LFPG,AFR,475,65,1.5667,scheduled_duration_under_3h,LFMT → LFPG,13.6842,AIR FRANCE,FRANCE
LFMT,LFPG,SWN,48,12,8.05,scheduled_duration_under_3h,LFMT → LFPG,25.0,WEST ATLANTIC SWEDEN AB,SWEDEN
LFMT,LFPG,ZZZ,1,0,9.55,scheduled_duration_under_3h,LFMT → LFPG,0.0,Unknown / not identified,
LFPG,DAAG,AFR,267,106,11.9833,scheduled_duration_under_3h,LFPG → DAAG,39.7004,AIR FRANCE,FRANCE
LFPG,DAAG,DAH,356,184,15.8667,scheduled_duration_under_3h,LFPG → DAAG,51.6854,AIR ALGERIE,ALGERIA
LFPG,DAAG,DTH,20,9,12.5083,scheduled_duration_under_3h,LFPG → DAAG,45.0,TASSILI AIRLINES,ALGERIA
LFPG,DAAG,ZZZ,181,25,-3.5167,scheduled_duration_under_3h,LFPG → DAAG,13.8122,Unknown / not identified,
LFPG,DTTA,AFR,358,102,7.7417,scheduled_duration_under_3h,LFPG → DTTA,28.4916,AIR FRANCE,FRANCE
LFPG,DTTA,LBT,172,57,7.3417,scheduled_duration_under_3h,LFPG → DTTA,33.1395,NOUVEL AIR TUNISIE,TUNISIA
LFPG,DTTA,TAR,2,2,39.0417,scheduled_duration_under_3h,LFPG → DTTA,100.0,TUNIS AIR - SOCIETE TUNISIENNE DE L'AIR,TUNISIA
LFPG,DTTA,ZZZ,85,27,8.9667,scheduled_duration_under_3h,LFPG → DTTA,31.7647,Unknown / not identified,
LFPG,EDDB,AFR,638,238,10.925,scheduled_duration_under_3h,LFPG → EDDB,37.3041,AIR FRANCE,FRANCE
LFPG,EDDB,FDX,53,15,4.9167,scheduled_duration_under_3h,LFPG → EDDB,28.3019,FEDERAL EXPRESS CORPORATION,UNITED STATES
LFPG,EDDB,ZZZ,221,78,9.4667,scheduled_duration_under_3h,LFPG → EDDB,35.2941,Unknown / not identified,
LFPG,EDDF,AFR,533,99,2.4,scheduled_duration_under_3h,LFPG → EDDF,18.5741,AIR FRANCE,FRANCE
LFPG,EDDF,ALK,11,7,20.3167,scheduled_duration_under_3h,LFPG → EDDF,63.6364,SRILANKAN AIRLINES,SRI LANKA
LFPG,EDDF,DLH,599,23,-12.7833,scheduled_duration_under_3h,LFPG → EDDF,3.8397,"DEUTSCHE LUFTHANSA, AG, KOELN",GERMANY
LFPG,EDDF,FDX,67,6,-5.8167,scheduled_duration_under_3h,LFPG → EDDF,8.9552,FEDERAL EXPRESS CORPORATION,UNITED STATES
LFPG,EDDF,GFA,24,8,5.175,scheduled_duration_under_3h,LFPG → EDDF,33.3333,GULF AIR,BAHRAIN
LFPG,EDDF,ZZZ,59,8,0.2667,scheduled_duration_under_3h,LFPG → EDDF,13.5593,Unknown / not identified,
LFPG,EDDH,AFR,438,63,0.45,scheduled_duration_under_3h,LFPG → EDDH,14.3836,AIR FRANCE,FRANCE
LFPG,EDDH,EWG,157,18,-0.7,scheduled_duration_under_3h,LFPG → EDDH,11.465,EUROWINGS GMBH,GERMANY
LFPG,EDDL,AFR,561,166,7.3667,scheduled_duration_under_3h,LFPG → EDDL,29.59,AIR FRANCE,FRANCE
LFPG,EDDM,AFR,497,147,6.5333,scheduled_duration_under_3h,LFPG → EDDM,29.5775,AIR FRANCE,FRANCE
LFPG,EDDM,BCS,3,0,5.6833,scheduled_duration_under_3h,LFPG → EDDM,0.0,"EUROPEAN AIR TRANSPORT, LEIPZIG",GERMANY
LFPG,EDDM,DLH,520,87,2.9167,scheduled_duration_under_3h,LFPG → EDDM,16.7308,"DEUTSCHE LUFTHANSA, AG, KOELN",GERMANY
LFPG,EDDM,FDX,56,11,3.2917,scheduled_duration_under_3h,LFPG → EDDM,19.6429,FEDERAL EXPRESS CORPORATION,UNITED STATES
LFPG,EDDM,ZZZ,2,1,38.3583,scheduled_duration_under_3h,LFPG → EDDM,50.0,Unknown / not identified,
LFPG,EDDV,AFR,330,111,8.825,scheduled_duration_under_3h,LFPG → EDDV,33.6364,AIR FRANCE,FRANCE
LFPG,EDDV,FDX,57,6,-0.65,scheduled_duration_under_3h,LFPG → EDDV,10.5263,FEDERAL EXPRESS CORPORATION,UNITED STATES
LFPG,EDDV,ZZZ,128,24,1.5917,scheduled_duration_under_3h,LFPG → EDDV,18.75,Unknown / not identified,
LFPG,EFHK,AFR,207,63,9.3833,scheduled_duration_under_3h,LFPG → EFHK,30.4348,AIR FRANCE,FRANCE
LFPG,EFHK,FDX,14,4,12.075,scheduled_duration_under_3h,LFPG → EFHK,28.5714,FEDERAL EXPRESS CORPORATION,UNITED STATES
LFPG,EFHK,FIN,463,94,5.75,scheduled_duration_under_3h,LFPG → EFHK,20.3024,FINNAIR OYJ,FINLAND
LFPG,EFHK,SWN,22,15,18.5333,scheduled_duration_under_3h,LFPG → EFHK,68.1818,WEST ATLANTIC SWEDEN AB,SWEDEN
LFPG,EFHK,ZZZ,55,18,8.95,scheduled_duration_under_3h,LFPG → EFHK,32.7273,Unknown / not identified,
LFPG,EGCC,AFR,347,128,10.3333,scheduled_duration_under_3h,LFPG → EGCC,36.8876,AIR FRANCE,FRANCE
LFPG,EGCC,EZY,307,113,9.95,scheduled_duration_under_3h,LFPG → EGCC,36.8078,EASYJET UK LTD,UNITED KINGDOM
LFPG,EGCC,SIA,1,1,22.8833,scheduled_duration_under_3h,LFPG → EGCC,100.0,SINGAPORE AIRLINES LIMITED,SINGAPORE
LFPG,EGCC,ZZZ,15,4,5.1167,scheduled_duration_under_3h,LFPG → EGCC,26.6667,Unknown / not identified,
LFPG,EGLL,AFR,628,306,14.3333,scheduled_duration_under_3h,LFPG → EGLL,48.7261,AIR FRANCE,FRANCE
LFPG,EGLL,BAW,601,282,14.4,scheduled_duration_under_3h,LFPG → EGLL,46.9218,BRITISH AIRWAYS,UNITED KINGDOM
LFPG,EGLL,BCS,17,5,5.2,scheduled_duration_under_3h,LFPG → EGLL,29.4118,"EUROPEAN AIR TRANSPORT, LEIPZIG",GERMANY
LFPG,EHAM,AFR,545,221,12.0333,scheduled_duration_under_3h,LFPG → EHAM,40.5505,AIR FRANCE,FRANCE
LFPG,EHAM,CPA,14,13,39.2083,scheduled_duration_under_3h,LFPG → EHAM,92.8571,CATHAY PACIFIC AIRWAYS LTD.,CHINA
LFPG,EHAM,FDX,73,21,8.3667,scheduled_duration_under_3h,LFPG → EHAM,28.7671,FEDERAL EXPRESS CORPORATION,UNITED STATES
LFPG,EHAM,KLM,535,198,11.0667,scheduled_duration_under_3h,LFPG → EHAM,37.0093,KLM ROYAL DUTCH AIRLINES,NETHERLANDS
LFPG,EHAM,ZZZ,1,0,1.1167,scheduled_duration_under_3h,LFPG → EHAM,0.0,Unknown / not identified,
LFPG,EIDW,AFR,347,84,5.8667,scheduled_duration_under_3h,LFPG → EIDW,24.2075,AIR FRANCE,FRANCE
LFPG,EIDW,EIN,443,219,14.8167,scheduled_duration_under_3h,LFPG → EIDW,49.4357,AER LINGUS TEORANTA,IRELAND
LFPG,EIDW,FDX,1,1,21.75,scheduled_duration_under_3h,LFPG → EIDW,100.0,FEDERAL EXPRESS CORPORATION,UNITED STATES
LFPG,EIDW,ZZZ,66,16,6.95,scheduled_duration_under_3h,LFPG → EIDW,24.2424,Unknown / not identified,
LFPG,EKCH,AFR,472,85,4.1333,scheduled_duration_under_3h,LFPG → EKCH,18.0085,AIR FRANCE,FRANCE
LFPG,EKCH,FDX,20,2,3.2333,scheduled_duration_under_3h,LFPG → EKCH,10.0,FEDERAL EXPRESS CORPORATION,UNITED STATES
LFPG,EKCH,SAS,241,72,8.7333,scheduled_duration_under_3h,LFPG → EKCH,29.8755,SCANDINAVIAN AIRLINES SYSTEM,SWEDEN
LFPG,EKCH,ZZZ,295,58,3.6,scheduled_duration_under_3h,LFPG → EKCH,19.661,Unknown / not identified,
LFPG,ENGM,AFR,239,56,5.8667,scheduled_duration_under_3h,LFPG → ENGM,23.431,AIR FRANCE,FRANCE
LFPG,ENGM,QTR,1,1,22.5167,scheduled_duration_under_3h,LFPG → ENGM,100.0,QATAR AIRWAYS GROUP Q.C.S.C.,QATAR
LFPG,ENGM,SAS,107,33,8.1333,scheduled_duration_under_3h,LFPG → ENGM,30.8411,SCANDINAVIAN AIRLINES SYSTEM,SWEDEN
LFPG,ENGM,ZZZ,257,66,5.7,scheduled_duration_under_3h,LFPG → ENGM,25.6809,Unknown / not identified,
LFPG,EPWA,ABB,1,0,-16.55,scheduled_duration_under_3h,LFPG → EPWA,0.0,AIR BELGIUM SA,BELGIUM
LFPG,EPWA,AFR,365,71,1.65,scheduled_duration_under_3h,LFPG → EPWA,19.4521,AIR FRANCE,FRANCE
LFPG,EPWA,LOT,328,59,1.4917,scheduled_duration_under_3h,LFPG → EPWA,17.9878,LOT - POLSKIE LINIE LOTNICZE,POLAND
LFPG,EPWA,ZZZ,67,10,-1.5333,scheduled_duration_under_3h,LFPG → EPWA,14.9254,Unknown / not identified,
LFPG,ESSA,AFR,345,107,8.2167,scheduled_duration_under_3h,LFPG → ESSA,31.0145,AIR FRANCE,FRANCE
LFPG,ESSA,SAS,177,58,10.9,scheduled_duration_under_3h,LFPG → ESSA,32.7684,SCANDINAVIAN AIRLINES SYSTEM,SWEDEN
LFPG,ESSA,ZZZ,145,40,6.8,scheduled_duration_under_3h,LFPG → ESSA,27.5862,Unknown / not identified,
LFPG,LEBL,AFR,670,224,10.0333,scheduled_duration_under_3h,LFPG → LEBL,33.4328,AIR FRANCE,FRANCE
LFPG,LEBL,ELY,1,0,4.2,scheduled_duration_under_3h,LFPG → LEBL,0.0,EL AL - ISRAEL AIRLINES LTD.,ISRAEL
LFPG,LEBL,FDX,73,15,4.5667,scheduled_duration_under_3h,LFPG → LEBL,20.5479,FEDERAL EXPRESS CORPORATION,UNITED STATES
LFPG,LEBL,SDR,1,0,14.15,scheduled_duration_under_3h,LFPG → LEBL,0.0,SUNDAIR GMBH,GERMANY
LFPG,LEBL,VLG,293,55,4.6667,scheduled_duration_under_3h,LFPG → LEBL,18.7713,VUELING AIRLINES,SPAIN
LFPG,LEBL,ZZZ,252,64,6.9,scheduled_duration_under_3h,LFPG → LEBL,25.3968,Unknown / not identified,
LFPG,LEMD,AFR,673,232,10.1667,scheduled_duration_under_3h,LFPG → LEMD,34.4725,AIR FRANCE,FRANCE
LFPG,LEMD,BCS,1,0,-52.7833,scheduled_duration_under_3h,LFPG → LEMD,0.0,"EUROPEAN AIR TRANSPORT, LEIPZIG",GERMANY
LFPG,LEMD,CES,1,0,3.6167,scheduled_duration_under_3h,LFPG → LEMD,0.0,CHINA EASTERN AIRLINES,CHINA
LFPG,LEMD,FDX,79,7,2.3333,scheduled_duration_under_3h,LFPG → LEMD,8.8608,FEDERAL EXPRESS CORPORATION,UNITED STATES
LFPG,LEMD,IBE,1,0,0.9833,scheduled_duration_under_3h,LFPG → LEMD,0.0,"IBERIA - LINEAS AEREAS DE ESPANA, SOCIEDAD ANONIMA OPERADORA",SPAIN
LFPG,LEMD,ZZZ,458,75,4.2083,scheduled_duration_under_3h,LFPG → LEMD,16.3755,Unknown / not identified,
LFPG,LFBD,AFR,738,229,8.5333,scheduled_duration_under_3h,LFPG → LFBD,31.0298,AIR FRANCE,FRANCE
LFPG,LFBD,SRR,88,20,6.2583,scheduled_duration_under_3h,LFPG → LFBD,22.7273,MAERSK AIR CARGO A/S,DENMARK
LFPG,LFBD,ZZZ,4,0,2.2333,scheduled_duration_under_3h,LFPG → LFBD,0.0,Unknown / not identified,
LFPG,LFBO,AFR,744,135,4.1333,scheduled_duration_under_3h,LFPG → LFBO,18.1452,AIR FRANCE,FRANCE
LFPG,LFBO,SWN,38,4,2.4667,scheduled_duration_under_3h,LFPG → LFBO,10.5263,WEST ATLANTIC SWEDEN AB,SWEDEN
LFPG,LFBO,ZZZ,204,32,1.1833,scheduled_duration_under_3h,LFPG → LFBO,15.6863,Unknown / not identified,
LFPG,LFLL,AFR,647,158,3.9167,scheduled_duration_under_3h,LFPG → LFLL,24.4204,AIR FRANCE,FRANCE
LFPG,LFLL,ZZZ,79,25,5.2167,scheduled_duration_under_3h,LFPG → LFLL,31.6456,Unknown / not identified,
LFPG,LFML,AFR,764,196,5.9833,scheduled_duration_under_3h,LFPG → LFML,25.6545,AIR FRANCE,FRANCE
LFPG,LFML,ZZZ,227,33,-1.6333,scheduled_duration_under_3h,LFPG → LFML,14.5374,Unknown / not identified,
LFPG,LFMN,AFR,887,235,7.5,scheduled_duration_under_3h,LFPG → LFMN,26.4938,AIR FRANCE,FRANCE
LFPG,LFMN,KAC,3,2,19.65,scheduled_duration_under_3h,LFPG → LFMN,66.6667,KUWAIT AIRWAYS CORPORATION,KUWAIT
LFPG,LFMN,SWT,15,1,0.9833,scheduled_duration_under_3h,LFPG → LFMN,6.6667,SWIFTAIR S.A.,SPAIN
LFPG,LFMN,ZZZ,331,83,5.6,scheduled_duration_under_3h,LFPG → LFMN,25.0755,Unknown / not identified,
LFPG,LFMT,AFR,475,74,1.85,scheduled_duration_under_3h,LFPG → LFMT,15.5789,AIR FRANCE,FRANCE
LFPG,LFMT,SWN,38,0,-7.8083,scheduled_duration_under_3h,LFPG → LFMT,0.0,WEST ATLANTIC SWEDEN AB,SWEDEN
LFPG,LFRS,AFR,517,136,7.1833,scheduled_duration_under_3h,LFPG → LFRS,26.3056,AIR FRANCE,FRANCE
LFPG,LFRS,LBT,1,1,27.95,scheduled_duration_under_3h,LFPG → LFRS,100.0,NOUVEL AIR TUNISIE,TUNISIA
LFPG,LIMC,AFR,410,36,-6.05,scheduled_duration_under_3h,LFPG → LIMC,8.7805,AIR FRANCE,FRANCE
LFPG,LIMC,BBD,109,16,-8.15,scheduled_duration_under_3h,LFPG → LIMC,14.6789,BLUEBIRD NORDIC LTD,ICELAND
LFPG,LIMC,BCS,91,4,-13.0667,scheduled_duration_under_3h,LFPG → LIMC,4.3956,"EUROPEAN AIR TRANSPORT, LEIPZIG",GERMANY
LFPG,LIMC,DAL,1,0,-29.7833,scheduled_duration_under_3h,LFPG → LIMC,0.0,"DELTA AIR LINES, INC.",UNITED STATES
LFPG,LIMC,FDX,156,11,-6.9,scheduled_duration_under_3h,LFPG → LIMC,7.0513,FEDERAL EXPRESS CORPORATION,UNITED STATES
LFPG,LIMC,ZZZ,497,39,-11.4833,scheduled_duration_under_3h,LFPG → LIMC,7.8471,Unknown / not identified,
LFPG,LIML,AFR,453,131,8.2167,scheduled_duration_under_3h,LFPG → LIML,28.9183,AIR FRANCE,FRANCE
LFPG,LIML,ZZZ,527,131,5.15,scheduled_duration_under_3h,LFPG → LIML,24.8577,Unknown / not identified,
LFPG,LIPZ,AFR,589,75,-2.2167,scheduled_duration_under_3h,LFPG → LIPZ,12.7334,AIR FRANCE,FRANCE
LFPG,LIPZ,SWT,2,0,-23.5,scheduled_duration_under_3h,LFPG → LIPZ,0.0,SWIFTAIR S.A.,SPAIN
LFPG,LIPZ,ZZZ,279,20,-8.0333,scheduled_duration_under_3h,LFPG → LIPZ,7.1685,Unknown / not identified,
LFPG,LIRF,AFR,660,110,0.25,scheduled_duration_under_3h,LFPG → LIRF,16.6667,AIR FRANCE,FRANCE
LFPG,LIRF,SWT,1,0,-7.6833,scheduled_duration_under_3h,LFPG → LIRF,0.0,SWIFTAIR S.A.,SPAIN
LFPG,LIRF,VLG,2,0,9.7083,scheduled_duration_under_3h,LFPG → LIRF,0.0,VUELING AIRLINES,SPAIN
LFPG,LIRF,ZZZ,399,75,2.5,scheduled_duration_under_3h,LFPG → LIRF,18.797,Unknown / not identified,
LFPG,LIRQ,AFR,615,119,2.6,scheduled_duration_under_3h,LFPG → LIRQ,19.3496,AIR FRANCE,FRANCE
LFPG,LIRQ,VLG,1,0,-14.1,scheduled_duration_under_3h,LFPG → LIRQ,0.0,VUELING AIRLINES,SPAIN
LFPG,LKPR,AFR,371,107,7.2167,scheduled_duration_under_3h,LFPG → LKPR,28.841,AIR FRANCE,FRANCE
LFPG,LKPR,CSA,79,35,11.2167,scheduled_duration_under_3h,LFPG → LKPR,44.3038,CZECH AIRLINES J.S.C.,CZECHIA
LFPG,LKPR,ZZZ,72,21,7.625,scheduled_duration_under_3h,LFPG → LKPR,29.1667,Unknown / not identified,
LFPG,LOWW,AFR,340,123,11.0833,scheduled_duration_under_3h,LFPG → LOWW,36.1765,AIR FRANCE,FRANCE
LFPG,LOWW,AUA,461,167,10.0833,scheduled_duration_under_3h,LFPG → LOWW,36.2256,AUSTRIAN AIRLINES (AUA) AG,AUSTRIA
LFPG,LOWW,FDX,73,25,6.7,scheduled_duration_under_3h,LFPG → LOWW,34.2466,FEDERAL EXPRESS CORPORATION,UNITED STATES
LFPG,LOWW,ZZZ,2,1,13.225,scheduled_duration_under_3h,LFPG → LOWW,50.0,Unknown / not identified,
LFPG,LPPT,AFR,477,202,12.5833,scheduled_duration_under_3h,LFPG → LPPT,42.348,AIR FRANCE,FRANCE
LFPG,LPPT,ZZZ,265,125,14.3667,scheduled_duration_under_3h,LFPG → LPPT,47.1698,Unknown / not identified,
LFPG,LROP,AFR,250,59,3.9833,scheduled_duration_under_3h,LFPG → LROP,23.6,AIR FRANCE,FRANCE
LFPG,LROP,BLA,33,13,9.8,scheduled_duration_under_3h,LFPG → LROP,39.3939,BLUE AIR AVIATION S.A.,ROMANIA
LFPG,LROP,ROT,188,46,2.85,scheduled_duration_under_3h,LFPG → LROP,24.4681,COMPANIA NATIONALA DE TRANSPORTURI AERIENE ROMANE TAROM S.A.,ROMANIA
LFPG,LROP,SWN,23,19,24.0667,scheduled_duration_under_3h,LFPG → LROP,82.6087,WEST ATLANTIC SWEDEN AB,SWEDEN
LFPG,LROP,ZZZ,52,16,10.2,scheduled_duration_under_3h,LFPG → LROP,30.7692,Unknown / not identified,
LFPG,LSGG,AFR,893,124,-0.1,scheduled_duration_under_3h,LFPG → LSGG,13.8858,AIR FRANCE,FRANCE
LFPG,LSGG,SWR,1,0,-2.2,scheduled_duration_under_3h,LFPG → LSGG,0.0,SWISS INTERNATIONAL AIR LINES LTD,SWITZERLAND
LFPG,LSGG,SWT,23,4,-3.4667,scheduled_duration_under_3h,LFPG → LSGG,17.3913,SWIFTAIR S.A.,SPAIN
LFPG,LSGG,UAL,1,0,6.5833,scheduled_duration_under_3h,LFPG → LSGG,0.0,"UNITED AIRLINES, INC. (CHICAGO, IL)",UNITED STATES
LFPG,LSGG,ZZZ,44,5,-3.6333,scheduled_duration_under_3h,LFPG → LSGG,11.3636,Unknown / not identified,
LFPG,LSZH,AFR,338,90,6.5583,scheduled_duration_under_3h,LFPG → LSZH,26.6272,AIR FRANCE,FRANCE
LFPG,LSZH,SWR,448,127,8.3417,scheduled_duration_under_3h,LFPG → LSZH,28.3482,SWISS INTERNATIONAL AIR LINES LTD,SWITZERLAND
LFPO,DAAG,AFR,154,45,7.9667,scheduled_duration_under_3h,LFPO → DAAG,29.2208,AIR FRANCE,FRANCE
LFPO,DAAG,DAH,303,181,20.9167,scheduled_duration_under_3h,LFPO → DAAG,59.736,AIR ALGERIE,ALGERIA
LFPO,DAAG,TVF,150,53,11.25,scheduled_duration_under_3h,LFPO → DAAG,35.3333,TRANSAVIA FRANCE,FRANCE
LFPO,DTTA,AFR,78,18,7.3333,scheduled_duration_under_3h,LFPO → DTTA,23.0769,AIR FRANCE,FRANCE
LFPO,DTTA,TAR,309,126,12.1,scheduled_duration_under_3h,LFPO → DTTA,40.7767,TUNIS AIR - SOCIETE TUNISIENNE DE L'AIR,TUNISIA
LFPO,DTTA,TVF,276,109,10.925,scheduled_duration_under_3h,LFPO → DTTA,39.4928,TRANSAVIA FRANCE,FRANCE
LFPO,GMMN,AFR,17,4,7.3333,scheduled_duration_under_3h,LFPO → GMMN,23.5294,AIR FRANCE,FRANCE
LFPO,GMMN,RAM,425,137,7.8667,scheduled_duration_under_3h,LFPO → GMMN,32.2353,ROYAL AIR MAROC - COMPAGNIE NATIONALE DE TRANSPORTS AERIENS,MOROCCO
LFPO,GMMN,TVF,95,40,13.3333,scheduled_duration_under_3h,LFPO → GMMN,42.1053,TRANSAVIA FRANCE,FRANCE
LFPO,GMMN,ZZZ,51,6,1.3667,scheduled_duration_under_3h,LFPO → GMMN,11.7647,Unknown / not identified,
LFPO,LEBL,TVF,152,45,9.15,scheduled_duration_under_3h,LFPO → LEBL,29.6053,TRANSAVIA FRANCE,FRANCE
LFPO,LEBL,VLG,792,198,7.925,scheduled_duration_under_3h,LFPO → LEBL,25.0,VUELING AIRLINES,SPAIN
LFPO,LEMD,AEA,322,53,3.2167,scheduled_duration_under_3h,LFPO → LEMD,16.4596,AIR EUROPA,SPAIN
LFPO,LEMD,CRL,2,1,11.575,scheduled_duration_under_3h,LFPO → LEMD,50.0,CORSAIR,FRANCE
LFPO,LEMD,IBE,774,163,5.775,scheduled_duration_under_3h,LFPO → LEMD,21.0594,"IBERIA - LINEAS AEREAS DE ESPANA, SOCIEDAD ANONIMA OPERADORA",SPAIN
LFPO,LEMD,TVF,320,102,9.4917,scheduled_duration_under_3h,LFPO → LEMD,31.875,TRANSAVIA FRANCE,FRANCE
LFPO,LFBO,AFR,1958,111,-3.125,scheduled_duration_under_3h,LFPO → LFBO,5.6691,AIR FRANCE,FRANCE
LFPO,LFBO,TAR,1,0,-8.7333,scheduled_duration_under_3h,LFPO → LFBO,0.0,TUNIS AIR - SOCIETE TUNISIENNE DE L'AIR,TUNISIA
LFPO,LFBO,ZZZ,663,48,-0.7333,scheduled_duration_under_3h,LFPO → LFBO,7.2398,Unknown / not identified,
LFPO,LFML,AFR,1051,80,-3.65,scheduled_duration_under_3h,LFPO → LFML,7.6118,AIR FRANCE,FRANCE
LFPO,LFML,CRL,1,0,5.0167,scheduled_duration_under_3h,LFPO → LFML,0.0,CORSAIR,FRANCE
LFPO,LFMN,AFR,1764,202,0.325,scheduled_duration_under_3h,LFPO → LFMN,11.4512,AIR FRANCE,FRANCE
LFPO,LFMN,ZZZ,724,158,5.175,scheduled_duration_under_3h,LFPO → LFMN,21.8232,Unknown / not identified,
LFPO,LIML,ZZZ,508,101,2.5833,scheduled_duration_under_3h,LFPO → LIML,19.8819,Unknown / not identified,
LFPO,LIRF,TVF,113,19,3.3667,scheduled_duration_under_3h,LFPO → LIRF,16.8142,TRANSAVIA FRANCE,FRANCE
LFPO,LIRF,VLG,377,43,-0.4833,scheduled_duration_under_3h,LFPO → LIRF,11.4058,VUELING AIRLINES,SPAIN
LFPO,LIRF,WZZ,14,3,4.775,scheduled_duration_under_3h,LFPO → LIRF,21.4286,WIZZ AIR HUNGARY LTD,HUNGARY
LFPO,LIRF,ZZZ,284,26,-2.65,scheduled_duration_under_3h,LFPO → LIRF,9.1549,Unknown / not identified,
LFPO,LPPR,TAP,321,70,4.7667,scheduled_duration_under_3h,LFPO → LPPR,21.8069,"TRANSPORTES AEREOS PORTUGUESES, E.P.",PORTUGAL
LFPO,LPPR,TVF,631,205,9.7167,scheduled_duration_under_3h,LFPO → LPPR,32.4881,TRANSAVIA FRANCE,FRANCE
LFPO,LPPR,VLG,93,38,12.15,scheduled_duration_under_3h,LFPO → LPPR,40.8602,VUELING AIRLINES,SPAIN
LFPO,LPPT,TAP,814,325,11.3167,scheduled_duration_under_3h,LFPO → LPPT,39.9263,"TRANSPORTES AEREOS PORTUGUESES, E.P.",PORTUGAL
LFPO,LPPT,TVF,423,202,14.4667,scheduled_duration_under_3h,LFPO → LPPT,47.7541,TRANSAVIA FRANCE,FRANCE
LFPO,LPPT,VLG,173,67,11.2667,scheduled_duration_under_3h,LFPO → LPPT,38.7283,VUELING AIRLINES,SPAIN
LFRS,LFLL,AFR,257,9,-10.2667,scheduled_duration_under_3h,LFRS → LFLL,3.5019,AIR FRANCE,FRANCE
LFRS,LFLL,RAM,4,0,8.7583,scheduled_duration_under_3h,LFRS → LFLL,0.0,ROYAL AIR MAROC - COMPAGNIE NATIONALE DE TRANSPORTS AERIENS,MOROCCO
LFRS,LFLL,ZZZ,380,9,-12.0667,scheduled_duration_under_3h,LFRS → LFLL,2.3684,Unknown / not identified,
LFRS,LFPG,AFR,516,44,0.3833,scheduled_duration_under_3h,LFRS → LFPG,8.5271,AIR FRANCE,FRANCE
LGAL,LGAV,AEE,259,20,-0.1667,scheduled_duration_under_3h,LGAL → LGAV,7.722,AEGEAN AIRLINES,GREECE
LGAL,LGAV,OAL,1,0,9.7,scheduled_duration_under_3h,LGAL → LGAV,0.0,OLYMPIC AIR,GREECE
LGAL,LGAV,SEH,286,19,-2.4833,scheduled_duration_under_3h,LGAL → LGAV,6.6434,SKY EXPRESS S.A.,GREECE
LGAV,EDDM,AEE,158,7,-1.5083,scheduled_duration_under_3h,LGAV → EDDM,4.4304,AEGEAN AIRLINES,GREECE
LGAV,EDDM,DLH,369,16,-3.0833,scheduled_duration_under_3h,LGAV → EDDM,4.336,"DEUTSCHE LUFTHANSA, AG, KOELN",GERMANY
LGAV,EDDM,SEH,25,0,-5.5167,scheduled_duration_under_3h,LGAV → EDDM,0.0,SKY EXPRESS S.A.,GREECE
LGAV,EDDM,SRR,85,2,-11.6333,scheduled_duration_under_3h,LGAV → EDDM,2.3529,MAERSK AIR CARGO A/S,DENMARK
LGAV,LCLK,AEE,639,19,0.3,scheduled_duration_under_3h,LGAV → LCLK,2.9734,AEGEAN AIRLINES,GREECE
LGAV,LCLK,BCS,45,0,-3.6667,scheduled_duration_under_3h,LGAV → LCLK,0.0,"EUROPEAN AIR TRANSPORT, LEIPZIG",GERMANY
LGAV,LCLK,CYP,164,8,2.3583,scheduled_duration_under_3h,LGAV → LCLK,4.878,CYPRUS AIRWAYS,CYPRUS
LGAV,LCLK,GFA,34,1,-3.375,scheduled_duration_under_3h,LGAV → LCLK,2.9412,GULF AIR,BAHRAIN
LGAV,LCLK,SEH,326,12,-0.3667,scheduled_duration_under_3h,LGAV → LCLK,3.681,SKY EXPRESS S.A.,GREECE
LGAV,LCLK,SWN,48,1,-1.1667,scheduled_duration_under_3h,LGAV → LCLK,2.0833,WEST ATLANTIC SWEDEN AB,SWEDEN
LGAV,LCLK,WZZ,100,10,5.325,scheduled_duration_under_3h,LGAV → LCLK,10.0,WIZZ AIR HUNGARY LTD,HUNGARY
LGAV,LCLK,ZZZ,42,1,-4.3667,scheduled_duration_under_3h,LGAV → LCLK,2.381,Unknown / not identified,
LGAV,LGAL,AEE,260,2,-5.975,scheduled_duration_under_3h,LGAV → LGAL,0.7692,AEGEAN AIRLINES,GREECE
LGAV,LGAL,SEH,286,4,-11.4083,scheduled_duration_under_3h,LGAV → LGAL,1.3986,SKY EXPRESS S.A.,GREECE
LGAV,LGHI,OAL,329,4,-7.9333,scheduled_duration_under_3h,LGAV → LGHI,1.2158,OLYMPIC AIR,GREECE
LGAV,LGHI,SEH,298,8,-5.6833,scheduled_duration_under_3h,LGAV → LGHI,2.6846,SKY EXPRESS S.A.,GREECE
LGAV,LGIR,AEE,709,19,-3.9333,scheduled_duration_under_3h,LGAV → LGIR,2.6798,AEGEAN AIRLINES,GREECE
LGAV,LGIR,OAL,4,0,-28.525,scheduled_duration_under_3h,LGAV → LGIR,0.0,OLYMPIC AIR,GREECE
LGAV,LGIR,SEH,412,2,-12.8,scheduled_duration_under_3h,LGAV → LGIR,0.4854,SKY EXPRESS S.A.,GREECE
LGAV,LGIR,ZZZ,60,0,-7.3,scheduled_duration_under_3h,LGAV → LGIR,0.0,Unknown / not identified,
LGAV,LGKO,AEE,285,9,-5.4833,scheduled_duration_under_3h,LGAV → LGKO,3.1579,AEGEAN AIRLINES,GREECE
LGAV,LGKO,SEH,276,1,-10.425,scheduled_duration_under_3h,LGAV → LGKO,0.3623,SKY EXPRESS S.A.,GREECE
LGAV,LGKR,AEE,295,8,-1.0333,scheduled_duration_under_3h,LGAV → LGKR,2.7119,AEGEAN AIRLINES,GREECE
LGAV,LGKR,CFG,1,0,13.2,scheduled_duration_under_3h,LGAV → LGKR,0.0,"CONDOR FLUGDIENST GMBH, FRANKFURT (MAIN)",GERMANY
LGAV,LGKR,EXS,1,1,22.15,scheduled_duration_under_3h,LGAV → LGKR,100.0,JET2.COM LTD,UNITED KINGDOM
LGAV,LGKR,SEH,337,9,-4.6,scheduled_duration_under_3h,LGAV → LGKR,2.6706,SKY EXPRESS S.A.,GREECE
LGAV,LGMK,AEE,467,39,-0.0667,scheduled_duration_under_3h,LGAV → LGMK,8.3512,AEGEAN AIRLINES,GREECE
LGAV,LGMK,AFR,1,0,-9.8,scheduled_duration_under_3h,LGAV → LGMK,0.0,AIR FRANCE,FRANCE
LGAV,LGMK,AUA,1,0,-3.6333,scheduled_duration_under_3h,LGAV → LGMK,0.0,AUSTRIAN AIRLINES (AUA) AG,AUSTRIA
LGAV,LGMK,CFE,2,2,51.65,scheduled_duration_under_3h,LGAV → LGMK,100.0,BA CITYFLYER LTD,UNITED KINGDOM
LGAV,LGMK,EZY,2,1,16.125,scheduled_duration_under_3h,LGAV → LGMK,50.0,EASYJET UK LTD,UNITED KINGDOM
LGAV,LGMK,PNX,1,1,19.6,scheduled_duration_under_3h,LGAV → LGMK,100.0,AIS AIRLINES,NETHERLANDS
LGAV,LGMK,RYR,1,0,14.0833,scheduled_duration_under_3h,LGAV → LGMK,0.0,RYANAIR,IRELAND
LGAV,LGMK,SEH,237,5,-12.0833,scheduled_duration_under_3h,LGAV → LGMK,2.1097,SKY EXPRESS S.A.,GREECE
LGAV,LGMK,ZZZ,117,5,-6.8833,scheduled_duration_under_3h,LGAV → LGMK,4.2735,Unknown / not identified,
LGAV,LGMT,AEE,326,8,-4.6917,scheduled_duration_under_3h,LGAV → LGMT,2.454,AEGEAN AIRLINES,GREECE
LGAV,LGMT,OAL,1,0,3.3833,scheduled_duration_under_3h,LGAV → LGMT,0.0,OLYMPIC AIR,GREECE
LGAV,LGMT,SEH,334,1,-8.7083,scheduled_duration_under_3h,LGAV → LGMT,0.2994,SKY EXPRESS S.A.,GREECE
LGAV,LGNX,OAL,263,0,-16.55,scheduled_duration_under_3h,LGAV → LGNX,0.0,OLYMPIC AIR,GREECE
LGAV,LGNX,SEH,269,0,-11.35,scheduled_duration_under_3h,LGAV → LGNX,0.0,SKY EXPRESS S.A.,GREECE
LGAV,LGPA,AEE,1,0,2.9,scheduled_duration_under_3h,LGAV → LGPA,0.0,AEGEAN AIRLINES,GREECE
LGAV,LGPA,OAL,539,4,-5.95,scheduled_duration_under_3h,LGAV → LGPA,0.7421,OLYMPIC AIR,GREECE
LGAV,LGPA,SEH,262,1,-12.3417,scheduled_duration_under_3h,LGAV → LGPA,0.3817,SKY EXPRESS S.A.,GREECE
LGAV,LGPA,ZZZ,4,0,-0.3167,scheduled_duration_under_3h,LGAV → LGPA,0.0,Unknown / not identified,
LGAV,LGRP,AEE,449,4,-4.35,scheduled_duration_under_3h,LGAV → LGRP,0.8909,AEGEAN AIRLINES,GREECE
LGAV,LGRP,BAW,1,0,7.4667,scheduled_duration_under_3h,LGAV → LGRP,0.0,BRITISH AIRWAYS,UNITED KINGDOM
LGAV,LGRP,OAL,25,0,-20.9833,scheduled_duration_under_3h,LGAV → LGRP,0.0,OLYMPIC AIR,GREECE
LGAV,LGRP,SEH,242,1,-10.475,scheduled_duration_under_3h,LGAV → LGRP,0.4132,SKY EXPRESS S.A.,GREECE
LGAV,LGSA,AEE,456,53,-0.2167,scheduled_duration_under_3h,LGAV → LGSA,11.6228,AEGEAN AIRLINES,GREECE
LGAV,LGSA,SEH,455,20,-11.15,scheduled_duration_under_3h,LGAV → LGSA,4.3956,SKY EXPRESS S.A.,GREECE
LGAV,LGSR,AEE,700,30,-0.425,scheduled_duration_under_3h,LGAV → LGSR,4.2857,AEGEAN AIRLINES,GREECE
LGAV,LGSR,RYR,131,0,-3.5,scheduled_duration_under_3h,LGAV → LGSR,0.0,RYANAIR,IRELAND
LGAV,LGSR,SEH,713,5,-8.9,scheduled_duration_under_3h,LGAV → LGSR,0.7013,SKY EXPRESS S.A.,GREECE
LGAV,LGSR,ZZZ,179,5,-6.7667,scheduled_duration_under_3h,LGAV → LGSR,2.7933,Unknown / not identified,
LGAV,LGTS,AEE,978,4,-9.2917,scheduled_duration_under_3h,LGAV → LGTS,0.409,AEGEAN AIRLINES,GREECE
LGAV,LGTS,BAW,1,0,3.8667,scheduled_duration_under_3h,LGAV → LGTS,0.0,BRITISH AIRWAYS,UNITED KINGDOM
LGAV,LGTS,BBD,2,1,15.1583,scheduled_duration_under_3h,LGAV → LGTS,50.0,BLUEBIRD NORDIC LTD,ICELAND
LGAV,LGTS,BCS,87,2,-9.4333,scheduled_duration_under_3h,LGAV → LGTS,2.2989,"EUROPEAN AIR TRANSPORT, LEIPZIG",GERMANY
LGAV,LGTS,ELY,1,0,-3.5,scheduled_duration_under_3h,LGAV → LGTS,0.0,EL AL - ISRAEL AIRLINES LTD.,ISRAEL
LGAV,LGTS,OAL,12,0,-15.975,scheduled_duration_under_3h,LGAV → LGTS,0.0,OLYMPIC AIR,GREECE
LGAV,LGTS,RYR,1,1,40.9,scheduled_duration_under_3h,LGAV → LGTS,100.0,RYANAIR,IRELAND
LGAV,LGTS,SEH,616,2,-12.9583,scheduled_duration_under_3h,LGAV → LGTS,0.3247,SKY EXPRESS S.A.,GREECE
LGAV,LGTS,ZZZ,137,3,-10.0167,scheduled_duration_under_3h,LGAV → LGTS,2.1898,Unknown / not identified,
LGAV,LIRF,AEE,227,4,-6.15,scheduled_duration_under_3h,LGAV → LIRF,1.7621,AEGEAN AIRLINES,GREECE
LGAV,LIRF,MSA,1,0,-14.4167,scheduled_duration_under_3h,LGAV → LIRF,0.0,POSTE AIR CARGO S.R.L.,ITALY
LGAV,LIRF,RYR,138,1,-8.625,scheduled_duration_under_3h,LGAV → LIRF,0.7246,RYANAIR,IRELAND
LGAV,LIRF,SEH,90,0,-12.8,scheduled_duration_under_3h,LGAV → LIRF,0.0,SKY EXPRESS S.A.,GREECE
LGAV,LIRF,SWN,25,1,-8.15,scheduled_duration_under_3h,LGAV → LIRF,4.0,WEST ATLANTIC SWEDEN AB,SWEDEN
LGAV,LIRF,ZZZ,252,2,-9.4,scheduled_duration_under_3h,LGAV → LIRF,0.7937,Unknown / not identified,
LGAV,LLBG,AEE,254,48,6.3583,scheduled_duration_under_3h,LGAV → LLBG,18.8976,AEGEAN AIRLINES,GREECE
LGAV,LLBG,AIZ,30,5,-1.2083,scheduled_duration_under_3h,LGAV → LLBG,16.6667,ARKIA ISRAEL INLAND AIRLINES,ISRAEL
LGAV,LLBG,BBG,28,1,-0.7583,scheduled_duration_under_3h,LGAV → LLBG,3.5714,BLUE BIRD AIRWAYS,GREECE
LGAV,LLBG,ELY,159,23,2.3333,scheduled_duration_under_3h,LGAV → LLBG,14.4654,EL AL - ISRAEL AIRLINES LTD.,ISRAEL
LGAV,LLBG,ISR,35,8,3.9,scheduled_duration_under_3h,LGAV → LLBG,22.8571,ISRAIR LTD,ISRAEL
LGAV,LLBG,RYR,35,4,0.4833,scheduled_duration_under_3h,LGAV → LLBG,11.4286,RYANAIR,IRELAND
LGAV,LLBG,VJT,1,0,-12.0167,scheduled_duration_under_3h,LGAV → LLBG,0.0,VISTAJET LTD,MALTA
LGAV,LLBG,WZZ,9,1,0.1833,scheduled_duration_under_3h,LGAV → LLBG,11.1111,WIZZ AIR HUNGARY LTD,HUNGARY
LGAV,LLBG,ZZZ,13,1,-1.5167,scheduled_duration_under_3h,LGAV → LLBG,7.6923,Unknown / not identified,
LGAV,LTFM,AEE,248,4,-5.6,scheduled_duration_under_3h,LGAV → LTFM,1.6129,AEGEAN AIRLINES,GREECE
LGAV,LTFM,FDX,15,0,-1.4,scheduled_duration_under_3h,LGAV → LTFM,0.0,FEDERAL EXPRESS CORPORATION,UNITED STATES
LGAV,LTFM,THY,378,18,-4.775,scheduled_duration_under_3h,LGAV → LTFM,4.7619,TURK HAVA YOLLARI (TURKISH AIRLINES CO.),TURKEY
LGHI,LGAV,OAL,329,27,-1.7167,scheduled_duration_under_3h,LGHI → LGAV,8.2067,OLYMPIC AIR,GREECE
LGHI,LGAV,SEH,298,8,-2.7333,scheduled_duration_under_3h,LGHI → LGAV,2.6846,SKY EXPRESS S.A.,GREECE
LGIR,LGAV,AEE,709,83,2.65,scheduled_duration_under_3h,LGIR → LGAV,11.7066,AEGEAN AIRLINES,GREECE
LGIR,LGAV,BBG,1,1,22.05,scheduled_duration_under_3h,LGIR → LGAV,100.0,BLUE BIRD AIRWAYS,GREECE
LGIR,LGAV,ETD,10,3,11.825,scheduled_duration_under_3h,LGIR → LGAV,30.0,ETIHAD AIRWAYS,UNITED ARAB EMIRATES
LGIR,LGAV,EZY,1,0,7.4333,scheduled_duration_under_3h,LGIR → LGAV,0.0,EASYJET UK LTD,UNITED KINGDOM
LGIR,LGAV,OAL,5,0,-17.7333,scheduled_duration_under_3h,LGIR → LGAV,0.0,OLYMPIC AIR,GREECE
LGIR,LGAV,SEH,412,29,-1.45,scheduled_duration_under_3h,LGIR → LGAV,7.0388,SKY EXPRESS S.A.,GREECE
LGIR,LGAV,ZZZ,60,2,3.0667,scheduled_duration_under_3h,LGIR → LGAV,3.3333,Unknown / not identified,
LGKO,LGAV,AEE,284,36,1.0583,scheduled_duration_under_3h,LGKO → LGAV,12.6761,AEGEAN AIRLINES,GREECE
LGKO,LGAV,SEH,276,14,-9.675,scheduled_duration_under_3h,LGKO → LGAV,5.0725,SKY EXPRESS S.A.,GREECE
LGKR,LGAV,AEE,294,32,2.0,scheduled_duration_under_3h,LGKR → LGAV,10.8844,AEGEAN AIRLINES,GREECE
LGKR,LGAV,SEH,337,13,-11.8833,scheduled_duration_under_3h,LGKR → LGAV,3.8576,SKY EXPRESS S.A.,GREECE
LGMK,LGAV,AEE,468,20,-2.5333,scheduled_duration_under_3h,LGMK → LGAV,4.2735,AEGEAN AIRLINES,GREECE
LGMK,LGAV,CFE,1,0,-22.45,scheduled_duration_under_3h,LGMK → LGAV,0.0,BA CITYFLYER LTD,UNITED KINGDOM
LGMK,LGAV,CYP,1,0,12.8833,scheduled_duration_under_3h,LGMK → LGAV,0.0,CYPRUS AIRWAYS,CYPRUS
LGMK,LGAV,EXS,1,0,-0.6167,scheduled_duration_under_3h,LGMK → LGAV,0.0,JET2.COM LTD,UNITED KINGDOM
LGMK,LGAV,EZY,4,0,4.65,scheduled_duration_under_3h,LGMK → LGAV,0.0,EASYJET UK LTD,UNITED KINGDOM
LGMK,LGAV,GFA,18,2,-11.3167,scheduled_duration_under_3h,LGMK → LGAV,11.1111,GULF AIR,BAHRAIN
LGMK,LGAV,RYR,2,0,-7.8083,scheduled_duration_under_3h,LGMK → LGAV,0.0,RYANAIR,IRELAND
LGMK,LGAV,SEH,237,11,-2.4833,scheduled_duration_under_3h,LGMK → LGAV,4.6414,SKY EXPRESS S.A.,GREECE
LGMK,LGAV,ZZZ,116,0,-8.725,scheduled_duration_under_3h,LGMK → LGAV,0.0,Unknown / not identified,
LGMT,LGAV,AEE,326,25,0.5417,scheduled_duration_under_3h,LGMT → LGAV,7.6687,AEGEAN AIRLINES,GREECE
LGMT,LGAV,OAL,2,0,10.9417,scheduled_duration_under_3h,LGMT → LGAV,0.0,OLYMPIC AIR,GREECE
LGMT,LGAV,SEH,334,16,-4.25,scheduled_duration_under_3h,LGMT → LGAV,4.7904,SKY EXPRESS S.A.,GREECE
LGNX,LGAV,OAL,263,14,-1.9667,scheduled_duration_under_3h,LGNX → LGAV,5.3232,OLYMPIC AIR,GREECE
LGNX,LGAV,SEH,273,20,-0.8333,scheduled_duration_under_3h,LGNX → LGAV,7.326,SKY EXPRESS S.A.,GREECE
LGPA,LGAV,AEE,1,0,-2.4333,scheduled_duration_under_3h,LGPA → LGAV,0.0,AEGEAN AIRLINES,GREECE
LGPA,LGAV,OAL,543,110,4.6333,scheduled_duration_under_3h,LGPA → LGAV,20.2578,OLYMPIC AIR,GREECE
LGPA,LGAV,SEH,262,25,1.2083,scheduled_duration_under_3h,LGPA → LGAV,9.542,SKY EXPRESS S.A.,GREECE
LGRP,LGAV,AEE,450,26,1.375,scheduled_duration_under_3h,LGRP → LGAV,5.7778,AEGEAN AIRLINES,GREECE
LGRP,LGAV,OAL,25,0,-20.2,scheduled_duration_under_3h,LGRP → LGAV,0.0,OLYMPIC AIR,GREECE
LGRP,LGAV,SEH,241,19,-1.1,scheduled_duration_under_3h,LGRP → LGAV,7.8838,SKY EXPRESS S.A.,GREECE
LGSA,LGAV,AEE,458,22,-2.175,scheduled_duration_under_3h,LGSA → LGAV,4.8035,AEGEAN AIRLINES,GREECE
LGSA,LGAV,KLM,1,0,13.3667,scheduled_duration_under_3h,LGSA → LGAV,0.0,KLM ROYAL DUTCH AIRLINES,NETHERLANDS
LGSA,LGAV,RYR,1,0,-26.8833,scheduled_duration_under_3h,LGSA → LGAV,0.0,RYANAIR,IRELAND
LGSA,LGAV,SEH,455,7,-13.8333,scheduled_duration_under_3h,LGSA → LGAV,1.5385,SKY EXPRESS S.A.,GREECE
LGSR,LGAV,AEE,702,22,-0.0833,scheduled_duration_under_3h,LGSR → LGAV,3.1339,AEGEAN AIRLINES,GREECE
LGSR,LGAV,ETD,16,2,1.3417,scheduled_duration_under_3h,LGSR → LGAV,12.5,ETIHAD AIRWAYS,UNITED ARAB EMIRATES
LGSR,LGAV,GFA,17,1,-0.25,scheduled_duration_under_3h,LGSR → LGAV,5.8824,GULF AIR,BAHRAIN
LGSR,LGAV,OAL,1,0,-8.0333,scheduled_duration_under_3h,LGSR → LGAV,0.0,OLYMPIC AIR,GREECE
LGSR,LGAV,RYR,130,7,0.375,scheduled_duration_under_3h,LGSR → LGAV,5.3846,RYANAIR,IRELAND
LGSR,LGAV,SEH,712,48,-0.3417,scheduled_duration_under_3h,LGSR → LGAV,6.7416,SKY EXPRESS S.A.,GREECE
LGSR,LGAV,ZZZ,179,2,-0.3833,scheduled_duration_under_3h,LGSR → LGAV,1.1173,Unknown / not identified,
LGTS,LGAV,AEE,980,60,-2.55,scheduled_duration_under_3h,LGTS → LGAV,6.1224,AEGEAN AIRLINES,GREECE
LGTS,LGAV,CFG,1,0,12.55,scheduled_duration_under_3h,LGTS → LGAV,0.0,"CONDOR FLUGDIENST GMBH, FRANKFURT (MAIN)",GERMANY
LGTS,LGAV,OAL,12,1,-24.1333,scheduled_duration_under_3h,LGTS → LGAV,8.3333,OLYMPIC AIR,GREECE
LGTS,LGAV,SEH,617,10,-17.25,scheduled_duration_under_3h,LGTS → LGAV,1.6207,SKY EXPRESS S.A.,GREECE
LGTS,LGAV,ZZZ,132,3,-21.775,scheduled_duration_under_3h,LGTS → LGAV,2.2727,Unknown / not identified,
LHBP,EGSS,PGT,1,1,21.2833,scheduled_duration_under_3h,LHBP → EGSS,100.0,PEGASUS HAVA TASIMACILIGI A.S. (PEGASUS),TURKEY
LHBP,EGSS,RYR,500,205,12.4833,scheduled_duration_under_3h,LHBP → EGSS,41.0,RYANAIR,IRELAND
LHBP,EGSS,ZZZ,5,1,9.0,scheduled_duration_under_3h,LHBP → EGSS,20.0,Unknown / not identified,
LIBD,LIMC,RYR,259,4,-9.6833,scheduled_duration_under_3h,LIBD → LIMC,1.5444,RYANAIR,IRELAND
LIBD,LIMC,WZZ,70,4,-8.2583,scheduled_duration_under_3h,LIBD → LIMC,5.7143,WIZZ AIR HUNGARY LTD,HUNGARY
LIBD,LIMC,ZZZ,324,6,-12.55,scheduled_duration_under_3h,LIBD → LIMC,1.8519,Unknown / not identified,
LIBD,LIML,OCN,1,0,-17.1333,scheduled_duration_under_3h,LIBD → LIML,0.0,EW DISCOVER GMBH,GERMANY
LIBD,LIML,WZZ,236,13,-3.1667,scheduled_duration_under_3h,LIBD → LIML,5.5085,WIZZ AIR HUNGARY LTD,HUNGARY
LIBD,LIML,ZZZ,624,21,-4.6667,scheduled_duration_under_3h,LIBD → LIML,3.3654,Unknown / not identified,
LIBD,LIRF,MSA,5,0,-4.0167,scheduled_duration_under_3h,LIBD → LIRF,0.0,POSTE AIR CARGO S.R.L.,ITALY
LIBD,LIRF,RYR,362,15,-4.8833,scheduled_duration_under_3h,LIBD → LIRF,4.1436,RYANAIR,IRELAND
LIBD,LIRF,ZZZ,409,7,-3.9667,scheduled_duration_under_3h,LIBD → LIRF,1.7115,Unknown / not identified,
LIBR,LIMC,NOS,8,1,-2.3083,scheduled_duration_under_3h,LIBR → LIMC,12.5,NEOS S.P.A.,ITALY
LIBR,LIMC,RYR,213,2,-18.1,scheduled_duration_under_3h,LIBR → LIMC,0.939,RYANAIR,IRELAND
LIBR,LIMC,WZZ,97,3,-14.8667,scheduled_duration_under_3h,LIBR → LIMC,3.0928,WIZZ AIR HUNGARY LTD,HUNGARY
LIBR,LIMC,ZZZ,273,9,-12.7833,scheduled_duration_under_3h,LIBR → LIMC,3.2967,Unknown / not identified,
LIBR,LIRF,RYR,229,4,-10.0167,scheduled_duration_under_3h,LIBR → LIRF,1.7467,RYANAIR,IRELAND
LIBR,LIRF,ZZZ,314,5,-9.6417,scheduled_duration_under_3h,LIBR → LIRF,1.5924,Unknown / not identified,
LICA,LIMC,MSA,7,0,-13.8333,scheduled_duration_under_3h,LICA → LIMC,0.0,POSTE AIR CARGO S.R.L.,ITALY
LICA,LIMC,NOS,10,0,-3.9167,scheduled_duration_under_3h,LICA → LIMC,0.0,NEOS S.P.A.,ITALY
LICA,LIMC,RYR,242,2,-9.8667,scheduled_duration_under_3h,LICA → LIMC,0.8264,RYANAIR,IRELAND
LICA,LIMC,WZZ,205,3,-12.7833,scheduled_duration_under_3h,LICA → LIMC,1.4634,WIZZ AIR HUNGARY LTD,HUNGARY
LICA,LIMC,ZZZ,305,5,-16.7333,scheduled_duration_under_3h,LICA → LIMC,1.6393,Unknown / not identified,
LICC,LIMC,BBD,9,0,-38.2333,scheduled_duration_under_3h,LICC → LIMC,0.0,BLUEBIRD NORDIC LTD,ICELAND
LICC,LIMC,BLA,1,1,17.5,scheduled_duration_under_3h,LICC → LIMC,100.0,BLUE AIR AVIATION S.A.,ROMANIA
LICC,LIMC,LAV,5,0,-15.6167,scheduled_duration_under_3h,LICC → LIMC,0.0,"ALBA STAR, S.A.",SPAIN
LICC,LIMC,MSA,1,0,-12.8833,scheduled_duration_under_3h,LICC → LIMC,0.0,POSTE AIR CARGO S.R.L.,ITALY
LICC,LIMC,NOS,9,0,2.6167,scheduled_duration_under_3h,LICC → LIMC,0.0,NEOS S.P.A.,ITALY
LICC,LIMC,RYR,448,7,-10.7667,scheduled_duration_under_3h,LICC → LIMC,1.5625,RYANAIR,IRELAND
LICC,LIMC,WZZ,230,1,-18.225,scheduled_duration_under_3h,LICC → LIMC,0.4348,WIZZ AIR HUNGARY LTD,HUNGARY
LICC,LIMC,ZZZ,627,8,-16.4667,scheduled_duration_under_3h,LICC → LIMC,1.2759,Unknown / not identified,
LICC,LIML,ZZZ,737,79,1.8667,scheduled_duration_under_3h,LICC → LIML,10.7191,Unknown / not identified,
LICC,LIPE,RYR,374,42,2.8583,scheduled_duration_under_3h,LICC → LIPE,11.2299,RYANAIR,IRELAND
LICC,LIPE,VLG,2,2,47.8083,scheduled_duration_under_3h,LICC → LIPE,100.0,VUELING AIRLINES,SPAIN
LICC,LIPE,WZZ,188,7,-5.275,scheduled_duration_under_3h,LICC → LIPE,3.7234,WIZZ AIR HUNGARY LTD,HUNGARY
LICC,LIPE,ZZZ,1,1,27.3833,scheduled_duration_under_3h,LICC → LIPE,100.0,Unknown / not identified,
LICC,LIRF,MSA,86,0,-18.5583,scheduled_duration_under_3h,LICC → LIRF,0.0,POSTE AIR CARGO S.R.L.,ITALY
LICC,LIRF,RYR,842,8,-12.6,scheduled_duration_under_3h,LICC → LIRF,0.9501,RYANAIR,IRELAND
LICC,LIRF,WZZ,166,4,-12.95,scheduled_duration_under_3h,LICC → LIRF,2.4096,WIZZ AIR HUNGARY LTD,HUNGARY
LICC,LIRF,ZZZ,780,11,-9.4167,scheduled_duration_under_3h,LICC → LIRF,1.4103,Unknown / not identified,
LICJ,LIMC,MSA,9,0,-17.3833,scheduled_duration_under_3h,LICJ → LIMC,0.0,POSTE AIR CARGO S.R.L.,ITALY
LICJ,LIMC,NOS,7,0,-0.3667,scheduled_duration_under_3h,LICJ → LIMC,0.0,NEOS S.P.A.,ITALY
LICJ,LIMC,RYR,399,4,-12.9667,scheduled_duration_under_3h,LICJ → LIMC,1.0025,RYANAIR,IRELAND
LICJ,LIMC,WZZ,208,3,-14.6583,scheduled_duration_under_3h,LICJ → LIMC,1.4423,WIZZ AIR HUNGARY LTD,HUNGARY
LICJ,LIMC,ZZZ,468,8,-18.2,scheduled_duration_under_3h,LICJ → LIMC,1.7094,Unknown / not identified,
LICJ,LIML,ZZZ,559,30,-0.9667,scheduled_duration_under_3h,LICJ → LIML,5.3667,Unknown / not identified,
LICJ,LIRF,MSA,49,0,-17.1,scheduled_duration_under_3h,LICJ → LIRF,0.0,POSTE AIR CARGO S.R.L.,ITALY
LICJ,LIRF,RYR,688,5,-11.3167,scheduled_duration_under_3h,LICJ → LIRF,0.7267,RYANAIR,IRELAND
LICJ,LIRF,ZZZ,720,2,-10.9333,scheduled_duration_under_3h,LICJ → LIRF,0.2778,Unknown / not identified,
LIEE,LIML,ZZZ,597,23,-3.2,scheduled_duration_under_3h,LIEE → LIML,3.8526,Unknown / not identified,
LIEE,LIRF,MSA,85,0,-12.8667,scheduled_duration_under_3h,LIEE → LIRF,0.0,POSTE AIR CARGO S.R.L.,ITALY
LIEE,LIRF,RYR,1,0,13.0167,scheduled_duration_under_3h,LIEE → LIRF,0.0,RYANAIR,IRELAND
LIEE,LIRF,ZZZ,858,1,-12.6333,scheduled_duration_under_3h,LIEE → LIRF,0.1166,Unknown / not identified,
LIMC,EDDF,DLA,18,0,-12.4333,scheduled_duration_under_3h,LIMC → EDDF,0.0,AIR DOLOMITI,ITALY
LIMC,EDDF,DLH,500,11,-10.3167,scheduled_duration_under_3h,LIMC → EDDF,2.2,"DEUTSCHE LUFTHANSA, AG, KOELN",GERMANY
LIMC,EDDF,FDX,4,0,-0.3167,scheduled_duration_under_3h,LIMC → EDDF,0.0,FEDERAL EXPRESS CORPORATION,UNITED STATES
LIMC,EDDF,GBG,1,0,0.2,scheduled_duration_under_3h,LIMC → EDDF,0.0,GULLIVAIR,BULGARIA
LIMC,EDDF,GEC,1,0,-8.1667,scheduled_duration_under_3h,LIMC → EDDF,0.0,"LUFTHANSA CARGO AG, FRANKFURT (MAIN)",GERMANY
LIMC,EDDP,BBD,8,3,6.7167,scheduled_duration_under_3h,LIMC → EDDP,37.5,BLUEBIRD NORDIC LTD,ICELAND
LIMC,EDDP,BCS,491,65,1.9667,scheduled_duration_under_3h,LIMC → EDDP,13.2383,"EUROPEAN AIR TRANSPORT, LEIPZIG",GERMANY
LIMC,EDDP,DHA,7,2,7.6833,scheduled_duration_under_3h,LIMC → EDDP,28.5714,DHL AIR AUSTRIA,AUSTRIA
LIMC,EDDP,DHX,7,3,1.7333,scheduled_duration_under_3h,LIMC → EDDP,42.8571,DHL AVIATION EEMEA B.S.C.(C),BAHRAIN
LIMC,EDDP,SOP,1,0,-1.05,scheduled_duration_under_3h,LIMC → EDDP,0.0,SOLINAIR LTD,SLOVENIA
LIMC,EDDP,ZZZ,227,26,1.2,scheduled_duration_under_3h,LIMC → EDDP,11.4537,Unknown / not identified,
LIMC,EGKK,BAW,42,25,17.8417,scheduled_duration_under_3h,LIMC → EGKK,59.5238,BRITISH AIRWAYS,UNITED KINGDOM
LIMC,EGKK,EZY,171,76,12.55,scheduled_duration_under_3h,LIMC → EGKK,44.4444,EASYJET UK LTD,UNITED KINGDOM
LIMC,EGKK,WZZ,193,96,14.2667,scheduled_duration_under_3h,LIMC → EGKK,49.7409,WIZZ AIR HUNGARY LTD,HUNGARY
LIMC,EGKK,ZZZ,291,116,12.1,scheduled_duration_under_3h,LIMC → EGKK,39.8625,Unknown / not identified,
LIMC,EHAM,KLM,226,36,5.2083,scheduled_duration_under_3h,LIMC → EHAM,15.9292,KLM ROYAL DUTCH AIRLINES,NETHERLANDS
LIMC,EHAM,TRA,1,0,4.0,scheduled_duration_under_3h,LIMC → EHAM,0.0,TRANSAVIA HOLLAND B.V.,NETHERLANDS
LIMC,EHAM,UAE,1,0,2.8833,scheduled_duration_under_3h,LIMC → EHAM,0.0,EMIRATES,UNITED ARAB EMIRATES
LIMC,EHAM,ZZZ,314,69,7.125,scheduled_duration_under_3h,LIMC → EHAM,21.9745,Unknown / not identified,
LIMC,ELLX,CLX,16,6,12.475,scheduled_duration_under_3h,LIMC → ELLX,37.5,CARGOLUX AIRLINES INTERNATIONAL S.A.,LUXEMBOURG
LIMC,ELLX,LGL,255,9,-1.8833,scheduled_duration_under_3h,LIMC → ELLX,3.5294,LUXAIR - SOCIETE LUXEMBOURGEOISE DE NAVIGATION AERIENNE S.A.,LUXEMBOURG
LIMC,ELLX,ZZZ,292,61,5.2,scheduled_duration_under_3h,LIMC → ELLX,20.8904,Unknown / not identified,
LIMC,LEBL,BCS,62,9,6.5333,scheduled_duration_under_3h,LIMC → LEBL,14.5161,"EUROPEAN AIR TRANSPORT, LEIPZIG",GERMANY
LIMC,LEBL,RYR,115,28,9.3333,scheduled_duration_under_3h,LIMC → LEBL,24.3478,RYANAIR,IRELAND
LIMC,LEBL,SIA,88,12,4.05,scheduled_duration_under_3h,LIMC → LEBL,13.6364,SINGAPORE AIRLINES LIMITED,SINGAPORE
LIMC,LEBL,UAE,1,0,13.2,scheduled_duration_under_3h,LIMC → LEBL,0.0,EMIRATES,UNITED ARAB EMIRATES
LIMC,LEBL,VLG,497,97,6.7,scheduled_duration_under_3h,LIMC → LEBL,19.5171,VUELING AIRLINES,SPAIN
LIMC,LEBL,ZZZ,301,48,4.1833,scheduled_duration_under_3h,LIMC → LEBL,15.9468,Unknown / not identified,
LIMC,LEMD,AEA,244,40,4.8333,scheduled_duration_under_3h,LIMC → LEMD,16.3934,AIR EUROPA,SPAIN
LIMC,LEMD,BCS,46,7,1.125,scheduled_duration_under_3h,LIMC → LEMD,15.2174,"EUROPEAN AIR TRANSPORT, LEIPZIG",GERMANY
LIMC,LEMD,IBE,136,20,4.95,scheduled_duration_under_3h,LIMC → LEMD,14.7059,"IBERIA - LINEAS AEREAS DE ESPANA, SOCIEDAD ANONIMA OPERADORA",SPAIN
LIMC,LEMD,NOS,3,0,4.75,scheduled_duration_under_3h,LIMC → LEMD,0.0,NEOS S.P.A.,ITALY
LIMC,LEMD,RYR,115,23,7.2333,scheduled_duration_under_3h,LIMC → LEMD,20.0,RYANAIR,IRELAND
LIMC,LEMD,ZZZ,116,20,5.4083,scheduled_duration_under_3h,LIMC → LEMD,17.2414,Unknown / not identified,
LIMC,LFPG,AFR,411,127,9.9667,scheduled_duration_under_3h,LIMC → LFPG,30.9002,AIR FRANCE,FRANCE
LIMC,LFPG,BCS,55,18,11.9333,scheduled_duration_under_3h,LIMC → LFPG,32.7273,"EUROPEAN AIR TRANSPORT, LEIPZIG",GERMANY
LIMC,LFPG,FDX,152,35,7.425,scheduled_duration_under_3h,LIMC → LFPG,23.0263,FEDERAL EXPRESS CORPORATION,UNITED STATES
LIMC,LFPG,UAE,1,1,16.1333,scheduled_duration_under_3h,LIMC → LFPG,100.0,EMIRATES,UNITED ARAB EMIRATES
LIMC,LFPG,VLG,2,2,16.5083,scheduled_duration_under_3h,LIMC → LFPG,100.0,VUELING AIRLINES,SPAIN
LIMC,LFPG,ZZZ,504,84,6.4583,scheduled_duration_under_3h,LIMC → LFPG,16.6667,Unknown / not identified,
LIMC,LIBD,NOS,1,0,-0.2,scheduled_duration_under_3h,LIMC → LIBD,0.0,NEOS S.P.A.,ITALY
LIMC,LIBD,RYR,260,49,6.7083,scheduled_duration_under_3h,LIMC → LIBD,18.8462,RYANAIR,IRELAND
LIMC,LIBD,WZZ,70,13,2.5833,scheduled_duration_under_3h,LIMC → LIBD,18.5714,WIZZ AIR HUNGARY LTD,HUNGARY
LIMC,LIBD,ZZZ,326,44,3.8417,scheduled_duration_under_3h,LIMC → LIBD,13.4969,Unknown / not identified,
LIMC,LIBR,NOS,6,0,6.1167,scheduled_duration_under_3h,LIMC → LIBR,0.0,NEOS S.P.A.,ITALY
LIMC,LIBR,RYR,212,48,8.0,scheduled_duration_under_3h,LIMC → LIBR,22.6415,RYANAIR,IRELAND
LIMC,LIBR,WZZ,96,25,8.4667,scheduled_duration_under_3h,LIMC → LIBR,26.0417,WIZZ AIR HUNGARY LTD,HUNGARY
LIMC,LIBR,ZZZ,274,40,4.575,scheduled_duration_under_3h,LIMC → LIBR,14.5985,Unknown / not identified,
LIMC,LICA,NOS,9,3,13.7333,scheduled_duration_under_3h,LIMC → LICA,33.3333,NEOS S.P.A.,ITALY
LIMC,LICA,RYR,241,29,3.8667,scheduled_duration_under_3h,LIMC → LICA,12.0332,RYANAIR,IRELAND
LIMC,LICA,WZZ,205,77,10.3333,scheduled_duration_under_3h,LIMC → LICA,37.561,WIZZ AIR HUNGARY LTD,HUNGARY
LIMC,LICA,ZZZ,303,45,3.35,scheduled_duration_under_3h,LIMC → LICA,14.8515,Unknown / not identified,
LIMC,LICC,BBD,112,28,6.2417,scheduled_duration_under_3h,LIMC → LICC,25.0,BLUEBIRD NORDIC LTD,ICELAND
LIMC,LICC,LAV,7,1,5.3667,scheduled_duration_under_3h,LIMC → LICC,14.2857,"ALBA STAR, S.A.",SPAIN
LIMC,LICC,NOS,11,3,10.1333,scheduled_duration_under_3h,LIMC → LICC,27.2727,NEOS S.P.A.,ITALY
LIMC,LICC,RYR,445,69,3.5167,scheduled_duration_under_3h,LIMC → LICC,15.5056,RYANAIR,IRELAND
LIMC,LICC,WZZ,228,32,2.2917,scheduled_duration_under_3h,LIMC → LICC,14.0351,WIZZ AIR HUNGARY LTD,HUNGARY
LIMC,LICC,ZZZ,624,85,1.2,scheduled_duration_under_3h,LIMC → LICC,13.6218,Unknown / not identified,
LIMC,LICJ,NOS,7,1,12.8,scheduled_duration_under_3h,LIMC → LICJ,14.2857,NEOS S.P.A.,ITALY
LIMC,LICJ,RYR,402,66,4.3,scheduled_duration_under_3h,LIMC → LICJ,16.4179,RYANAIR,IRELAND
LIMC,LICJ,WZZ,208,34,5.5167,scheduled_duration_under_3h,LIMC → LICJ,16.3462,WIZZ AIR HUNGARY LTD,HUNGARY
LIMC,LICJ,ZZZ,465,22,-2.4333,scheduled_duration_under_3h,LIMC → LICJ,4.7312,Unknown / not identified,
LIMC,LIEE,BBD,113,40,11.45,scheduled_duration_under_3h,LIMC → LIEE,35.3982,BLUEBIRD NORDIC LTD,ICELAND
LIMC,LIEE,NOS,19,4,5.1167,scheduled_duration_under_3h,LIMC → LIEE,21.0526,NEOS S.P.A.,ITALY
LIMC,LIEE,RYR,123,18,5.3667,scheduled_duration_under_3h,LIMC → LIEE,14.6341,RYANAIR,IRELAND
LIMC,LIEE,WZZ,47,9,7.8667,scheduled_duration_under_3h,LIMC → LIEE,19.1489,WIZZ AIR HUNGARY LTD,HUNGARY
LIMC,LIEE,ZZZ,198,15,-0.875,scheduled_duration_under_3h,LIMC → LIEE,7.5758,Unknown / not identified,
LIMC,LIRN,BCS,87,10,1.5833,scheduled_duration_under_3h,LIMC → LIRN,11.4943,"EUROPEAN AIR TRANSPORT, LEIPZIG",GERMANY
LIMC,LIRN,RYR,310,41,2.7333,scheduled_duration_under_3h,LIMC → LIRN,13.2258,RYANAIR,IRELAND
LIMC,LIRN,SLJ,1,0,0.7333,scheduled_duration_under_3h,LIMC → LIRN,0.0,SLAM LAVORI AEREI S.R.L.,ITALY
LIMC,LIRN,WZZ,78,13,6.4167,scheduled_duration_under_3h,LIMC → LIRN,16.6667,WIZZ AIR HUNGARY LTD,HUNGARY
LIMC,LIRN,ZZZ,643,52,-2.3333,scheduled_duration_under_3h,LIMC → LIRN,8.0871,Unknown / not identified,
LIMC,LOWW,AUA,380,62,6.3083,scheduled_duration_under_3h,LIMC → LOWW,16.3158,AUSTRIAN AIRLINES (AUA) AG,AUSTRIA
LIMC,LOWW,ETD,15,2,7.5833,scheduled_duration_under_3h,LIMC → LOWW,13.3333,ETIHAD AIRWAYS,UNITED ARAB EMIRATES
LIMC,LOWW,RYR,160,22,6.1167,scheduled_duration_under_3h,LIMC → LOWW,13.75,RYANAIR,IRELAND
LIMC,LOWW,WZZ,19,5,11.4833,scheduled_duration_under_3h,LIMC → LOWW,26.3158,WIZZ AIR HUNGARY LTD,HUNGARY
LIMC,LPPT,TAP,350,150,12.8833,scheduled_duration_under_3h,LIMC → LPPT,42.8571,"TRANSPORTES AEREOS PORTUGUESES, E.P.",PORTUGAL
LIMC,LPPT,ZZZ,232,83,10.475,scheduled_duration_under_3h,LIMC → LPPT,35.7759,Unknown / not identified,
LIME,EGSS,RYR,500,137,10.0083,scheduled_duration_under_3h,LIME → EGSS,27.4,RYANAIR,IRELAND
LIML,EBBR,BEL,264,35,0.7,scheduled_duration_under_3h,LIML → EBBR,13.2576,BRUSSELS AIRLINES,BELGIUM
LIML,EBBR,ZZZ,294,34,2.0333,scheduled_duration_under_3h,LIML → EBBR,11.5646,Unknown / not identified,
LIML,EDDF,DLA,29,2,-1.3333,scheduled_duration_under_3h,LIML → EDDF,6.8966,AIR DOLOMITI,ITALY
LIML,EDDF,DLH,552,14,-9.7,scheduled_duration_under_3h,LIML → EDDF,2.5362,"DEUTSCHE LUFTHANSA, AG, KOELN",GERMANY
LIML,EDDF,OCN,1,0,11.3833,scheduled_duration_under_3h,LIML → EDDF,0.0,EW DISCOVER GMBH,GERMANY
LIML,EDDF,ZZZ,201,7,-4.8333,scheduled_duration_under_3h,LIML → EDDF,3.4826,Unknown / not identified,
LIML,EGLL,BAW,459,199,13.05,scheduled_duration_under_3h,LIML → EGLL,43.3551,BRITISH AIRWAYS,UNITED KINGDOM
LIML,EGLL,ZZZ,228,58,9.1,scheduled_duration_under_3h,LIML → EGLL,25.4386,Unknown / not identified,
LIML,EHAM,KLM,356,75,8.3667,scheduled_duration_under_3h,LIML → EHAM,21.0674,KLM ROYAL DUTCH AIRLINES,NETHERLANDS
LIML,EHAM,ZZZ,445,122,8.8833,scheduled_duration_under_3h,LIML → EHAM,27.4157,Unknown / not identified,
LIML,LFPG,AFR,452,100,8.025,scheduled_duration_under_3h,LIML → LFPG,22.1239,AIR FRANCE,FRANCE
LIML,LFPG,ZZZ,527,97,6.9667,scheduled_duration_under_3h,LIML → LFPG,18.4061,Unknown / not identified,
LIML,LFPO,ZZZ,509,75,5.3167,scheduled_duration_under_3h,LIML → LFPO,14.7348,Unknown / not identified,
LIML,LIBD,WZZ,235,28,5.1,scheduled_duration_under_3h,LIML → LIBD,11.9149,WIZZ AIR HUNGARY LTD,HUNGARY
LIML,LIBD,ZZZ,623,66,4.1667,scheduled_duration_under_3h,LIML → LIBD,10.5939,Unknown / not identified,
LIML,LICC,ZZZ,739,120,5.15,scheduled_duration_under_3h,LIML → LICC,16.2382,Unknown / not identified,
LIML,LICJ,ZZZ,560,72,4.7083,scheduled_duration_under_3h,LIML → LICJ,12.8571,Unknown / not identified,
LIML,LIEE,ZZZ,598,53,2.9083,scheduled_duration_under_3h,LIML → LIEE,8.8629,Unknown / not identified,
LIML,LIRF,ZZZ,1296,35,-4.225,scheduled_duration_under_3h,LIML → LIRF,2.7006,Unknown / not identified,
LIML,LIRN,SLJ,2,1,7.6417,scheduled_duration_under_3h,LIML → LIRN,50.0,SLAM LAVORI AEREI S.R.L.,ITALY
LIML,LIRN,WZZ,198,12,1.3917,scheduled_duration_under_3h,LIML → LIRN,6.0606,WIZZ AIR HUNGARY LTD,HUNGARY
LIML,LIRN,ZZZ,605,55,3.7,scheduled_duration_under_3h,LIML → LIRN,9.0909,Unknown / not identified,
LIPE,LICC,RYR,376,18,-3.4667,scheduled_duration_under_3h,LIPE → LICC,4.7872,RYANAIR,IRELAND
LIPE,LICC,VLG,1,0,-13.25,scheduled_duration_under_3h,LIPE → LICC,0.0,VUELING AIRLINES,SPAIN
LIPE,LICC,WZZ,188,12,-6.0833,scheduled_duration_under_3h,LIPE → LICC,6.383,WIZZ AIR HUNGARY LTD,HUNGARY
LIPZ,LFPG,AFR,589,109,7.0,scheduled_duration_under_3h,LIPZ → LFPG,18.5059,AIR FRANCE,FRANCE
LIPZ,LFPG,SWT,6,0,-15.95,scheduled_duration_under_3h,LIPZ → LFPG,0.0,SWIFTAIR S.A.,SPAIN
LIPZ,LFPG,ZZZ,275,39,5.6167,scheduled_duration_under_3h,LIPZ → LFPG,14.1818,Unknown / not identified,
LIRF,EBBR,BEL,243,25,-0.7333,scheduled_duration_under_3h,LIRF → EBBR,10.2881,BRUSSELS AIRLINES,BELGIUM
LIRF,EBBR,RYR,214,37,3.6417,scheduled_duration_under_3h,LIRF → EBBR,17.2897,RYANAIR,IRELAND
LIRF,EBBR,ZZZ,223,24,3.0667,scheduled_duration_under_3h,LIRF → EBBR,10.7623,Unknown / not identified,
LIRF,EDDF,CFG,4,0,-3.15,scheduled_duration_under_3h,LIRF → EDDF,0.0,"CONDOR FLUGDIENST GMBH, FRANKFURT (MAIN)",GERMANY
LIRF,EDDF,DLH,526,21,-4.7083,scheduled_duration_under_3h,LIRF → EDDF,3.9924,"DEUTSCHE LUFTHANSA, AG, KOELN",GERMANY
LIRF,EDDF,ZZZ,18,0,-9.65,scheduled_duration_under_3h,LIRF → EDDF,0.0,Unknown / not identified,
LIRF,EDDM,DLH,546,30,-1.275,scheduled_duration_under_3h,LIRF → EDDM,5.4945,"DEUTSCHE LUFTHANSA, AG, KOELN",GERMANY
LIRF,EDDM,ZZZ,112,19,4.3417,scheduled_duration_under_3h,LIRF → EDDM,16.9643,Unknown / not identified,
LIRF,EGKK,BAW,1,0,-5.3333,scheduled_duration_under_3h,LIRF → EGKK,0.0,BRITISH AIRWAYS,UNITED KINGDOM
LIRF,EGKK,EZY,259,91,9.5167,scheduled_duration_under_3h,LIRF → EGKK,35.1351,EASYJET UK LTD,UNITED KINGDOM
LIRF,EGKK,VLG,256,102,12.4167,scheduled_duration_under_3h,LIRF → EGKK,39.8438,VUELING AIRLINES,SPAIN
LIRF,EGKK,WZZ,95,40,13.5833,scheduled_duration_under_3h,LIRF → EGKK,42.1053,WIZZ AIR HUNGARY LTD,HUNGARY
LIRF,EGLL,BAW,524,118,6.1,scheduled_duration_under_3h,LIRF → EGLL,22.5191,BRITISH AIRWAYS,UNITED KINGDOM
LIRF,EGLL,RJA,1,0,8.8,scheduled_duration_under_3h,LIRF → EGLL,0.0,ROYAL JORDANIAN,JORDAN
LIRF,EGLL,ZZZ,230,52,7.7,scheduled_duration_under_3h,LIRF → EGLL,22.6087,Unknown / not identified,
LIRF,EHAM,KLM,555,90,5.9,scheduled_duration_under_3h,LIRF → EHAM,16.2162,KLM ROYAL DUTCH AIRLINES,NETHERLANDS
LIRF,EHAM,VLG,131,39,8.7,scheduled_duration_under_3h,LIRF → EHAM,29.771,VUELING AIRLINES,SPAIN
LIRF,EHAM,ZZZ,327,94,8.2833,scheduled_duration_under_3h,LIRF → EHAM,28.7462,Unknown / not identified,
LIRF,LEBL,RYR,281,33,4.8833,scheduled_duration_under_3h,LIRF → LEBL,11.7438,RYANAIR,IRELAND
LIRF,LEBL,VLG,534,109,6.7333,scheduled_duration_under_3h,LIRF → LEBL,20.412,VUELING AIRLINES,SPAIN
LIRF,LEBL,WZZ,21,4,7.1167,scheduled_duration_under_3h,LIRF → LEBL,19.0476,WIZZ AIR HUNGARY LTD,HUNGARY
LIRF,LEBL,ZZZ,316,54,7.475,scheduled_duration_under_3h,LIRF → LEBL,17.0886,Unknown / not identified,
LIRF,LEMD,AEA,243,47,5.7,scheduled_duration_under_3h,LIRF → LEMD,19.3416,AIR EUROPA,SPAIN
LIRF,LEMD,IBE,560,63,2.9417,scheduled_duration_under_3h,LIRF → LEMD,11.25,"IBERIA - LINEAS AEREAS DE ESPANA, SOCIEDAD ANONIMA OPERADORA",SPAIN
LIRF,LEMD,RYR,248,48,6.3917,scheduled_duration_under_3h,LIRF → LEMD,19.3548,RYANAIR,IRELAND
LIRF,LEMD,WZZ,90,24,8.3583,scheduled_duration_under_3h,LIRF → LEMD,26.6667,WIZZ AIR HUNGARY LTD,HUNGARY
LIRF,LEMD,ZZZ,208,38,7.075,scheduled_duration_under_3h,LIRF → LEMD,18.2692,Unknown / not identified,
LIRF,LFPG,AFR,658,95,5.275,scheduled_duration_under_3h,LIRF → LFPG,14.4377,AIR FRANCE,FRANCE
LIRF,LFPG,SWN,25,8,11.75,scheduled_duration_under_3h,LIRF → LFPG,32.0,WEST ATLANTIC SWEDEN AB,SWEDEN
LIRF,LFPG,SWT,13,0,5.4833,scheduled_duration_under_3h,LIRF → LFPG,0.0,SWIFTAIR S.A.,SPAIN
LIRF,LFPG,TVF,3,1,13.2167,scheduled_duration_under_3h,LIRF → LFPG,33.3333,TRANSAVIA FRANCE,FRANCE
LIRF,LFPG,VLG,2,2,89.4917,scheduled_duration_under_3h,LIRF → LFPG,100.0,VUELING AIRLINES,SPAIN
LIRF,LFPG,ZZZ,494,105,8.1667,scheduled_duration_under_3h,LIRF → LFPG,21.2551,Unknown / not identified,
LIRF,LFPO,TVF,111,21,6.9,scheduled_duration_under_3h,LIRF → LFPO,18.9189,TRANSAVIA FRANCE,FRANCE
LIRF,LFPO,VLG,376,86,8.225,scheduled_duration_under_3h,LIRF → LFPO,22.8723,VUELING AIRLINES,SPAIN
LIRF,LFPO,WZZ,14,1,4.2583,scheduled_duration_under_3h,LIRF → LFPO,7.1429,WIZZ AIR HUNGARY LTD,HUNGARY
LIRF,LFPO,ZZZ,283,56,5.1333,scheduled_duration_under_3h,LIRF → LFPO,19.788,Unknown / not identified,
LIRF,LGAV,AEE,226,19,1.9333,scheduled_duration_under_3h,LIRF → LGAV,8.4071,AEGEAN AIRLINES,GREECE
LIRF,LGAV,AIZ,1,0,3.1167,scheduled_duration_under_3h,LIRF → LGAV,0.0,ARKIA ISRAEL INLAND AIRLINES,ISRAEL
LIRF,LGAV,RYR,137,7,-1.5667,scheduled_duration_under_3h,LIRF → LGAV,5.1095,RYANAIR,IRELAND
LIRF,LGAV,SEH,90,4,-0.7083,scheduled_duration_under_3h,LIRF → LGAV,4.4444,SKY EXPRESS S.A.,GREECE
LIRF,LGAV,ZZZ,250,26,4.2833,scheduled_duration_under_3h,LIRF → LGAV,10.4,Unknown / not identified,
LIRF,LIBD,MSA,1,0,-5.6,scheduled_duration_under_3h,LIRF → LIBD,0.0,POSTE AIR CARGO S.R.L.,ITALY
LIRF,LIBD,RYR,362,18,-1.2917,scheduled_duration_under_3h,LIRF → LIBD,4.9724,RYANAIR,IRELAND
LIRF,LIBD,ZZZ,409,33,-0.5333,scheduled_duration_under_3h,LIRF → LIBD,8.0685,Unknown / not identified,
LIRF,LIBR,RYR,228,17,0.025,scheduled_duration_under_3h,LIRF → LIBR,7.4561,RYANAIR,IRELAND
LIRF,LIBR,ZZZ,314,18,0.975,scheduled_duration_under_3h,LIRF → LIBR,5.7325,Unknown / not identified,
LIRF,LICC,MSA,85,11,0.0833,scheduled_duration_under_3h,LIRF → LICC,12.9412,POSTE AIR CARGO S.R.L.,ITALY
LIRF,LICC,RYR,842,83,-1.5583,scheduled_duration_under_3h,LIRF → LICC,9.8575,RYANAIR,IRELAND
LIRF,LICC,WZZ,165,13,-2.35,scheduled_duration_under_3h,LIRF → LICC,7.8788,WIZZ AIR HUNGARY LTD,HUNGARY
LIRF,LICC,ZZZ,785,68,0.7,scheduled_duration_under_3h,LIRF → LICC,8.6624,Unknown / not identified,
LIRF,LICJ,MSA,35,1,2.2167,scheduled_duration_under_3h,LIRF → LICJ,2.8571,POSTE AIR CARGO S.R.L.,ITALY
LIRF,LICJ,RYR,686,38,-1.8583,scheduled_duration_under_3h,LIRF → LICJ,5.5394,RYANAIR,IRELAND
LIRF,LICJ,ZZZ,722,81,2.8417,scheduled_duration_under_3h,LIRF → LICJ,11.2188,Unknown / not identified,
LIRF,LIEE,MSA,99,2,2.2833,scheduled_duration_under_3h,LIRF → LIEE,2.0202,POSTE AIR CARGO S.R.L.,ITALY
LIRF,LIEE,RYR,1,0,-0.8167,scheduled_duration_under_3h,LIRF → LIEE,0.0,RYANAIR,IRELAND
LIRF,LIEE,ZZZ,859,63,-0.3167,scheduled_duration_under_3h,LIRF → LIEE,7.3341,Unknown / not identified,
LIRF,LIML,ZZZ,1294,66,-0.475,scheduled_duration_under_3h,LIRF → LIML,5.1005,Unknown / not identified,
LIRN,LIMC,BCS,85,1,-10.15,scheduled_duration_under_3h,LIRN → LIMC,1.1765,"EUROPEAN AIR TRANSPORT, LEIPZIG",GERMANY
LIRN,LIMC,RYR,308,11,-7.5417,scheduled_duration_under_3h,LIRN → LIMC,3.5714,RYANAIR,IRELAND
LIRN,LIMC,SLJ,1,0,-9.4167,scheduled_duration_under_3h,LIRN → LIMC,0.0,SLAM LAVORI AEREI S.R.L.,ITALY
LIRN,LIMC,WZZ,79,4,-2.8667,scheduled_duration_under_3h,LIRN → LIMC,5.0633,WIZZ AIR HUNGARY LTD,HUNGARY
LIRN,LIMC,ZZZ,640,6,-12.0333,scheduled_duration_under_3h,LIRN → LIMC,0.9375,Unknown / not identified,
LIRN,LIML,SLJ,1,1,27.5667,scheduled_duration_under_3h,LIRN → LIML,100.0,SLAM LAVORI AEREI S.R.L.,ITALY
LIRN,LIML,WZZ,199,18,1.55,scheduled_duration_under_3h,LIRN → LIML,9.0452,WIZZ AIR HUNGARY LTD,HUNGARY
LIRN,LIML,ZZZ,603,44,1.5667,scheduled_duration_under_3h,LIRN → LIML,7.2968,Unknown / not identified,
LIRQ,LFPG,AFR,611,176,9.6833,scheduled_duration_under_3h,LIRQ → LFPG,28.8052,AIR FRANCE,FRANCE
LIRQ,LFPG,VLG,1,0,-4.75,scheduled_duration_under_3h,LIRQ → LFPG,0.0,VUELING AIRLINES,SPAIN
LKPR,EHAM,KLM,385,62,6.8167,scheduled_duration_under_3h,LKPR → EHAM,16.1039,KLM ROYAL DUTCH AIRLINES,NETHERLANDS
LKPR,EHAM,ZZZ,191,68,10.1333,scheduled_duration_under_3h,LKPR → EHAM,35.6021,Unknown / not identified,
LKPR,LFPG,AFR,369,106,8.15,scheduled_duration_under_3h,LKPR → LFPG,28.7263,AIR FRANCE,FRANCE
LKPR,LFPG,CSA,79,21,6.7833,scheduled_duration_under_3h,LKPR → LFPG,26.5823,CZECH AIRLINES J.S.C.,CZECHIA
LKPR,LFPG,TVF,5,3,18.5,scheduled_duration_under_3h,LKPR → LFPG,60.0,TRANSAVIA FRANCE,FRANCE
LKPR,LFPG,ZZZ,83,17,2.9,scheduled_duration_under_3h,LKPR → LFPG,20.4819,Unknown / not identified,
LLBG,LCLK,AIZ,36,4,5.45,scheduled_duration_under_3h,LLBG → LCLK,11.1111,ARKIA ISRAEL INLAND AIRLINES,ISRAEL
LLBG,LCLK,CHG,1,0,-31.2667,scheduled_duration_under_3h,LLBG → LCLK,0.0,CHALLENGE AIRLINES (BE) S.A.,BELGIUM
LLBG,LCLK,CYP,70,4,1.3833,scheduled_duration_under_3h,LLBG → LCLK,5.7143,CYPRUS AIRWAYS,CYPRUS
LLBG,LCLK,ELY,144,15,6.0333,scheduled_duration_under_3h,LLBG → LCLK,10.4167,EL AL - ISRAEL AIRLINES LTD.,ISRAEL
LLBG,LCLK,ICL,4,0,7.1,scheduled_duration_under_3h,LLBG → LCLK,0.0,CHALLENGE AIRLINES (IL),ISRAEL
LLBG,LCLK,WZZ,57,6,5.5833,scheduled_duration_under_3h,LLBG → LCLK,10.5263,WIZZ AIR HUNGARY LTD,HUNGARY
LLBG,LCLK,ZZZ,202,21,3.0083,scheduled_duration_under_3h,LLBG → LCLK,10.396,Unknown / not identified,
LLBG,LGAV,AEE,253,80,11.2833,scheduled_duration_under_3h,LLBG → LGAV,31.6206,AEGEAN AIRLINES,GREECE
LLBG,LGAV,AIZ,31,6,6.9833,scheduled_duration_under_3h,LLBG → LGAV,19.3548,ARKIA ISRAEL INLAND AIRLINES,ISRAEL
LLBG,LGAV,BBG,28,2,3.0417,scheduled_duration_under_3h,LLBG → LGAV,7.1429,BLUE BIRD AIRWAYS,GREECE
LLBG,LGAV,ELY,162,32,7.375,scheduled_duration_under_3h,LLBG → LGAV,19.7531,EL AL - ISRAEL AIRLINES LTD.,ISRAEL
LLBG,LGAV,ISR,36,10,10.3167,scheduled_duration_under_3h,LLBG → LGAV,27.7778,ISRAIR LTD,ISRAEL
LLBG,LGAV,NOS,1,0,9.95,scheduled_duration_under_3h,LLBG → LGAV,0.0,NEOS S.P.A.,ITALY
LLBG,LGAV,RYR,35,6,6.5667,scheduled_duration_under_3h,LLBG → LGAV,17.1429,RYANAIR,IRELAND
LLBG,LGAV,WZZ,9,0,-6.0333,scheduled_duration_under_3h,LLBG → LGAV,0.0,WIZZ AIR HUNGARY LTD,HUNGARY
LLBG,LGAV,ZZZ,14,0,1.9667,scheduled_duration_under_3h,LLBG → LGAV,0.0,Unknown / not identified,
LLBG,LLER,AIZ,228,40,3.8333,scheduled_duration_under_3h,LLBG → LLER,17.5439,ARKIA ISRAEL INLAND AIRLINES,ISRAEL
LLBG,LLER,ISR,669,116,2.85,scheduled_duration_under_3h,LLBG → LLER,17.3393,ISRAIR LTD,ISRAEL
LLBG,LTFJ,PGT,528,56,-1.8583,scheduled_duration_under_3h,LLBG → LTFJ,10.6061,PEGASUS HAVA TASIMACILIGI A.S. (PEGASUS),TURKEY
LLBG,LTFJ,THY,254,24,-1.45,scheduled_duration_under_3h,LLBG → LTFJ,9.4488,TURK HAVA YOLLARI (TURKISH AIRLINES CO.),TURKEY
LLBG,LTFM,ELY,1,0,-10.35,scheduled_duration_under_3h,LLBG → LTFM,0.0,EL AL - ISRAEL AIRLINES LTD.,ISRAEL
LLBG,LTFM,ETH,1,0,-9.1,scheduled_duration_under_3h,LLBG → LTFM,0.0,ETHIOPIAN AIRLINES CORPORATION,ETHIOPIA
LLBG,LTFM,FDX,1,0,-2.9833,scheduled_duration_under_3h,LLBG → LTFM,0.0,FEDERAL EXPRESS CORPORATION,UNITED STATES
LLBG,LTFM,GEC,4,1,-8.85,scheduled_duration_under_3h,LLBG → LTFM,25.0,"LUFTHANSA CARGO AG, FRANKFURT (MAIN)",GERMANY
LLBG,LTFM,MNB,63,5,-2.55,scheduled_duration_under_3h,LLBG → LTFM,7.9365,MNG HAVAYOLLARI VE TASIMACILIK A.S.,TURKEY
LLBG,LTFM,PGT,1,1,34.55,scheduled_duration_under_3h,LLBG → LTFM,100.0,PEGASUS HAVA TASIMACILIGI A.S. (PEGASUS),TURKEY
LLBG,LTFM,THY,854,74,-1.5167,scheduled_duration_under_3h,LLBG → LTFM,8.6651,TURK HAVA YOLLARI (TURKISH AIRLINES CO.),TURKEY
LLBG,OMDB,AIZ,53,20,10.9833,scheduled_duration_under_3h,LLBG → OMDB,37.7358,ARKIA ISRAEL INLAND AIRLINES,ISRAEL
LLBG,OMDB,ELY,65,14,6.2333,scheduled_duration_under_3h,LLBG → OMDB,21.5385,EL AL - ISRAEL AIRLINES LTD.,ISRAEL
LLBG,OMDB,UAE,101,47,14.4833,scheduled_duration_under_3h,LLBG → OMDB,46.5347,EMIRATES,UNITED ARAB EMIRATES
LLBG,OMDB,ZZZ,289,136,13.9667,scheduled_duration_under_3h,LLBG → OMDB,47.0588,Unknown / not identified,
LLER,LLBG,AIZ,229,18,-4.9667,scheduled_duration_under_3h,LLER → LLBG,7.8603,ARKIA ISRAEL INLAND AIRLINES,ISRAEL
LLER,LLBG,ICL,1,1,23.5333,scheduled_duration_under_3h,LLER → LLBG,100.0,CHALLENGE AIRLINES (IL),ISRAEL
LLER,LLBG,ISR,664,73,-1.425,scheduled_duration_under_3h,LLER → LLBG,10.994,ISRAIR LTD,ISRAEL
LOWW,EBBR,AUA,358,84,7.9167,scheduled_duration_under_3h,LOWW → EBBR,23.4637,AUSTRIAN AIRLINES (AUA) AG,AUSTRIA
LOWW,EBBR,BEL,263,44,3.3,scheduled_duration_under_3h,LOWW → EBBR,16.73,BRUSSELS AIRLINES,BELGIUM
LOWW,EBBR,ETH,73,38,15.3833,scheduled_duration_under_3h,LOWW → EBBR,52.0548,ETHIOPIAN AIRLINES CORPORATION,ETHIOPIA
LOWW,EBBR,RAM,1,0,0.3333,scheduled_duration_under_3h,LOWW → EBBR,0.0,ROYAL AIR MAROC - COMPAGNIE NATIONALE DE TRANSPORTS AERIENS,MOROCCO
LOWW,EBBR,SXS,1,0,9.8833,scheduled_duration_under_3h,LOWW → EBBR,0.0,GUNES EKSPRES HAVACILIK A.S. (SUNEXPRESS),TURKEY
LOWW,EDDB,AUA,676,96,5.5667,scheduled_duration_under_3h,LOWW → EDDB,14.2012,AUSTRIAN AIRLINES (AUA) AG,AUSTRIA
LOWW,EDDB,ZZZ,15,4,7.5667,scheduled_duration_under_3h,LOWW → EDDB,26.6667,Unknown / not identified,
LOWW,EDDF,AAR,64,3,-1.55,scheduled_duration_under_3h,LOWW → EDDF,4.6875,ASIANA AIRLINES,REPUBLIC OF KOREA
LOWW,EDDF,ANA,18,1,-3.5,scheduled_duration_under_3h,LOWW → EDDF,5.5556,"ALL NIPPON AIRWAYS CO., LTD.",JAPAN
LOWW,EDDF,AUA,564,34,-1.725,scheduled_duration_under_3h,LOWW → EDDF,6.0284,AUSTRIAN AIRLINES (AUA) AG,AUSTRIA
LOWW,EDDF,DLH,443,23,-5.2667,scheduled_duration_under_3h,LOWW → EDDF,5.1919,"DEUTSCHE LUFTHANSA, AG, KOELN",GERMANY
LOWW,EDDF,KAL,21,2,1.4667,scheduled_duration_under_3h,LOWW → EDDF,9.5238,"KOREAN AIR LINES CO., LTD.",REPUBLIC OF KOREA
LOWW,EDDF,ZZZ,1,0,-7.9,scheduled_duration_under_3h,LOWW → EDDF,0.0,Unknown / not identified,
LOWW,EDDH,AUA,417,46,-2.2,scheduled_duration_under_3h,LOWW → EDDH,11.0312,AUSTRIAN AIRLINES (AUA) AG,AUSTRIA
LOWW,EDDH,EWG,225,20,-8.3,scheduled_duration_under_3h,LOWW → EDDH,8.8889,EUROWINGS GMBH,GERMANY
LOWW,EDDK,AUA,154,12,0.55,scheduled_duration_under_3h,LOWW → EDDK,7.7922,AUSTRIAN AIRLINES (AUA) AG,AUSTRIA
LOWW,EDDK,EWG,187,19,0.6,scheduled_duration_under_3h,LOWW → EDDK,10.1604,EUROWINGS GMBH,GERMANY
LOWW,EDDK,RYR,120,28,6.0583,scheduled_duration_under_3h,LOWW → EDDK,23.3333,RYANAIR,IRELAND
LOWW,EDDK,UPS,88,45,16.0167,scheduled_duration_under_3h,LOWW → EDDK,51.1364,"UNITED PARCEL SERVICE COMPANY, (LOUISVILLE, KY)",UNITED STATES
LOWW,EDDL,AUA,386,61,4.1083,scheduled_duration_under_3h,LOWW → EDDL,15.8031,AUSTRIAN AIRLINES (AUA) AG,AUSTRIA
LOWW,EDDL,EWG,257,31,4.1667,scheduled_duration_under_3h,LOWW → EDDL,12.0623,EUROWINGS GMBH,GERMANY
LOWW,EDDM,AUA,409,31,0.9333,scheduled_duration_under_3h,LOWW → EDDM,7.5795,AUSTRIAN AIRLINES (AUA) AG,AUSTRIA
LOWW,EDDM,DLH,238,9,-1.2083,scheduled_duration_under_3h,LOWW → EDDM,3.7815,"DEUTSCHE LUFTHANSA, AG, KOELN",GERMANY
LOWW,EDDM,MSR,1,1,27.55,scheduled_duration_under_3h,LOWW → EDDM,100.0,EGYPT AIR,EGYPT
LOWW,EGLL,AIC,1,1,42.7,scheduled_duration_under_3h,LOWW → EGLL,100.0,AIR INDIA LIMITED,INDIA
LOWW,EGLL,AUA,422,224,15.9833,scheduled_duration_under_3h,LOWW → EGLL,53.0806,AUSTRIAN AIRLINES (AUA) AG,AUSTRIA
LOWW,EGLL,BAW,332,187,16.525,scheduled_duration_under_3h,LOWW → EGLL,56.3253,BRITISH AIRWAYS,UNITED KINGDOM
LOWW,EHAM,AUA,409,111,9.3667,scheduled_duration_under_3h,LOWW → EHAM,27.1394,AUSTRIAN AIRLINES (AUA) AG,AUSTRIA
LOWW,EHAM,KLM,384,68,6.6083,scheduled_duration_under_3h,LOWW → EHAM,17.7083,KLM ROYAL DUTCH AIRLINES,NETHERLANDS
LOWW,EHAM,ZZZ,15,0,-0.8667,scheduled_duration_under_3h,LOWW → EHAM,0.0,Unknown / not identified,
LOWW,EPWA,AUA,371,25,-3.45,scheduled_duration_under_3h,LOWW → EPWA,6.7385,AUSTRIAN AIRLINES (AUA) AG,AUSTRIA
LOWW,EPWA,LOT,214,16,-2.9333,scheduled_duration_under_3h,LOWW → EPWA,7.4766,LOT - POLSKIE LINIE LOTNICZE,POLAND
LOWW,LEBL,AUA,184,24,7.2417,scheduled_duration_under_3h,LOWW → LEBL,13.0435,AUSTRIAN AIRLINES (AUA) AG,AUSTRIA
LOWW,LEBL,RYR,175,27,3.65,scheduled_duration_under_3h,LOWW → LEBL,15.4286,RYANAIR,IRELAND
LOWW,LEBL,VLG,88,14,4.6583,scheduled_duration_under_3h,LOWW → LEBL,15.9091,VUELING AIRLINES,SPAIN
LOWW,LEBL,WZZ,102,14,5.5167,scheduled_duration_under_3h,LOWW → LEBL,13.7255,WIZZ AIR HUNGARY LTD,HUNGARY
LOWW,LEPA,AUA,163,22,3.65,scheduled_duration_under_3h,LOWW → LEPA,13.4969,AUSTRIAN AIRLINES (AUA) AG,AUSTRIA
LOWW,LEPA,CFG,30,7,5.8333,scheduled_duration_under_3h,LOWW → LEPA,23.3333,"CONDOR FLUGDIENST GMBH, FRANKFURT (MAIN)",GERMANY
LOWW,LEPA,RYR,340,76,4.0167,scheduled_duration_under_3h,LOWW → LEPA,22.3529,RYANAIR,IRELAND
LOWW,LEPA,WZZ,5,0,3.95,scheduled_duration_under_3h,LOWW → LEPA,0.0,WIZZ AIR HUNGARY LTD,HUNGARY
LOWW,LFPG,AFR,339,86,7.1833,scheduled_duration_under_3h,LOWW → LFPG,25.3687,AIR FRANCE,FRANCE
LOWW,LFPG,AUA,460,121,8.9167,scheduled_duration_under_3h,LOWW → LFPG,26.3043,AUSTRIAN AIRLINES (AUA) AG,AUSTRIA
LOWW,LFPG,FDX,82,29,9.6917,scheduled_duration_under_3h,LOWW → LFPG,35.3659,FEDERAL EXPRESS CORPORATION,UNITED STATES
LOWW,LFPG,TVF,5,3,15.2333,scheduled_duration_under_3h,LOWW → LFPG,60.0,TRANSAVIA FRANCE,FRANCE
LOWW,LFPG,ZZZ,1,1,38.2667,scheduled_duration_under_3h,LOWW → LFPG,100.0,Unknown / not identified,
LOWW,LIMC,AAR,33,1,-5.1667,scheduled_duration_under_3h,LOWW → LIMC,3.0303,ASIANA AIRLINES,REPUBLIC OF KOREA
LOWW,LIMC,AUA,380,12,-6.3,scheduled_duration_under_3h,LOWW → LIMC,3.1579,AUSTRIAN AIRLINES (AUA) AG,AUSTRIA
LOWW,LIMC,AZG,7,1,-21.7833,scheduled_duration_under_3h,LOWW → LIMC,14.2857,SILK WAY WEST AIRLINES,AZERBAIJAN
LOWW,LIMC,ETD,7,0,-0.3,scheduled_duration_under_3h,LOWW → LIMC,0.0,ETIHAD AIRWAYS,UNITED ARAB EMIRATES
LOWW,LIMC,KAL,51,2,-6.9,scheduled_duration_under_3h,LOWW → LIMC,3.9216,"KOREAN AIR LINES CO., LTD.",REPUBLIC OF KOREA
LOWW,LIMC,RYR,160,1,-9.7167,scheduled_duration_under_3h,LOWW → LIMC,0.625,RYANAIR,IRELAND
LOWW,LIMC,WZZ,19,0,-11.9167,scheduled_duration_under_3h,LOWW → LIMC,0.0,WIZZ AIR HUNGARY LTD,HUNGARY
LOWW,LROP,AUA,362,23,0.45,scheduled_duration_under_3h,LOWW → LROP,6.3536,AUSTRIAN AIRLINES (AUA) AG,AUSTRIA
LOWW,LROP,ROT,28,2,-0.325,scheduled_duration_under_3h,LOWW → LROP,7.1429,COMPANIA NATIONALA DE TRANSPORTURI AERIENE ROMANE TAROM S.A.,ROMANIA
LOWW,LROP,RYR,103,9,0.0333,scheduled_duration_under_3h,LOWW → LROP,8.7379,RYANAIR,IRELAND
LOWW,LROP,WZZ,50,5,2.2083,scheduled_duration_under_3h,LOWW → LROP,10.0,WIZZ AIR HUNGARY LTD,HUNGARY
LOWW,LSZH,AUA,640,111,7.2417,scheduled_duration_under_3h,LOWW → LSZH,17.3438,AUSTRIAN AIRLINES (AUA) AG,AUSTRIA
LOWW,LSZH,KAL,16,1,0.8833,scheduled_duration_under_3h,LOWW → LSZH,6.25,"KOREAN AIR LINES CO., LTD.",REPUBLIC OF KOREA
LOWW,LSZH,SWR,179,31,4.1167,scheduled_duration_under_3h,LOWW → LSZH,17.3184,SWISS INTERNATIONAL AIR LINES LTD,SWITZERLAND
LOWW,LYBE,ASL,217,12,-0.6167,scheduled_duration_under_3h,LOWW → LYBE,5.53,AIR SERBIA,SERBIA
LOWW,LYBE,AUA,296,22,2.0667,scheduled_duration_under_3h,LOWW → LYBE,7.4324,AUSTRIAN AIRLINES (AUA) AG,AUSTRIA
LOWW,LYBE,WZZ,3,3,49.0167,scheduled_duration_under_3h,LOWW → LYBE,100.0,WIZZ AIR HUNGARY LTD,HUNGARY
LPFR,EGKK,BAW,126,39,5.5083,scheduled_duration_under_3h,LPFR → EGKK,30.9524,BRITISH AIRWAYS,UNITED KINGDOM
LPFR,EGKK,EZY,350,96,6.575,scheduled_duration_under_3h,LPFR → EGKK,27.4286,EASYJET UK LTD,UNITED KINGDOM
LPFR,EGKK,WZZ,1,0,9.3667,scheduled_duration_under_3h,LPFR → EGKK,0.0,WIZZ AIR HUNGARY LTD,HUNGARY
LPFR,EGKK,ZZZ,182,73,10.7417,scheduled_duration_under_3h,LPFR → EGKK,40.1099,Unknown / not identified,
LPLA,LPPD,RYR,2,2,32.3917,scheduled_duration_under_3h,LPLA → LPPD,100.0,RYANAIR,IRELAND
LPLA,LPPD,RZO,3,1,10.7,scheduled_duration_under_3h,LPLA → LPPD,33.3333,SATA INTERNACIONAL - AZORES AIRLINES S.A,PORTUGAL
LPLA,LPPD,SAT,702,93,2.3,scheduled_duration_under_3h,LPLA → LPPD,13.2479,SERVICO ACOREANO DE TRANSPORTES AEREOS - EP (SATA),PORTUGAL
LPLA,LPPD,SWT,1,1,75.1333,scheduled_duration_under_3h,LPLA → LPPD,100.0,SWIFTAIR S.A.,SPAIN
LPLA,LPPD,TAP,1,0,-0.2167,scheduled_duration_under_3h,LPLA → LPPD,0.0,"TRANSPORTES AEREOS PORTUGUESES, E.P.",PORTUGAL
LPLA,LPPD,ZZZ,9,4,8.7667,scheduled_duration_under_3h,LPLA → LPPD,44.4444,Unknown / not identified,
LPMA,LPPR,RYR,93,9,-1.1667,scheduled_duration_under_3h,LPMA → LPPR,9.6774,RYANAIR,IRELAND
LPMA,LPPR,RZO,1,0,4.3833,scheduled_duration_under_3h,LPMA → LPPR,0.0,SATA INTERNACIONAL - AZORES AIRLINES S.A,PORTUGAL
LPMA,LPPR,TAP,203,12,-1.8,scheduled_duration_under_3h,LPMA → LPPR,5.9113,"TRANSPORTES AEREOS PORTUGUESES, E.P.",PORTUGAL
LPMA,LPPR,TVF,129,21,6.9833,scheduled_duration_under_3h,LPMA → LPPR,16.2791,TRANSAVIA FRANCE,FRANCE
LPMA,LPPR,ZZZ,226,29,4.4167,scheduled_duration_under_3h,LPMA → LPPR,12.8319,Unknown / not identified,
LPMA,LPPT,RYR,187,41,6.2167,scheduled_duration_under_3h,LPMA → LPPT,21.9251,RYANAIR,IRELAND
LPMA,LPPT,RZO,1,0,5.05,scheduled_duration_under_3h,LPMA → LPPT,0.0,SATA INTERNACIONAL - AZORES AIRLINES S.A,PORTUGAL
LPMA,LPPT,TAP,781,142,4.5,scheduled_duration_under_3h,LPMA → LPPT,18.1818,"TRANSPORTES AEREOS PORTUGUESES, E.P.",PORTUGAL
LPMA,LPPT,ZZZ,353,67,4.85,scheduled_duration_under_3h,LPMA → LPPT,18.9802,Unknown / not identified,
LPPD,LPLA,RYR,3,3,29.3333,scheduled_duration_under_3h,LPPD → LPLA,100.0,RYANAIR,IRELAND
LPPD,LPLA,RZO,5,1,0.0333,scheduled_duration_under_3h,LPPD → LPLA,20.0,SATA INTERNACIONAL - AZORES AIRLINES S.A,PORTUGAL
LPPD,LPLA,SAT,707,77,3.0167,scheduled_duration_under_3h,LPPD → LPLA,10.8911,SERVICO ACOREANO DE TRANSPORTES AEREOS - EP (SATA),PORTUGAL
LPPD,LPPT,RYR,235,53,4.4667,scheduled_duration_under_3h,LPPD → LPPT,22.5532,RYANAIR,IRELAND
LPPD,LPPT,RZO,338,66,3.85,scheduled_duration_under_3h,LPPD → LPPT,19.5266,SATA INTERNACIONAL - AZORES AIRLINES S.A,PORTUGAL
LPPD,LPPT,TAP,321,80,7.3,scheduled_duration_under_3h,LPPD → LPPT,24.9221,"TRANSPORTES AEREOS PORTUGUESES, E.P.",PORTUGAL
LPPR,ELLX,LGL,183,49,5.0,scheduled_duration_under_3h,LPPR → ELLX,26.776,LUXAIR - SOCIETE LUXEMBOURGEOISE DE NAVIGATION AERIENNE S.A.,LUXEMBOURG
LPPR,ELLX,RYR,146,19,-0.6917,scheduled_duration_under_3h,LPPR → ELLX,13.0137,RYANAIR,IRELAND
LPPR,ELLX,TAP,47,10,3.9833,scheduled_duration_under_3h,LPPR → ELLX,21.2766,"TRANSPORTES AEREOS PORTUGUESES, E.P.",PORTUGAL
LPPR,ELLX,ZZZ,157,23,-1.35,scheduled_duration_under_3h,LPPR → ELLX,14.6497,Unknown / not identified,
LPPR,LEBL,RYR,288,13,-6.025,scheduled_duration_under_3h,LPPR → LEBL,4.5139,RYANAIR,IRELAND
LPPR,LEBL,VLG,288,10,-2.95,scheduled_duration_under_3h,LPPR → LEBL,3.4722,VUELING AIRLINES,SPAIN
LPPR,LEMD,AEA,416,14,-3.9417,scheduled_duration_under_3h,LPPR → LEMD,3.3654,AIR EUROPA,SPAIN
LPPR,LEMD,ANE,149,20,-3.9,scheduled_duration_under_3h,LPPR → LEMD,13.4228,"AIR NOSTRUM LINEAS AEREAS DEL MEDITERRANEO, S.A.",SPAIN
LPPR,LEMD,IBE,305,27,-1.1667,scheduled_duration_under_3h,LPPR → LEMD,8.8525,"IBERIA - LINEAS AEREAS DE ESPANA, SOCIEDAD ANONIMA OPERADORA",SPAIN
LPPR,LEMD,PVG,1,0,4.4167,scheduled_duration_under_3h,LPPR → LEMD,0.0,"PRIVILEGE STYLE, S.A.",SPAIN
LPPR,LEMD,RYR,226,8,-7.3333,scheduled_duration_under_3h,LPPR → LEMD,3.5398,RYANAIR,IRELAND
LPPR,LEMD,ZZZ,44,1,-8.0083,scheduled_duration_under_3h,LPPR → LEMD,2.2727,Unknown / not identified,
LPPR,LFPO,TAP,323,23,-7.8667,scheduled_duration_under_3h,LPPR → LFPO,7.1207,"TRANSPORTES AEREOS PORTUGUESES, E.P.",PORTUGAL
LPPR,LFPO,TVF,629,73,0.45,scheduled_duration_under_3h,LPPR → LFPO,11.6057,TRANSAVIA FRANCE,FRANCE
LPPR,LFPO,VLG,93,5,1.8833,scheduled_duration_under_3h,LPPR → LFPO,5.3763,VUELING AIRLINES,SPAIN
LPPR,LPMA,RYR,93,6,-2.7167,scheduled_duration_under_3h,LPPR → LPMA,6.4516,RYANAIR,IRELAND
LPPR,LPMA,RZO,2,2,24.6917,scheduled_duration_under_3h,LPPR → LPMA,100.0,SATA INTERNACIONAL - AZORES AIRLINES S.A,PORTUGAL
LPPR,LPMA,TAP,203,13,-1.0167,scheduled_duration_under_3h,LPPR → LPMA,6.4039,"TRANSPORTES AEREOS PORTUGUESES, E.P.",PORTUGAL
LPPR,LPMA,TVF,129,9,0.7167,scheduled_duration_under_3h,LPPR → LPMA,6.9767,TRANSAVIA FRANCE,FRANCE
LPPR,LPMA,ZZZ,226,18,0.3,scheduled_duration_under_3h,LPPR → LPMA,7.9646,Unknown / not identified,
LPPR,LPPT,EZE,2,2,26.4833,scheduled_duration_under_3h,LPPR → LPPT,100.0,EASTERN AIRWAYS (UK) LIMITED,UNITED KINGDOM
LPPR,LPPT,KLM,1,1,39.5833,scheduled_duration_under_3h,LPPR → LPPT,100.0,KLM ROYAL DUTCH AIRLINES,NETHERLANDS
LPPR,LPPT,LGL,1,0,7.55,scheduled_duration_under_3h,LPPR → LPPT,0.0,LUXAIR - SOCIETE LUXEMBOURGEOISE DE NAVIGATION AERIENNE S.A.,LUXEMBOURG
LPPR,LPPT,RZO,3,0,-8.9667,scheduled_duration_under_3h,LPPR → LPPT,0.0,SATA INTERNACIONAL - AZORES AIRLINES S.A,PORTUGAL
LPPR,LPPT,SRR,82,19,7.4667,scheduled_duration_under_3h,LPPR → LPPT,23.1707,MAERSK AIR CARGO A/S,DENMARK
LPPR,LPPT,TAP,1043,150,-0.3167,scheduled_duration_under_3h,LPPR → LPPT,14.3816,"TRANSPORTES AEREOS PORTUGUESES, E.P.",PORTUGAL
LPPR,LPPT,ZZZ,6,1,-1.9583,scheduled_duration_under_3h,LPPR → LPPT,16.6667,Unknown / not identified,
LPPR,LSGG,EZS,190,12,-1.3667,scheduled_duration_under_3h,LPPR → LSGG,6.3158,EASY JET SWITZERLAND SA,SWITZERLAND
LPPR,LSGG,SWR,121,2,-10.3833,scheduled_duration_under_3h,LPPR → LSGG,1.6529,SWISS INTERNATIONAL AIR LINES LTD,SWITZERLAND
LPPR,LSGG,TAP,50,3,-0.3917,scheduled_duration_under_3h,LPPR → LSGG,6.0,"TRANSPORTES AEREOS PORTUGUESES, E.P.",PORTUGAL
LPPR,LSGG,ZZZ,353,13,-4.9333,scheduled_duration_under_3h,LPPR → LSGG,3.6827,Unknown / not identified,
LPPT,EBBR,BCS,3,0,2.4,scheduled_duration_under_3h,LPPT → EBBR,0.0,"EUROPEAN AIR TRANSPORT, LEIPZIG",GERMANY
LPPT,EBBR,BEL,164,58,10.9417,scheduled_duration_under_3h,LPPT → EBBR,35.3659,BRUSSELS AIRLINES,BELGIUM
LPPT,EBBR,RYR,105,39,11.6,scheduled_duration_under_3h,LPPT → EBBR,37.1429,RYANAIR,IRELAND
LPPT,EBBR,TAP,380,177,13.95,scheduled_duration_under_3h,LPPT → EBBR,46.5789,"TRANSPORTES AEREOS PORTUGUESES, E.P.",PORTUGAL
LPPT,EDDF,DLH,266,36,-1.9417,scheduled_duration_under_3h,LPPT → EDDF,13.5338,"DEUTSCHE LUFTHANSA, AG, KOELN",GERMANY
LPPT,EDDF,TAP,239,26,-0.4167,scheduled_duration_under_3h,LPPT → EDDF,10.8787,"TRANSPORTES AEREOS PORTUGUESES, E.P.",PORTUGAL
LPPT,EGLL,BAW,472,188,12.2,scheduled_duration_under_3h,LPPT → EGLL,39.8305,BRITISH AIRWAYS,UNITED KINGDOM
LPPT,EGLL,TAP,698,343,14.5833,scheduled_duration_under_3h,LPPT → EGLL,49.1404,"TRANSPORTES AEREOS PORTUGUESES, E.P.",PORTUGAL
LPPT,EHAM,KLM,356,125,10.8,scheduled_duration_under_3h,LPPT → EHAM,35.1124,KLM ROYAL DUTCH AIRLINES,NETHERLANDS
LPPT,EHAM,TAP,366,151,12.4667,scheduled_duration_under_3h,LPPT → EHAM,41.2568,"TRANSPORTES AEREOS PORTUGUESES, E.P.",PORTUGAL
LPPT,EHAM,TRA,127,62,14.6333,scheduled_duration_under_3h,LPPT → EHAM,48.8189,TRANSAVIA HOLLAND B.V.,NETHERLANDS
LPPT,EHAM,VLG,100,50,15.025,scheduled_duration_under_3h,LPPT → EHAM,50.0,VUELING AIRLINES,SPAIN
LPPT,EHAM,ZZZ,64,33,15.5917,scheduled_duration_under_3h,LPPT → EHAM,51.5625,Unknown / not identified,
LPPT,EIDW,EIN,132,26,4.35,scheduled_duration_under_3h,LPPT → EIDW,19.697,AER LINGUS TEORANTA,IRELAND
LPPT,EIDW,RYR,227,63,8.7833,scheduled_duration_under_3h,LPPT → EIDW,27.7533,RYANAIR,IRELAND
LPPT,EIDW,TAP,236,66,6.6917,scheduled_duration_under_3h,LPPT → EIDW,27.9661,"TRANSPORTES AEREOS PORTUGUESES, E.P.",PORTUGAL
LPPT,LEBL,EZS,1,0,-56.95,scheduled_duration_under_3h,LPPT → LEBL,0.0,EASY JET SWITZERLAND SA,SWITZERLAND
LPPT,LEBL,RYR,68,15,5.2083,scheduled_duration_under_3h,LPPT → LEBL,22.0588,RYANAIR,IRELAND
LPPT,LEBL,TAP,623,221,9.2833,scheduled_duration_under_3h,LPPT → LEBL,35.4735,"TRANSPORTES AEREOS PORTUGUESES, E.P.",PORTUGAL
LPPT,LEBL,VLG,405,117,7.9667,scheduled_duration_under_3h,LPPT → LEBL,28.8889,VUELING AIRLINES,SPAIN
LPPT,LEBL,ZZZ,32,10,7.05,scheduled_duration_under_3h,LPPT → LEBL,31.25,Unknown / not identified,
LPPT,LEMD,AEA,433,153,10.0667,scheduled_duration_under_3h,LPPT → LEMD,35.3349,AIR EUROPA,SPAIN
LPPT,LEMD,ANE,64,15,9.8333,scheduled_duration_under_3h,LPPT → LEMD,23.4375,"AIR NOSTRUM LINEAS AEREAS DEL MEDITERRANEO, S.A.",SPAIN
LPPT,LEMD,IBE,556,130,5.25,scheduled_duration_under_3h,LPPT → LEMD,23.3813,"IBERIA - LINEAS AEREAS DE ESPANA, SOCIEDAD ANONIMA OPERADORA",SPAIN
LPPT,LEMD,RYR,32,9,5.5,scheduled_duration_under_3h,LPPT → LEMD,28.125,RYANAIR,IRELAND
LPPT,LEMD,TAP,715,244,9.45,scheduled_duration_under_3h,LPPT → LEMD,34.1259,"TRANSPORTES AEREOS PORTUGUESES, E.P.",PORTUGAL
LPPT,LEMD,ZZZ,271,52,0.8,scheduled_duration_under_3h,LPPT → LEMD,19.1882,Unknown / not identified,
LPPT,LFPG,AFR,477,91,5.25,scheduled_duration_under_3h,LPPT → LFPG,19.0776,AIR FRANCE,FRANCE
LPPT,LFPG,TVF,3,2,20.3667,scheduled_duration_under_3h,LPPT → LFPG,66.6667,TRANSAVIA FRANCE,FRANCE
LPPT,LFPG,VLG,1,1,27.5833,scheduled_duration_under_3h,LPPT → LFPG,100.0,VUELING AIRLINES,SPAIN
LPPT,LFPG,ZZZ,262,65,7.25,scheduled_duration_under_3h,LPPT → LFPG,24.8092,Unknown / not identified,
LPPT,LFPO,TAP,813,200,5.6,scheduled_duration_under_3h,LPPT → LFPO,24.6002,"TRANSPORTES AEREOS PORTUGUESES, E.P.",PORTUGAL
LPPT,LFPO,TVF,418,155,11.85,scheduled_duration_under_3h,LPPT → LFPO,37.0813,TRANSAVIA FRANCE,FRANCE
LPPT,LFPO,VLG,172,64,12.9333,scheduled_duration_under_3h,LPPT → LFPO,37.2093,VUELING AIRLINES,SPAIN
LPPT,LIMC,TAP,359,51,-2.15,scheduled_duration_under_3h,LPPT → LIMC,14.2061,"TRANSPORTES AEREOS PORTUGUESES, E.P.",PORTUGAL
LPPT,LIMC,ZZZ,224,16,-8.7583,scheduled_duration_under_3h,LPPT → LIMC,7.1429,Unknown / not identified,
LPPT,LPMA,RYR,187,73,10.75,scheduled_duration_under_3h,LPPT → LPMA,39.0374,RYANAIR,IRELAND
LPPT,LPMA,RZO,4,1,6.2083,scheduled_duration_under_3h,LPPT → LPMA,25.0,SATA INTERNACIONAL - AZORES AIRLINES S.A,PORTUGAL
LPPT,LPMA,TAP,779,382,14.7667,scheduled_duration_under_3h,LPPT → LPMA,49.0372,"TRANSPORTES AEREOS PORTUGUESES, E.P.",PORTUGAL
LPPT,LPMA,ZZZ,351,148,12.4167,scheduled_duration_under_3h,LPPT → LPMA,42.1652,Unknown / not identified,
LPPT,LPPD,RYR,233,60,8.45,scheduled_duration_under_3h,LPPT → LPPD,25.7511,RYANAIR,IRELAND
LPPT,LPPD,RZO,355,98,5.2667,scheduled_duration_under_3h,LPPT → LPPD,27.6056,SATA INTERNACIONAL - AZORES AIRLINES S.A,PORTUGAL
LPPT,LPPD,TAP,326,134,12.1083,scheduled_duration_under_3h,LPPT → LPPD,41.1043,"TRANSPORTES AEREOS PORTUGUESES, E.P.",PORTUGAL
LPPT,LPPR,BCS,18,12,20.4417,scheduled_duration_under_3h,LPPT → LPPR,66.6667,"EUROPEAN AIR TRANSPORT, LEIPZIG",GERMANY
LPPT,LPPR,EZE,2,1,12.8167,scheduled_duration_under_3h,LPPT → LPPR,50.0,EASTERN AIRWAYS (UK) LIMITED,UNITED KINGDOM
LPPT,LPPR,RZO,3,1,1.1167,scheduled_duration_under_3h,LPPT → LPPR,33.3333,SATA INTERNACIONAL - AZORES AIRLINES S.A,PORTUGAL
LPPT,LPPR,SRR,83,16,4.95,scheduled_duration_under_3h,LPPT → LPPR,19.2771,MAERSK AIR CARGO A/S,DENMARK
LPPT,LPPR,TAP,1042,235,4.3583,scheduled_duration_under_3h,LPPT → LPPR,22.5528,"TRANSPORTES AEREOS PORTUGUESES, E.P.",PORTUGAL
LPPT,LPPR,ZZZ,2,1,21.6167,scheduled_duration_under_3h,LPPT → LPPR,50.0,Unknown / not identified,
LPPT,LSGG,EZS,171,54,9.0667,scheduled_duration_under_3h,LPPT → LSGG,31.5789,EASY JET SWITZERLAND SA,SWITZERLAND
LPPT,LSGG,SWR,100,8,-2.4083,scheduled_duration_under_3h,LPPT → LSGG,8.0,SWISS INTERNATIONAL AIR LINES LTD,SWITZERLAND
LPPT,LSGG,TAP,323,121,10.4167,scheduled_duration_under_3h,LPPT → LSGG,37.4613,"TRANSPORTES AEREOS PORTUGUESES, E.P.",PORTUGAL
LPPT,LSGG,ZZZ,135,34,4.6667,scheduled_duration_under_3h,LPPT → LSGG,25.1852,Unknown / not identified,
LPPT,LSZH,SWR,164,26,1.825,scheduled_duration_under_3h,LPPT → LSZH,15.8537,SWISS INTERNATIONAL AIR LINES LTD,SWITZERLAND
LPPT,LSZH,TAP,315,95,8.1167,scheduled_duration_under_3h,LPPT → LSZH,30.1587,"TRANSPORTES AEREOS PORTUGUESES, E.P.",PORTUGAL
LPPT,LSZH,ZZZ,28,6,7.3,scheduled_duration_under_3h,LPPT → LSZH,21.4286,Unknown / not identified,
LRCL,LROP,BLA,43,0,-10.85,scheduled_duration_under_3h,LRCL → LROP,0.0,BLUE AIR AVIATION S.A.,ROMANIA
LRCL,LROP,ROT,393,1,-14.15,scheduled_duration_under_3h,LRCL → LROP,0.2545,COMPANIA NATIONALA DE TRANSPORTURI AERIENE ROMANE TAROM S.A.,ROMANIA
LRCL,LROP,ZZZ,194,1,-9.4917,scheduled_duration_under_3h,LRCL → LROP,0.5155,Unknown / not identified,
LROP,EHAM,BLA,28,18,20.8833,scheduled_duration_under_3h,LROP → EHAM,64.2857,BLUE AIR AVIATION S.A.,ROMANIA
LROP,EHAM,KLM,275,68,7.95,scheduled_duration_under_3h,LROP → EHAM,24.7273,KLM ROYAL DUTCH AIRLINES,NETHERLANDS
LROP,EHAM,ROT,238,68,9.5083,scheduled_duration_under_3h,LROP → EHAM,28.5714,COMPANIA NATIONALA DE TRANSPORTURI AERIENE ROMANE TAROM S.A.,ROMANIA
LROP,LOWW,AUA,364,59,6.3583,scheduled_duration_under_3h,LROP → LOWW,16.2088,AUSTRIAN AIRLINES (AUA) AG,AUSTRIA
LROP,LOWW,ROT,28,14,15.1,scheduled_duration_under_3h,LROP → LOWW,50.0,COMPANIA NATIONALA DE TRANSPORTURI AERIENE ROMANE TAROM S.A.,ROMANIA
LROP,LOWW,RYR,102,19,6.8833,scheduled_duration_under_3h,LROP → LOWW,18.6275,RYANAIR,IRELAND
LROP,LOWW,WZZ,52,9,6.7833,scheduled_duration_under_3h,LROP → LOWW,17.3077,WIZZ AIR HUNGARY LTD,HUNGARY
LROP,LRCL,BLA,45,1,-3.4167,scheduled_duration_under_3h,LROP → LRCL,2.2222,BLUE AIR AVIATION S.A.,ROMANIA
LROP,LRCL,ROT,394,5,-10.4833,scheduled_duration_under_3h,LROP → LRCL,1.269,COMPANIA NATIONALA DE TRANSPORTURI AERIENE ROMANE TAROM S.A.,ROMANIA
LROP,LRCL,ZZZ,189,5,-8.9833,scheduled_duration_under_3h,LROP → LRCL,2.6455,Unknown / not identified,
LROP,LRTR,KON,2,0,-9.5417,scheduled_duration_under_3h,LROP → LRTR,0.0,AIR CONNECT AVIATION GROUP,ROMANIA
LROP,LRTR,ROT,342,13,1.8333,scheduled_duration_under_3h,LROP → LRTR,3.8012,COMPANIA NATIONALA DE TRANSPORTURI AERIENE ROMANE TAROM S.A.,ROMANIA
LROP,LRTR,RYR,65,2,-1.3667,scheduled_duration_under_3h,LROP → LRTR,3.0769,RYANAIR,IRELAND
LROP,LRTR,ZZZ,112,1,-4.05,scheduled_duration_under_3h,LROP → LRTR,0.8929,Unknown / not identified,
LRTR,LROP,KON,3,0,-4.6667,scheduled_duration_under_3h,LRTR → LROP,0.0,AIR CONNECT AVIATION GROUP,ROMANIA
LRTR,LROP,ROT,340,0,-14.5583,scheduled_duration_under_3h,LRTR → LROP,0.0,COMPANIA NATIONALA DE TRANSPORTURI AERIENE ROMANE TAROM S.A.,ROMANIA
LRTR,LROP,RYR,65,0,-14.4667,scheduled_duration_under_3h,LRTR → LROP,0.0,RYANAIR,IRELAND
LRTR,LROP,ZZZ,104,0,-9.1417,scheduled_duration_under_3h,LRTR → LROP,0.0,Unknown / not identified,
LSGG,EBBR,BEL,343,34,-1.4333,scheduled_duration_under_3h,LSGG → EBBR,9.9125,BRUSSELS AIRLINES,BELGIUM
LSGG,EBBR,EZS,275,30,-2.3,scheduled_duration_under_3h,LSGG → EBBR,10.9091,EASY JET SWITZERLAND SA,SWITZERLAND
LSGG,EBBR,SWR,59,1,-3.2333,scheduled_duration_under_3h,LSGG → EBBR,1.6949,SWISS INTERNATIONAL AIR LINES LTD,SWITZERLAND
LSGG,EBBR,ZZZ,8,3,10.0583,scheduled_duration_under_3h,LSGG → EBBR,37.5,Unknown / not identified,
LSGG,EDDF,DLH,271,6,-13.2833,scheduled_duration_under_3h,LSGG → EDDF,2.214,"DEUTSCHE LUFTHANSA, AG, KOELN",GERMANY
LSGG,EDDF,SWR,360,6,-16.8833,scheduled_duration_under_3h,LSGG → EDDF,1.6667,SWISS INTERNATIONAL AIR LINES LTD,SWITZERLAND
LSGG,EGKK,BAW,91,28,8.0667,scheduled_duration_under_3h,LSGG → EGKK,30.7692,BRITISH AIRWAYS,UNITED KINGDOM
LSGG,EGKK,EZS,385,121,9.1333,scheduled_duration_under_3h,LSGG → EGKK,31.4286,EASY JET SWITZERLAND SA,SWITZERLAND
LSGG,EGKK,EZY,331,140,12.3833,scheduled_duration_under_3h,LSGG → EGKK,42.2961,EASYJET UK LTD,UNITED KINGDOM
LSGG,EGKK,SWR,36,8,5.175,scheduled_duration_under_3h,LSGG → EGKK,22.2222,SWISS INTERNATIONAL AIR LINES LTD,SWITZERLAND
LSGG,EGKK,ZZZ,6,4,26.3167,scheduled_duration_under_3h,LSGG → EGKK,66.6667,Unknown / not identified,
LSGG,EGLL,BAW,897,295,9.9667,scheduled_duration_under_3h,LSGG → EGLL,32.8874,BRITISH AIRWAYS,UNITED KINGDOM
LSGG,EGLL,ETH,1,1,55.05,scheduled_duration_under_3h,LSGG → EGLL,100.0,ETHIOPIAN AIRLINES CORPORATION,ETHIOPIA
LSGG,EGLL,SWR,504,100,4.85,scheduled_duration_under_3h,LSGG → EGLL,19.8413,SWISS INTERNATIONAL AIR LINES LTD,SWITZERLAND
LSGG,EHAM,EZS,162,35,4.2833,scheduled_duration_under_3h,LSGG → EHAM,21.6049,EASY JET SWITZERLAND SA,SWITZERLAND
LSGG,EHAM,KLM,596,144,7.9833,scheduled_duration_under_3h,LSGG → EHAM,24.1611,KLM ROYAL DUTCH AIRLINES,NETHERLANDS
LSGG,EHAM,ZZZ,130,19,2.9667,scheduled_duration_under_3h,LSGG → EHAM,14.6154,Unknown / not identified,
LSGG,LEBL,EZS,128,24,3.4167,scheduled_duration_under_3h,LSGG → LEBL,18.75,EASY JET SWITZERLAND SA,SWITZERLAND
LSGG,LEBL,VLG,174,63,11.0583,scheduled_duration_under_3h,LSGG → LEBL,36.2069,VUELING AIRLINES,SPAIN
LSGG,LEBL,ZZZ,266,47,3.225,scheduled_duration_under_3h,LSGG → LEBL,17.6692,Unknown / not identified,
LSGG,LEMD,ANE,100,7,-2.2167,scheduled_duration_under_3h,LSGG → LEMD,7.0,"AIR NOSTRUM LINEAS AEREAS DEL MEDITERRANEO, S.A.",SPAIN
LSGG,LEMD,EZS,171,35,3.5167,scheduled_duration_under_3h,LSGG → LEMD,20.4678,EASY JET SWITZERLAND SA,SWITZERLAND
LSGG,LEMD,IBE,418,38,-0.5333,scheduled_duration_under_3h,LSGG → LEMD,9.0909,"IBERIA - LINEAS AEREAS DE ESPANA, SOCIEDAD ANONIMA OPERADORA",SPAIN
LSGG,LFMN,EZS,346,18,-5.9917,scheduled_duration_under_3h,LSGG → LFMN,5.2023,EASY JET SWITZERLAND SA,SWITZERLAND
LSGG,LFMN,SWR,78,2,-9.7167,scheduled_duration_under_3h,LSGG → LFMN,2.5641,SWISS INTERNATIONAL AIR LINES LTD,SWITZERLAND
LSGG,LFMN,ZZZ,103,6,-7.1667,scheduled_duration_under_3h,LSGG → LFMN,5.8252,Unknown / not identified,
LSGG,LFPG,AFR,891,111,2.1,scheduled_duration_under_3h,LSGG → LFPG,12.4579,AIR FRANCE,FRANCE
LSGG,LFPG,BCS,1,1,15.8167,scheduled_duration_under_3h,LSGG → LFPG,100.0,"EUROPEAN AIR TRANSPORT, LEIPZIG",GERMANY
LSGG,LFPG,SWT,19,3,-3.6,scheduled_duration_under_3h,LSGG → LFPG,15.7895,SWIFTAIR S.A.,SPAIN
LSGG,LFPG,TAR,1,0,14.2833,scheduled_duration_under_3h,LSGG → LFPG,0.0,TUNIS AIR - SOCIETE TUNISIENNE DE L'AIR,TUNISIA
LSGG,LFPG,ZZZ,43,6,7.1,scheduled_duration_under_3h,LSGG → LFPG,13.9535,Unknown / not identified,
LSGG,LPPR,EZS,191,52,5.6333,scheduled_duration_under_3h,LSGG → LPPR,27.2251,EASY JET SWITZERLAND SA,SWITZERLAND
LSGG,LPPR,SWR,122,24,5.0167,scheduled_duration_under_3h,LSGG → LPPR,19.6721,SWISS INTERNATIONAL AIR LINES LTD,SWITZERLAND
LSGG,LPPR,TAP,50,15,9.0083,scheduled_duration_under_3h,LSGG → LPPR,30.0,"TRANSPORTES AEREOS PORTUGUESES, E.P.",PORTUGAL
LSGG,LPPR,ZZZ,350,101,9.5917,scheduled_duration_under_3h,LSGG → LPPR,28.8571,Unknown / not identified,
LSGG,LPPT,EZS,176,76,12.2833,scheduled_duration_under_3h,LSGG → LPPT,43.1818,EASY JET SWITZERLAND SA,SWITZERLAND
LSGG,LPPT,SWR,103,23,5.1167,scheduled_duration_under_3h,LSGG → LPPT,22.3301,SWISS INTERNATIONAL AIR LINES LTD,SWITZERLAND
LSGG,LPPT,TAP,318,126,11.35,scheduled_duration_under_3h,LSGG → LPPT,39.6226,"TRANSPORTES AEREOS PORTUGUESES, E.P.",PORTUGAL
LSGG,LPPT,ZZZ,134,43,9.3917,scheduled_duration_under_3h,LSGG → LPPT,32.0896,Unknown / not identified,
LSGG,LSZH,RJA,6,2,1.4917,scheduled_duration_under_3h,LSGG → LSZH,33.3333,ROYAL JORDANIAN,JORDAN
LSGG,LSZH,SDR,1,0,-0.9667,scheduled_duration_under_3h,LSGG → LSZH,0.0,SUNDAIR GMBH,GERMANY
LSGG,LSZH,SWR,594,41,-0.8083,scheduled_duration_under_3h,LSGG → LSZH,6.9024,SWISS INTERNATIONAL AIR LINES LTD,SWITZERLAND
LSGG,LSZH,ZZZ,1,0,-1.1,scheduled_duration_under_3h,LSGG → LSZH,0.0,Unknown / not identified,
LSZH,EDDB,SWR,736,111,4.7833,scheduled_duration_under_3h,LSZH → EDDB,15.0815,SWISS INTERNATIONAL AIR LINES LTD,SWITZERLAND
LSZH,EDDB,ZZZ,83,13,4.25,scheduled_duration_under_3h,LSZH → EDDB,15.6627,Unknown / not identified,
LSZH,EDDF,DLH,622,5,-14.5333,scheduled_duration_under_3h,LSZH → EDDF,0.8039,"DEUTSCHE LUFTHANSA, AG, KOELN",GERMANY
LSZH,EDDF,SUS,1,1,17.5,scheduled_duration_under_3h,LSZH → EDDF,100.0,SUN-AIR OF SCANDINAVIA A/S,DENMARK
LSZH,EDDF,SWR,153,11,-7.3333,scheduled_duration_under_3h,LSZH → EDDF,7.1895,SWISS INTERNATIONAL AIR LINES LTD,SWITZERLAND
LSZH,EDDH,EWG,203,21,-3.5,scheduled_duration_under_3h,LSZH → EDDH,10.3448,EUROWINGS GMBH,GERMANY
LSZH,EDDH,SWR,440,51,0.8583,scheduled_duration_under_3h,LSZH → EDDH,11.5909,SWISS INTERNATIONAL AIR LINES LTD,SWITZERLAND
LSZH,EDDL,CFG,1,1,31.8667,scheduled_duration_under_3h,LSZH → EDDL,100.0,"CONDOR FLUGDIENST GMBH, FRANKFURT (MAIN)",GERMANY
LSZH,EDDL,EWG,272,31,1.6667,scheduled_duration_under_3h,LSZH → EDDL,11.3971,EUROWINGS GMBH,GERMANY
LSZH,EDDL,SWR,318,57,3.7083,scheduled_duration_under_3h,LSZH → EDDL,17.9245,SWISS INTERNATIONAL AIR LINES LTD,SWITZERLAND
LSZH,EDDM,DLH,590,31,-4.6,scheduled_duration_under_3h,LSZH → EDDM,5.2542,"DEUTSCHE LUFTHANSA, AG, KOELN",GERMANY
LSZH,EDDM,SWR,60,1,-3.5917,scheduled_duration_under_3h,LSZH → EDDM,1.6667,SWISS INTERNATIONAL AIR LINES LTD,SWITZERLAND
LSZH,EDDM,TAP,1,1,67.6333,scheduled_duration_under_3h,LSZH → EDDM,100.0,"TRANSPORTES AEREOS PORTUGUESES, E.P.",PORTUGAL
LSZH,EGLC,BAW,1,0,11.4333,scheduled_duration_under_3h,LSZH → EGLC,0.0,BRITISH AIRWAYS,UNITED KINGDOM
LSZH,EGLC,CFE,268,57,5.8833,scheduled_duration_under_3h,LSZH → EGLC,21.2687,BA CITYFLYER LTD,UNITED KINGDOM
LSZH,EGLC,SWR,346,37,0.5833,scheduled_duration_under_3h,LSZH → EGLC,10.6936,SWISS INTERNATIONAL AIR LINES LTD,SWITZERLAND
LSZH,EGLL,BAW,430,199,13.7833,scheduled_duration_under_3h,LSZH → EGLL,46.2791,BRITISH AIRWAYS,UNITED KINGDOM
LSZH,EGLL,SWR,744,196,9.0083,scheduled_duration_under_3h,LSZH → EGLL,26.3441,SWISS INTERNATIONAL AIR LINES LTD,SWITZERLAND
LSZH,EHAM,KLM,566,129,6.4333,scheduled_duration_under_3h,LSZH → EHAM,22.7915,KLM ROYAL DUTCH AIRLINES,NETHERLANDS
LSZH,EHAM,SWR,450,117,7.65,scheduled_duration_under_3h,LSZH → EHAM,26.0,SWISS INTERNATIONAL AIR LINES LTD,SWITZERLAND
LSZH,EKCH,JET,1,0,-53.4833,scheduled_duration_under_3h,LSZH → EKCH,0.0,SVENSKT INDUSTRIFLYG AB,SWEDEN
LSZH,EKCH,SAS,174,24,3.925,scheduled_duration_under_3h,LSZH → EKCH,13.7931,SCANDINAVIAN AIRLINES SYSTEM,SWEDEN
LSZH,EKCH,SWR,355,30,1.5167,scheduled_duration_under_3h,LSZH → EKCH,8.4507,SWISS INTERNATIONAL AIR LINES LTD,SWITZERLAND
LSZH,EKCH,ZZZ,2,0,10.45,scheduled_duration_under_3h,LSZH → EKCH,0.0,Unknown / not identified,
LSZH,LEBL,SWR,433,83,6.1,scheduled_duration_under_3h,LSZH → LEBL,19.1686,SWISS INTERNATIONAL AIR LINES LTD,SWITZERLAND
LSZH,LEBL,VLG,188,56,8.85,scheduled_duration_under_3h,LSZH → LEBL,29.7872,VUELING AIRLINES,SPAIN
LSZH,LEMD,AEA,244,42,4.25,scheduled_duration_under_3h,LSZH → LEMD,17.2131,AIR EUROPA,SPAIN
LSZH,LEMD,IBE,361,59,3.65,scheduled_duration_under_3h,LSZH → LEMD,16.3435,"IBERIA - LINEAS AEREAS DE ESPANA, SOCIEDAD ANONIMA OPERADORA",SPAIN
LSZH,LEMD,SWR,108,26,9.4333,scheduled_duration_under_3h,LSZH → LEMD,24.0741,SWISS INTERNATIONAL AIR LINES LTD,SWITZERLAND
LSZH,LEPA,CFG,34,15,13.225,scheduled_duration_under_3h,LSZH → LEPA,44.1176,"CONDOR FLUGDIENST GMBH, FRANKFURT (MAIN)",GERMANY
LSZH,LEPA,EDW,97,12,3.6833,scheduled_duration_under_3h,LSZH → LEPA,12.3711,EDELWEISS AIR AG,SWITZERLAND
LSZH,LEPA,EWG,48,11,7.0333,scheduled_duration_under_3h,LSZH → LEPA,22.9167,EUROWINGS GMBH,GERMANY
LSZH,LEPA,SWR,351,50,2.3167,scheduled_duration_under_3h,LSZH → LEPA,14.245,SWISS INTERNATIONAL AIR LINES LTD,SWITZERLAND
LSZH,LEPA,VLG,54,22,12.7083,scheduled_duration_under_3h,LSZH → LEPA,40.7407,VUELING AIRLINES,SPAIN
LSZH,LEPA,ZZZ,64,9,3.2417,scheduled_duration_under_3h,LSZH → LEPA,14.0625,Unknown / not identified,
LSZH,LFPG,AFR,338,87,7.9333,scheduled_duration_under_3h,LSZH → LFPG,25.7396,AIR FRANCE,FRANCE
LSZH,LFPG,SWR,449,106,7.4,scheduled_duration_under_3h,LSZH → LFPG,23.608,SWISS INTERNATIONAL AIR LINES LTD,SWITZERLAND
LSZH,LOWW,AUA,641,129,7.2667,scheduled_duration_under_3h,LSZH → LOWW,20.1248,AUSTRIAN AIRLINES (AUA) AG,AUSTRIA
LSZH,LOWW,SWR,178,30,5.1333,scheduled_duration_under_3h,LSZH → LOWW,16.8539,SWISS INTERNATIONAL AIR LINES LTD,SWITZERLAND
LSZH,LSGG,RJA,20,6,10.6,scheduled_duration_under_3h,LSZH → LSGG,30.0,ROYAL JORDANIAN,JORDAN
LSZH,LSGG,SDR,1,0,-4.4667,scheduled_duration_under_3h,LSZH → LSGG,0.0,SUNDAIR GMBH,GERMANY
LSZH,LSGG,SWR,599,148,7.05,scheduled_duration_under_3h,LSZH → LSGG,24.7078,SWISS INTERNATIONAL AIR LINES LTD,SWITZERLAND
LSZH,LSGG,ZZZ,1,0,-0.2833,scheduled_duration_under_3h,LSZH → LSGG,0.0,Unknown / not identified,
LSZH,LYBE,ASL,286,71,7.4333,scheduled_duration_under_3h,LSZH → LYBE,24.8252,AIR SERBIA,SERBIA
LSZH,LYBE,MNE,1,1,43.5333,scheduled_duration_under_3h,LSZH → LYBE,100.0,TOMONTENEGRO,MONTENEGRO
LSZH,LYBE,SWR,300,56,5.325,scheduled_duration_under_3h,LSZH → LYBE,18.6667,SWISS INTERNATIONAL AIR LINES LTD,SWITZERLAND
LTAC,LTAI,PGT,234,46,3.525,scheduled_duration_under_3h,LTAC → LTAI,19.6581,PEGASUS HAVA TASIMACILIGI A.S. (PEGASUS),TURKEY
LTAC,LTAI,THY,282,45,3.2583,scheduled_duration_under_3h,LTAC → LTAI,15.9574,TURK HAVA YOLLARI (TURKISH AIRLINES CO.),TURKEY
LTAC,LTBJ,PGT,276,14,-1.025,scheduled_duration_under_3h,LTAC → LTBJ,5.0725,PEGASUS HAVA TASIMACILIGI A.S. (PEGASUS),TURKEY
LTAC,LTBJ,THY,385,36,-0.15,scheduled_duration_under_3h,LTAC → LTBJ,9.3506,TURK HAVA YOLLARI (TURKISH AIRLINES CO.),TURKEY
LTAC,LTFJ,AHY,1,0,12.5833,scheduled_duration_under_3h,LTAC → LTFJ,0.0,"AZERBAIJAN HAVA YOLLARI, NATIONAL AIRLINE",AZERBAIJAN
LTAC,LTFJ,PGT,786,93,-4.3417,scheduled_duration_under_3h,LTAC → LTFJ,11.8321,PEGASUS HAVA TASIMACILIGI A.S. (PEGASUS),TURKEY
LTAC,LTFJ,THY,541,47,-5.3333,scheduled_duration_under_3h,LTAC → LTFJ,8.6876,TURK HAVA YOLLARI (TURKISH AIRLINES CO.),TURKEY
LTAC,LTFM,FBA,1,1,18.9333,scheduled_duration_under_3h,LTAC → LTFM,100.0,FLY BAGHDAD,IRAQ
LTAC,LTFM,PGT,1,1,68.25,scheduled_duration_under_3h,LTAC → LTFM,100.0,PEGASUS HAVA TASIMACILIGI A.S. (PEGASUS),TURKEY
LTAC,LTFM,THY,1608,203,1.6917,scheduled_duration_under_3h,LTAC → LTFM,12.6244,TURK HAVA YOLLARI (TURKISH AIRLINES CO.),TURKEY
LTAF,LTFJ,PGT,722,87,-0.5583,scheduled_duration_under_3h,LTAF → LTFJ,12.0499,PEGASUS HAVA TASIMACILIGI A.S. (PEGASUS),TURKEY
LTAF,LTFJ,THY,281,22,-3.2833,scheduled_duration_under_3h,LTAF → LTFJ,7.8292,TURK HAVA YOLLARI (TURKISH AIRLINES CO.),TURKEY
LTAF,LTFM,PGT,1,1,45.35,scheduled_duration_under_3h,LTAF → LTFM,100.0,PEGASUS HAVA TASIMACILIGI A.S. (PEGASUS),TURKEY
LTAF,LTFM,THY,1239,164,2.8333,scheduled_duration_under_3h,LTAF → LTFM,13.2365,TURK HAVA YOLLARI (TURKISH AIRLINES CO.),TURKEY
LTAI,LTAC,PGT,234,25,-1.275,scheduled_duration_under_3h,LTAI → LTAC,10.6838,PEGASUS HAVA TASIMACILIGI A.S. (PEGASUS),TURKEY
LTAI,LTAC,SXS,1,0,11.9167,scheduled_duration_under_3h,LTAI → LTAC,0.0,GUNES EKSPRES HAVACILIK A.S. (SUNEXPRESS),TURKEY
LTAI,LTAC,THY,281,40,1.4667,scheduled_duration_under_3h,LTAI → LTAC,14.2349,TURK HAVA YOLLARI (TURKISH AIRLINES CO.),TURKEY
LTAI,LTFJ,PGT,1195,131,-5.9833,scheduled_duration_under_3h,LTAI → LTFJ,10.9623,PEGASUS HAVA TASIMACILIGI A.S. (PEGASUS),TURKEY
LTAI,LTFJ,THY,764,65,-7.1333,scheduled_duration_under_3h,LTAI → LTFJ,8.5079,TURK HAVA YOLLARI (TURKISH AIRLINES CO.),TURKEY
LTAI,LTFM,THY,1815,235,-1.8,scheduled_duration_under_3h,LTAI → LTFM,12.9477,TURK HAVA YOLLARI (TURKISH AIRLINES CO.),TURKEY
LTAJ,LTFJ,PGT,288,60,2.9917,scheduled_duration_under_3h,LTAJ → LTFJ,20.8333,PEGASUS HAVA TASIMACILIGI A.S. (PEGASUS),TURKEY
LTAJ,LTFJ,THY,348,45,-0.8417,scheduled_duration_under_3h,LTAJ → LTFJ,12.931,TURK HAVA YOLLARI (TURKISH AIRLINES CO.),TURKEY
LTAJ,LTFM,THY,873,197,6.15,scheduled_duration_under_3h,LTAJ → LTFM,22.5659,TURK HAVA YOLLARI (TURKISH AIRLINES CO.),TURKEY
LTAU,LTFJ,PGT,496,91,0.625,scheduled_duration_under_3h,LTAU → LTFJ,18.3468,PEGASUS HAVA TASIMACILIGI A.S. (PEGASUS),TURKEY
LTAU,LTFJ,THY,329,28,-4.1167,scheduled_duration_under_3h,LTAU → LTFJ,8.5106,TURK HAVA YOLLARI (TURKISH AIRLINES CO.),TURKEY
LTAU,LTFM,THY,788,104,-0.6333,scheduled_duration_under_3h,LTAU → LTFM,13.198,TURK HAVA YOLLARI (TURKISH AIRLINES CO.),TURKEY
LTBJ,LTAC,PGT,277,24,2.0167,scheduled_duration_under_3h,LTBJ → LTAC,8.6643,PEGASUS HAVA TASIMACILIGI A.S. (PEGASUS),TURKEY
LTBJ,LTAC,SXS,1,0,11.1,scheduled_duration_under_3h,LTBJ → LTAC,0.0,GUNES EKSPRES HAVACILIK A.S. (SUNEXPRESS),TURKEY
LTBJ,LTAC,THY,380,115,8.4083,scheduled_duration_under_3h,LTBJ → LTAC,30.2632,TURK HAVA YOLLARI (TURKISH AIRLINES CO.),TURKEY
LTBJ,LTFJ,AHY,2,1,13.5583,scheduled_duration_under_3h,LTBJ → LTFJ,50.0,"AZERBAIJAN HAVA YOLLARI, NATIONAL AIRLINE",AZERBAIJAN
LTBJ,LTFJ,PGT,1021,68,-6.6333,scheduled_duration_under_3h,LTBJ → LTFJ,6.6601,PEGASUS HAVA TASIMACILIGI A.S. (PEGASUS),TURKEY
LTBJ,LTFJ,THY,530,46,-3.9083,scheduled_duration_under_3h,LTBJ → LTFJ,8.6792,TURK HAVA YOLLARI (TURKISH AIRLINES CO.),TURKEY
LTBJ,LTFM,PGT,240,5,-11.6583,scheduled_duration_under_3h,LTBJ → LTFM,2.0833,PEGASUS HAVA TASIMACILIGI A.S. (PEGASUS),TURKEY
LTBJ,LTFM,THY,1536,122,-2.225,scheduled_duration_under_3h,LTBJ → LTFM,7.9427,TURK HAVA YOLLARI (TURKISH AIRLINES CO.),TURKEY
LTBS,LTFJ,PGT,567,58,-4.05,scheduled_duration_under_3h,LTBS → LTFJ,10.2293,PEGASUS HAVA TASIMACILIGI A.S. (PEGASUS),TURKEY
LTBS,LTFJ,THY,266,21,-8.4583,scheduled_duration_under_3h,LTBS → LTFJ,7.8947,TURK HAVA YOLLARI (TURKISH AIRLINES CO.),TURKEY
LTBS,LTFM,THY,700,126,4.1167,scheduled_duration_under_3h,LTBS → LTFM,18.0,TURK HAVA YOLLARI (TURKISH AIRLINES CO.),TURKEY
LTCG,LTFJ,PGT,578,63,0.3833,scheduled_duration_under_3h,LTCG → LTFJ,10.8997,PEGASUS HAVA TASIMACILIGI A.S. (PEGASUS),TURKEY
LTCG,LTFJ,THY,504,51,-0.7583,scheduled_duration_under_3h,LTCG → LTFJ,10.119,TURK HAVA YOLLARI (TURKISH AIRLINES CO.),TURKEY
LTCG,LTFM,THY,790,137,4.8083,scheduled_duration_under_3h,LTCG → LTFM,17.3418,TURK HAVA YOLLARI (TURKISH AIRLINES CO.),TURKEY
LTFE,LTFJ,PGT,647,23,-9.4833,scheduled_duration_under_3h,LTFE → LTFJ,3.5549,PEGASUS HAVA TASIMACILIGI A.S. (PEGASUS),TURKEY
LTFE,LTFJ,THY,337,24,-8.0833,scheduled_duration_under_3h,LTFE → LTFJ,7.1217,TURK HAVA YOLLARI (TURKISH AIRLINES CO.),TURKEY
LTFE,LTFM,THY,834,57,-4.9833,scheduled_duration_under_3h,LTFE → LTFM,6.8345,TURK HAVA YOLLARI (TURKISH AIRLINES CO.),TURKEY
LTFH,LTFJ,PGT,271,22,-4.2667,scheduled_duration_under_3h,LTFH → LTFJ,8.1181,PEGASUS HAVA TASIMACILIGI A.S. (PEGASUS),TURKEY
LTFH,LTFJ,THY,252,17,-6.7417,scheduled_duration_under_3h,LTFH → LTFJ,6.746,TURK HAVA YOLLARI (TURKISH AIRLINES CO.),TURKEY
LTFJ,LLBG,PGT,530,181,10.5333,scheduled_duration_under_3h,LTFJ → LLBG,34.1509,PEGASUS HAVA TASIMACILIGI A.S. (PEGASUS),TURKEY
LTFJ,LLBG,THY,258,74,7.7333,scheduled_duration_under_3h,LTFJ → LLBG,28.6822,TURK HAVA YOLLARI (TURKISH AIRLINES CO.),TURKEY
LTFJ,LTAC,PGT,769,159,4.2167,scheduled_duration_under_3h,LTFJ → LTAC,20.6762,PEGASUS HAVA TASIMACILIGI A.S. (PEGASUS),TURKEY
LTFJ,LTAC,THY,550,93,2.7167,scheduled_duration_under_3h,LTFJ → LTAC,16.9091,TURK HAVA YOLLARI (TURKISH AIRLINES CO.),TURKEY
LTFJ,LTAF,PGT,726,158,5.6417,scheduled_duration_under_3h,LTFJ → LTAF,21.7631,PEGASUS HAVA TASIMACILIGI A.S. (PEGASUS),TURKEY
LTFJ,LTAF,THY,284,46,1.5833,scheduled_duration_under_3h,LTFJ → LTAF,16.1972,TURK HAVA YOLLARI (TURKISH AIRLINES CO.),TURKEY
LTFJ,LTAI,PGT,1206,244,4.3167,scheduled_duration_under_3h,LTFJ → LTAI,20.2322,PEGASUS HAVA TASIMACILIGI A.S. (PEGASUS),TURKEY
LTFJ,LTAI,THY,758,155,3.5,scheduled_duration_under_3h,LTFJ → LTAI,20.4485,TURK HAVA YOLLARI (TURKISH AIRLINES CO.),TURKEY
LTFJ,LTAJ,PGT,287,64,6.0667,scheduled_duration_under_3h,LTFJ → LTAJ,22.2997,PEGASUS HAVA TASIMACILIGI A.S. (PEGASUS),TURKEY
LTFJ,LTAJ,THY,351,78,4.65,scheduled_duration_under_3h,LTFJ → LTAJ,22.2222,TURK HAVA YOLLARI (TURKISH AIRLINES CO.),TURKEY
LTFJ,LTAU,PGT,496,138,7.125,scheduled_duration_under_3h,LTFJ → LTAU,27.8226,PEGASUS HAVA TASIMACILIGI A.S. (PEGASUS),TURKEY
LTFJ,LTAU,THY,328,57,4.35,scheduled_duration_under_3h,LTFJ → LTAU,17.378,TURK HAVA YOLLARI (TURKISH AIRLINES CO.),TURKEY
LTFJ,LTBJ,PGT,1010,131,-0.25,scheduled_duration_under_3h,LTFJ → LTBJ,12.9703,PEGASUS HAVA TASIMACILIGI A.S. (PEGASUS),TURKEY
LTFJ,LTBJ,THY,530,53,-2.2583,scheduled_duration_under_3h,LTFJ → LTBJ,10.0,TURK HAVA YOLLARI (TURKISH AIRLINES CO.),TURKEY
LTFJ,LTBS,PGT,568,148,6.8583,scheduled_duration_under_3h,LTFJ → LTBS,26.0563,PEGASUS HAVA TASIMACILIGI A.S. (PEGASUS),TURKEY
LTFJ,LTBS,THY,265,47,3.3333,scheduled_duration_under_3h,LTFJ → LTBS,17.7358,TURK HAVA YOLLARI (TURKISH AIRLINES CO.),TURKEY
LTFJ,LTCG,PGT,575,160,6.6667,scheduled_duration_under_3h,LTFJ → LTCG,27.8261,PEGASUS HAVA TASIMACILIGI A.S. (PEGASUS),TURKEY
LTFJ,LTCG,THY,504,111,4.8583,scheduled_duration_under_3h,LTFJ → LTCG,22.0238,TURK HAVA YOLLARI (TURKISH AIRLINES CO.),TURKEY
LTFJ,LTFE,PGT,644,97,0.8417,scheduled_duration_under_3h,LTFJ → LTFE,15.0621,PEGASUS HAVA TASIMACILIGI A.S. (PEGASUS),TURKEY
LTFJ,LTFE,THY,340,47,0.425,scheduled_duration_under_3h,LTFJ → LTFE,13.8235,TURK HAVA YOLLARI (TURKISH AIRLINES CO.),TURKEY
LTFJ,LTFH,PGT,272,44,2.3667,scheduled_duration_under_3h,LTFJ → LTFH,16.1765,PEGASUS HAVA TASIMACILIGI A.S. (PEGASUS),TURKEY
LTFJ,LTFH,THY,255,46,2.3167,scheduled_duration_under_3h,LTFJ → LTFH,18.0392,TURK HAVA YOLLARI (TURKISH AIRLINES CO.),TURKEY
LTFM,DTTA,LBT,135,38,6.3833,scheduled_duration_under_3h,LTFM → DTTA,28.1481,NOUVEL AIR TUNISIE,TUNISIA
LTFM,DTTA,TAR,145,35,3.65,scheduled_duration_under_3h,LTFM → DTTA,24.1379,TUNIS AIR - SOCIETE TUNISIENNE DE L'AIR,TUNISIA
LTFM,DTTA,THY,272,59,5.9167,scheduled_duration_under_3h,LTFM → DTTA,21.6912,TURK HAVA YOLLARI (TURKISH AIRLINES CO.),TURKEY
LTFM,HECA,MSR,403,144,9.4833,scheduled_duration_under_3h,LTFM → HECA,35.732,EGYPT AIR,EGYPT
LTFM,HECA,THY,410,66,4.9,scheduled_duration_under_3h,LTFM → HECA,16.0976,TURK HAVA YOLLARI (TURKISH AIRLINES CO.),TURKEY
LTFM,LGAV,AEE,248,42,1.5,scheduled_duration_under_3h,LTFM → LGAV,16.9355,AEGEAN AIRLINES,GREECE
LTFM,LGAV,THY,380,62,3.75,scheduled_duration_under_3h,LTFM → LGAV,16.3158,TURK HAVA YOLLARI (TURKISH AIRLINES CO.),TURKEY
LTFM,LLBG,ELY,1,1,44.6333,scheduled_duration_under_3h,LTFM → LLBG,100.0,EL AL - ISRAEL AIRLINES LTD.,ISRAEL
LTFM,LLBG,MNB,60,26,10.3667,scheduled_duration_under_3h,LTFM → LLBG,43.3333,MNG HAVAYOLLARI VE TASIMACILIK A.S.,TURKEY
LTFM,LLBG,THY,862,195,5.7667,scheduled_duration_under_3h,LTFM → LLBG,22.6218,TURK HAVA YOLLARI (TURKISH AIRLINES CO.),TURKEY
LTFM,LTAC,THY,1612,173,0.825,scheduled_duration_under_3h,LTFM → LTAC,10.732,TURK HAVA YOLLARI (TURKISH AIRLINES CO.),TURKEY
LTFM,LTAC,ZZZ,1,0,1.0167,scheduled_duration_under_3h,LTFM → LTAC,0.0,Unknown / not identified,
LTFM,LTAF,THY,1233,119,-0.2333,scheduled_duration_under_3h,LTFM → LTAF,9.6513,TURK HAVA YOLLARI (TURKISH AIRLINES CO.),TURKEY
LTFM,LTAI,THY,1813,307,4.0167,scheduled_duration_under_3h,LTFM → LTAI,16.9333,TURK HAVA YOLLARI (TURKISH AIRLINES CO.),TURKEY
LTFM,LTAJ,THY,873,113,2.2333,scheduled_duration_under_3h,LTFM → LTAJ,12.9439,TURK HAVA YOLLARI (TURKISH AIRLINES CO.),TURKEY
LTFM,LTAU,THY,791,108,2.7167,scheduled_duration_under_3h,LTFM → LTAU,13.6536,TURK HAVA YOLLARI (TURKISH AIRLINES CO.),TURKEY
LTFM,LTBJ,PGT,238,5,-8.1667,scheduled_duration_under_3h,LTFM → LTBJ,2.1008,PEGASUS HAVA TASIMACILIGI A.S. (PEGASUS),TURKEY
LTFM,LTBJ,THY,1535,142,1.0667,scheduled_duration_under_3h,LTFM → LTBJ,9.2508,TURK HAVA YOLLARI (TURKISH AIRLINES CO.),TURKEY
LTFM,LTBS,THY,705,130,4.9167,scheduled_duration_under_3h,LTFM → LTBS,18.4397,TURK HAVA YOLLARI (TURKISH AIRLINES CO.),TURKEY
LTFM,LTCG,THY,783,137,4.4167,scheduled_duration_under_3h,LTFM → LTCG,17.4968,TURK HAVA YOLLARI (TURKISH AIRLINES CO.),TURKEY
LTFM,LTFE,THY,834,164,5.3167,scheduled_duration_under_3h,LTFM → LTFE,19.6643,TURK HAVA YOLLARI (TURKISH AIRLINES CO.),TURKEY
LTFM,LYBE,ASL,180,29,2.5667,scheduled_duration_under_3h,LTFM → LYBE,16.1111,AIR SERBIA,SERBIA
LTFM,LYBE,THY,342,88,7.9,scheduled_duration_under_3h,LTFM → LYBE,25.731,TURK HAVA YOLLARI (TURKISH AIRLINES CO.),TURKEY
LTFM,LYBE,VCV,1,0,-7.0333,scheduled_duration_under_3h,LTFM → LYBE,0.0,CONVIASA,VENEZUELA
LTFM,LYBE,ZZZ,1,0,-0.5,scheduled_duration_under_3h,LTFM → LYBE,0.0,Unknown / not identified,
LTFM,OIIE,CPN,10,7,20.7333,scheduled_duration_under_3h,LTFM → OIIE,70.0,CASPIAN AIRLINES,IRAN (ISLAMIC REPUBLIC OF)
LTFM,OIIE,IRA,136,47,9.4417,scheduled_duration_under_3h,LTFM → OIIE,34.5588,IRAN NATIONAL AIRLINES CORP. (IRAN AIR),IRAN (ISLAMIC REPUBLIC OF)
LTFM,OIIE,IRB,166,74,13.7917,scheduled_duration_under_3h,LTFM → OIIE,44.5783,IRAN AIR TOURS CO.,IRAN (ISLAMIC REPUBLIC OF)
LTFM,OIIE,IRC,94,57,18.825,scheduled_duration_under_3h,LTFM → OIIE,60.6383,IRAN ASEMAN AIRLINE,IRAN (ISLAMIC REPUBLIC OF)
LTFM,OIIE,IRM,382,42,-2.9583,scheduled_duration_under_3h,LTFM → OIIE,10.9948,MAHAN AIR,IRAN (ISLAMIC REPUBLIC OF)
LTFM,OIIE,THY,469,120,8.5167,scheduled_duration_under_3h,LTFM → OIIE,25.5864,TURK HAVA YOLLARI (TURKISH AIRLINES CO.),TURKEY
LTFM,OIIE,ZZZ,368,95,6.0,scheduled_duration_under_3h,LTFM → OIIE,25.8152,Unknown / not identified,
LTFM,OJAI,RJA,307,61,3.2667,scheduled_duration_under_3h,LTFM → OJAI,19.8697,ROYAL JORDANIAN,JORDAN
LTFM,OJAI,THY,345,41,1.6667,scheduled_duration_under_3h,LTFM → OJAI,11.8841,TURK HAVA YOLLARI (TURKISH AIRLINES CO.),TURKEY
LTFM,OLBA,MEA,287,59,4.25,scheduled_duration_under_3h,LTFM → OLBA,20.5575,MIDDLE EAST AIRLINES - AIRLIBAN,LEBANON
LTFM,OLBA,THY,451,73,3.3167,scheduled_duration_under_3h,LTFM → OLBA,16.1863,TURK HAVA YOLLARI (TURKISH AIRLINES CO.),TURKEY
LTFM,UBBB,AHY,242,23,0.1167,scheduled_duration_under_3h,LTFM → UBBB,9.5041,"AZERBAIJAN HAVA YOLLARI, NATIONAL AIRLINE",AZERBAIJAN
LTFM,UBBB,AZG,40,11,0.3833,scheduled_duration_under_3h,LTFM → UBBB,27.5,SILK WAY WEST AIRLINES,AZERBAIJAN
LTFM,UBBB,THY,451,50,1.1833,scheduled_duration_under_3h,LTFM → UBBB,11.0865,TURK HAVA YOLLARI (TURKISH AIRLINES CO.),TURKEY
LTFM,URSS,SDM,308,49,2.925,scheduled_duration_under_3h,LTFM → URSS,15.9091,"ROSSIYA AIRLINES, JOINT STOCK COMPANY",RUSSIAN FEDERATION
LTFM,URSS,ZZZ,203,41,3.5667,scheduled_duration_under_3h,LTFM → URSS,20.197,Unknown / not identified,
LYBE,LOWW,ASL,218,35,4.0,scheduled_duration_under_3h,LYBE → LOWW,16.055,AIR SERBIA,SERBIA
LYBE,LOWW,AUA,296,39,1.9917,scheduled_duration_under_3h,LYBE → LOWW,13.1757,AUSTRIAN AIRLINES (AUA) AG,AUSTRIA
LYBE,LSZH,ASL,286,78,6.575,scheduled_duration_under_3h,LYBE → LSZH,27.2727,AIR SERBIA,SERBIA
LYBE,LSZH,SWR,298,92,10.1583,scheduled_duration_under_3h,LYBE → LSZH,30.8725,SWISS INTERNATIONAL AIR LINES LTD,SWITZERLAND
LYBE,LTFM,ASL,176,9,-4.3167,scheduled_duration_under_3h,LYBE → LTFM,5.1136,AIR SERBIA,SERBIA
LYBE,LTFM,PGT,1,0,14.5667,scheduled_duration_under_3h,LYBE → LTFM,0.0,PEGASUS HAVA TASIMACILIGI A.S. (PEGASUS),TURKEY
LYBE,LTFM,THY,347,31,-0.2167,scheduled_duration_under_3h,LYBE → LTFM,8.9337,TURK HAVA YOLLARI (TURKISH AIRLINES CO.),TURKEY
LYBE,LYPG,ASL,326,17,0.225,scheduled_duration_under_3h,LYBE → LYPG,5.2147,AIR SERBIA,SERBIA
LYBE,LYPG,MNE,218,3,-9.1917,scheduled_duration_under_3h,LYBE → LYPG,1.3761,TOMONTENEGRO,MONTENEGRO
LYBE,LYTV,ASL,352,30,0.6333,scheduled_duration_under_3h,LYBE → LYTV,8.5227,AIR SERBIA,SERBIA
LYBE,LYTV,MNE,152,0,-10.55,scheduled_duration_under_3h,LYBE → LYTV,0.0,TOMONTENEGRO,MONTENEGRO
LYPG,LYBE,AIZ,1,0,-8.3,scheduled_duration_under_3h,LYPG → LYBE,0.0,ARKIA ISRAEL INLAND AIRLINES,ISRAEL
LYPG,LYBE,ASL,328,10,-3.4417,scheduled_duration_under_3h,LYPG → LYBE,3.0488,AIR SERBIA,SERBIA
LYPG,LYBE,MNE,213,2,-7.8167,scheduled_duration_under_3h,LYPG → LYBE,0.939,TOMONTENEGRO,MONTENEGRO
LYTV,LYBE,ASL,350,14,-4.0583,scheduled_duration_under_3h,LYTV → LYBE,4.0,AIR SERBIA,SERBIA
LYTV,LYBE,MNE,157,2,-9.6333,scheduled_duration_under_3h,LYTV → LYBE,1.2739,TOMONTENEGRO,MONTENEGRO
OJAI,LTFM,RJA,307,16,-3.8833,scheduled_duration_under_3h,OJAI → LTFM,5.2117,ROYAL JORDANIAN,JORDAN
OJAI,LTFM,THY,354,48,-6.425,scheduled_duration_under_3h,OJAI → LTFM,13.5593,TURK HAVA YOLLARI (TURKISH AIRLINES CO.),TURKEY
OLBA,HECA,DHX,25,4,0.7667,scheduled_duration_under_3h,OLBA → HECA,16.0,DHL AVIATION EEMEA B.S.C.(C),BAHRAIN
OLBA,HECA,MEA,241,47,5.3333,scheduled_duration_under_3h,OLBA → HECA,19.5021,MIDDLE EAST AIRLINES - AIRLIBAN,LEBANON
OLBA,HECA,MSR,315,49,-0.25,scheduled_duration_under_3h,OLBA → HECA,15.5556,EGYPT AIR,EGYPT
OLBA,LTFM,MEA,286,15,-6.3333,scheduled_duration_under_3h,OLBA → LTFM,5.2448,MIDDLE EAST AIRLINES - AIRLIBAN,LEBANON
OLBA,LTFM,THY,449,35,-6.6167,scheduled_duration_under_3h,OLBA → LTFM,7.7951,TURK HAVA YOLLARI (TURKISH AIRLINES CO.),TURKEY
ORBI,LTFM,FBA,13,2,5.1667,scheduled_duration_under_3h,ORBI → LTFM,15.3846,FLY BAGHDAD,IRAQ
ORBI,LTFM,IAW,177,66,9.3167,scheduled_duration_under_3h,ORBI → LTFM,37.2881,IRAQI AIRWAYS,IRAQ
ORBI,LTFM,THY,207,62,6.05,scheduled_duration_under_3h,ORBI → LTFM,29.9517,TURK HAVA YOLLARI (TURKISH AIRLINES CO.),TURKEY
ORBI,LTFM,TWI,13,3,4.55,scheduled_duration_under_3h,ORBI → LTFM,23.0769,TAILWIND HAVAYOLLARI A.S.,TURKEY
ORBI,LTFM,ZZZ,96,42,11.2667,scheduled_duration_under_3h,ORBI → LTFM,43.75,Unknown / not identified,
UBBB,LTFM,AHY,243,9,1.2667,scheduled_duration_under_3h,UBBB → LTFM,3.7037,"AZERBAIJAN HAVA YOLLARI, NATIONAL AIRLINE",AZERBAIJAN
UBBB,LTFM,AZG,16,4,3.0417,scheduled_duration_under_3h,UBBB → LTFM,25.0,SILK WAY WEST AIRLINES,AZERBAIJAN
UBBB,LTFM,THY,263,31,-0.0667,scheduled_duration_under_3h,UBBB → LTFM,11.7871,TURK HAVA YOLLARI (TURKISH AIRLINES CO.),TURKEY
UBBB,UBBN,AHY,933,44,1.2333,scheduled_duration_under_3h,UBBB → UBBN,4.716,"AZERBAIJAN HAVA YOLLARI, NATIONAL AIRLINE",AZERBAIJAN
UBBN,UBBB,AHY,933,82,2.5,scheduled_duration_under_3h,UBBN → UBBB,8.7889,"AZERBAIJAN HAVA YOLLARI, NATIONAL AIRLINE",AZERBAIJAN
ULLI,UMKK,AFL,1,1,38.8833,scheduled_duration_under_3h,ULLI → UMKK,100.0,AEROFLOT - RUSSIAN AIRLINES,RUSSIAN FEDERATION
ULLI,UMKK,AUL,172,42,2.6083,scheduled_duration_under_3h,ULLI → UMKK,24.4186,"SMARTAVIA AIRLINES, JOINT STOCK COMPANY",RUSSIAN FEDERATION
ULLI,UMKK,SDM,645,141,5.9667,scheduled_duration_under_3h,ULLI → UMKK,21.8605,"ROSSIYA AIRLINES, JOINT STOCK COMPANY",RUSSIAN FEDERATION
ULLI,UMKK,SVR,227,128,18.4,scheduled_duration_under_3h,ULLI → UMKK,56.3877,URAL AIRLINES,RUSSIAN FEDERATION
ULLI,UMKK,ZZZ,296,56,5.6333,scheduled_duration_under_3h,ULLI → UMKK,18.9189,Unknown / not identified,
UMKK,ULLI,AUL,173,29,4.4167,scheduled_duration_under_3h,UMKK → ULLI,16.763,"SMARTAVIA AIRLINES, JOINT STOCK COMPANY",RUSSIAN FEDERATION
UMKK,ULLI,SDM,647,89,0.2667,scheduled_duration_under_3h,UMKK → ULLI,13.7558,"ROSSIYA AIRLINES, JOINT STOCK COMPANY",RUSSIAN FEDERATION
UMKK,ULLI,SVR,229,115,15.45,scheduled_duration_under_3h,UMKK → ULLI,50.2183,URAL AIRLINES,RUSSIAN FEDERATION
UMKK,ULLI,ZZZ,298,53,5.5333,scheduled_duration_under_3h,UMKK → ULLI,17.7852,Unknown / not identified,
UMKK,UUDD,AUL,18,6,12.5917,scheduled_duration_under_3h,UMKK → UUDD,33.3333,"SMARTAVIA AIRLINES, JOINT STOCK COMPANY",RUSSIAN FEDERATION
UMKK,UUDD,SBI,348,78,4.1,scheduled_duration_under_3h,UMKK → UUDD,22.4138,SIBERIA AIRLINES,RUSSIAN FEDERATION
UMKK,UUDD,SVR,373,176,13.4333,scheduled_duration_under_3h,UMKK → UUDD,47.185,URAL AIRLINES,RUSSIAN FEDERATION
UMKK,UUEE,AFL,801,87,-0.8833,scheduled_duration_under_3h,UMKK → UUEE,10.8614,AEROFLOT - RUSSIAN AIRLINES,RUSSIAN FEDERATION
UMKK,UUEE,AUL,75,18,0.5333,scheduled_duration_under_3h,UMKK → UUEE,24.0,"SMARTAVIA AIRLINES, JOINT STOCK COMPANY",RUSSIAN FEDERATION
UMKK,UUEE,SDM,105,31,9.0667,scheduled_duration_under_3h,UMKK → UUEE,29.5238,"ROSSIYA AIRLINES, JOINT STOCK COMPANY",RUSSIAN FEDERATION
UMKK,UUEE,ZZZ,88,31,9.8583,scheduled_duration_under_3h,UMKK → UUEE,35.2273,Unknown / not identified,
URSS,LTFM,SDM,310,49,0.4333,scheduled_duration_under_3h,URSS → LTFM,15.8065,"ROSSIYA AIRLINES, JOINT STOCK COMPANY",RUSSIAN FEDERATION
URSS,LTFM,THY,4,0,-0.475,scheduled_duration_under_3h,URSS → LTFM,0.0,TURK HAVA YOLLARI (TURKISH AIRLINES CO.),TURKEY
URSS,LTFM,ZZZ,203,54,6.8167,scheduled_duration_under_3h,URSS → LTFM,26.601,Unknown / not identified,
UUDD,UMKK,AUL,16,1,1.1833,scheduled_duration_under_3h,UUDD → UMKK,6.25,"SMARTAVIA AIRLINES, JOINT STOCK COMPANY",RUSSIAN FEDERATION
UUDD,UMKK,SBI,349,97,6.3,scheduled_duration_under_3h,UUDD → UMKK,27.7937,SIBERIA AIRLINES,RUSSIAN FEDERATION
UUDD,UMKK,SVR,378,172,13.6,scheduled_duration_under_3h,UUDD → UMKK,45.5026,URAL AIRLINES,RUSSIAN FEDERATION
UUEE,UMKK,AFL,770,53,-5.2833,scheduled_duration_under_3h,UUEE → UMKK,6.8831,AEROFLOT - RUSSIAN AIRLINES,RUSSIAN FEDERATION
UUEE,UMKK,AUL,75,23,7.8667,scheduled_duration_under_3h,UUEE → UMKK,30.6667,"SMARTAVIA AIRLINES, JOINT STOCK COMPANY",RUSSIAN FEDERATION
UUEE,UMKK,SDM,105,33,11.0,scheduled_duration_under_3h,UUEE → UMKK,31.4286,"ROSSIYA AIRLINES, JOINT STOCK COMPANY",RUSSIAN FEDERATION
UUEE,UMKK,ZZZ,86,31,13.1833,scheduled_duration_under_3h,UUEE → UMKK,36.0465,Unknown / not identified,
CYUL,LFPG,ACA,183,181,71.3667,scheduled_duration_3h_or_more,CYUL → LFPG,98.9071,AIR CANADA,CANADA
CYUL,LFPG,AFR,286,271,36.9417,scheduled_duration_3h_or_more,CYUL → LFPG,94.7552,AIR FRANCE,FRANCE
CYUL,LFPG,TSC,178,111,20.875,scheduled_duration_3h_or_more,CYUL → LFPG,62.3596,AIR TRANSAT A.T. INC.,CANADA
CYYZ,EGLL,ACA,319,316,61.3833,scheduled_duration_3h_or_more,CYYZ → EGLL,99.0596,AIR CANADA,CANADA
CYYZ,EGLL,BAW,202,197,40.9833,scheduled_duration_3h_or_more,CYYZ → EGLL,97.5248,BRITISH AIRWAYS,UNITED KINGDOM
EDDF,KJFK,BCS,5,2,13.6667,scheduled_duration_3h_or_more,EDDF → KJFK,40.0,"EUROPEAN AIR TRANSPORT, LEIPZIG",GERMANY
EDDF,KJFK,BOX,56,10,3.7333,scheduled_duration_3h_or_more,EDDF → KJFK,17.8571,"AEROLOGIC GMBH, LEIPZIG",GERMANY
EDDF,KJFK,CFG,61,36,18.6,scheduled_duration_3h_or_more,EDDF → KJFK,59.0164,"CONDOR FLUGDIENST GMBH, FRANKFURT (MAIN)",GERMANY
EDDF,KJFK,DAL,104,53,15.625,scheduled_duration_3h_or_more,EDDF → KJFK,50.9615,"DELTA AIR LINES, INC.",UNITED STATES
EDDF,KJFK,DLH,168,82,14.4833,scheduled_duration_3h_or_more,EDDF → KJFK,48.8095,"DEUTSCHE LUFTHANSA, AG, KOELN",GERMANY
EDDF,KJFK,GEC,54,14,7.4417,scheduled_duration_3h_or_more,EDDF → KJFK,25.9259,"LUFTHANSA CARGO AG, FRANKFURT (MAIN)",GERMANY
EDDF,KJFK,SIA,122,35,8.35,scheduled_duration_3h_or_more,EDDF → KJFK,28.6885,SINGAPORE AIRLINES LIMITED,SINGAPORE
EDDF,KORD,ABD,10,1,6.7333,scheduled_duration_3h_or_more,EDDF → KORD,10.0,AIR ATLANTA ICELANDIC,ICELAND
EDDF,KORD,BOX,90,15,3.4833,scheduled_duration_3h_or_more,EDDF → KORD,16.6667,"AEROLOGIC GMBH, LEIPZIG",GERMANY
EDDF,KORD,DLH,187,95,15.2333,scheduled_duration_3h_or_more,EDDF → KORD,50.8021,"DEUTSCHE LUFTHANSA, AG, KOELN",GERMANY
EDDF,KORD,ETD,28,1,1.5583,scheduled_duration_3h_or_more,EDDF → KORD,3.5714,ETIHAD AIRWAYS,UNITED ARAB EMIRATES
EDDF,KORD,GEC,60,9,3.9583,scheduled_duration_3h_or_more,EDDF → KORD,15.0,"LUFTHANSA CARGO AG, FRANKFURT (MAIN)",GERMANY
EDDF,KORD,GTI,32,13,12.1083,scheduled_duration_3h_or_more,EDDF → KORD,40.625,"ATLAS AIR, INC. (JAMAICA, NY)",UNITED STATES
EDDF,KORD,UAL,206,65,8.15,scheduled_duration_3h_or_more,EDDF → KORD,31.5534,"UNITED AIRLINES, INC. (CHICAGO, IL)",UNITED STATES
EDDF,RKSI,AAR,181,85,14.1167,scheduled_duration_3h_or_more,EDDF → RKSI,46.9613,ASIANA AIRLINES,REPUBLIC OF KOREA
EDDF,RKSI,DLH,73,33,14.7,scheduled_duration_3h_or_more,EDDF → RKSI,45.2055,"DEUTSCHE LUFTHANSA, AG, KOELN",GERMANY
EDDF,RKSI,GEC,131,20,2.8167,scheduled_duration_3h_or_more,EDDF → RKSI,15.2672,"LUFTHANSA CARGO AG, FRANKFURT (MAIN)",GERMANY
EDDF,RKSI,GTI,2,0,-3.5083,scheduled_duration_3h_or_more,EDDF → RKSI,0.0,"ATLAS AIR, INC. (JAMAICA, NY)",UNITED STATES
EDDF,RKSI,KAL,172,34,6.7667,scheduled_duration_3h_or_more,EDDF → RKSI,19.7674,"KOREAN AIR LINES CO., LTD.",REPUBLIC OF KOREA
EDDK,LTAI,CAI,54,20,11.3833,scheduled_duration_3h_or_more,EDDK → LTAI,37.037,TURISTIK HAVA TASIMACILIK A.S.,TURKEY
EDDK,LTAI,EWG,13,9,21.7167,scheduled_duration_3h_or_more,EDDK → LTAI,69.2308,EUROWINGS GMBH,GERMANY
EDDK,LTAI,PGT,131,41,9.2333,scheduled_duration_3h_or_more,EDDK → LTAI,31.2977,PEGASUS HAVA TASIMACILIGI A.S. (PEGASUS),TURKEY
EDDK,LTAI,SXS,280,73,7.5083,scheduled_duration_3h_or_more,EDDK → LTAI,26.0714,GUNES EKSPRES HAVACILIK A.S. (SUNEXPRESS),TURKEY
EDDK,LTAI,THY,116,31,8.175,scheduled_duration_3h_or_more,EDDK → LTAI,26.7241,TURK HAVA YOLLARI (TURKISH AIRLINES CO.),TURKEY
EDDL,LTAI,CAI,103,45,12.9,scheduled_duration_3h_or_more,EDDL → LTAI,43.6893,TURISTIK HAVA TASIMACILIK A.S.,TURKEY
EDDL,LTAI,EWG,8,6,25.9333,scheduled_duration_3h_or_more,EDDL → LTAI,75.0,EUROWINGS GMBH,GERMANY
EDDL,LTAI,FHY,1,1,33.15,scheduled_duration_3h_or_more,EDDL → LTAI,100.0,FREE BIRD AIRLINES (HURKUS HAVAYOLU TASIMACILIK VE TICARET A.S.),TURKEY
EDDL,LTAI,PGT,152,76,15.025,scheduled_duration_3h_or_more,EDDL → LTAI,50.0,PEGASUS HAVA TASIMACILIGI A.S. (PEGASUS),TURKEY
EDDL,LTAI,SXS,398,163,12.2417,scheduled_duration_3h_or_more,EDDL → LTAI,40.9548,GUNES EKSPRES HAVACILIK A.S. (SUNEXPRESS),TURKEY
EDDL,LTAI,THY,66,28,10.625,scheduled_duration_3h_or_more,EDDL → LTAI,42.4242,TURK HAVA YOLLARI (TURKISH AIRLINES CO.),TURKEY
EGCC,GCTS,EXS,258,25,-0.6417,scheduled_duration_3h_or_more,EGCC → GCTS,9.6899,JET2.COM LTD,UNITED KINGDOM
EGCC,GCTS,EZY,173,13,-6.0167,scheduled_duration_3h_or_more,EGCC → GCTS,7.5145,EASYJET UK LTD,UNITED KINGDOM
EGCC,GCTS,RYR,155,21,-2.0167,scheduled_duration_3h_or_more,EGCC → GCTS,13.5484,RYANAIR,IRELAND
EGCC,GCTS,ZZZ,126,15,-2.575,scheduled_duration_3h_or_more,EGCC → GCTS,11.9048,Unknown / not identified,
EGKK,GCTS,BAW,97,11,-1.5167,scheduled_duration_3h_or_more,EGKK → GCTS,11.3402,BRITISH AIRWAYS,UNITED KINGDOM
EGKK,GCTS,EZY,316,24,-3.8583,scheduled_duration_3h_or_more,EGKK → GCTS,7.5949,EASYJET UK LTD,UNITED KINGDOM
EGKK,GCTS,VLG,11,1,-2.15,scheduled_duration_3h_or_more,EGKK → GCTS,9.0909,VUELING AIRLINES,SPAIN
EGKK,GCTS,ZZZ,117,10,-2.45,scheduled_duration_3h_or_more,EGKK → GCTS,8.547,Unknown / not identified,
EGLL,CYYZ,ACA,319,120,11.6667,scheduled_duration_3h_or_more,EGLL → CYYZ,37.6176,AIR CANADA,CANADA
EGLL,CYYZ,BAW,204,40,6.1333,scheduled_duration_3h_or_more,EGLL → CYYZ,19.6078,BRITISH AIRWAYS,UNITED KINGDOM
EGLL,KBOS,AAL,112,14,1.9,scheduled_duration_3h_or_more,EGLL → KBOS,12.5,AMERICAN AIRLINES INC.,UNITED STATES
EGLL,KBOS,BAW,295,62,7.2,scheduled_duration_3h_or_more,EGLL → KBOS,21.0169,BRITISH AIRWAYS,UNITED KINGDOM
EGLL,KBOS,DAL,104,20,4.0583,scheduled_duration_3h_or_more,EGLL → KBOS,19.2308,"DELTA AIR LINES, INC.",UNITED STATES
EGLL,KBOS,JBU,41,3,3.5333,scheduled_duration_3h_or_more,EGLL → KBOS,7.3171,"JETBLUE AIRWAYS CORPORATION (NEW YORK, NY)",UNITED STATES
EGLL,KBOS,UAL,89,14,4.6167,scheduled_duration_3h_or_more,EGLL → KBOS,15.7303,"UNITED AIRLINES, INC. (CHICAGO, IL)",UNITED STATES
EGLL,KBOS,VIR,110,10,0.1083,scheduled_duration_3h_or_more,EGLL → KBOS,9.0909,VIRGIN ATLANTIC,UNITED KINGDOM
EGLL,KEWR,BAW,261,56,7.0333,scheduled_duration_3h_or_more,EGLL → KEWR,21.4559,BRITISH AIRWAYS,UNITED KINGDOM
EGLL,KEWR,UAL,643,85,3.15,scheduled_duration_3h_or_more,EGLL → KEWR,13.2193,"UNITED AIRLINES, INC. (CHICAGO, IL)",UNITED STATES
EGLL,KIAD,BAW,214,45,7.2167,scheduled_duration_3h_or_more,EGLL → KIAD,21.028,BRITISH AIRWAYS,UNITED KINGDOM
EGLL,KIAD,UAL,262,43,4.5333,scheduled_duration_3h_or_more,EGLL → KIAD,16.4122,"UNITED AIRLINES, INC. (CHICAGO, IL)",UNITED STATES
EGLL,KIAD,VIR,85,2,0.8833,scheduled_duration_3h_or_more,EGLL → KIAD,2.3529,VIRGIN ATLANTIC,UNITED KINGDOM
EGLL,KJFK,AAL,431,71,3.6333,scheduled_duration_3h_or_more,EGLL → KJFK,16.4733,AMERICAN AIRLINES INC.,UNITED STATES
EGLL,KJFK,BAW,671,163,7.85,scheduled_duration_3h_or_more,EGLL → KJFK,24.2921,BRITISH AIRWAYS,UNITED KINGDOM
EGLL,KJFK,DAL,217,37,3.6833,scheduled_duration_3h_or_more,EGLL → KJFK,17.0507,"DELTA AIR LINES, INC.",UNITED STATES
EGLL,KJFK,JBU,120,21,3.7917,scheduled_duration_3h_or_more,EGLL → KJFK,17.5,"JETBLUE AIRWAYS CORPORATION (NEW YORK, NY)",UNITED STATES
EGLL,KJFK,VIR,497,69,2.35,scheduled_duration_3h_or_more,EGLL → KJFK,13.8833,VIRGIN ATLANTIC,UNITED KINGDOM
EGLL,KLAX,AAL,211,27,4.8,scheduled_duration_3h_or_more,EGLL → KLAX,12.7962,AMERICAN AIRLINES INC.,UNITED STATES
EGLL,KLAX,BAW,281,64,7.9833,scheduled_duration_3h_or_more,EGLL → KLAX,22.7758,BRITISH AIRWAYS,UNITED KINGDOM
EGLL,KLAX,UAL,88,25,7.5917,scheduled_duration_3h_or_more,EGLL → KLAX,28.4091,"UNITED AIRLINES, INC. (CHICAGO, IL)",UNITED STATES
EGLL,KLAX,VIR,298,41,3.9917,scheduled_duration_3h_or_more,EGLL → KLAX,13.7584,VIRGIN ATLANTIC,UNITED KINGDOM
EGLL,KMIA,AAL,185,37,5.6,scheduled_duration_3h_or_more,EGLL → KMIA,20.0,AMERICAN AIRLINES INC.,UNITED STATES
EGLL,KMIA,BAW,208,57,8.725,scheduled_duration_3h_or_more,EGLL → KMIA,27.4038,BRITISH AIRWAYS,UNITED KINGDOM
EGLL,KMIA,VIR,151,22,4.8833,scheduled_duration_3h_or_more,EGLL → KMIA,14.5695,VIRGIN ATLANTIC,UNITED KINGDOM
EGLL,KORD,AAL,303,51,4.5167,scheduled_duration_3h_or_more,EGLL → KORD,16.8317,AMERICAN AIRLINES INC.,UNITED STATES
EGLL,KORD,BAW,223,60,8.9167,scheduled_duration_3h_or_more,EGLL → KORD,26.9058,BRITISH AIRWAYS,UNITED KINGDOM
EGLL,KORD,UAL,264,43,3.7583,scheduled_duration_3h_or_more,EGLL → KORD,16.2879,"UNITED AIRLINES, INC. (CHICAGO, IL)",UNITED STATES
EGLL,KORD,ZZZ,13,0,-7.0833,scheduled_duration_3h_or_more,EGLL → KORD,0.0,Unknown / not identified,
EGLL,KSFO,BAW,218,50,8.8,scheduled_duration_3h_or_more,EGLL → KSFO,22.9358,BRITISH AIRWAYS,UNITED KINGDOM
EGLL,KSFO,UAL,275,54,5.7167,scheduled_duration_3h_or_more,EGLL → KSFO,19.6364,"UNITED AIRLINES, INC. (CHICAGO, IL)",UNITED STATES
EGLL,KSFO,VIR,182,31,4.4833,scheduled_duration_3h_or_more,EGLL → KSFO,17.033,VIRGIN ATLANTIC,UNITED KINGDOM
EGLL,LGAV,AEE,330,41,1.3667,scheduled_duration_3h_or_more,EGLL → LGAV,12.4242,AEGEAN AIRLINES,GREECE
EGLL,LGAV,BAW,431,128,7.2,scheduled_duration_3h_or_more,EGLL → LGAV,29.6984,BRITISH AIRWAYS,UNITED KINGDOM
EGLL,LGAV,MSR,1,0,-2.85,scheduled_duration_3h_or_more,EGLL → LGAV,0.0,EGYPT AIR,EGYPT
EGLL,LGAV,SEH,95,10,0.0667,scheduled_duration_3h_or_more,EGLL → LGAV,10.5263,SKY EXPRESS S.A.,GREECE
EGLL,LTFM,BAW,275,76,5.5833,scheduled_duration_3h_or_more,EGLL → LTFM,27.6364,BRITISH AIRWAYS,UNITED KINGDOM
EGLL,LTFM,MNB,2,0,-6.3083,scheduled_duration_3h_or_more,EGLL → LTFM,0.0,MNG HAVAYOLLARI VE TASIMACILIK A.S.,TURKEY
EGLL,LTFM,THY,645,154,4.55,scheduled_duration_3h_or_more,EGLL → LTFM,23.876,TURK HAVA YOLLARI (TURKISH AIRLINES CO.),TURKEY
EGLL,LTFM,UAE,1,0,-19.35,scheduled_duration_3h_or_more,EGLL → LTFM,0.0,EMIRATES,UNITED ARAB EMIRATES
EGLL,OMDB,BAW,239,106,13.6667,scheduled_duration_3h_or_more,EGLL → OMDB,44.3515,BRITISH AIRWAYS,UNITED KINGDOM
EGLL,OMDB,RBA,13,5,12.4833,scheduled_duration_3h_or_more,EGLL → OMDB,38.4615,ROYAL BRUNEI AIRLINES,BRUNEI DARUSSALAM
EGLL,OMDB,UAE,734,340,13.1,scheduled_duration_3h_or_more,EGLL → OMDB,46.3215,EMIRATES,UNITED ARAB EMIRATES
EGLL,OTHH,BAW,78,41,16.1833,scheduled_duration_3h_or_more,EGLL → OTHH,52.5641,BRITISH AIRWAYS,UNITED KINGDOM
EGLL,OTHH,QTR,657,330,15.1333,scheduled_duration_3h_or_more,EGLL → OTHH,50.2283,QATAR AIRWAYS GROUP Q.C.S.C.,QATAR
EGLL,VIDP,AAL,1,0,-1.6833,scheduled_duration_3h_or_more,EGLL → VIDP,0.0,AMERICAN AIRLINES INC.,UNITED STATES
EGLL,VIDP,AIC,194,41,3.8,scheduled_duration_3h_or_more,EGLL → VIDP,21.134,AIR INDIA LIMITED,INDIA
EGLL,VIDP,BAW,159,61,10.3667,scheduled_duration_3h_or_more,EGLL → VIDP,38.3648,BRITISH AIRWAYS,UNITED KINGDOM
EGLL,VIDP,VIR,213,69,7.0833,scheduled_duration_3h_or_more,EGLL → VIDP,32.3944,VIRGIN ATLANTIC,UNITED KINGDOM
EGLL,VIDP,VTI,95,40,12.4167,scheduled_duration_3h_or_more,EGLL → VIDP,42.1053,TATA SIA AIRLINES LTD.,INDIA
EGLL,WSSS,BAW,140,42,7.8167,scheduled_duration_3h_or_more,EGLL → WSSS,30.0,BRITISH AIRWAYS,UNITED KINGDOM
EGLL,WSSS,QFA,71,33,13.75,scheduled_duration_3h_or_more,EGLL → WSSS,46.4789,QANTAS AIRWAYS LIMITED,AUSTRALIA
EGLL,WSSS,SIA,457,130,6.1167,scheduled_duration_3h_or_more,EGLL → WSSS,28.4464,SINGAPORE AIRLINES LIMITED,SINGAPORE
EGSS,LTFJ,PGT,448,86,3.0417,scheduled_duration_3h_or_more,EGSS → LTFJ,19.1964,PEGASUS HAVA TASIMACILIGI A.S. (PEGASUS),TURKEY
EGSS,LTFJ,THY,248,46,4.3,scheduled_duration_3h_or_more,EGSS → LTFJ,18.5484,TURK HAVA YOLLARI (TURKISH AIRLINES CO.),TURKEY
EHAM,LTFM,ACA,6,3,11.9083,scheduled_duration_3h_or_more,EHAM → LTFM,50.0,AIR CANADA,CANADA
EHAM,LTFM,KLM,73,7,2.6667,scheduled_duration_3h_or_more,EHAM → LTFM,9.589,KLM ROYAL DUTCH AIRLINES,NETHERLANDS
EHAM,LTFM,MNB,24,4,2.025,scheduled_duration_3h_or_more,EHAM → LTFM,16.6667,MNG HAVAYOLLARI VE TASIMACILIK A.S.,TURKEY
EHAM,LTFM,THY,470,126,5.6167,scheduled_duration_3h_or_more,EHAM → LTFM,26.8085,TURK HAVA YOLLARI (TURKISH AIRLINES CO.),TURKEY
EKCH,LEMG,RYR,119,22,5.6667,scheduled_duration_3h_or_more,EKCH → LEMG,18.4874,RYANAIR,IRELAND
EKCH,LEMG,SAS,131,16,3.8667,scheduled_duration_3h_or_more,EKCH → LEMG,12.2137,SCANDINAVIAN AIRLINES SYSTEM,SWEDEN
EKCH,LEMG,VLG,45,8,5.0667,scheduled_duration_3h_or_more,EKCH → LEMG,17.7778,VUELING AIRLINES,SPAIN
EKCH,LEMG,ZZZ,246,38,5.15,scheduled_duration_3h_or_more,EKCH → LEMG,15.4472,Unknown / not identified,
GCTS,EGCC,EXS,259,26,0.65,scheduled_duration_3h_or_more,GCTS → EGCC,10.0386,JET2.COM LTD,UNITED KINGDOM
GCTS,EGCC,EZY,173,15,-3.55,scheduled_duration_3h_or_more,GCTS → EGCC,8.6705,EASYJET UK LTD,UNITED KINGDOM
GCTS,EGCC,RYR,155,15,1.5667,scheduled_duration_3h_or_more,GCTS → EGCC,9.6774,RYANAIR,IRELAND
GCTS,EGCC,ZZZ,131,10,-1.25,scheduled_duration_3h_or_more,GCTS → EGCC,7.6336,Unknown / not identified,
GCTS,EGKK,BAW,98,25,6.8667,scheduled_duration_3h_or_more,GCTS → EGKK,25.5102,BRITISH AIRWAYS,UNITED KINGDOM
GCTS,EGKK,EXS,1,0,9.3833,scheduled_duration_3h_or_more,GCTS → EGKK,0.0,JET2.COM LTD,UNITED KINGDOM
GCTS,EGKK,EZY,320,51,0.5417,scheduled_duration_3h_or_more,GCTS → EGKK,15.9375,EASYJET UK LTD,UNITED KINGDOM
GCTS,EGKK,VLG,10,2,-1.0167,scheduled_duration_3h_or_more,GCTS → EGKK,20.0,VUELING AIRLINES,SPAIN
GCTS,EGKK,ZZZ,116,10,-1.8,scheduled_duration_3h_or_more,GCTS → EGKK,8.6207,Unknown / not identified,
KBOS,EGLL,AAL,113,28,5.7333,scheduled_duration_3h_or_more,KBOS → EGLL,24.7788,AMERICAN AIRLINES INC.,UNITED STATES
KBOS,EGLL,BAW,291,134,13.35,scheduled_duration_3h_or_more,KBOS → EGLL,46.0481,BRITISH AIRWAYS,UNITED KINGDOM
KBOS,EGLL,DAL,104,62,23.0917,scheduled_duration_3h_or_more,KBOS → EGLL,59.6154,"DELTA AIR LINES, INC.",UNITED STATES
KBOS,EGLL,JBU,42,24,21.35,scheduled_duration_3h_or_more,KBOS → EGLL,57.1429,"JETBLUE AIRWAYS CORPORATION (NEW YORK, NY)",UNITED STATES
KBOS,EGLL,UAL,88,24,5.6917,scheduled_duration_3h_or_more,KBOS → EGLL,27.2727,"UNITED AIRLINES, INC. (CHICAGO, IL)",UNITED STATES
KBOS,EGLL,VIR,110,38,7.7583,scheduled_duration_3h_or_more,KBOS → EGLL,34.5455,VIRGIN ATLANTIC,UNITED KINGDOM
KEWR,EGLL,BAW,264,157,18.675,scheduled_duration_3h_or_more,KEWR → EGLL,59.4697,BRITISH AIRWAYS,UNITED KINGDOM
KEWR,EGLL,UAL,644,404,22.4917,scheduled_duration_3h_or_more,KEWR → EGLL,62.7329,"UNITED AIRLINES, INC. (CHICAGO, IL)",UNITED STATES
KIAD,EGLL,BAW,219,120,17.3167,scheduled_duration_3h_or_more,KIAD → EGLL,54.7945,BRITISH AIRWAYS,UNITED KINGDOM
KIAD,EGLL,UAL,264,132,14.9917,scheduled_duration_3h_or_more,KIAD → EGLL,50.0,"UNITED AIRLINES, INC. (CHICAGO, IL)",UNITED STATES
KIAD,EGLL,VIR,84,20,0.9167,scheduled_duration_3h_or_more,KIAD → EGLL,23.8095,VIRGIN ATLANTIC,UNITED KINGDOM
KJFK,EDDF,ABD,1,0,-36.4667,scheduled_duration_3h_or_more,KJFK → EDDF,0.0,AIR ATLANTA ICELANDIC,ICELAND
KJFK,EDDF,BOX,43,2,-20.55,scheduled_duration_3h_or_more,KJFK → EDDF,4.6512,"AEROLOGIC GMBH, LEIPZIG",GERMANY
KJFK,EDDF,CFG,60,33,16.7333,scheduled_duration_3h_or_more,KJFK → EDDF,55.0,"CONDOR FLUGDIENST GMBH, FRANKFURT (MAIN)",GERMANY
KJFK,EDDF,DAL,103,30,-5.0667,scheduled_duration_3h_or_more,KJFK → EDDF,29.1262,"DELTA AIR LINES, INC.",UNITED STATES
KJFK,EDDF,DLH,167,44,-0.0167,scheduled_duration_3h_or_more,KJFK → EDDF,26.3473,"DEUTSCHE LUFTHANSA, AG, KOELN",GERMANY
KJFK,EDDF,GEC,54,3,-23.7333,scheduled_duration_3h_or_more,KJFK → EDDF,5.5556,"LUFTHANSA CARGO AG, FRANKFURT (MAIN)",GERMANY
KJFK,EDDF,SIA,121,27,-1.0333,scheduled_duration_3h_or_more,KJFK → EDDF,22.314,SINGAPORE AIRLINES LIMITED,SINGAPORE
KJFK,EGLL,AAL,434,127,1.4,scheduled_duration_3h_or_more,KJFK → EGLL,29.2627,AMERICAN AIRLINES INC.,UNITED STATES
KJFK,EGLL,BAW,670,256,9.775,scheduled_duration_3h_or_more,KJFK → EGLL,38.209,BRITISH AIRWAYS,UNITED KINGDOM
KJFK,EGLL,DAL,215,125,21.8333,scheduled_duration_3h_or_more,KJFK → EGLL,58.1395,"DELTA AIR LINES, INC.",UNITED STATES
KJFK,EGLL,JBU,121,47,10.95,scheduled_duration_3h_or_more,KJFK → EGLL,38.843,"JETBLUE AIRWAYS CORPORATION (NEW YORK, NY)",UNITED STATES
KJFK,EGLL,SIA,1,0,-26.85,scheduled_duration_3h_or_more,KJFK → EGLL,0.0,SINGAPORE AIRLINES LIMITED,SINGAPORE
KJFK,EGLL,VIR,503,197,7.95,scheduled_duration_3h_or_more,KJFK → EGLL,39.165,VIRGIN ATLANTIC,UNITED KINGDOM
KJFK,LEMD,AAL,123,15,-7.35,scheduled_duration_3h_or_more,KJFK → LEMD,12.1951,AMERICAN AIRLINES INC.,UNITED STATES
KJFK,LEMD,AEA,64,17,7.0917,scheduled_duration_3h_or_more,KJFK → LEMD,26.5625,AIR EUROPA,SPAIN
KJFK,LEMD,DAL,123,42,4.9167,scheduled_duration_3h_or_more,KJFK → LEMD,34.1463,"DELTA AIR LINES, INC.",UNITED STATES
KJFK,LEMD,IBE,223,34,-5.25,scheduled_duration_3h_or_more,KJFK → LEMD,15.2466,"IBERIA - LINEAS AEREAS DE ESPANA, SOCIEDAD ANONIMA OPERADORA",SPAIN
KJFK,LFPG,AAL,121,19,-9.4667,scheduled_duration_3h_or_more,KJFK → LFPG,15.7025,AMERICAN AIRLINES INC.,UNITED STATES
KJFK,LFPG,AFR,660,300,13.2,scheduled_duration_3h_or_more,KJFK → LFPG,45.4545,AIR FRANCE,FRANCE
KJFK,LFPG,DAL,243,91,6.1667,scheduled_duration_3h_or_more,KJFK → LFPG,37.4486,"DELTA AIR LINES, INC.",UNITED STATES
KJFK,LIMC,AAL,121,15,-10.1,scheduled_duration_3h_or_more,KJFK → LIMC,12.3967,AMERICAN AIRLINES INC.,UNITED STATES
KJFK,LIMC,DAL,164,34,-8.9667,scheduled_duration_3h_or_more,KJFK → LIMC,20.7317,"DELTA AIR LINES, INC.",UNITED STATES
KJFK,LIMC,NOS,44,9,1.6417,scheduled_duration_3h_or_more,KJFK → LIMC,20.4545,NEOS S.P.A.,ITALY
KJFK,LIMC,UAE,122,27,-5.025,scheduled_duration_3h_or_more,KJFK → LIMC,22.1311,EMIRATES,UNITED ARAB EMIRATES
KJFK,LIMC,ZZZ,90,27,-1.1083,scheduled_duration_3h_or_more,KJFK → LIMC,30.0,Unknown / not identified,
KLAX,EGLL,AAL,212,101,14.1,scheduled_duration_3h_or_more,KLAX → EGLL,47.6415,AMERICAN AIRLINES INC.,UNITED STATES
KLAX,EGLL,AUA,1,0,-67.3,scheduled_duration_3h_or_more,KLAX → EGLL,0.0,AUSTRIAN AIRLINES (AUA) AG,AUSTRIA
KLAX,EGLL,BAW,280,225,25.45,scheduled_duration_3h_or_more,KLAX → EGLL,80.3571,BRITISH AIRWAYS,UNITED KINGDOM
KLAX,EGLL,SVA,1,0,8.6333,scheduled_duration_3h_or_more,KLAX → EGLL,0.0,SAUDI ARABIAN AIRLINES,SAUDI ARABIA
KLAX,EGLL,UAL,89,52,19.9833,scheduled_duration_3h_or_more,KLAX → EGLL,58.427,"UNITED AIRLINES, INC. (CHICAGO, IL)",UNITED STATES
KLAX,EGLL,VIR,299,146,14.6167,scheduled_duration_3h_or_more,KLAX → EGLL,48.8294,VIRGIN ATLANTIC,UNITED KINGDOM
KMIA,EGLL,AAL,185,134,23.7,scheduled_duration_3h_or_more,KMIA → EGLL,72.4324,AMERICAN AIRLINES INC.,UNITED STATES
KMIA,EGLL,BAW,208,179,34.9417,scheduled_duration_3h_or_more,KMIA → EGLL,86.0577,BRITISH AIRWAYS,UNITED KINGDOM
KMIA,EGLL,BCS,2,2,28.9,scheduled_duration_3h_or_more,KMIA → EGLL,100.0,"EUROPEAN AIR TRANSPORT, LEIPZIG",GERMANY
KMIA,EGLL,VIR,150,105,22.5083,scheduled_duration_3h_or_more,KMIA → EGLL,70.0,VIRGIN ATLANTIC,UNITED KINGDOM
KORD,EDDF,ABD,6,1,10.0917,scheduled_duration_3h_or_more,KORD → EDDF,16.6667,AIR ATLANTA ICELANDIC,ICELAND
KORD,EDDF,BCS,11,0,-11.6167,scheduled_duration_3h_or_more,KORD → EDDF,0.0,"EUROPEAN AIR TRANSPORT, LEIPZIG",GERMANY
KORD,EDDF,BOX,70,7,-19.3667,scheduled_duration_3h_or_more,KORD → EDDF,10.0,"AEROLOGIC GMBH, LEIPZIG",GERMANY
KORD,EDDF,DLH,186,41,0.5083,scheduled_duration_3h_or_more,KORD → EDDF,22.043,"DEUTSCHE LUFTHANSA, AG, KOELN",GERMANY
KORD,EDDF,ETD,31,2,-13.7333,scheduled_duration_3h_or_more,KORD → EDDF,6.4516,ETIHAD AIRWAYS,UNITED ARAB EMIRATES
KORD,EDDF,GEC,45,6,-19.7,scheduled_duration_3h_or_more,KORD → EDDF,13.3333,"LUFTHANSA CARGO AG, FRANKFURT (MAIN)",GERMANY
KORD,EDDF,GTI,32,18,24.5417,scheduled_duration_3h_or_more,KORD → EDDF,56.25,"ATLAS AIR, INC. (JAMAICA, NY)",UNITED STATES
KORD,EDDF,UAL,206,65,2.6417,scheduled_duration_3h_or_more,KORD → EDDF,31.5534,"UNITED AIRLINES, INC. (CHICAGO, IL)",UNITED STATES
KORD,EGLL,AAL,304,80,0.1083,scheduled_duration_3h_or_more,KORD → EGLL,26.3158,AMERICAN AIRLINES INC.,UNITED STATES
KORD,EGLL,BAW,227,125,16.2833,scheduled_duration_3h_or_more,KORD → EGLL,55.0661,BRITISH AIRWAYS,UNITED KINGDOM
KORD,EGLL,UAL,263,87,6.1,scheduled_duration_3h_or_more,KORD → EGLL,33.0798,"UNITED AIRLINES, INC. (CHICAGO, IL)",UNITED STATES
KSFO,EGLL,BAW,220,171,27.0083,scheduled_duration_3h_or_more,KSFO → EGLL,77.7273,BRITISH AIRWAYS,UNITED KINGDOM
KSFO,EGLL,UAL,277,206,23.6,scheduled_duration_3h_or_more,KSFO → EGLL,74.3682,"UNITED AIRLINES, INC. (CHICAGO, IL)",UNITED STATES
KSFO,EGLL,VIR,183,53,7.55,scheduled_duration_3h_or_more,KSFO → EGLL,28.9617,VIRGIN ATLANTIC,UNITED KINGDOM
LEBL,GCXO,RYR,119,10,0.45,scheduled_duration_3h_or_more,LEBL → GCXO,8.4034,RYANAIR,IRELAND
LEBL,GCXO,VLG,416,58,4.3083,scheduled_duration_3h_or_more,LEBL → GCXO,13.9423,VUELING AIRLINES,SPAIN
LEMD,KJFK,AAL,123,7,-2.2,scheduled_duration_3h_or_more,LEMD → KJFK,5.6911,AMERICAN AIRLINES INC.,UNITED STATES
LEMD,KJFK,AEA,63,16,7.25,scheduled_duration_3h_or_more,LEMD → KJFK,25.3968,AIR EUROPA,SPAIN
LEMD,KJFK,DAL,122,10,1.9833,scheduled_duration_3h_or_more,LEMD → KJFK,8.1967,"DELTA AIR LINES, INC.",UNITED STATES
LEMD,KJFK,IBE,222,25,1.8917,scheduled_duration_3h_or_more,LEMD → KJFK,11.2613,"IBERIA - LINEAS AEREAS DE ESPANA, SOCIEDAD ANONIMA OPERADORA",SPAIN
LEMD,MMMX,AMX,249,53,6.8833,scheduled_duration_3h_or_more,LEMD → MMMX,21.2851,"AEROVIAS DE MEXICO, S.A. DE C.V.",MEXICO
LEMD,MMMX,IBE,318,24,3.0583,scheduled_duration_3h_or_more,LEMD → MMMX,7.5472,"IBERIA - LINEAS AEREAS DE ESPANA, SOCIEDAD ANONIMA OPERADORA",SPAIN
LEMD,SKBO,AEA,119,40,8.8333,scheduled_duration_3h_or_more,LEMD → SKBO,33.6134,AIR EUROPA,SPAIN
LEMD,SKBO,AVA,348,25,0.8917,scheduled_duration_3h_or_more,LEMD → SKBO,7.1839,AEROVIAS DEL CONTINENTE AMERICANO S.A.,COLOMBIA
LEMD,SKBO,IBE,242,68,9.525,scheduled_duration_3h_or_more,LEMD → SKBO,28.0992,"IBERIA - LINEAS AEREAS DE ESPANA, SOCIEDAD ANONIMA OPERADORA",SPAIN
LEMD,SKBO,ZZZ,23,4,3.6667,scheduled_duration_3h_or_more,LEMD → SKBO,17.3913,Unknown / not identified,
LEMG,EKCH,RYR,119,11,-0.6333,scheduled_duration_3h_or_more,LEMG → EKCH,9.2437,RYANAIR,IRELAND
LEMG,EKCH,SAS,131,9,-2.25,scheduled_duration_3h_or_more,LEMG → EKCH,6.8702,SCANDINAVIAN AIRLINES SYSTEM,SWEDEN
LEMG,EKCH,VLG,45,7,-0.05,scheduled_duration_3h_or_more,LEMG → EKCH,15.5556,VUELING AIRLINES,SPAIN
LEMG,EKCH,ZZZ,246,16,0.4083,scheduled_duration_3h_or_more,LEMG → EKCH,6.5041,Unknown / not identified,
LFPG,CYUL,ACA,178,89,14.9917,scheduled_duration_3h_or_more,LFPG → CYUL,50.0,AIR CANADA,CANADA
LFPG,CYUL,AFR,283,142,15.0167,scheduled_duration_3h_or_more,LFPG → CYUL,50.1767,AIR FRANCE,FRANCE
LFPG,CYUL,TSC,178,69,11.3583,scheduled_duration_3h_or_more,LFPG → CYUL,38.764,AIR TRANSAT A.T. INC.,CANADA
LFPG,KJFK,AAL,121,26,7.0167,scheduled_duration_3h_or_more,LFPG → KJFK,21.4876,AMERICAN AIRLINES INC.,UNITED STATES
LFPG,KJFK,AFR,660,280,12.9167,scheduled_duration_3h_or_more,LFPG → KJFK,42.4242,AIR FRANCE,FRANCE
LFPG,KJFK,DAL,243,112,13.7333,scheduled_duration_3h_or_more,LFPG → KJFK,46.0905,"DELTA AIR LINES, INC.",UNITED STATES
LFPG,LLBG,AFR,175,97,16.3167,scheduled_duration_3h_or_more,LFPG → LLBG,55.4286,AIR FRANCE,FRANCE
LFPG,LLBG,AIZ,26,16,18.5167,scheduled_duration_3h_or_more,LFPG → LLBG,61.5385,ARKIA ISRAEL INLAND AIRLINES,ISRAEL
LFPG,LLBG,ELY,289,136,13.1667,scheduled_duration_3h_or_more,LFPG → LLBG,47.0588,EL AL - ISRAEL AIRLINES LTD.,ISRAEL
LFPG,LLBG,FDX,34,10,10.0167,scheduled_duration_3h_or_more,LFPG → LLBG,29.4118,FEDERAL EXPRESS CORPORATION,UNITED STATES
LFPG,LLBG,ZZZ,109,69,20.2167,scheduled_duration_3h_or_more,LFPG → LLBG,63.3028,Unknown / not identified,
LFPG,LTFM,AFR,93,16,3.9833,scheduled_duration_3h_or_more,LFPG → LTFM,17.2043,AIR FRANCE,FRANCE
LFPG,LTFM,FDX,96,7,-3.1417,scheduled_duration_3h_or_more,LFPG → LTFM,7.2917,FEDERAL EXPRESS CORPORATION,UNITED STATES
LFPG,LTFM,MNB,44,9,-0.0833,scheduled_duration_3h_or_more,LFPG → LTFM,20.4545,MNG HAVAYOLLARI VE TASIMACILIK A.S.,TURKEY
LFPG,LTFM,THY,584,248,11.0583,scheduled_duration_3h_or_more,LFPG → LTFM,42.4658,TURK HAVA YOLLARI (TURKISH AIRLINES CO.),TURKEY
LFPG,OMDB,AFR,193,126,20.4,scheduled_duration_3h_or_more,LFPG → OMDB,65.285,AIR FRANCE,FRANCE
LFPG,OMDB,FDX,108,79,21.4917,scheduled_duration_3h_or_more,LFPG → OMDB,73.1481,FEDERAL EXPRESS CORPORATION,UNITED STATES
LFPG,OMDB,UAE,366,245,20.9333,scheduled_duration_3h_or_more,LFPG → OMDB,66.9399,EMIRATES,UNITED ARAB EMIRATES
LFPG,OTHH,AFR,1,1,33.1667,scheduled_duration_3h_or_more,LFPG → OTHH,100.0,AIR FRANCE,FRANCE
LFPG,OTHH,QTR,500,352,23.3667,scheduled_duration_3h_or_more,LFPG → OTHH,70.4,QATAR AIRWAYS GROUP Q.C.S.C.,QATAR
LFPG,OTHH,ZZZ,1,0,6.0333,scheduled_duration_3h_or_more,LFPG → OTHH,0.0,Unknown / not identified,
LGAV,EGLL,AEE,334,94,7.0333,scheduled_duration_3h_or_more,LGAV → EGLL,28.1437,AEGEAN AIRLINES,GREECE
LGAV,EGLL,BAW,431,170,10.35,scheduled_duration_3h_or_more,LGAV → EGLL,39.4432,BRITISH AIRWAYS,UNITED KINGDOM
LGAV,EGLL,SEH,95,28,7.5,scheduled_duration_3h_or_more,LGAV → EGLL,29.4737,SKY EXPRESS S.A.,GREECE
LGAV,EHAM,AEE,120,37,8.2167,scheduled_duration_3h_or_more,LGAV → EHAM,30.8333,AEGEAN AIRLINES,GREECE
LGAV,EHAM,KLM,270,47,5.4333,scheduled_duration_3h_or_more,LGAV → EHAM,17.4074,KLM ROYAL DUTCH AIRLINES,NETHERLANDS
LGAV,EHAM,TRA,118,27,6.8333,scheduled_duration_3h_or_more,LGAV → EHAM,22.8814,TRANSAVIA HOLLAND B.V.,NETHERLANDS
LGAV,LFPG,AEE,312,42,3.25,scheduled_duration_3h_or_more,LGAV → LFPG,13.4615,AEGEAN AIRLINES,GREECE
LGAV,LFPG,AFR,303,34,1.8333,scheduled_duration_3h_or_more,LGAV → LFPG,11.2211,AIR FRANCE,FRANCE
LGAV,LFPG,SEH,113,19,4.25,scheduled_duration_3h_or_more,LGAV → LFPG,16.8142,SKY EXPRESS S.A.,GREECE
LGAV,LFPG,SWN,4,0,-0.1333,scheduled_duration_3h_or_more,LGAV → LFPG,0.0,WEST ATLANTIC SWEDEN AB,SWEDEN
LGAV,LFPG,ZZZ,15,1,-2.0167,scheduled_duration_3h_or_more,LGAV → LFPG,6.6667,Unknown / not identified,
LIMC,KJFK,AAL,122,15,3.3667,scheduled_duration_3h_or_more,LIMC → KJFK,12.2951,AMERICAN AIRLINES INC.,UNITED STATES
LIMC,KJFK,BCS,11,5,12.4667,scheduled_duration_3h_or_more,LIMC → KJFK,45.4545,"EUROPEAN AIR TRANSPORT, LEIPZIG",GERMANY
LIMC,KJFK,DAL,164,42,7.4417,scheduled_duration_3h_or_more,LIMC → KJFK,25.6098,"DELTA AIR LINES, INC.",UNITED STATES
LIMC,KJFK,NOS,44,12,9.05,scheduled_duration_3h_or_more,LIMC → KJFK,27.2727,NEOS S.P.A.,ITALY
LIMC,KJFK,UAE,122,39,9.5917,scheduled_duration_3h_or_more,LIMC → KJFK,31.9672,EMIRATES,UNITED ARAB EMIRATES
LIMC,KJFK,ZZZ,107,28,7.4667,scheduled_duration_3h_or_more,LIMC → KJFK,26.1682,Unknown / not identified,
LIRF,LLBG,AIZ,21,2,4.8167,scheduled_duration_3h_or_more,LIRF → LLBG,9.5238,ARKIA ISRAEL INLAND AIRLINES,ISRAEL
LIRF,LLBG,BBG,12,1,7.7917,scheduled_duration_3h_or_more,LIRF → LLBG,8.3333,BLUE BIRD AIRWAYS,GREECE
LIRF,LLBG,ELY,139,25,6.05,scheduled_duration_3h_or_more,LIRF → LLBG,17.9856,EL AL - ISRAEL AIRLINES LTD.,ISRAEL
LIRF,LLBG,ISR,13,1,-0.7167,scheduled_duration_3h_or_more,LIRF → LLBG,7.6923,ISRAIR LTD,ISRAEL
LIRF,LLBG,NOS,1,0,2.8333,scheduled_duration_3h_or_more,LIRF → LLBG,0.0,NEOS S.P.A.,ITALY
LIRF,LLBG,RYR,91,13,6.65,scheduled_duration_3h_or_more,LIRF → LLBG,14.2857,RYANAIR,IRELAND
LIRF,LLBG,WZZ,93,19,7.25,scheduled_duration_3h_or_more,LIRF → LLBG,20.4301,WIZZ AIR HUNGARY LTD,HUNGARY
LIRF,LLBG,ZZZ,182,24,2.625,scheduled_duration_3h_or_more,LIRF → LLBG,13.1868,Unknown / not identified,
LLBG,LFPG,AFR,175,60,11.3167,scheduled_duration_3h_or_more,LLBG → LFPG,34.2857,AIR FRANCE,FRANCE
LLBG,LFPG,AIZ,25,8,11.5333,scheduled_duration_3h_or_more,LLBG → LFPG,32.0,ARKIA ISRAEL INLAND AIRLINES,ISRAEL
LLBG,LFPG,ELY,290,36,5.4,scheduled_duration_3h_or_more,LLBG → LFPG,12.4138,EL AL - ISRAEL AIRLINES LTD.,ISRAEL
LLBG,LFPG,FDX,26,6,3.575,scheduled_duration_3h_or_more,LLBG → LFPG,23.0769,FEDERAL EXPRESS CORPORATION,UNITED STATES
LLBG,LFPG,TVF,11,10,36.4333,scheduled_duration_3h_or_more,LLBG → LFPG,90.9091,TRANSAVIA FRANCE,FRANCE
LLBG,LFPG,ZZZ,124,40,6.3167,scheduled_duration_3h_or_more,LLBG → LFPG,32.2581,Unknown / not identified,
LLBG,LHBP,BBG,17,1,-2.7,scheduled_duration_3h_or_more,LLBG → LHBP,5.8824,BLUE BIRD AIRWAYS,GREECE
LLBG,LHBP,BEL,1,0,-82.55,scheduled_duration_3h_or_more,LLBG → LHBP,0.0,BRUSSELS AIRLINES,BELGIUM
LLBG,LHBP,ELY,132,12,1.325,scheduled_duration_3h_or_more,LLBG → LHBP,9.0909,EL AL - ISRAEL AIRLINES LTD.,ISRAEL
LLBG,LHBP,ISR,20,6,5.5583,scheduled_duration_3h_or_more,LLBG → LHBP,30.0,ISRAIR LTD,ISRAEL
LLBG,LHBP,RYR,170,24,3.6833,scheduled_duration_3h_or_more,LLBG → LHBP,14.1176,RYANAIR,IRELAND
LLBG,LHBP,THY,3,0,4.45,scheduled_duration_3h_or_more,LLBG → LHBP,0.0,TURK HAVA YOLLARI (TURKISH AIRLINES CO.),TURKEY
LLBG,LHBP,WZZ,187,10,-2.3333,scheduled_duration_3h_or_more,LLBG → LHBP,5.3476,WIZZ AIR HUNGARY LTD,HUNGARY
LLBG,LIRF,AIZ,22,1,-1.4167,scheduled_duration_3h_or_more,LLBG → LIRF,4.5455,ARKIA ISRAEL INLAND AIRLINES,ISRAEL
LLBG,LIRF,BBG,13,1,-4.2333,scheduled_duration_3h_or_more,LLBG → LIRF,7.6923,BLUE BIRD AIRWAYS,GREECE
LLBG,LIRF,ELY,163,5,-1.7,scheduled_duration_3h_or_more,LLBG → LIRF,3.0675,EL AL - ISRAEL AIRLINES LTD.,ISRAEL
LLBG,LIRF,ISR,14,0,-2.6417,scheduled_duration_3h_or_more,LLBG → LIRF,0.0,ISRAIR LTD,ISRAEL
LLBG,LIRF,NOS,3,0,-13.1833,scheduled_duration_3h_or_more,LLBG → LIRF,0.0,NEOS S.P.A.,ITALY
LLBG,LIRF,RYR,98,16,0.65,scheduled_duration_3h_or_more,LLBG → LIRF,16.3265,RYANAIR,IRELAND
LLBG,LIRF,WZZ,98,3,-4.575,scheduled_duration_3h_or_more,LLBG → LIRF,3.0612,WIZZ AIR HUNGARY LTD,HUNGARY
LLBG,LIRF,ZZZ,209,13,-2.0667,scheduled_duration_3h_or_more,LLBG → LIRF,6.2201,Unknown / not identified,
LLBG,LOWW,AUA,242,54,7.1333,scheduled_duration_3h_or_more,LLBG → LOWW,22.314,AUSTRIAN AIRLINES (AUA) AG,AUSTRIA
LLBG,LOWW,DLH,1,0,-2.8,scheduled_duration_3h_or_more,LLBG → LOWW,0.0,"DEUTSCHE LUFTHANSA, AG, KOELN",GERMANY
LLBG,LOWW,ELY,69,9,5.5,scheduled_duration_3h_or_more,LLBG → LOWW,13.0435,EL AL - ISRAEL AIRLINES LTD.,ISRAEL
LLBG,LOWW,FDX,52,16,8.5583,scheduled_duration_3h_or_more,LLBG → LOWW,30.7692,FEDERAL EXPRESS CORPORATION,UNITED STATES
LLBG,LOWW,ISR,4,0,-2.7,scheduled_duration_3h_or_more,LLBG → LOWW,0.0,ISRAIR LTD,ISRAEL
LLBG,LOWW,RYR,151,41,8.15,scheduled_duration_3h_or_more,LLBG → LOWW,27.1523,RYANAIR,IRELAND
LLBG,LOWW,WZZ,81,8,-0.8333,scheduled_duration_3h_or_more,LLBG → LOWW,9.8765,WIZZ AIR HUNGARY LTD,HUNGARY
LOWW,LLBG,AUA,223,105,13.9,scheduled_duration_3h_or_more,LOWW → LLBG,47.0852,AUSTRIAN AIRLINES (AUA) AG,AUSTRIA
LOWW,LLBG,ELY,64,16,7.1333,scheduled_duration_3h_or_more,LOWW → LLBG,25.0,EL AL - ISRAEL AIRLINES LTD.,ISRAEL
LOWW,LLBG,FDX,36,9,10.0167,scheduled_duration_3h_or_more,LOWW → LLBG,25.0,FEDERAL EXPRESS CORPORATION,UNITED STATES
LOWW,LLBG,ISR,3,0,7.7167,scheduled_duration_3h_or_more,LOWW → LLBG,0.0,ISRAIR LTD,ISRAEL
LOWW,LLBG,RYR,144,39,8.9583,scheduled_duration_3h_or_more,LOWW → LLBG,27.0833,RYANAIR,IRELAND
LOWW,LLBG,WZZ,78,32,13.1833,scheduled_duration_3h_or_more,LOWW → LLBG,41.0256,WIZZ AIR HUNGARY LTD,HUNGARY
LOWW,LLBG,ZZZ,10,2,3.9583,scheduled_duration_3h_or_more,LOWW → LLBG,20.0,Unknown / not identified,
LTAI,EDDK,CAI,50,21,10.4417,scheduled_duration_3h_or_more,LTAI → EDDK,42.0,TURISTIK HAVA TASIMACILIK A.S.,TURKEY
LTAI,EDDK,EWG,13,5,8.9167,scheduled_duration_3h_or_more,LTAI → EDDK,38.4615,EUROWINGS GMBH,GERMANY
LTAI,EDDK,PGT,126,80,19.875,scheduled_duration_3h_or_more,LTAI → EDDK,63.4921,PEGASUS HAVA TASIMACILIGI A.S. (PEGASUS),TURKEY
LTAI,EDDK,SXS,286,129,13.7083,scheduled_duration_3h_or_more,LTAI → EDDK,45.1049,GUNES EKSPRES HAVACILIK A.S. (SUNEXPRESS),TURKEY
LTAI,EDDK,THY,116,47,11.5833,scheduled_duration_3h_or_more,LTAI → EDDK,40.5172,TURK HAVA YOLLARI (TURKISH AIRLINES CO.),TURKEY
LTAI,EDDL,CAI,104,33,3.425,scheduled_duration_3h_or_more,LTAI → EDDL,31.7308,TURISTIK HAVA TASIMACILIK A.S.,TURKEY
LTAI,EDDL,EWG,8,3,12.5,scheduled_duration_3h_or_more,LTAI → EDDL,37.5,EUROWINGS GMBH,GERMANY
LTAI,EDDL,PGT,149,52,8.1,scheduled_duration_3h_or_more,LTAI → EDDL,34.8993,PEGASUS HAVA TASIMACILIGI A.S. (PEGASUS),TURKEY
LTAI,EDDL,SXS,396,102,7.1917,scheduled_duration_3h_or_more,LTAI → EDDL,25.7576,GUNES EKSPRES HAVACILIK A.S. (SUNEXPRESS),TURKEY
LTAI,EDDL,THY,66,29,12.175,scheduled_duration_3h_or_more,LTAI → EDDL,43.9394,TURK HAVA YOLLARI (TURKISH AIRLINES CO.),TURKEY
LTAI,UUDD,PGT,190,50,4.3667,scheduled_duration_3h_or_more,LTAI → UUDD,26.3158,PEGASUS HAVA TASIMACILIGI A.S. (PEGASUS),TURKEY
LTAI,UUDD,SBI,42,6,0.1667,scheduled_duration_3h_or_more,LTAI → UUDD,14.2857,SIBERIA AIRLINES,RUSSIAN FEDERATION
LTAI,UUDD,THY,395,156,10.65,scheduled_duration_3h_or_more,LTAI → UUDD,39.4937,TURK HAVA YOLLARI (TURKISH AIRLINES CO.),TURKEY
LTAI,UUDD,ZZZ,2,1,2.0917,scheduled_duration_3h_or_more,LTAI → UUDD,50.0,Unknown / not identified,
LTAI,UUWW,THY,957,287,7.9333,scheduled_duration_3h_or_more,LTAI → UUWW,29.9896,TURK HAVA YOLLARI (TURKISH AIRLINES CO.),TURKEY
LTAI,UUWW,ZZZ,14,0,-6.8417,scheduled_duration_3h_or_more,LTAI → UUWW,0.0,Unknown / not identified,
LTFJ,EDDK,PGT,347,132,11.2,scheduled_duration_3h_or_more,LTFJ → EDDK,38.0403,PEGASUS HAVA TASIMACILIGI A.S. (PEGASUS),TURKEY
LTFJ,EDDK,SWT,1,0,-16.4833,scheduled_duration_3h_or_more,LTFJ → EDDK,0.0,SWIFTAIR S.A.,SPAIN
LTFJ,EDDK,THY,189,74,11.15,scheduled_duration_3h_or_more,LTFJ → EDDK,39.1534,TURK HAVA YOLLARI (TURKISH AIRLINES CO.),TURKEY
LTFJ,EDDK,ZZZ,1,0,-0.1667,scheduled_duration_3h_or_more,LTFJ → EDDK,0.0,Unknown / not identified,
LTFJ,EDDL,PGT,362,78,6.05,scheduled_duration_3h_or_more,LTFJ → EDDL,21.547,PEGASUS HAVA TASIMACILIGI A.S. (PEGASUS),TURKEY
LTFJ,EDDL,THY,220,41,4.0417,scheduled_duration_3h_or_more,LTFJ → EDDL,18.6364,TURK HAVA YOLLARI (TURKISH AIRLINES CO.),TURKEY
LTFJ,EDDL,ZZZ,1,0,-27.35,scheduled_duration_3h_or_more,LTFJ → EDDL,0.0,Unknown / not identified,
LTFJ,EGSS,PGT,447,203,13.4833,scheduled_duration_3h_or_more,LTFJ → EGSS,45.4139,PEGASUS HAVA TASIMACILIGI A.S. (PEGASUS),TURKEY
LTFJ,EGSS,THY,249,72,8.8667,scheduled_duration_3h_or_more,LTFJ → EGSS,28.9157,TURK HAVA YOLLARI (TURKISH AIRLINES CO.),TURKEY
LTFJ,EHAM,PGT,302,158,15.275,scheduled_duration_3h_or_more,LTFJ → EHAM,52.3179,PEGASUS HAVA TASIMACILIGI A.S. (PEGASUS),TURKEY
LTFJ,EHAM,THY,202,83,11.2583,scheduled_duration_3h_or_more,LTFJ → EHAM,41.0891,TURK HAVA YOLLARI (TURKISH AIRLINES CO.),TURKEY
LTFM,EDDF,DLH,190,21,-2.4583,scheduled_duration_3h_or_more,LTFM → EDDF,11.0526,"DEUTSCHE LUFTHANSA, AG, KOELN",GERMANY
LTFM,EDDF,GEC,48,3,-5.85,scheduled_duration_3h_or_more,LTFM → EDDF,6.25,"LUFTHANSA CARGO AG, FRANKFURT (MAIN)",GERMANY
LTFM,EDDF,SDR,1,0,-16.1833,scheduled_duration_3h_or_more,LTFM → EDDF,0.0,SUNDAIR GMBH,GERMANY
LTFM,EDDF,THY,392,41,-3.45,scheduled_duration_3h_or_more,LTFM → EDDF,10.4592,TURK HAVA YOLLARI (TURKISH AIRLINES CO.),TURKEY
LTFM,EGLL,BAW,276,144,15.9667,scheduled_duration_3h_or_more,LTFM → EGLL,52.1739,BRITISH AIRWAYS,UNITED KINGDOM
LTFM,EGLL,MNB,2,1,16.175,scheduled_duration_3h_or_more,LTFM → EGLL,50.0,MNG HAVAYOLLARI VE TASIMACILIK A.S.,TURKEY
LTFM,EGLL,THY,653,314,14.4667,scheduled_duration_3h_or_more,LTFM → EGLL,48.0858,TURK HAVA YOLLARI (TURKISH AIRLINES CO.),TURKEY
LTFM,EHAM,ACA,7,1,-7.9,scheduled_duration_3h_or_more,LTFM → EHAM,14.2857,AIR CANADA,CANADA
LTFM,EHAM,KLM,108,23,6.2167,scheduled_duration_3h_or_more,LTFM → EHAM,21.2963,KLM ROYAL DUTCH AIRLINES,NETHERLANDS
LTFM,EHAM,THY,561,158,8.5333,scheduled_duration_3h_or_more,LTFM → EHAM,28.164,TURK HAVA YOLLARI (TURKISH AIRLINES CO.),TURKEY
LTFM,EHAM,UAE,1,1,18.3333,scheduled_duration_3h_or_more,LTFM → EHAM,100.0,EMIRATES,UNITED ARAB EMIRATES
LTFM,HLLM,AAW,67,22,9.5167,scheduled_duration_3h_or_more,LTFM → HLLM,32.8358,AFRICAN AIRLINES CORPORATION,LIBYA
LTFM,HLLM,BRQ,57,10,2.0167,scheduled_duration_3h_or_more,LTFM → HLLM,17.5439,EL-BURAQ AIR TRANSPORT INC.,LIBYA
LTFM,HLLM,GMS,80,33,11.6,scheduled_duration_3h_or_more,LTFM → HLLM,41.25,GHADAMES AIR,LIBYA
LTFM,HLLM,LAA,56,14,1.175,scheduled_duration_3h_or_more,LTFM → HLLM,25.0,LIBYAN AIRLINES,LIBYA
LTFM,HLLM,LWA,251,45,-1.25,scheduled_duration_3h_or_more,LTFM → HLLM,17.9283,LIBYAN WINGS,LIBYA
LTFM,HLLM,ZZZ,21,6,6.5167,scheduled_duration_3h_or_more,LTFM → HLLM,28.5714,Unknown / not identified,
LTFM,LFPG,AFR,109,9,2.65,scheduled_duration_3h_or_more,LTFM → LFPG,8.2569,AIR FRANCE,FRANCE
LTFM,LFPG,FDX,112,24,5.55,scheduled_duration_3h_or_more,LTFM → LFPG,21.4286,FEDERAL EXPRESS CORPORATION,UNITED STATES
LTFM,LFPG,THY,732,223,8.1917,scheduled_duration_3h_or_more,LTFM → LFPG,30.4645,TURK HAVA YOLLARI (TURKISH AIRLINES CO.),TURKEY
LTFM,LFPG,ZZZ,1,0,-10.0667,scheduled_duration_3h_or_more,LTFM → LFPG,0.0,Unknown / not identified,
LTFM,OKBK,FHY,4,0,5.7833,scheduled_duration_3h_or_more,LTFM → OKBK,0.0,FREE BIRD AIRLINES (HURKUS HAVAYOLU TASIMACILIK VE TICARET A.S.),TURKEY
LTFM,OKBK,JZR,165,72,12.4,scheduled_duration_3h_or_more,LTFM → OKBK,43.6364,JAZEERA AIRWAYS,KUWAIT
LTFM,OKBK,KAC,203,38,3.8667,scheduled_duration_3h_or_more,LTFM → OKBK,18.7192,KUWAIT AIRWAYS CORPORATION,KUWAIT
LTFM,OKBK,THY,399,72,2.7667,scheduled_duration_3h_or_more,LTFM → OKBK,18.0451,TURK HAVA YOLLARI (TURKISH AIRLINES CO.),TURKEY
LTFM,OKBK,TWI,4,1,4.575,scheduled_duration_3h_or_more,LTFM → OKBK,25.0,TAILWIND HAVAYOLLARI A.S.,TURKEY
LTFM,OMDB,THY,389,83,5.6667,scheduled_duration_3h_or_more,LTFM → OMDB,21.3368,TURK HAVA YOLLARI (TURKISH AIRLINES CO.),TURKEY
LTFM,OMDB,UAE,314,118,11.3167,scheduled_duration_3h_or_more,LTFM → OMDB,37.5796,EMIRATES,UNITED ARAB EMIRATES
LTFM,OMDB,ZZZ,123,56,13.1167,scheduled_duration_3h_or_more,LTFM → OMDB,45.5285,Unknown / not identified,
LTFM,OTHH,QTR,314,142,13.1833,scheduled_duration_3h_or_more,LTFM → OTHH,45.2229,QATAR AIRWAYS GROUP Q.C.S.C.,QATAR
LTFM,OTHH,THY,356,60,3.6417,scheduled_duration_3h_or_more,LTFM → OTHH,16.8539,TURK HAVA YOLLARI (TURKISH AIRLINES CO.),TURKEY
LTFM,UAAA,KZR,153,28,4.7167,scheduled_duration_3h_or_more,LTFM → UAAA,18.3007,AIR ASTANA,KAZAKHSTAN
LTFM,UAAA,THY,452,38,-3.55,scheduled_duration_3h_or_more,LTFM → UAAA,8.4071,TURK HAVA YOLLARI (TURKISH AIRLINES CO.),TURKEY
LTFM,UTTT,THY,295,26,-3.3667,scheduled_duration_3h_or_more,LTFM → UTTT,8.8136,TURK HAVA YOLLARI (TURKISH AIRLINES CO.),TURKEY
LTFM,UTTT,UZB,279,79,9.8667,scheduled_duration_3h_or_more,LTFM → UTTT,28.3154,UZBEKISTAN AIRWAYS JSC,UZBEKISTAN
LTFM,UUWW,THY,637,128,4.5833,scheduled_duration_3h_or_more,LTFM → UUWW,20.0942,TURK HAVA YOLLARI (TURKISH AIRLINES CO.),TURKEY
LTFM,UUWW,ZZZ,61,15,2.0,scheduled_duration_3h_or_more,LTFM → UUWW,24.5902,Unknown / not identified,
MMMX,LEMD,AMX,250,223,35.9167,scheduled_duration_3h_or_more,MMMX → LEMD,89.2,"AEROVIAS DE MEXICO, S.A. DE C.V.",MEXICO
MMMX,LEMD,IBE,316,94,8.75,scheduled_duration_3h_or_more,MMMX → LEMD,29.7468,"IBERIA - LINEAS AEREAS DE ESPANA, SOCIEDAD ANONIMA OPERADORA",SPAIN
MMMX,LEMD,QTR,1,0,4.4,scheduled_duration_3h_or_more,MMMX → LEMD,0.0,QATAR AIRWAYS GROUP Q.C.S.C.,QATAR
OIIE,LTFM,CPN,10,1,5.5,scheduled_duration_3h_or_more,OIIE → LTFM,10.0,CASPIAN AIRLINES,IRAN (ISLAMIC REPUBLIC OF)
OIIE,LTFM,IRA,126,31,5.7667,scheduled_duration_3h_or_more,OIIE → LTFM,24.6032,IRAN NATIONAL AIRLINES CORP. (IRAN AIR),IRAN (ISLAMIC REPUBLIC OF)
OIIE,LTFM,IRB,170,24,2.9833,scheduled_duration_3h_or_more,OIIE → LTFM,14.1176,IRAN AIR TOURS CO.,IRAN (ISLAMIC REPUBLIC OF)
OIIE,LTFM,IRC,21,2,6.5,scheduled_duration_3h_or_more,OIIE → LTFM,9.5238,IRAN ASEMAN AIRLINE,IRAN (ISLAMIC REPUBLIC OF)
OIIE,LTFM,IRM,421,7,-15.5,scheduled_duration_3h_or_more,OIIE → LTFM,1.6627,MAHAN AIR,IRAN (ISLAMIC REPUBLIC OF)
OIIE,LTFM,THY,499,52,-1.5333,scheduled_duration_3h_or_more,OIIE → LTFM,10.4208,TURK HAVA YOLLARI (TURKISH AIRLINES CO.),TURKEY
OIIE,LTFM,ZZZ,368,57,-0.0083,scheduled_duration_3h_or_more,OIIE → LTFM,15.4891,Unknown / not identified,
OKBK,LTFJ,JZR,102,22,5.325,scheduled_duration_3h_or_more,OKBK → LTFJ,21.5686,JAZEERA AIRWAYS,KUWAIT
OKBK,LTFJ,KAC,103,11,-1.7833,scheduled_duration_3h_or_more,OKBK → LTFJ,10.6796,KUWAIT AIRWAYS CORPORATION,KUWAIT
OKBK,LTFJ,PGT,188,34,0.525,scheduled_duration_3h_or_more,OKBK → LTFJ,18.0851,PEGASUS HAVA TASIMACILIGI A.S. (PEGASUS),TURKEY
OKBK,LTFJ,THY,146,16,-3.575,scheduled_duration_3h_or_more,OKBK → LTFJ,10.9589,TURK HAVA YOLLARI (TURKISH AIRLINES CO.),TURKEY
OKBK,LTFM,FHY,3,0,-7.6333,scheduled_duration_3h_or_more,OKBK → LTFM,0.0,FREE BIRD AIRLINES (HURKUS HAVAYOLU TASIMACILIK VE TICARET A.S.),TURKEY
OKBK,LTFM,JZR,162,52,7.6417,scheduled_duration_3h_or_more,OKBK → LTFM,32.0988,JAZEERA AIRWAYS,KUWAIT
OKBK,LTFM,KAC,237,20,0.45,scheduled_duration_3h_or_more,OKBK → LTFM,8.4388,KUWAIT AIRWAYS CORPORATION,KUWAIT
OKBK,LTFM,QTR,8,4,14.4917,scheduled_duration_3h_or_more,OKBK → LTFM,50.0,QATAR AIRWAYS GROUP Q.C.S.C.,QATAR
OKBK,LTFM,THY,340,38,-4.975,scheduled_duration_3h_or_more,OKBK → LTFM,11.1765,TURK HAVA YOLLARI (TURKISH AIRLINES CO.),TURKEY
OKBK,LTFM,TWI,4,0,6.3,scheduled_duration_3h_or_more,OKBK → LTFM,0.0,TAILWIND HAVAYOLLARI A.S.,TURKEY
OMDB,EGLL,BAW,238,184,23.2583,scheduled_duration_3h_or_more,OMDB → EGLL,77.3109,BRITISH AIRWAYS,UNITED KINGDOM
OMDB,EGLL,RBA,14,13,23.3083,scheduled_duration_3h_or_more,OMDB → EGLL,92.8571,ROYAL BRUNEI AIRLINES,BRUNEI DARUSSALAM
OMDB,EGLL,UAE,739,687,29.4667,scheduled_duration_3h_or_more,OMDB → EGLL,92.9635,EMIRATES,UNITED ARAB EMIRATES
OMDB,LFPG,AFR,172,113,18.4583,scheduled_duration_3h_or_more,OMDB → LFPG,65.6977,AIR FRANCE,FRANCE
OMDB,LFPG,ALK,2,0,0.45,scheduled_duration_3h_or_more,OMDB → LFPG,0.0,SRILANKAN AIRLINES,SRI LANKA
OMDB,LFPG,FDX,204,112,17.475,scheduled_duration_3h_or_more,OMDB → LFPG,54.902,FEDERAL EXPRESS CORPORATION,UNITED STATES
OMDB,LFPG,UAE,363,305,24.9333,scheduled_duration_3h_or_more,OMDB → LFPG,84.022,EMIRATES,UNITED ARAB EMIRATES
OMDB,LLBG,AIZ,56,29,15.8167,scheduled_duration_3h_or_more,OMDB → LLBG,51.7857,ARKIA ISRAEL INLAND AIRLINES,ISRAEL
OMDB,LLBG,ELY,139,70,15.5167,scheduled_duration_3h_or_more,OMDB → LLBG,50.3597,EL AL - ISRAEL AIRLINES LTD.,ISRAEL
OMDB,LLBG,UAE,64,44,18.2667,scheduled_duration_3h_or_more,OMDB → LLBG,68.75,EMIRATES,UNITED ARAB EMIRATES
OMDB,LLBG,ZZZ,459,234,15.2667,scheduled_duration_3h_or_more,OMDB → LLBG,50.9804,Unknown / not identified,
OMDB,LTFM,THY,385,147,9.95,scheduled_duration_3h_or_more,OMDB → LTFM,38.1818,TURK HAVA YOLLARI (TURKISH AIRLINES CO.),TURKEY
OMDB,LTFM,UAE,312,164,15.7917,scheduled_duration_3h_or_more,OMDB → LTFM,52.5641,EMIRATES,UNITED ARAB EMIRATES
OMDB,LTFM,ZZZ,125,55,13.6,scheduled_duration_3h_or_more,OMDB → LTFM,44.0,Unknown / not identified,
OMDB,UUWW,AZV,7,3,14.7667,scheduled_duration_3h_or_more,OMDB → UUWW,42.8571,AZUR AIR,RUSSIAN FEDERATION
OMDB,UUWW,ZZZ,570,337,16.9833,scheduled_duration_3h_or_more,OMDB → UUWW,59.1228,Unknown / not identified,
OTHH,EGLL,BAW,78,62,27.0167,scheduled_duration_3h_or_more,OTHH → EGLL,79.4872,BRITISH AIRWAYS,UNITED KINGDOM
OTHH,EGLL,QTR,689,575,27.5833,scheduled_duration_3h_or_more,OTHH → EGLL,83.4543,QATAR AIRWAYS GROUP Q.C.S.C.,QATAR
OTHH,LTFM,QTR,300,110,10.075,scheduled_duration_3h_or_more,OTHH → LTFM,36.6667,QATAR AIRWAYS GROUP Q.C.S.C.,QATAR
OTHH,LTFM,THY,308,53,-0.0083,scheduled_duration_3h_or_more,OTHH → LTFM,17.2078,TURK HAVA YOLLARI (TURKISH AIRLINES CO.),TURKEY
RKSI,EDDF,AAR,91,76,26.9167,scheduled_duration_3h_or_more,RKSI → EDDF,83.5165,ASIANA AIRLINES,REPUBLIC OF KOREA
RKSI,EDDF,BOX,16,6,-2.075,scheduled_duration_3h_or_more,RKSI → EDDF,37.5,"AEROLOGIC GMBH, LEIPZIG",GERMANY
RKSI,EDDF,DLH,71,12,-0.2833,scheduled_duration_3h_or_more,RKSI → EDDF,16.9014,"DEUTSCHE LUFTHANSA, AG, KOELN",GERMANY
RKSI,EDDF,GEC,394,130,6.7917,scheduled_duration_3h_or_more,RKSI → EDDF,32.9949,"LUFTHANSA CARGO AG, FRANKFURT (MAIN)",GERMANY
RKSI,EDDF,KAL,156,76,14.675,scheduled_duration_3h_or_more,RKSI → EDDF,48.7179,"KOREAN AIR LINES CO., LTD.",REPUBLIC OF KOREA
SKBO,LEMD,AEA,118,69,17.3417,scheduled_duration_3h_or_more,SKBO → LEMD,58.4746,AIR EUROPA,SPAIN
SKBO,LEMD,AVA,347,190,16.4,scheduled_duration_3h_or_more,SKBO → LEMD,54.755,AEROVIAS DEL CONTINENTE AMERICANO S.A.,COLOMBIA
SKBO,LEMD,IBE,241,104,12.4833,scheduled_duration_3h_or_more,SKBO → LEMD,43.1535,"IBERIA - LINEAS AEREAS DE ESPANA, SOCIEDAD ANONIMA OPERADORA",SPAIN
UAAA,LTFM,KZR,153,46,8.7167,scheduled_duration_3h_or_more,UAAA → LTFM,30.0654,AIR ASTANA,KAZAKHSTAN
UAAA,LTFM,THY,396,159,10.2583,scheduled_duration_3h_or_more,UAAA → LTFM,40.1515,TURK HAVA YOLLARI (TURKISH AIRLINES CO.),TURKEY
UAAA,LTFM,WZZ,1,0,4.5333,scheduled_duration_3h_or_more,UAAA → LTFM,0.0,WIZZ AIR HUNGARY LTD,HUNGARY
UDYZ,UUWW,AMW,64,11,2.1167,scheduled_duration_3h_or_more,UDYZ → UUWW,17.1875,ARMENIA AIRWAYS AIR COMPANY,ARMENIA
UDYZ,UUWW,SHS,50,10,1.8833,scheduled_duration_3h_or_more,UDYZ → UUWW,20.0,SHIRAK AVIA LLC,ARMENIA
UDYZ,UUWW,UTA,152,75,14.8333,scheduled_duration_3h_or_more,UDYZ → UUWW,49.3421,UTAIR AVIATION,RUSSIAN FEDERATION
UDYZ,UUWW,ZZZ,565,184,6.5667,scheduled_duration_3h_or_more,UDYZ → UUWW,32.5664,Unknown / not identified,
UTTT,LTFM,THY,283,26,0.95,scheduled_duration_3h_or_more,UTTT → LTFM,9.1873,TURK HAVA YOLLARI (TURKISH AIRLINES CO.),TURKEY
UTTT,LTFM,UZB,279,84,10.5333,scheduled_duration_3h_or_more,UTTT → LTFM,30.1075,UZBEKISTAN AIRWAYS JSC,UZBEKISTAN
UUDD,LTAI,PGT,188,44,2.2833,scheduled_duration_3h_or_more,UUDD → LTAI,23.4043,PEGASUS HAVA TASIMACILIGI A.S. (PEGASUS),TURKEY
UUDD,LTAI,SBI,43,27,21.9,scheduled_duration_3h_or_more,UUDD → LTAI,62.7907,SIBERIA AIRLINES,RUSSIAN FEDERATION
UUDD,LTAI,THY,395,157,10.5333,scheduled_duration_3h_or_more,UUDD → LTAI,39.7468,TURK HAVA YOLLARI (TURKISH AIRLINES CO.),TURKEY
UUDD,LTAI,ZZZ,2,1,10.4083,scheduled_duration_3h_or_more,UUDD → LTAI,50.0,Unknown / not identified,
UUWW,LTAI,THY,954,628,22.5333,scheduled_duration_3h_or_more,UUWW → LTAI,65.8281,TURK HAVA YOLLARI (TURKISH AIRLINES CO.),TURKEY
UUWW,LTAI,ZZZ,14,7,15.0167,scheduled_duration_3h_or_more,UUWW → LTAI,50.0,Unknown / not identified,
UUWW,LTFM,THY,634,244,9.8,scheduled_duration_3h_or_more,UUWW → LTFM,38.4858,TURK HAVA YOLLARI (TURKISH AIRLINES CO.),TURKEY
UUWW,LTFM,ZZZ,59,24,9.8167,scheduled_duration_3h_or_more,UUWW → LTFM,40.678,Unknown / not identified,
UUWW,OMDB,AZV,8,7,22.4333,scheduled_duration_3h_or_more,UUWW → OMDB,87.5,AZUR AIR,RUSSIAN FEDERATION
UUWW,OMDB,ZZZ,574,494,34.9167,scheduled_duration_3h_or_more,UUWW → OMDB,86.0627,Unknown / not identified,
UUWW,UDYZ,AMW,62,33,16.1083,scheduled_duration_3h_or_more,UUWW → UDYZ,53.2258,ARMENIA AIRWAYS AIR COMPANY,ARMENIA
UUWW,UDYZ,SHS,48,29,16.65,scheduled_duration_3h_or_more,UUWW → UDYZ,60.4167,SHIRAK AVIA LLC,ARMENIA
UUWW,UDYZ,UTA,152,116,23.0667,scheduled_duration_3h_or_more,UUWW → UDYZ,76.3158,UTAIR AVIATION,RUSSIAN FEDERATION
UUWW,UDYZ,ZZZ,565,273,14.35,scheduled_duration_3h_or_more,UUWW → UDYZ,48.3186,Unknown / not identified,
VIDP,EGLL,AIC,193,139,20.6333,scheduled_duration_3h_or_more,VIDP → EGLL,72.0207,AIR INDIA LIMITED,INDIA
VIDP,EGLL,BAW,155,145,29.6,scheduled_duration_3h_or_more,VIDP → EGLL,93.5484,BRITISH AIRWAYS,UNITED KINGDOM
VIDP,EGLL,VIR,210,124,20.1167,scheduled_duration_3h_or_more,VIDP → EGLL,59.0476,VIRGIN ATLANTIC,UNITED KINGDOM
VIDP,EGLL,VTI,95,77,23.4167,scheduled_duration_3h_or_more,VIDP → EGLL,81.0526,TATA SIA AIRLINES LTD.,INDIA
WSSS,EGLL,BAW,139,112,24.9167,scheduled_duration_3h_or_more,WSSS → EGLL,80.5755,BRITISH AIRWAYS,UNITED KINGDOM
WSSS,EGLL,QFA,70,70,53.8833,scheduled_duration_3h_or_more,WSSS → EGLL,100.0,QANTAS AIRWAYS LIMITED,AUSTRALIA
WSSS,EGLL,SIA,458,356,24.15,scheduled_duration_3h_or_more,WSSS → EGLL,77.7293,SINGAPORE AIRLINES LIMITED,SINGAPORE
