operator_code,period,flight_count,delayed_over_15_count,median_arrival_delay_min,median_scheduled_duration_min,operator_name,operator_country,delay_over_15_pct,scope_id
AAL,2022-03,1943,407,3.8,496.2167,AMERICAN AIRLINES INC.,UNITED STATES,20.947,all_flights
AAL,2022-06,3516,931,5.8167,492.7417,AMERICAN AIRLINES INC.,UNITED STATES,26.479,all_flights
AAL,2022-09,3469,719,2.5833,494.1333,AMERICAN AIRLINES INC.,UNITED STATES,20.7264,all_flights
AAL,2022-12,2469,597,3.9167,498.2667,AMERICAN AIRLINES INC.,UNITED STATES,24.1798,all_flights
AAR,2022-03,93,35,7.6,577.1333,ASIANA AIRLINES,REPUBLIC OF KOREA,37.6344,all_flights
AAR,2022-06,217,146,23.8667,667.55,ASIANA AIRLINES,REPUBLIC OF KOREA,67.2811,all_flights
AAR,2022-09,325,202,22.5167,671.8833,ASIANA AIRLINES,REPUBLIC OF KOREA,62.1538,all_flights
AAR,2022-12,328,199,20.825,683.0167,ASIANA AIRLINES,REPUBLIC OF KOREA,60.6707,all_flights
ABB,2022-03,153,21,-0.4167,528.2167,AIR BELGIUM SA,BELGIUM,13.7255,all_flights
ABB,2022-06,219,67,4.4167,504.4167,AIR BELGIUM SA,BELGIUM,30.5936,all_flights
ABB,2022-09,176,56,6.3083,529.4667,AIR BELGIUM SA,BELGIUM,31.8182,all_flights
ABB,2022-12,118,50,9.7583,596.475,AIR BELGIUM SA,BELGIUM,42.3729,all_flights
ABD,2022-03,183,44,5.25,476.4833,AIR ATLANTA ICELANDIC,ICELAND,24.0437,all_flights
ABD,2022-06,168,74,11.7833,477.6917,AIR ATLANTA ICELANDIC,ICELAND,44.0476,all_flights
ABD,2022-09,184,65,10.2917,478.825,AIR ATLANTA ICELANDIC,ICELAND,35.3261,all_flights
ABD,2022-12,221,76,10.1667,467.6833,AIR ATLANTA ICELANDIC,ICELAND,34.3891,all_flights
ABY,2022-03,330,79,6.3083,251.05,AIR ARABIA,UNITED ARAB EMIRATES,23.9394,all_flights
ABY,2022-06,447,110,6.1,226.1,AIR ARABIA,UNITED ARAB EMIRATES,24.6085,all_flights
ABY,2022-09,599,184,7.2,244.4333,AIR ARABIA,UNITED ARAB EMIRATES,30.7179,all_flights
ABY,2022-12,729,259,8.8167,254.2833,AIR ARABIA,UNITED ARAB EMIRATES,35.5281,all_flights
ACA,2022-03,1146,661,19.0917,450.95,AIR CANADA,CANADA,57.6789,all_flights
ACA,2022-06,2475,1754,32.85,449.55,AIR CANADA,CANADA,70.8687,all_flights
ACA,2022-09,2625,1692,24.5333,451.3667,AIR CANADA,CANADA,64.4571,all_flights
ACA,2022-12,1692,1217,32.8083,455.725,AIR CANADA,CANADA,71.9267,all_flights
AEA,2022-03,4442,346,0.4167,83.475,AIR EUROPA,SPAIN,7.7893,all_flights
AEA,2022-06,5095,881,4.25,77.2833,AIR EUROPA,SPAIN,17.2915,all_flights
AEA,2022-09,5870,923,3.2667,72.3,AIR EUROPA,SPAIN,15.724,all_flights
AEA,2022-12,5843,860,2.8167,73.3833,AIR EUROPA,SPAIN,14.7185,all_flights
AEE,2022-03,4224,155,-1.7917,84.8083,AEGEAN AIRLINES,GREECE,3.6695,all_flights
AEE,2022-06,7630,1291,3.1667,95.9417,AEGEAN AIRLINES,GREECE,16.9201,all_flights
AEE,2022-09,7806,1083,2.2,100.55,AEGEAN AIRLINES,GREECE,13.8739,all_flights
AEE,2022-12,5747,370,-1.7167,92.85,AEGEAN AIRLINES,GREECE,6.4381,all_flights
AFL,2022-03,535,82,-2.1667,203.7,AEROFLOT - RUSSIAN AIRLINES,RUSSIAN FEDERATION,15.3271,all_flights
AFL,2022-06,935,115,-2.1,159.65,AEROFLOT - RUSSIAN AIRLINES,RUSSIAN FEDERATION,12.2995,all_flights
AFL,2022-09,1680,92,-6.4833,228.4667,AEROFLOT - RUSSIAN AIRLINES,RUSSIAN FEDERATION,5.4762,all_flights
AFL,2022-12,1653,444,3.2833,289.3833,AEROFLOT - RUSSIAN AIRLINES,RUSSIAN FEDERATION,26.8603,all_flights
AFR,2022-03,20782,3788,3.8,83.5833,AIR FRANCE,FRANCE,18.2273,all_flights
AFR,2022-06,24888,8221,8.6833,89.4167,AIR FRANCE,FRANCE,33.032,all_flights
AFR,2022-09,23736,7206,7.9667,90.85,AIR FRANCE,FRANCE,30.3589,all_flights
AFR,2022-12,22851,6648,7.5167,91.3167,AIR FRANCE,FRANCE,29.0928,all_flights
AHY,2022-03,1155,175,3.0167,72.0167,"AZERBAIJAN HAVA YOLLARI, NATIONAL AIRLINE",AZERBAIJAN,15.1515,all_flights
AHY,2022-06,1710,175,2.0667,73.15,"AZERBAIJAN HAVA YOLLARI, NATIONAL AIRLINE",AZERBAIJAN,10.2339,all_flights
AHY,2022-09,1757,184,1.9667,147.5,"AZERBAIJAN HAVA YOLLARI, NATIONAL AIRLINE",AZERBAIJAN,10.4724,all_flights
AHY,2022-12,1611,214,1.9,151.7833,"AZERBAIJAN HAVA YOLLARI, NATIONAL AIRLINE",AZERBAIJAN,13.2837,all_flights
AIC,2022-03,701,271,10.5167,586.2833,AIR INDIA LIMITED,INDIA,38.6591,all_flights
AIC,2022-06,731,378,15.55,556.45,AIR INDIA LIMITED,INDIA,51.71,all_flights
AIC,2022-09,759,291,10.85,554.3833,AIR INDIA LIMITED,INDIA,38.3399,all_flights
AIC,2022-12,871,356,11.0167,557.8167,AIR INDIA LIMITED,INDIA,40.8726,all_flights
AIZ,2022-03,188,46,5.75,170.4667,ARKIA ISRAEL INLAND AIRLINES,ISRAEL,24.4681,all_flights
AIZ,2022-06,188,51,5.8167,124.3583,ARKIA ISRAEL INLAND AIRLINES,ISRAEL,27.1277,all_flights
AIZ,2022-09,344,76,4.525,93.675,ARKIA ISRAEL INLAND AIRLINES,ISRAEL,22.093,all_flights
AIZ,2022-12,580,103,2.05,51.9,ARKIA ISRAEL INLAND AIRLINES,ISRAEL,17.7586,all_flights
AMC,2022-03,557,52,0.6833,142.3167,AIR MALTA PLC.,MALTA,9.3357,all_flights
AMC,2022-06,933,237,5.65,147.6667,AIR MALTA PLC.,MALTA,25.4019,all_flights
AMC,2022-09,1056,253,6.65,140.2167,AIR MALTA PLC.,MALTA,23.9583,all_flights
AMC,2022-12,879,171,3.4167,146.6333,AIR MALTA PLC.,MALTA,19.4539,all_flights
AMX,2022-03,292,153,15.65,634.7833,"AEROVIAS DE MEXICO, S.A. DE C.V.",MEXICO,52.3973,all_flights
AMX,2022-06,369,219,24.5833,630.5,"AEROVIAS DE MEXICO, S.A. DE C.V.",MEXICO,59.3496,all_flights
AMX,2022-09,375,201,16.4333,632.85,"AEROVIAS DE MEXICO, S.A. DE C.V.",MEXICO,53.6,all_flights
AMX,2022-12,405,192,13.7833,627.3833,"AEROVIAS DE MEXICO, S.A. DE C.V.",MEXICO,47.4074,all_flights
ANA,2022-03,157,54,8.7,775.7,"ALL NIPPON AIRWAYS CO., LTD.",JAPAN,34.3949,all_flights
ANA,2022-06,160,57,11.6667,824.0583,"ALL NIPPON AIRWAYS CO., LTD.",JAPAN,35.625,all_flights
ANA,2022-09,205,65,6.4,817.6167,"ALL NIPPON AIRWAYS CO., LTD.",JAPAN,31.7073,all_flights
ANA,2022-12,226,96,9.8667,823.55,"ALL NIPPON AIRWAYS CO., LTD.",JAPAN,42.4779,all_flights
ANE,2022-03,4876,217,-1.2083,60.0833,"AIR NOSTRUM LINEAS AEREAS DEL MEDITERRANEO, S.A.",SPAIN,4.4504,all_flights
ANE,2022-06,5926,756,2.4667,61.4083,"AIR NOSTRUM LINEAS AEREAS DEL MEDITERRANEO, S.A.",SPAIN,12.7573,all_flights
ANE,2022-09,6032,623,1.0833,60.6917,"AIR NOSTRUM LINEAS AEREAS DEL MEDITERRANEO, S.A.",SPAIN,10.3282,all_flights
ANE,2022-12,5227,523,0.65,60.0,"AIR NOSTRUM LINEAS AEREAS DEL MEDITERRANEO, S.A.",SPAIN,10.0057,all_flights
APF,2022-03,513,11,-6.8333,60.1167,AMAPOLA FLYG AB,SWEDEN,2.1442,all_flights
APF,2022-06,480,8,-6.975,63.0417,AMAPOLA FLYG AB,SWEDEN,1.6667,all_flights
APF,2022-09,527,6,-6.5167,63.35,AMAPOLA FLYG AB,SWEDEN,1.1385,all_flights
APF,2022-12,615,31,-3.0167,55.4167,AMAPOLA FLYG AB,SWEDEN,5.0407,all_flights
ASL,2022-03,1630,133,-1.5333,92.3083,AIR SERBIA,SERBIA,8.1595,all_flights
ASL,2022-06,2754,545,2.2167,92.9167,AIR SERBIA,SERBIA,19.7894,all_flights
ASL,2022-09,3009,709,4.8833,91.6,AIR SERBIA,SERBIA,23.5626,all_flights
ASL,2022-12,2759,321,0.2667,93.1833,AIR SERBIA,SERBIA,11.6347,all_flights
AUA,2022-03,5353,352,0.6667,84.2,AUSTRIAN AIRLINES (AUA) AG,AUSTRIA,6.5758,all_flights
AUA,2022-06,9567,2142,6.3833,85.45,AUSTRIAN AIRLINES (AUA) AG,AUSTRIA,22.3895,all_flights
AUA,2022-09,10245,1960,6.4333,83.25,AUSTRIAN AIRLINES (AUA) AG,AUSTRIA,19.1313,all_flights
AUA,2022-12,7441,1271,4.4,83.5,AUSTRIAN AIRLINES (AUA) AG,AUSTRIA,17.081,all_flights
AUL,2022-03,84,11,2.5,98.3583,"SMARTAVIA AIRLINES, JOINT STOCK COMPANY",RUSSIAN FEDERATION,13.0952,all_flights
AUL,2022-06,212,35,1.3917,99.1333,"SMARTAVIA AIRLINES, JOINT STOCK COMPANY",RUSSIAN FEDERATION,16.5094,all_flights
AUL,2022-09,207,34,2.25,97.7667,"SMARTAVIA AIRLINES, JOINT STOCK COMPANY",RUSSIAN FEDERATION,16.4251,all_flights
AUL,2022-12,94,42,13.7,99.1667,"SMARTAVIA AIRLINES, JOINT STOCK COMPANY",RUSSIAN FEDERATION,44.6809,all_flights
AUR,2022-03,863,11,-7.4667,42.5167,AURIGNY AIR SERVICES LTD.,UNITED KINGDOM,1.2746,all_flights
AUR,2022-06,1127,36,-6.4,42.7667,AURIGNY AIR SERVICES LTD.,UNITED KINGDOM,3.1943,all_flights
AUR,2022-09,1145,77,-4.8,42.8667,AURIGNY AIR SERVICES LTD.,UNITED KINGDOM,6.7249,all_flights
AUR,2022-12,943,51,-3.8,43.75,AURIGNY AIR SERVICES LTD.,UNITED KINGDOM,5.4083,all_flights
AVA,2022-03,215,84,8.9,582.2833,AEROVIAS DEL CONTINENTE AMERICANO S.A.,COLOMBIA,39.0698,all_flights
AVA,2022-06,359,114,8.0833,575.85,AEROVIAS DEL CONTINENTE AMERICANO S.A.,COLOMBIA,31.7549,all_flights
AVA,2022-09,359,103,6.45,576.5,AEROVIAS DEL CONTINENTE AMERICANO S.A.,COLOMBIA,28.6908,all_flights
AVA,2022-12,403,104,6.5667,584.5167,AEROVIAS DEL CONTINENTE AMERICANO S.A.,COLOMBIA,25.8065,all_flights
AZG,2022-03,476,160,7.3417,376.0583,SILK WAY WEST AIRLINES,AZERBAIJAN,33.6134,all_flights
AZG,2022-06,468,180,10.1333,375.2417,SILK WAY WEST AIRLINES,AZERBAIJAN,38.4615,all_flights
AZG,2022-09,467,196,10.5333,309.7667,SILK WAY WEST AIRLINES,AZERBAIJAN,41.97,all_flights
AZG,2022-12,513,162,7.5333,302.1167,SILK WAY WEST AIRLINES,AZERBAIJAN,31.5789,all_flights
AZV,2022-03,131,52,10.5,381.1833,AZUR AIR,RUSSIAN FEDERATION,39.6947,all_flights
AZV,2022-06,114,20,1.7583,313.775,AZUR AIR,RUSSIAN FEDERATION,17.5439,all_flights
AZV,2022-09,333,67,2.4333,286.2333,AZUR AIR,RUSSIAN FEDERATION,20.1201,all_flights
AZV,2022-12,24,16,25.6167,518.525,AZUR AIR,RUSSIAN FEDERATION,66.6667,all_flights
BAW,2022-03,13026,3626,7.9583,132.5417,BRITISH AIRWAYS,UNITED KINGDOM,27.8366,all_flights
BAW,2022-06,16455,7230,12.85,140.7333,BRITISH AIRWAYS,UNITED KINGDOM,43.938,all_flights
BAW,2022-09,16444,6917,12.1,146.4583,BRITISH AIRWAYS,UNITED KINGDOM,42.064,all_flights
BAW,2022-12,16148,5989,10.3167,132.775,BRITISH AIRWAYS,UNITED KINGDOM,37.0882,all_flights
BBD,2022-03,488,26,-7.8083,107.8667,BLUEBIRD NORDIC LTD,ICELAND,5.3279,all_flights
BBD,2022-06,439,61,-2.3167,111.4167,BLUEBIRD NORDIC LTD,ICELAND,13.8952,all_flights
BBD,2022-09,357,56,1.5167,112.9,BLUEBIRD NORDIC LTD,ICELAND,15.6863,all_flights
BBD,2022-12,305,48,0.9667,123.1333,BLUEBIRD NORDIC LTD,ICELAND,15.7377,all_flights
BCS,2022-03,6361,268,-5.2333,91.2833,"EUROPEAN AIR TRANSPORT, LEIPZIG",GERMANY,4.2132,all_flights
BCS,2022-06,6011,691,-1.6167,88.8833,"EUROPEAN AIR TRANSPORT, LEIPZIG",GERMANY,11.4956,all_flights
BCS,2022-09,6439,627,-1.85,88.65,"EUROPEAN AIR TRANSPORT, LEIPZIG",GERMANY,9.7375,all_flights
BCS,2022-12,6515,607,-2.8333,92.4167,"EUROPEAN AIR TRANSPORT, LEIPZIG",GERMANY,9.317,all_flights
BEL,2022-03,3246,180,-1.9333,95.8917,BRUSSELS AIRLINES,BELGIUM,5.5453,all_flights
BEL,2022-06,4646,931,3.5583,104.3083,BRUSSELS AIRLINES,BELGIUM,20.0387,all_flights
BEL,2022-09,5448,819,2.2417,101.6333,BRUSSELS AIRLINES,BELGIUM,15.033,all_flights
BEL,2022-12,4303,499,0.2,95.7333,BRUSSELS AIRLINES,BELGIUM,11.5966,all_flights
BLA,2022-03,545,56,3.1,145.9,BLUE AIR AVIATION S.A.,ROMANIA,10.2752,all_flights
BLA,2022-06,1614,318,4.45,149.6583,BLUE AIR AVIATION S.A.,ROMANIA,19.7026,all_flights
BLA,2022-09,416,102,6.3583,145.3083,BLUE AIR AVIATION S.A.,ROMANIA,24.5192,all_flights
BOX,2022-03,933,117,-1.0833,493.0167,"AEROLOGIC GMBH, LEIPZIG",GERMANY,12.5402,all_flights
BOX,2022-06,868,150,1.0667,508.2917,"AEROLOGIC GMBH, LEIPZIG",GERMANY,17.2811,all_flights
BOX,2022-09,923,157,0.0167,501.15,"AEROLOGIC GMBH, LEIPZIG",GERMANY,17.0098,all_flights
BOX,2022-12,888,144,-0.375,512.5833,"AEROLOGIC GMBH, LEIPZIG",GERMANY,16.2162,all_flights
BRU,2022-03,327,33,-7.8833,268.35,BELAVIA,BELARUS,10.0917,all_flights
BRU,2022-06,385,23,-3.7833,255.8833,BELAVIA,BELARUS,5.974,all_flights
BRU,2022-09,438,44,-0.9417,244.5917,BELAVIA,BELARUS,10.0457,all_flights
BRU,2022-12,474,75,3.2333,253.85,BELAVIA,BELARUS,15.8228,all_flights
BRX,2022-03,1458,16,-3.1167,68.5333,BRAATHENS REGIONAL AIRWAYS AB,SWEDEN,1.0974,all_flights
BRX,2022-06,1816,28,-1.3,68.3167,BRAATHENS REGIONAL AIRWAYS AB,SWEDEN,1.5419,all_flights
BRX,2022-09,2198,18,-2.2417,67.075,BRAATHENS REGIONAL AIRWAYS AB,SWEDEN,0.8189,all_flights
BRX,2022-12,1985,57,-0.5167,65.75,BRAATHENS REGIONAL AIRWAYS AB,SWEDEN,2.8715,all_flights
BTI,2022-03,2324,85,0.2167,116.0,AIR BALTIC CORPORATION JSC,LATVIA,3.6575,all_flights
BTI,2022-06,3355,492,3.4,112.75,AIR BALTIC CORPORATION JSC,LATVIA,14.6647,all_flights
BTI,2022-09,3265,367,2.6833,115.4833,AIR BALTIC CORPORATION JSC,LATVIA,11.2404,all_flights
BTI,2022-12,3031,508,4.95,110.1,AIR BALTIC CORPORATION JSC,LATVIA,16.7601,all_flights
CAI,2022-03,192,19,0.075,191.825,TURISTIK HAVA TASIMACILIK A.S.,TURKEY,9.8958,all_flights
CAI,2022-06,1057,468,12.45,208.5667,TURISTIK HAVA TASIMACILIK A.S.,TURKEY,44.2763,all_flights
CAI,2022-09,1133,272,5.3833,213.2,TURISTIK HAVA TASIMACILIK A.S.,TURKEY,24.0071,all_flights
CAI,2022-12,123,17,1.7333,248.7,TURISTIK HAVA TASIMACILIK A.S.,TURKEY,13.8211,all_flights
CAL,2022-03,215,65,8.85,762.15,CHINA AIRLINES,CHINA,30.2326,all_flights
CAL,2022-06,156,82,15.3083,789.9083,CHINA AIRLINES,CHINA,52.5641,all_flights
CAL,2022-09,198,89,13.6,800.1667,CHINA AIRLINES,CHINA,44.9495,all_flights
CAL,2022-12,230,144,19.1667,745.2667,CHINA AIRLINES,CHINA,62.6087,all_flights
CAO,2022-03,111,17,-2.1667,633.95,"AIR CHINA CARGO CO., LTD",CHINA,15.3153,all_flights
CAO,2022-06,143,30,0.6,627.3333,"AIR CHINA CARGO CO., LTD",CHINA,20.979,all_flights
CAO,2022-09,127,32,-1.6833,640.0167,"AIR CHINA CARGO CO., LTD",CHINA,25.1969,all_flights
CAO,2022-12,154,38,2.0583,642.1833,"AIR CHINA CARGO CO., LTD",CHINA,24.6753,all_flights
CCA,2022-03,472,118,3.7583,629.5333,AIR CHINA,CHINA,25.0,all_flights
CCA,2022-06,524,135,5.0,595.8917,AIR CHINA,CHINA,25.7634,all_flights
CCA,2022-09,400,102,4.5083,591.6,AIR CHINA,CHINA,25.5,all_flights
CCA,2022-12,321,89,6.7333,623.5,AIR CHINA,CHINA,27.7259,all_flights
CCM,2022-03,1459,73,-3.7667,50.8667,AIR CORSICA,FRANCE,5.0034,all_flights
CCM,2022-06,1951,207,0.2667,61.9,AIR CORSICA,FRANCE,10.6099,all_flights
CCM,2022-09,1906,237,-0.675,66.75,AIR CORSICA,FRANCE,12.4344,all_flights
CCM,2022-12,1566,193,1.0167,53.7917,AIR CORSICA,FRANCE,12.3244,all_flights
CES,2022-03,184,41,2.3833,712.6333,CHINA EASTERN AIRLINES,CHINA,22.2826,all_flights
CES,2022-06,322,139,11.0833,690.625,CHINA EASTERN AIRLINES,CHINA,43.1677,all_flights
CES,2022-09,174,65,9.85,664.95,CHINA EASTERN AIRLINES,CHINA,37.3563,all_flights
CES,2022-12,190,73,10.475,699.3,CHINA EASTERN AIRLINES,CHINA,38.4211,all_flights
CFE,2022-03,2298,138,-0.775,73.3833,BA CITYFLYER LTD,UNITED KINGDOM,6.0052,all_flights
CFE,2022-06,2906,712,6.3333,78.8583,BA CITYFLYER LTD,UNITED KINGDOM,24.501,all_flights
CFE,2022-09,2928,593,4.325,77.2,BA CITYFLYER LTD,UNITED KINGDOM,20.2527,all_flights
CFE,2022-12,2355,367,2.7167,75.4167,BA CITYFLYER LTD,UNITED KINGDOM,15.5839,all_flights
CFG,2022-03,1551,326,5.0,271.3833,"CONDOR FLUGDIENST GMBH, FRANKFURT (MAIN)",GERMANY,21.0187,all_flights
CFG,2022-06,4304,1480,9.3,178.4833,"CONDOR FLUGDIENST GMBH, FRANKFURT (MAIN)",GERMANY,34.3866,all_flights
CFG,2022-09,4575,1324,7.6333,173.3833,"CONDOR FLUGDIENST GMBH, FRANKFURT (MAIN)",GERMANY,28.9399,all_flights
CFG,2022-12,1961,702,8.7167,289.9,"CONDOR FLUGDIENST GMBH, FRANKFURT (MAIN)",GERMANY,35.7981,all_flights
CLG,2022-03,442,13,-2.4417,63.3083,CHALAIR AVIATION,FRANCE,2.9412,all_flights
CLG,2022-06,402,18,-1.9417,68.2583,CHALAIR AVIATION,FRANCE,4.4776,all_flights
CLG,2022-09,388,26,-3.1917,67.8,CHALAIR AVIATION,FRANCE,6.701,all_flights
CLG,2022-12,359,18,-3.8167,72.85,CHALAIR AVIATION,FRANCE,5.0139,all_flights
CLX,2022-03,1033,275,4.2833,469.75,CARGOLUX AIRLINES INTERNATIONAL S.A.,LUXEMBOURG,26.6215,all_flights
CLX,2022-06,955,406,12.1167,466.7,CARGOLUX AIRLINES INTERNATIONAL S.A.,LUXEMBOURG,42.5131,all_flights
CLX,2022-09,916,328,8.7,464.9167,CARGOLUX AIRLINES INTERNATIONAL S.A.,LUXEMBOURG,35.8079,all_flights
CLX,2022-12,917,302,8.2667,467.5833,CARGOLUX AIRLINES INTERNATIONAL S.A.,LUXEMBOURG,32.9335,all_flights
CPA,2022-03,146,53,9.2083,707.1,CATHAY PACIFIC AIRWAYS LTD.,CHINA,36.3014,all_flights
CPA,2022-06,245,135,16.35,713.0667,CATHAY PACIFIC AIRWAYS LTD.,CHINA,55.102,all_flights
CPA,2022-09,286,160,18.3333,716.8417,CATHAY PACIFIC AIRWAYS LTD.,CHINA,55.9441,all_flights
CPA,2022-12,438,267,19.9417,725.325,CATHAY PACIFIC AIRWAYS LTD.,CHINA,60.9589,all_flights
CRL,2022-03,395,162,11.6333,506.3833,CORSAIR,FRANCE,41.0127,all_flights
CRL,2022-06,347,151,11.9167,494.1167,CORSAIR,FRANCE,43.5159,all_flights
CRL,2022-09,384,169,12.2083,498.5917,CORSAIR,FRANCE,44.0104,all_flights
CRL,2022-12,449,231,15.4167,516.3333,CORSAIR,FRANCE,51.4477,all_flights
CSN,2022-03,311,125,10.6667,686.9167,CHINA SOUTHERN AIRLINES,CHINA,40.1929,all_flights
CSN,2022-06,314,140,12.7083,666.5667,CHINA SOUTHERN AIRLINES,CHINA,44.586,all_flights
CSN,2022-09,238,94,9.975,668.325,CHINA SOUTHERN AIRLINES,CHINA,39.4958,all_flights
CSN,2022-12,230,87,9.5667,688.1667,CHINA SOUTHERN AIRLINES,CHINA,37.8261,all_flights
CTN,2022-03,1435,46,-3.8,72.8167,CROATIA AIRLINES,CROATIA,3.2056,all_flights
CTN,2022-06,2326,356,1.75,79.1583,CROATIA AIRLINES,CROATIA,15.3052,all_flights
CTN,2022-09,2374,353,2.9167,78.6917,CROATIA AIRLINES,CROATIA,14.8694,all_flights
CTN,2022-12,1722,202,0.6083,72.825,CROATIA AIRLINES,CROATIA,11.7305,all_flights
CXI,2022-03,446,15,-4.4167,264.6333,CORENDON AIRLINES EUROPE,MALTA,3.3632,all_flights
CXI,2022-06,541,133,5.4,240.1167,CORENDON AIRLINES EUROPE,MALTA,24.5841,all_flights
CXI,2022-09,453,83,2.65,231.6167,CORENDON AIRLINES EUROPE,MALTA,18.3223,all_flights
CXI,2022-12,164,13,-1.0167,269.3917,CORENDON AIRLINES EUROPE,MALTA,7.9268,all_flights
CYP,2022-03,64,2,-1.35,85.7,CYPRUS AIRWAYS,CYPRUS,3.125,all_flights
CYP,2022-06,283,53,5.35,82.7667,CYPRUS AIRWAYS,CYPRUS,18.7279,all_flights
CYP,2022-09,291,32,3.15,93.1667,CYPRUS AIRWAYS,CYPRUS,10.9966,all_flights
CYP,2022-12,266,12,-1.075,90.0333,CYPRUS AIRWAYS,CYPRUS,4.5113,all_flights
DAH,2022-03,479,202,12.05,133.65,AIR ALGERIE,ALGERIA,42.1712,all_flights
DAH,2022-06,1485,634,11.75,127.85,AIR ALGERIE,ALGERIA,42.6936,all_flights
DAH,2022-09,2117,699,8.9833,125.65,AIR ALGERIE,ALGERIA,33.0184,all_flights
DAH,2022-12,2728,884,8.6333,127.4667,AIR ALGERIE,ALGERIA,32.4047,all_flights
DAL,2022-03,2183,628,6.1167,489.2833,"DELTA AIR LINES, INC.",UNITED STATES,28.7678,all_flights
DAL,2022-06,4400,2000,13.05,492.1583,"DELTA AIR LINES, INC.",UNITED STATES,45.4545,all_flights
DAL,2022-09,4354,1428,8.1917,494.4083,"DELTA AIR LINES, INC.",UNITED STATES,32.7974,all_flights
DAL,2022-12,3240,1233,9.6833,494.05,"DELTA AIR LINES, INC.",UNITED STATES,38.0556,all_flights
DHK,2022-03,690,63,-0.1667,102.2667,DHL AIR LIMITED,UNITED KINGDOM,9.1304,all_flights
DHK,2022-06,695,107,2.85,109.7667,DHL AIR LIMITED,UNITED KINGDOM,15.3957,all_flights
DHK,2022-09,692,112,3.2833,108.8833,DHL AIR LIMITED,UNITED KINGDOM,16.185,all_flights
DHK,2022-12,808,114,1.875,110.4417,DHL AIR LIMITED,UNITED KINGDOM,14.1089,all_flights
DLA,2022-03,929,61,-3.5,69.2,AIR DOLOMITI,ITALY,6.5662,all_flights
DLA,2022-06,2263,464,3.0,77.05,AIR DOLOMITI,ITALY,20.5038,all_flights
DLA,2022-09,2298,417,2.8667,72.6417,AIR DOLOMITI,ITALY,18.1462,all_flights
DLA,2022-12,1670,248,-0.4333,70.7417,AIR DOLOMITI,ITALY,14.8503,all_flights
DLH,2022-03,25265,1595,-2.1833,87.7833,"DEUTSCHE LUFTHANSA, AG, KOELN",GERMANY,6.3131,all_flights
DLH,2022-06,35785,5621,1.5667,97.5667,"DEUTSCHE LUFTHANSA, AG, KOELN",GERMANY,15.7077,all_flights
DLH,2022-09,33746,4806,1.7167,93.7667,"DEUTSCHE LUFTHANSA, AG, KOELN",GERMANY,14.2417,all_flights
DLH,2022-12,28921,4534,0.6833,92.3167,"DEUTSCHE LUFTHANSA, AG, KOELN",GERMANY,15.6772,all_flights
EDW,2022-03,761,69,-1.6,250.4167,EDELWEISS AIR AG,SWITZERLAND,9.067,all_flights
EDW,2022-06,1568,167,-2.0167,163.15,EDELWEISS AIR AG,SWITZERLAND,10.6505,all_flights
EDW,2022-09,1848,181,-0.775,165.8,EDELWEISS AIR AG,SWITZERLAND,9.7944,all_flights
EDW,2022-12,1016,159,0.7,245.8417,EDELWEISS AIR AG,SWITZERLAND,15.6496,all_flights
EIN,2022-03,4528,300,-3.0167,94.2583,AER LINGUS TEORANTA,IRELAND,6.6254,all_flights
EIN,2022-06,6044,1344,3.95,125.1667,AER LINGUS TEORANTA,IRELAND,22.2369,all_flights
EIN,2022-09,5822,1076,2.3,129.3667,AER LINGUS TEORANTA,IRELAND,18.4816,all_flights
EIN,2022-12,4767,722,0.2833,106.7,AER LINGUS TEORANTA,IRELAND,15.1458,all_flights
ELY,2022-03,1810,372,4.3667,257.8833,EL AL - ISRAEL AIRLINES LTD.,ISRAEL,20.5525,all_flights
ELY,2022-06,2177,535,5.9833,247.35,EL AL - ISRAEL AIRLINES LTD.,ISRAEL,24.5751,all_flights
ELY,2022-09,2391,494,5.9,242.6667,EL AL - ISRAEL AIRLINES LTD.,ISRAEL,20.6608,all_flights
ELY,2022-12,2204,443,5.0667,256.6,EL AL - ISRAEL AIRLINES LTD.,ISRAEL,20.0998,all_flights
ETD,2022-03,1469,416,8.2833,389.1833,ETIHAD AIRWAYS,UNITED ARAB EMIRATES,28.3186,all_flights
ETD,2022-06,1602,523,9.425,385.1833,ETIHAD AIRWAYS,UNITED ARAB EMIRATES,32.6467,all_flights
ETD,2022-09,1747,412,6.5,389.6667,ETIHAD AIRWAYS,UNITED ARAB EMIRATES,23.5833,all_flights
ETD,2022-12,1729,416,5.7167,396.8,ETIHAD AIRWAYS,UNITED ARAB EMIRATES,24.0602,all_flights
ETH,2022-03,1413,379,6.5667,415.7833,ETHIOPIAN AIRLINES CORPORATION,ETHIOPIA,26.8224,all_flights
ETH,2022-06,1471,596,11.35,405.1333,ETHIOPIAN AIRLINES CORPORATION,ETHIOPIA,40.5167,all_flights
ETH,2022-09,1503,537,9.3167,402.8333,ETHIOPIAN AIRLINES CORPORATION,ETHIOPIA,35.7285,all_flights
ETH,2022-12,1644,651,10.4917,404.2167,ETHIOPIAN AIRLINES CORPORATION,ETHIOPIA,39.5985,all_flights
EVA,2022-03,129,38,8.3,795.6833,EVA AIRWAYS CORPORATION,CHINA,29.4574,all_flights
EVA,2022-06,135,75,15.9833,809.4667,EVA AIRWAYS CORPORATION,CHINA,55.5556,all_flights
EVA,2022-09,130,104,28.8917,699.4167,EVA AIRWAYS CORPORATION,CHINA,80.0,all_flights
EVA,2022-12,266,196,28.5417,733.2167,EVA AIRWAYS CORPORATION,CHINA,73.6842,all_flights
EWG,2022-03,7634,424,-1.6917,107.9083,EUROWINGS GMBH,GERMANY,5.5541,all_flights
EWG,2022-06,13251,3854,7.05,128.4667,EUROWINGS GMBH,GERMANY,29.0846,all_flights
EWG,2022-09,13602,2868,4.6333,126.3667,EUROWINGS GMBH,GERMANY,21.0851,all_flights
EWG,2022-12,6332,839,1.1,104.875,EUROWINGS GMBH,GERMANY,13.2502,all_flights
EXS,2022-03,4503,325,0.4,229.1333,JET2.COM LTD,UNITED KINGDOM,7.2174,all_flights
EXS,2022-06,10998,3704,8.4167,201.475,JET2.COM LTD,UNITED KINGDOM,33.6789,all_flights
EXS,2022-09,11036,2968,5.4333,205.6417,JET2.COM LTD,UNITED KINGDOM,26.8938,all_flights
EXS,2022-12,3721,530,0.7333,237.3,JET2.COM LTD,UNITED KINGDOM,14.2435,all_flights
EZE,2022-03,621,25,-2.7667,60.9833,EASTERN AIRWAYS (UK) LIMITED,UNITED KINGDOM,4.0258,all_flights
EZE,2022-06,824,67,-0.175,61.075,EASTERN AIRWAYS (UK) LIMITED,UNITED KINGDOM,8.1311,all_flights
EZE,2022-09,630,61,0.5167,63.9833,EASTERN AIRWAYS (UK) LIMITED,UNITED KINGDOM,9.6825,all_flights
EZE,2022-12,592,60,0.1917,58.55,EASTERN AIRWAYS (UK) LIMITED,UNITED KINGDOM,10.1351,all_flights
EZS,2022-03,4220,253,-4.4,98.475,EASY JET SWITZERLAND SA,SWITZERLAND,5.9953,all_flights
EZS,2022-06,4650,772,0.775,97.15,EASY JET SWITZERLAND SA,SWITZERLAND,16.6022,all_flights
EZS,2022-09,4719,702,0.45,97.4833,EASY JET SWITZERLAND SA,SWITZERLAND,14.876,all_flights
EZS,2022-12,4092,613,0.65,101.325,EASY JET SWITZERLAND SA,SWITZERLAND,14.9804,all_flights
EZY,2022-03,16130,931,-4.3667,102.125,EASYJET UK LTD,UNITED KINGDOM,5.7719,all_flights
EZY,2022-06,22378,6041,5.2333,131.5083,EASYJET UK LTD,UNITED KINGDOM,26.9953,all_flights
EZY,2022-09,23807,5519,4.1833,132.9333,EASYJET UK LTD,UNITED KINGDOM,23.1823,all_flights
EZY,2022-12,16847,2163,0.0667,106.95,EASYJET UK LTD,UNITED KINGDOM,12.8391,all_flights
FDX,2022-03,2062,523,3.7333,117.3667,FEDERAL EXPRESS CORPORATION,UNITED STATES,25.3637,all_flights
FDX,2022-06,1770,572,8.0,194.0167,FEDERAL EXPRESS CORPORATION,UNITED STATES,32.3164,all_flights
FDX,2022-09,1721,542,8.7333,183.2833,FEDERAL EXPRESS CORPORATION,UNITED STATES,31.4933,all_flights
FDX,2022-12,1750,481,5.1167,188.1417,FEDERAL EXPRESS CORPORATION,UNITED STATES,27.4857,all_flights
FIN,2022-03,6543,526,1.35,115.6333,FINNAIR OYJ,FINLAND,8.0391,all_flights
FIN,2022-06,7531,1217,3.9667,120.2333,FINNAIR OYJ,FINLAND,16.1599,all_flights
FIN,2022-09,7931,783,1.6667,116.3667,FINNAIR OYJ,FINLAND,9.8727,all_flights
FIN,2022-12,8149,1595,4.6167,101.8833,FINNAIR OYJ,FINLAND,19.573,all_flights
FLI,2022-03,210,35,5.2083,117.55,"ATLANTIC AIRWAYS, FAROE ISLANDS P/F",DENMARK,16.6667,all_flights
FLI,2022-06,380,81,5.7,118.125,"ATLANTIC AIRWAYS, FAROE ISLANDS P/F",DENMARK,21.3158,all_flights
FLI,2022-09,353,41,2.3833,118.5667,"ATLANTIC AIRWAYS, FAROE ISLANDS P/F",DENMARK,11.6147,all_flights
FLI,2022-12,228,44,3.9333,120.2083,"ATLANTIC AIRWAYS, FAROE ISLANDS P/F",DENMARK,19.2982,all_flights
FPY,2022-03,190,24,4.0333,188.6083,FLY PLAY,ICELAND,12.6316,all_flights
FPY,2022-06,441,102,6.2833,186.45,FLY PLAY,ICELAND,23.1293,all_flights
FPY,2022-09,447,56,0.8833,192.3,FLY PLAY,ICELAND,12.528,all_flights
FPY,2022-12,344,71,5.6417,184.7083,FLY PLAY,ICELAND,20.6395,all_flights
FWI,2022-03,361,126,10.85,486.0,AIR CARAIBES,FRANCE,34.903,all_flights
FWI,2022-06,209,92,13.0167,484.6667,AIR CARAIBES,FRANCE,44.0191,all_flights
FWI,2022-09,177,79,12.7,486.7667,AIR CARAIBES,FRANCE,44.6328,all_flights
FWI,2022-12,345,184,16.35,498.2833,AIR CARAIBES,FRANCE,53.3333,all_flights
GEC,2022-03,454,89,2.8583,656.8917,"LUFTHANSA CARGO AG, FRANKFURT (MAIN)",GERMANY,19.6035,all_flights
GEC,2022-06,514,85,2.575,569.75,"LUFTHANSA CARGO AG, FRANKFURT (MAIN)",GERMANY,16.537,all_flights
GEC,2022-09,491,92,3.0833,615.45,"LUFTHANSA CARGO AG, FRANKFURT (MAIN)",GERMANY,18.7373,all_flights
GEC,2022-12,586,161,3.775,536.3417,"LUFTHANSA CARGO AG, FRANKFURT (MAIN)",GERMANY,27.4744,all_flights
GFA,2022-03,496,180,8.5417,342.8417,GULF AIR,BAHRAIN,36.2903,all_flights
GFA,2022-06,645,217,9.5833,348.5,GULF AIR,BAHRAIN,33.6434,all_flights
GFA,2022-09,700,242,7.95,342.6583,GULF AIR,BAHRAIN,34.5714,all_flights
GFA,2022-12,688,274,10.1083,350.3917,GULF AIR,BAHRAIN,39.8256,all_flights
GTI,2022-03,300,95,6.725,508.125,"ATLAS AIR, INC. (JAMAICA, NY)",UNITED STATES,31.6667,all_flights
GTI,2022-06,135,56,8.0833,490.05,"ATLAS AIR, INC. (JAMAICA, NY)",UNITED STATES,41.4815,all_flights
GTI,2022-09,167,52,6.05,495.8333,"ATLAS AIR, INC. (JAMAICA, NY)",UNITED STATES,31.1377,all_flights
GTI,2022-12,202,65,3.375,513.5,"ATLAS AIR, INC. (JAMAICA, NY)",UNITED STATES,32.1782,all_flights
GWI,2022-03,1847,48,-3.5833,63.8,"GERMANWINGS GMBH, KOELN",GERMANY,2.5988,all_flights
GWI,2022-06,1257,224,3.4833,65.7,"GERMANWINGS GMBH, KOELN",GERMANY,17.8202,all_flights
GWI,2022-09,1619,328,3.6667,65.1833,"GERMANWINGS GMBH, KOELN",GERMANY,20.2594,all_flights
GWI,2022-12,1398,165,0.75,63.9833,"GERMANWINGS GMBH, KOELN",GERMANY,11.8026,all_flights
HVN,2022-03,118,29,4.1917,720.175,HANG KHONG VIET NAM,VIET NAM,24.5763,all_flights
HVN,2022-06,124,80,20.0583,725.6833,HANG KHONG VIET NAM,VIET NAM,64.5161,all_flights
HVN,2022-09,111,57,15.6167,718.9833,HANG KHONG VIET NAM,VIET NAM,51.3514,all_flights
HVN,2022-12,237,136,18.2167,738.0667,HANG KHONG VIET NAM,VIET NAM,57.384,all_flights
IAW,2022-03,254,81,6.4333,157.1667,IRAQI AIRWAYS,IRAQ,31.8898,all_flights
IAW,2022-06,346,98,6.0583,154.3917,IRAQI AIRWAYS,IRAQ,28.3237,all_flights
IAW,2022-09,453,163,6.9,155.5333,IRAQI AIRWAYS,IRAQ,35.9823,all_flights
IAW,2022-12,330,138,10.6833,159.5583,IRAQI AIRWAYS,IRAQ,41.8182,all_flights
IBB,2022-03,3561,58,-6.25,42.3667,BINTER CANARIAS,SPAIN,1.6288,all_flights
IBB,2022-06,3646,61,-5.7333,42.5167,BINTER CANARIAS,SPAIN,1.6731,all_flights
IBB,2022-09,4136,130,-5.4417,44.9167,BINTER CANARIAS,SPAIN,3.1431,all_flights
IBB,2022-12,4034,230,-4.4833,43.7167,BINTER CANARIAS,SPAIN,5.7015,all_flights
IBE,2022-03,6812,538,1.0667,119.2583,"IBERIA - LINEAS AEREAS DE ESPANA, SOCIEDAD ANONIMA OPERADORA",SPAIN,7.8978,all_flights
IBE,2022-06,7198,1239,4.4,130.4167,"IBERIA - LINEAS AEREAS DE ESPANA, SOCIEDAD ANONIMA OPERADORA",SPAIN,17.2131,all_flights
IBE,2022-09,7448,1265,4.1,129.8917,"IBERIA - LINEAS AEREAS DE ESPANA, SOCIEDAD ANONIMA OPERADORA",SPAIN,16.9844,all_flights
IBE,2022-12,7778,1298,3.6417,125.925,"IBERIA - LINEAS AEREAS DE ESPANA, SOCIEDAD ANONIMA OPERADORA",SPAIN,16.6881,all_flights
ICE,2022-03,840,199,7.55,180.1333,ICELANDAIR,ICELAND,23.6905,all_flights
ICE,2022-06,1701,680,11.5167,180.9167,ICELANDAIR,ICELAND,39.9765,all_flights
ICE,2022-09,1559,476,8.85,180.6167,ICELANDAIR,ICELAND,30.5324,all_flights
ICE,2022-12,1054,424,11.8583,182.8583,ICELANDAIR,ICELAND,40.2277,all_flights
IRA,2022-03,253,80,7.9167,187.0667,IRAN NATIONAL AIRLINES CORP. (IRAN AIR),IRAN (ISLAMIC REPUBLIC OF),31.6206,all_flights
IRA,2022-06,172,68,11.2667,266.3917,IRAN NATIONAL AIRLINES CORP. (IRAN AIR),IRAN (ISLAMIC REPUBLIC OF),39.5349,all_flights
IRA,2022-09,320,102,7.75,187.8167,IRAN NATIONAL AIRLINES CORP. (IRAN AIR),IRAN (ISLAMIC REPUBLIC OF),31.875,all_flights
IRA,2022-12,164,69,11.8833,285.275,IRAN NATIONAL AIRLINES CORP. (IRAN AIR),IRAN (ISLAMIC REPUBLIC OF),42.0732,all_flights
IRB,2022-03,278,90,7.8,181.65,IRAN AIR TOURS CO.,IRAN (ISLAMIC REPUBLIC OF),32.3741,all_flights
IRB,2022-06,193,62,9.1,181.1,IRAN AIR TOURS CO.,IRAN (ISLAMIC REPUBLIC OF),32.1244,all_flights
IRB,2022-09,201,48,5.7333,180.7667,IRAN AIR TOURS CO.,IRAN (ISLAMIC REPUBLIC OF),23.8806,all_flights
IRB,2022-12,145,43,8.1833,180.2833,IRAN AIR TOURS CO.,IRAN (ISLAMIC REPUBLIC OF),29.6552,all_flights
IRM,2022-03,230,23,-6.8,188.125,MAHAN AIR,IRAN (ISLAMIC REPUBLIC OF),10.0,all_flights
IRM,2022-06,270,29,-5.25,194.5583,MAHAN AIR,IRAN (ISLAMIC REPUBLIC OF),10.7407,all_flights
IRM,2022-09,320,55,-2.1917,192.3083,MAHAN AIR,IRAN (ISLAMIC REPUBLIC OF),17.1875,all_flights
IRM,2022-12,306,38,-8.675,193.9083,MAHAN AIR,IRAN (ISLAMIC REPUBLIC OF),12.4183,all_flights
ISR,2022-03,535,77,0.6,63.7833,ISRAIR LTD,ISRAEL,14.3925,all_flights
ISR,2022-06,485,81,1.0167,66.4333,ISRAIR LTD,ISRAEL,16.701,all_flights
ISR,2022-09,527,90,1.2,67.9333,ISRAIR LTD,ISRAEL,17.0778,all_flights
ISR,2022-12,471,65,2.0167,66.55,ISRAIR LTD,ISRAEL,13.8004,all_flights
JAL,2022-03,125,19,4.7,887.5833,"JAPAN AIRLINES CO., LTD",JAPAN,15.2,all_flights
JAL,2022-06,180,62,7.6583,839.5333,"JAPAN AIRLINES CO., LTD",JAPAN,34.4444,all_flights
JAL,2022-09,246,51,0.4667,824.925,"JAPAN AIRLINES CO., LTD",JAPAN,20.7317,all_flights
JAL,2022-12,268,61,4.45,821.0583,"JAPAN AIRLINES CO., LTD",JAPAN,22.7612,all_flights
JBU,2022-03,125,21,-3.0167,433.5667,"JETBLUE AIRWAYS CORPORATION (NEW YORK, NY)",UNITED STATES,16.8,all_flights
JBU,2022-06,120,39,7.2333,434.1917,"JETBLUE AIRWAYS CORPORATION (NEW YORK, NY)",UNITED STATES,32.5,all_flights
JBU,2022-09,193,43,3.0,427.85,"JETBLUE AIRWAYS CORPORATION (NEW YORK, NY)",UNITED STATES,22.2798,all_flights
JBU,2022-12,305,34,-0.8,437.0667,"JETBLUE AIRWAYS CORPORATION (NEW YORK, NY)",UNITED STATES,11.1475,all_flights
JON,2022-03,268,1,-13.925,53.1333,JOON,FRANCE,0.3731,all_flights
JON,2022-06,249,1,-13.6167,52.55,JOON,FRANCE,0.4016,all_flights
JON,2022-09,306,2,-12.1333,51.025,JOON,FRANCE,0.6536,all_flights
JON,2022-12,238,2,-10.0333,55.6,JOON,FRANCE,0.8403,all_flights
JZR,2022-03,160,61,10.1,195.925,JAZEERA AIRWAYS,KUWAIT,38.125,all_flights
JZR,2022-06,374,123,9.7083,186.5917,JAZEERA AIRWAYS,KUWAIT,32.8877,all_flights
JZR,2022-09,410,143,8.6833,187.8,JAZEERA AIRWAYS,KUWAIT,34.878,all_flights
JZR,2022-12,188,59,7.675,195.9083,JAZEERA AIRWAYS,KUWAIT,31.383,all_flights
KAC,2022-03,417,88,3.0833,213.8667,KUWAIT AIRWAYS CORPORATION,KUWAIT,21.1031,all_flights
KAC,2022-06,762,260,8.7917,284.1917,KUWAIT AIRWAYS CORPORATION,KUWAIT,34.1207,all_flights
KAC,2022-09,768,211,6.2083,300.2083,KUWAIT AIRWAYS CORPORATION,KUWAIT,27.474,all_flights
KAC,2022-12,700,225,7.9,329.825,KUWAIT AIRWAYS CORPORATION,KUWAIT,32.1429,all_flights
KAL,2022-03,359,88,4.1667,664.35,"KOREAN AIR LINES CO., LTD.",REPUBLIC OF KOREA,24.5125,all_flights
KAL,2022-06,353,164,13.5,700.6833,"KOREAN AIR LINES CO., LTD.",REPUBLIC OF KOREA,46.4589,all_flights
KAL,2022-09,549,226,11.35,694.6,"KOREAN AIR LINES CO., LTD.",REPUBLIC OF KOREA,41.1658,all_flights
KAL,2022-12,582,239,11.8417,712.8417,"KOREAN AIR LINES CO., LTD.",REPUBLIC OF KOREA,41.0653,all_flights
KLM,2022-03,15619,1888,4.0833,87.7667,KLM ROYAL DUTCH AIRLINES,NETHERLANDS,12.0878,all_flights
KLM,2022-06,17954,5502,9.1,89.4417,KLM ROYAL DUTCH AIRLINES,NETHERLANDS,30.645,all_flights
KLM,2022-09,17867,4477,7.6333,89.0333,KLM ROYAL DUTCH AIRLINES,NETHERLANDS,25.0574,all_flights
KLM,2022-12,15214,3238,6.3667,86.7,KLM ROYAL DUTCH AIRLINES,NETHERLANDS,21.283,all_flights
KNE,2022-03,84,25,1.3333,221.8167,FLYNAS COMPANY CLOSED JOINT STOCK COMPANY,SAUDI ARABIA,29.7619,all_flights
KNE,2022-06,537,138,1.9833,217.6,FLYNAS COMPANY CLOSED JOINT STOCK COMPANY,SAUDI ARABIA,25.6983,all_flights
KNE,2022-09,781,211,1.8,204.3833,FLYNAS COMPANY CLOSED JOINT STOCK COMPANY,SAUDI ARABIA,27.0166,all_flights
KNE,2022-12,412,146,8.5333,230.1083,FLYNAS COMPANY CLOSED JOINT STOCK COMPANY,SAUDI ARABIA,35.4369,all_flights
KQA,2022-03,170,67,11.925,500.1667,KENYA AIRWAYS LTD.,KENYA,39.4118,all_flights
KQA,2022-06,200,118,17.9083,499.0667,KENYA AIRWAYS LTD.,KENYA,59.0,all_flights
KQA,2022-09,188,102,16.9083,489.65,KENYA AIRWAYS LTD.,KENYA,54.2553,all_flights
KQA,2022-12,246,164,23.7167,511.1,KENYA AIRWAYS LTD.,KENYA,66.6667,all_flights
KTB,2022-03,166,5,-7.275,31.55,TRANSAVIABALTIKA,LITHUANIA,3.012,all_flights
KTB,2022-06,121,0,-6.8833,31.15,TRANSAVIABALTIKA,LITHUANIA,0.0,all_flights
KTB,2022-09,198,1,-4.8917,31.55,TRANSAVIABALTIKA,LITHUANIA,0.5051,all_flights
KTB,2022-12,128,14,0.7583,31.85,TRANSAVIABALTIKA,LITHUANIA,10.9375,all_flights
KZR,2022-03,395,136,9.1333,305.0833,AIR ASTANA,KAZAKHSTAN,34.4304,all_flights
KZR,2022-06,944,230,6.05,302.3417,AIR ASTANA,KAZAKHSTAN,24.3644,all_flights
KZR,2022-09,819,140,2.9333,299.05,AIR ASTANA,KAZAKHSTAN,17.094,all_flights
KZR,2022-12,530,155,6.3667,311.6583,AIR ASTANA,KAZAKHSTAN,29.2453,all_flights
LBT,2022-03,371,62,5.75,141.5167,NOUVEL AIR TUNISIE,TUNISIA,16.7116,all_flights
LBT,2022-06,768,201,7.675,144.9083,NOUVEL AIR TUNISIE,TUNISIA,26.1719,all_flights
LBT,2022-09,772,234,8.5833,146.5083,NOUVEL AIR TUNISIE,TUNISIA,30.3109,all_flights
LBT,2022-12,586,129,6.2,145.8,NOUVEL AIR TUNISIE,TUNISIA,22.0137,all_flights
LGL,2022-03,1810,40,-7.7,98.8333,LUXAIR - SOCIETE LUXEMBOURGEOISE DE NAVIGATION AERIENNE S.A.,LUXEMBOURG,2.2099,all_flights
LGL,2022-06,2782,379,-0.95,107.95,LUXAIR - SOCIETE LUXEMBOURGEOISE DE NAVIGATION AERIENNE S.A.,LUXEMBOURG,13.6233,all_flights
LGL,2022-09,2914,355,-0.9667,110.3333,LUXAIR - SOCIETE LUXEMBOURGEOISE DE NAVIGATION AERIENNE S.A.,LUXEMBOURG,12.1826,all_flights
LGL,2022-12,2182,196,-2.4833,102.55,LUXAIR - SOCIETE LUXEMBOURGEOISE DE NAVIGATION AERIENNE S.A.,LUXEMBOURG,8.9826,all_flights
LOG,2022-03,4653,236,-4.2667,57.2333,LOGAN AIR LIMITED,UNITED KINGDOM,5.072,all_flights
LOG,2022-06,5131,505,-0.5,62.5333,LOGAN AIR LIMITED,UNITED KINGDOM,9.8421,all_flights
LOG,2022-09,5185,516,-0.2333,62.9,LOGAN AIR LIMITED,UNITED KINGDOM,9.9518,all_flights
LOG,2022-12,4113,542,0.0,60.3833,LOGAN AIR LIMITED,UNITED KINGDOM,13.1777,all_flights
LOT,2022-03,5294,314,-5.8167,98.9833,LOT - POLSKIE LINIE LOTNICZE,POLAND,5.9312,all_flights
LOT,2022-06,8345,1504,0.05,100.8667,LOT - POLSKIE LINIE LOTNICZE,POLAND,18.0228,all_flights
LOT,2022-09,8282,913,0.7,93.3167,LOT - POLSKIE LINIE LOTNICZE,POLAND,11.0239,all_flights
LOT,2022-12,7280,649,-1.1833,91.1917,LOT - POLSKIE LINIE LOTNICZE,POLAND,8.9148,all_flights
LWA,2022-03,128,54,9.9167,195.2667,LIBYAN WINGS,LIBYA,42.1875,all_flights
LWA,2022-06,124,22,4.5083,189.0333,LIBYAN WINGS,LIBYA,17.7419,all_flights
LWA,2022-09,145,40,6.1167,187.7167,LIBYAN WINGS,LIBYA,27.5862,all_flights
LWA,2022-12,133,42,8.6833,194.1,LIBYAN WINGS,LIBYA,31.5789,all_flights
LZB,2022-03,399,32,-0.3667,120.8833,BULGARIA AIR,BULGARIA,8.0201,all_flights
LZB,2022-06,539,97,4.7,112.3,BULGARIA AIR,BULGARIA,17.9963,all_flights
LZB,2022-09,630,84,2.875,121.2083,BULGARIA AIR,BULGARIA,13.3333,all_flights
LZB,2022-12,520,73,2.675,119.9833,BULGARIA AIR,BULGARIA,14.0385,all_flights
MEA,2022-03,599,84,1.9167,125.55,MIDDLE EAST AIRLINES - AIRLIBAN,LEBANON,14.0234,all_flights
MEA,2022-06,934,208,3.8583,225.9583,MIDDLE EAST AIRLINES - AIRLIBAN,LEBANON,22.2698,all_flights
MEA,2022-09,1006,228,4.5333,213.0833,MIDDLE EAST AIRLINES - AIRLIBAN,LEBANON,22.664,all_flights
MEA,2022-12,973,165,1.3667,220.8833,MIDDLE EAST AIRLINES - AIRLIBAN,LEBANON,16.9579,all_flights
MLD,2022-03,36,5,-3.25,165.4417,AIR MOLDOVA,REPUBLIC OF MOLDOVA,13.8889,all_flights
MLD,2022-06,429,48,-2.6333,129.5167,AIR MOLDOVA,REPUBLIC OF MOLDOVA,11.1888,all_flights
MLD,2022-09,517,55,-3.7667,132.75,AIR MOLDOVA,REPUBLIC OF MOLDOVA,10.6383,all_flights
MLD,2022-12,492,24,-5.0167,149.975,AIR MOLDOVA,REPUBLIC OF MOLDOVA,4.878,all_flights
MMD,2022-03,242,4,-7.1,48.8583,AIR ALSIE A/S,DENMARK,1.6529,all_flights
MMD,2022-06,482,45,-4.0167,83.9583,AIR ALSIE A/S,DENMARK,9.3361,all_flights
MMD,2022-09,483,40,-2.1,63.4333,AIR ALSIE A/S,DENMARK,8.2816,all_flights
MMD,2022-12,260,10,-2.325,48.5667,AIR ALSIE A/S,DENMARK,3.8462,all_flights
MNB,2022-03,284,26,-4.35,168.6917,MNG HAVAYOLLARI VE TASIMACILIK A.S.,TURKEY,9.1549,all_flights
MNB,2022-06,301,78,2.8833,162.1,MNG HAVAYOLLARI VE TASIMACILIK A.S.,TURKEY,25.9136,all_flights
MNB,2022-09,290,58,-0.725,161.7333,MNG HAVAYOLLARI VE TASIMACILIK A.S.,TURKEY,20.0,all_flights
MNB,2022-12,289,39,-1.4833,167.1667,MNG HAVAYOLLARI VE TASIMACILIK A.S.,TURKEY,13.4948,all_flights
MNE,2022-03,207,1,-11.9167,49.3,TOMONTENEGRO,MONTENEGRO,0.4831,all_flights
MNE,2022-06,431,38,-5.95,50.8833,TOMONTENEGRO,MONTENEGRO,8.8167,all_flights
MNE,2022-09,434,40,-3.325,59.1417,TOMONTENEGRO,MONTENEGRO,9.2166,all_flights
MNE,2022-12,264,0,-10.15,48.6667,TOMONTENEGRO,MONTENEGRO,0.0,all_flights
MSA,2022-03,450,13,-5.8333,77.0083,POSTE AIR CARGO S.R.L.,ITALY,2.8889,all_flights
MSA,2022-06,365,8,-4.9,71.0167,POSTE AIR CARGO S.R.L.,ITALY,2.1918,all_flights
MSA,2022-09,409,12,-7.35,74.9833,POSTE AIR CARGO S.R.L.,ITALY,2.934,all_flights
MSA,2022-12,406,12,-2.625,77.65,POSTE AIR CARGO S.R.L.,ITALY,2.9557,all_flights
MSC,2022-03,230,25,-2.6833,247.2083,AIR CAIRO,EGYPT,10.8696,all_flights
MSC,2022-06,657,151,1.5667,243.6667,AIR CAIRO,EGYPT,22.9833,all_flights
MSC,2022-09,750,165,5.55,245.2667,AIR CAIRO,EGYPT,22.0,all_flights
MSC,2022-12,481,105,5.25,257.1167,AIR CAIRO,EGYPT,21.8295,all_flights
MSR,2022-03,1676,612,9.525,241.5917,EGYPT AIR,EGYPT,36.5155,all_flights
MSR,2022-06,1974,752,9.7833,234.4833,EGYPT AIR,EGYPT,38.0952,all_flights
MSR,2022-09,2183,843,10.2667,237.7333,EGYPT AIR,EGYPT,38.6166,all_flights
MSR,2022-12,2352,921,10.475,243.65,EGYPT AIR,EGYPT,39.1582,all_flights
NDA,2022-03,39,2,-1.15,33.3833,NORDICA,ESTONIA,5.1282,all_flights
NDA,2022-06,172,2,-6.2583,47.15,NORDICA,ESTONIA,1.1628,all_flights
NDA,2022-09,192,1,-11.1083,43.9083,NORDICA,ESTONIA,0.5208,all_flights
NDA,2022-12,184,17,1.9083,62.8667,NORDICA,ESTONIA,9.2391,all_flights
NOS,2022-03,494,64,-0.7083,280.7167,NEOS S.P.A.,ITALY,12.9555,all_flights
NOS,2022-06,1109,181,0.8667,174.6333,NEOS S.P.A.,ITALY,16.321,all_flights
NOS,2022-09,1360,189,0.4167,165.625,NEOS S.P.A.,ITALY,13.8971,all_flights
NOS,2022-12,827,116,0.4333,265.75,NEOS S.P.A.,ITALY,14.0266,all_flights
OAL,2022-03,1107,26,-8.4167,56.45,OLYMPIC AIR,GREECE,2.3487,all_flights
OAL,2022-06,2604,195,-4.125,55.0,OLYMPIC AIR,GREECE,7.4885,all_flights
OAL,2022-09,2452,84,-8.275,57.6667,OLYMPIC AIR,GREECE,3.4258,all_flights
OAL,2022-12,1349,11,-14.3333,65.4167,OLYMPIC AIR,GREECE,0.8154,all_flights
OCN,2022-03,508,94,3.875,522.7417,EW DISCOVER GMBH,GERMANY,18.5039,all_flights
OCN,2022-06,1242,360,7.425,260.175,EW DISCOVER GMBH,GERMANY,28.9855,all_flights
OCN,2022-09,1389,337,5.7,226.7,EW DISCOVER GMBH,GERMANY,24.2621,all_flights
OCN,2022-12,863,376,11.1667,503.9333,EW DISCOVER GMBH,GERMANY,43.5689,all_flights
OMA,2022-03,166,41,7.2333,400.4833,OMAN AIR,OMAN,24.6988,all_flights
OMA,2022-06,257,82,10.1,391.6667,OMAN AIR,OMAN,31.9066,all_flights
OMA,2022-09,332,93,7.4417,382.2917,OMAN AIR,OMAN,28.012,all_flights
OMA,2022-12,372,97,6.8917,396.0333,OMAN AIR,OMAN,26.0753,all_flights
PGT,2022-03,9311,1886,2.7667,103.85,PEGASUS HAVA TASIMACILIGI A.S. (PEGASUS),TURKEY,20.2556,all_flights
PGT,2022-06,13754,3258,4.95,104.3,PEGASUS HAVA TASIMACILIGI A.S. (PEGASUS),TURKEY,23.6877,all_flights
PGT,2022-09,13791,2999,4.5333,121.4833,PEGASUS HAVA TASIMACILIGI A.S. (PEGASUS),TURKEY,21.7461,all_flights
PGT,2022-12,12089,2835,4.65,109.3667,PEGASUS HAVA TASIMACILIGI A.S. (PEGASUS),TURKEY,23.4511,all_flights
QFA,2022-03,118,40,8.675,1028.725,QANTAS AIRWAYS LIMITED,AUSTRALIA,33.8983,all_flights
QFA,2022-06,127,85,22.75,998.45,QANTAS AIRWAYS LIMITED,AUSTRALIA,66.9291,all_flights
QFA,2022-09,144,79,17.0917,941.4833,QANTAS AIRWAYS LIMITED,AUSTRALIA,54.8611,all_flights
QFA,2022-12,125,77,20.5833,940.7833,QANTAS AIRWAYS LIMITED,AUSTRALIA,61.6,all_flights
QTR,2022-03,5759,2631,12.95,368.0333,QATAR AIRWAYS GROUP Q.C.S.C.,QATAR,45.685,all_flights
QTR,2022-06,6007,3150,16.2167,363.0667,QATAR AIRWAYS GROUP Q.C.S.C.,QATAR,52.4388,all_flights
QTR,2022-09,5670,2589,13.2833,367.4917,QATAR AIRWAYS GROUP Q.C.S.C.,QATAR,45.6614,all_flights
QTR,2022-12,5773,2214,10.9167,376.8667,QATAR AIRWAYS GROUP Q.C.S.C.,QATAR,38.3509,all_flights
RAM,2022-03,4379,707,2.95,153.9,ROYAL AIR MAROC - COMPAGNIE NATIONALE DE TRANSPORTS AERIENS,MOROCCO,16.1452,all_flights
RAM,2022-06,4756,1244,6.45,157.95,ROYAL AIR MAROC - COMPAGNIE NATIONALE DE TRANSPORTS AERIENS,MOROCCO,26.1564,all_flights
RAM,2022-09,4833,1239,6.4167,159.6667,ROYAL AIR MAROC - COMPAGNIE NATIONALE DE TRANSPORTS AERIENS,MOROCCO,25.6363,all_flights
RAM,2022-12,5266,1750,9.0333,165.6167,ROYAL AIR MAROC - COMPAGNIE NATIONALE DE TRANSPORTS AERIENS,MOROCCO,33.2321,all_flights
RJA,2022-03,589,172,7.3833,250.5667,ROYAL JORDANIAN,JORDAN,29.202,all_flights
RJA,2022-06,964,295,7.075,248.8833,ROYAL JORDANIAN,JORDAN,30.6017,all_flights
RJA,2022-09,863,218,5.25,236.9667,ROYAL JORDANIAN,JORDAN,25.2607,all_flights
RJA,2022-12,854,258,6.5833,233.4167,ROYAL JORDANIAN,JORDAN,30.2108,all_flights
ROT,2022-03,1834,65,-4.9167,84.3083,COMPANIA NATIONALA DE TRANSPORTURI AERIENE ROMANE TAROM S.A.,ROMANIA,3.5442,all_flights
ROT,2022-06,2044,244,-1.8167,81.2083,COMPANIA NATIONALA DE TRANSPORTURI AERIENE ROMANE TAROM S.A.,ROMANIA,11.9374,all_flights
ROT,2022-09,2146,219,-2.0,80.3667,COMPANIA NATIONALA DE TRANSPORTURI AERIENE ROMANE TAROM S.A.,ROMANIA,10.205,all_flights
ROT,2022-12,1998,130,-7.1,89.2,COMPANIA NATIONALA DE TRANSPORTURI AERIENE ROMANE TAROM S.A.,ROMANIA,6.5065,all_flights
RYR,2022-03,66920,3923,-1.7333,116.3917,RYANAIR,IRELAND,5.8622,all_flights
RYR,2022-06,86301,17653,4.0,117.6167,RYANAIR,IRELAND,20.4552,all_flights
RYR,2022-09,86310,15617,3.3333,117.5417,RYANAIR,IRELAND,18.0941,all_flights
RYR,2022-12,64409,8289,0.75,122.3,RYANAIR,IRELAND,12.8693,all_flights
RZO,2022-03,483,65,1.3167,139.5667,SATA INTERNACIONAL - AZORES AIRLINES S.A,PORTUGAL,13.4576,all_flights
RZO,2022-06,849,229,5.5333,141.55,SATA INTERNACIONAL - AZORES AIRLINES S.A,PORTUGAL,26.9729,all_flights
RZO,2022-09,877,223,4.7667,142.6167,SATA INTERNACIONAL - AZORES AIRLINES S.A,PORTUGAL,25.4276,all_flights
RZO,2022-12,613,223,9.4833,144.85,SATA INTERNACIONAL - AZORES AIRLINES S.A,PORTUGAL,36.3785,all_flights
SAS,2022-03,13675,715,-1.1167,69.0333,SCANDINAVIAN AIRLINES SYSTEM,SWEDEN,5.2285,all_flights
SAS,2022-06,15986,1650,1.2,72.0,SCANDINAVIAN AIRLINES SYSTEM,SWEDEN,10.3215,all_flights
SAS,2022-09,16946,1226,-0.4167,69.2167,SCANDINAVIAN AIRLINES SYSTEM,SWEDEN,7.2347,all_flights
SAS,2022-12,14769,1478,0.6167,74.7667,SCANDINAVIAN AIRLINES SYSTEM,SWEDEN,10.0074,all_flights
SAT,2022-03,1058,58,-0.8,30.7917,SERVICO ACOREANO DE TRANSPORTES AEREOS - EP (SATA),PORTUGAL,5.482,all_flights
SAT,2022-06,1676,188,1.1083,34.9833,SERVICO ACOREANO DE TRANSPORTES AEREOS - EP (SATA),PORTUGAL,11.2172,all_flights
SAT,2022-09,2048,129,-3.0167,35.625,SERVICO ACOREANO DE TRANSPORTES AEREOS - EP (SATA),PORTUGAL,6.2988,all_flights
SAT,2022-12,1020,113,1.7583,30.9667,SERVICO ACOREANO DE TRANSPORTES AEREOS - EP (SATA),PORTUGAL,11.0784,all_flights
SBI,2022-03,167,26,2.05,150.2167,SIBERIA AIRLINES,RUSSIAN FEDERATION,15.5689,all_flights
SBI,2022-06,244,46,3.5083,148.2917,SIBERIA AIRLINES,RUSSIAN FEDERATION,18.8525,all_flights
SBI,2022-09,237,62,7.8667,144.7833,SIBERIA AIRLINES,RUSSIAN FEDERATION,26.1603,all_flights
SBI,2022-12,343,174,15.25,151.8333,SIBERIA AIRLINES,RUSSIAN FEDERATION,50.7289,all_flights
SDM,2022-03,250,32,-0.525,96.75,"ROSSIYA AIRLINES, JOINT STOCK COMPANY",RUSSIAN FEDERATION,12.8,all_flights
SDM,2022-06,1527,307,3.7833,113.4,"ROSSIYA AIRLINES, JOINT STOCK COMPANY",RUSSIAN FEDERATION,20.1048,all_flights
SDM,2022-09,1445,326,6.05,107.6333,"ROSSIYA AIRLINES, JOINT STOCK COMPANY",RUSSIAN FEDERATION,22.5606,all_flights
SDM,2022-12,1144,354,6.9667,118.2,"ROSSIYA AIRLINES, JOINT STOCK COMPANY",RUSSIAN FEDERATION,30.9441,all_flights
SDR,2022-03,328,54,2.275,269.0333,SUNDAIR GMBH,GERMANY,16.4634,all_flights
SDR,2022-06,868,284,7.6167,179.275,SUNDAIR GMBH,GERMANY,32.7189,all_flights
SDR,2022-09,858,177,4.8833,177.0167,SUNDAIR GMBH,GERMANY,20.6294,all_flights
SDR,2022-12,301,40,2.1667,271.2833,SUNDAIR GMBH,GERMANY,13.289,all_flights
SEH,2022-03,3425,64,-8.3167,60.7,SKY EXPRESS S.A.,GREECE,1.8686,all_flights
SEH,2022-06,4691,405,-1.8,58.7,SKY EXPRESS S.A.,GREECE,8.6336,all_flights
SEH,2022-09,4851,282,-4.15,58.45,SKY EXPRESS S.A.,GREECE,5.8132,all_flights
SEH,2022-12,3677,48,-10.7667,61.1667,SKY EXPRESS S.A.,GREECE,1.3054,all_flights
SHT,2022-03,2067,379,4.95,66.55,BRITISH AIRWAYS SHUTTLE,UNITED KINGDOM,18.3358,all_flights
SHT,2022-06,2203,647,8.9833,66.7,BRITISH AIRWAYS SHUTTLE,UNITED KINGDOM,29.369,all_flights
SHT,2022-09,1597,636,11.4333,68.6167,BRITISH AIRWAYS SHUTTLE,UNITED KINGDOM,39.8247,all_flights
SHT,2022-12,2176,683,8.9167,69.3083,BRITISH AIRWAYS SHUTTLE,UNITED KINGDOM,31.3879,all_flights
SIA,2022-03,1033,300,7.2833,766.4333,SINGAPORE AIRLINES LIMITED,SINGAPORE,29.0416,all_flights
SIA,2022-06,1105,549,14.8833,748.0333,SINGAPORE AIRLINES LIMITED,SINGAPORE,49.6833,all_flights
SIA,2022-09,1121,495,13.1667,749.6167,SINGAPORE AIRLINES LIMITED,SINGAPORE,44.157,all_flights
SIA,2022-12,1204,597,14.6583,756.4083,SINGAPORE AIRLINES LIMITED,SINGAPORE,49.5847,all_flights
SRR,2022-03,706,64,0.675,67.5,MAERSK AIR CARGO A/S,DENMARK,9.0652,all_flights
SRR,2022-06,709,150,3.7333,70.2833,MAERSK AIR CARGO A/S,DENMARK,21.1566,all_flights
SRR,2022-09,673,141,4.7667,70.1667,MAERSK AIR CARGO A/S,DENMARK,20.951,all_flights
SRR,2022-12,673,107,2.0333,72.05,MAERSK AIR CARGO A/S,DENMARK,15.899,all_flights
SVA,2022-03,1081,641,18.8667,335.9,SAUDI ARABIAN AIRLINES,SAUDI ARABIA,59.2969,all_flights
SVA,2022-06,1500,970,20.75,333.1167,SAUDI ARABIAN AIRLINES,SAUDI ARABIA,64.6667,all_flights
SVA,2022-09,1572,1022,20.4583,330.7917,SAUDI ARABIAN AIRLINES,SAUDI ARABIA,65.0127,all_flights
SVA,2022-12,1679,1094,20.8,326.6833,SAUDI ARABIAN AIRLINES,SAUDI ARABIA,65.1578,all_flights
SVR,2022-03,135,49,10.4833,142.65,URAL AIRLINES,RUSSIAN FEDERATION,36.2963,all_flights
SVR,2022-06,465,195,12.35,135.8333,URAL AIRLINES,RUSSIAN FEDERATION,41.9355,all_flights
SVR,2022-09,528,267,15.1833,140.3167,URAL AIRLINES,RUSSIAN FEDERATION,50.5682,all_flights
SVR,2022-12,278,179,22.0417,139.8167,URAL AIRLINES,RUSSIAN FEDERATION,64.3885,all_flights
SWN,2022-03,554,25,-6.9,87.8917,WEST ATLANTIC SWEDEN AB,SWEDEN,4.5126,all_flights
SWN,2022-06,507,81,-1.5667,93.7333,WEST ATLANTIC SWEDEN AB,SWEDEN,15.9763,all_flights
SWN,2022-09,541,73,-1.1,82.7833,WEST ATLANTIC SWEDEN AB,SWEDEN,13.4935,all_flights
SWN,2022-12,389,47,-0.95,75.0667,WEST ATLANTIC SWEDEN AB,SWEDEN,12.0823,all_flights
SWR,2022-03,6843,669,0.3667,91.6333,SWISS INTERNATIONAL AIR LINES LTD,SWITZERLAND,9.7764,all_flights
SWR,2022-06,9617,1882,4.0833,97.25,SWISS INTERNATIONAL AIR LINES LTD,SWITZERLAND,19.5695,all_flights
SWR,2022-09,9929,1719,3.4667,98.45,SWISS INTERNATIONAL AIR LINES LTD,SWITZERLAND,17.3129,all_flights
SWR,2022-12,9357,1711,3.2833,93.1167,SWISS INTERNATIONAL AIR LINES LTD,SWITZERLAND,18.2858,all_flights
SWT,2022-03,1036,31,-8.4083,66.35,SWIFTAIR S.A.,SPAIN,2.9923,all_flights
SWT,2022-06,840,68,-4.9083,55.7167,SWIFTAIR S.A.,SPAIN,8.0952,all_flights
SWT,2022-09,795,70,-6.8333,57.6,SWIFTAIR S.A.,SPAIN,8.805,all_flights
SWT,2022-12,578,33,-6.9833,64.6083,SWIFTAIR S.A.,SPAIN,5.7093,all_flights
SXS,2022-03,2759,428,3.2,167.9667,GUNES EKSPRES HAVACILIK A.S. (SUNEXPRESS),TURKEY,15.5129,all_flights
SXS,2022-06,7007,2652,10.2333,190.6667,GUNES EKSPRES HAVACILIK A.S. (SUNEXPRESS),TURKEY,37.8479,all_flights
SXS,2022-09,7813,2127,7.4833,193.0,GUNES EKSPRES HAVACILIK A.S. (SUNEXPRESS),TURKEY,27.2239,all_flights
SXS,2022-12,3729,734,3.5667,174.65,GUNES EKSPRES HAVACILIK A.S. (SUNEXPRESS),TURKEY,19.6836,all_flights
TAM,2022-03,258,51,6.1917,639.15,TAM - LINHAS AEREAS S.A.,BRAZIL,19.7674,all_flights
TAM,2022-06,296,62,5.15,647.8083,TAM - LINHAS AEREAS S.A.,BRAZIL,20.9459,all_flights
TAM,2022-09,334,88,6.225,656.6,TAM - LINHAS AEREAS S.A.,BRAZIL,26.3473,all_flights
TAM,2022-12,345,120,7.95,658.1,TAM - LINHAS AEREAS S.A.,BRAZIL,34.7826,all_flights
TAP,2022-03,7206,1058,3.1,144.5083,"TRANSPORTES AEREOS PORTUGUESES, E.P.",PORTUGAL,14.6822,all_flights
TAP,2022-06,9980,3780,10.6917,145.9833,"TRANSPORTES AEREOS PORTUGUESES, E.P.",PORTUGAL,37.8758,all_flights
TAP,2022-09,9990,3818,10.6833,146.5,"TRANSPORTES AEREOS PORTUGUESES, E.P.",PORTUGAL,38.2182,all_flights
TAP,2022-12,8742,3273,10.2833,145.975,"TRANSPORTES AEREOS PORTUGUESES, E.P.",PORTUGAL,37.4399,all_flights
TAR,2022-03,1139,283,7.0667,124.0833,TUNIS AIR - SOCIETE TUNISIENNE DE L'AIR,TUNISIA,24.8464,all_flights
TAR,2022-06,1340,401,7.65,121.5667,TUNIS AIR - SOCIETE TUNISIENNE DE L'AIR,TUNISIA,29.9254,all_flights
TAR,2022-09,1477,448,8.5,120.5167,TUNIS AIR - SOCIETE TUNISIENNE DE L'AIR,TUNISIA,30.3318,all_flights
TAR,2022-12,1213,334,7.3667,122.1667,TUNIS AIR - SOCIETE TUNISIENNE DE L'AIR,TUNISIA,27.535,all_flights
THA,2022-03,373,106,2.3,686.7333,THAI AIRWAYS INTERNATIONAL LTD.,THAILAND,28.4182,all_flights
THA,2022-06,444,240,16.7333,676.9333,THAI AIRWAYS INTERNATIONAL LTD.,THAILAND,54.0541,all_flights
THA,2022-09,521,227,12.35,671.65,THAI AIRWAYS INTERNATIONAL LTD.,THAILAND,43.5701,all_flights
THA,2022-12,559,320,21.0833,690.45,THAI AIRWAYS INTERNATIONAL LTD.,THAILAND,57.2451,all_flights
THY,2022-03,30220,4445,0.0333,132.1,TURK HAVA YOLLARI (TURKISH AIRLINES CO.),TURKEY,14.7088,all_flights
THY,2022-06,41941,10141,5.1167,141.5167,TURK HAVA YOLLARI (TURKISH AIRLINES CO.),TURKEY,24.1792,all_flights
THY,2022-09,42145,9754,4.85,148.1667,TURK HAVA YOLLARI (TURKISH AIRLINES CO.),TURKEY,23.1439,all_flights
THY,2022-12,35266,6641,3.3333,135.725,TURK HAVA YOLLARI (TURKISH AIRLINES CO.),TURKEY,18.8312,all_flights
TJT,2022-03,326,19,-0.575,65.85,TWIN JET,FRANCE,5.8282,all_flights
TJT,2022-06,418,39,1.1083,63.9083,TWIN JET,FRANCE,9.3301,all_flights
TJT,2022-09,547,78,1.8667,68.55,TWIN JET,FRANCE,14.2596,all_flights
TJT,2022-12,420,47,2.325,68.825,TWIN JET,FRANCE,11.1905,all_flights
TRA,2022-03,3210,285,1.4167,145.0167,TRANSAVIA HOLLAND B.V.,NETHERLANDS,8.8785,all_flights
TRA,2022-06,4945,1290,6.6,152.8,TRANSAVIA HOLLAND B.V.,NETHERLANDS,26.087,all_flights
TRA,2022-09,4769,1164,5.9667,153.3,TRANSAVIA HOLLAND B.V.,NETHERLANDS,24.4076,all_flights
TRA,2022-12,3108,645,5.075,155.7417,TRANSAVIA HOLLAND B.V.,NETHERLANDS,20.7529,all_flights
TSC,2022-03,205,72,9.8667,417.5333,AIR TRANSAT A.T. INC.,CANADA,35.122,all_flights
TSC,2022-06,935,563,21.35,428.8667,AIR TRANSAT A.T. INC.,CANADA,60.2139,all_flights
TSC,2022-09,1147,523,13.4,431.9833,AIR TRANSAT A.T. INC.,CANADA,45.5972,all_flights
TSC,2022-12,294,158,17.2083,423.5167,AIR TRANSAT A.T. INC.,CANADA,53.7415,all_flights
TVF,2022-03,4618,745,4.8083,119.8,TRANSAVIA FRANCE,FRANCE,16.1325,all_flights
TVF,2022-06,6966,1831,7.3,128.2833,TRANSAVIA FRANCE,FRANCE,26.2848,all_flights
TVF,2022-09,7253,1703,6.1667,131.2,TRANSAVIA FRANCE,FRANCE,23.4799,all_flights
TVF,2022-12,5849,1603,7.4167,129.1667,TRANSAVIA FRANCE,FRANCE,27.4064,all_flights
UAE,2022-03,4958,2506,15.2167,394.6417,EMIRATES,UNITED ARAB EMIRATES,50.5446,all_flights
UAE,2022-06,4466,2626,17.7333,390.25,EMIRATES,UNITED ARAB EMIRATES,58.7998,all_flights
UAE,2022-09,5087,2879,17.2167,388.55,EMIRATES,UNITED ARAB EMIRATES,56.5952,all_flights
UAE,2022-12,5664,3596,20.2,395.8167,EMIRATES,UNITED ARAB EMIRATES,63.4887,all_flights
UAL,2022-03,2797,825,5.4,490.7167,"UNITED AIRLINES, INC. (CHICAGO, IL)",UNITED STATES,29.4959,all_flights
UAL,2022-06,5237,2399,12.8667,494.5833,"UNITED AIRLINES, INC. (CHICAGO, IL)",UNITED STATES,45.8087,all_flights
UAL,2022-09,5030,1738,8.05,500.0083,"UNITED AIRLINES, INC. (CHICAGO, IL)",UNITED STATES,34.5527,all_flights
UAL,2022-12,3938,1757,12.6167,503.5667,"UNITED AIRLINES, INC. (CHICAGO, IL)",UNITED STATES,44.6166,all_flights
UPS,2022-03,1569,199,-3.7333,115.6667,"UNITED PARCEL SERVICE COMPANY, (LOUISVILLE, KY)",UNITED STATES,12.6832,all_flights
UPS,2022-06,1543,415,2.5833,125.1,"UNITED PARCEL SERVICE COMPANY, (LOUISVILLE, KY)",UNITED STATES,26.8957,all_flights
UPS,2022-09,1561,330,1.0833,122.4,"UNITED PARCEL SERVICE COMPANY, (LOUISVILLE, KY)",UNITED STATES,21.1403,all_flights
UPS,2022-12,1540,239,-1.2833,122.65,"UNITED PARCEL SERVICE COMPANY, (LOUISVILLE, KY)",UNITED STATES,15.5195,all_flights
UTA,2022-03,118,53,13.2667,203.3083,UTAIR AVIATION,RUSSIAN FEDERATION,44.9153,all_flights
UTA,2022-06,394,195,14.725,186.5333,UTAIR AVIATION,RUSSIAN FEDERATION,49.4924,all_flights
UTA,2022-09,511,235,13.1667,186.7667,UTAIR AVIATION,RUSSIAN FEDERATION,45.9883,all_flights
UTA,2022-12,401,204,15.5,192.8,UTAIR AVIATION,RUSSIAN FEDERATION,50.8728,all_flights
UZB,2022-03,281,103,10.8167,277.3833,UZBEKISTAN AIRWAYS JSC,UZBEKISTAN,36.6548,all_flights
UZB,2022-06,407,161,12.5833,268.4167,UZBEKISTAN AIRWAYS JSC,UZBEKISTAN,39.5577,all_flights
UZB,2022-09,448,167,11.2083,277.0583,UZBEKISTAN AIRWAYS JSC,UZBEKISTAN,37.2768,all_flights
UZB,2022-12,379,141,11.2667,272.7,UZBEKISTAN AIRWAYS JSC,UZBEKISTAN,37.2032,all_flights
VIR,2022-03,1620,383,3.5833,496.4167,VIRGIN ATLANTIC,UNITED KINGDOM,23.642,all_flights
VIR,2022-06,1863,637,8.0333,506.6167,VIRGIN ATLANTIC,UNITED KINGDOM,34.1922,all_flights
VIR,2022-09,1744,424,3.9333,509.55,VIRGIN ATLANTIC,UNITED KINGDOM,24.3119,all_flights
VIR,2022-12,1863,564,6.15,511.95,VIRGIN ATLANTIC,UNITED KINGDOM,30.2738,all_flights
VLG,2022-03,11267,771,1.15,91.7833,VUELING AIRLINES,SPAIN,6.843,all_flights
VLG,2022-06,19380,3497,4.35,94.9167,VUELING AIRLINES,SPAIN,18.0444,all_flights
VLG,2022-09,20196,3288,3.3333,98.9083,VUELING AIRLINES,SPAIN,16.2805,all_flights
VLG,2022-12,14428,1838,2.6667,97.9833,VUELING AIRLINES,SPAIN,12.7391,all_flights
VSV,2022-03,132,50,11.9417,82.4417,SCAT,KAZAKHSTAN,37.8788,all_flights
VSV,2022-06,174,62,9.875,138.075,SCAT,KAZAKHSTAN,35.6322,all_flights
VSV,2022-09,155,46,6.55,136.1,SCAT,KAZAKHSTAN,29.6774,all_flights
VSV,2022-12,154,68,12.5,200.6083,SCAT,KAZAKHSTAN,44.1558,all_flights
WIF,2022-03,10066,192,-11.7167,55.375,WIDEROE'S FLYVESELSKAP A/S,NORWAY,1.9074,all_flights
WIF,2022-06,9583,83,-11.5667,56.65,WIDEROE'S FLYVESELSKAP A/S,NORWAY,0.8661,all_flights
WIF,2022-09,10841,74,-12.65,56.3167,WIDEROE'S FLYVESELSKAP A/S,NORWAY,0.6826,all_flights
WIF,2022-12,9154,238,-10.5667,56.8083,WIDEROE'S FLYVESELSKAP A/S,NORWAY,2.6,all_flights
WJA,2022-03,53,29,18.4667,463.55,WESTJET AIRLINES LTD,CANADA,54.717,all_flights
WJA,2022-06,511,309,23.1,429.2833,WESTJET AIRLINES LTD,CANADA,60.4697,all_flights
WJA,2022-09,477,253,16.5167,438.2,WESTJET AIRLINES LTD,CANADA,53.0398,all_flights
WJA,2022-12,90,61,36.6,496.1083,WESTJET AIRLINES LTD,CANADA,67.7778,all_flights
WZZ,2022-03,12100,1098,0.3333,126.675,WIZZ AIR HUNGARY LTD,HUNGARY,9.0744,all_flights
WZZ,2022-06,20518,5586,6.1917,122.4667,WIZZ AIR HUNGARY LTD,HUNGARY,27.2249,all_flights
WZZ,2022-09,21682,4927,4.8167,124.6,WIZZ AIR HUNGARY LTD,HUNGARY,22.7239,all_flights
WZZ,2022-12,19922,2549,0.9167,130.2833,WIZZ AIR HUNGARY LTD,HUNGARY,12.7949,all_flights
ABY,2022-03,86,20,7.75,167.7333,AIR ARABIA,UNITED ARAB EMIRATES,23.2558,scheduled_duration_under_3h
ABY,2022-06,142,27,5.8917,165.9,AIR ARABIA,UNITED ARAB EMIRATES,19.0141,scheduled_duration_under_3h
ABY,2022-09,155,46,8.4833,164.7833,AIR ARABIA,UNITED ARAB EMIRATES,29.6774,scheduled_duration_under_3h
ABY,2022-12,162,52,7.4,168.1417,AIR ARABIA,UNITED ARAB EMIRATES,32.0988,scheduled_duration_under_3h
AEA,2022-03,3820,180,-0.4583,69.9917,AIR EUROPA,SPAIN,4.712,scheduled_duration_under_3h
AEA,2022-06,4309,620,3.55,68.2667,AIR EUROPA,SPAIN,14.3885,scheduled_duration_under_3h
AEA,2022-09,5026,671,2.5667,66.3583,AIR EUROPA,SPAIN,13.3506,scheduled_duration_under_3h
AEA,2022-12,4923,572,2.0333,66.2,AIR EUROPA,SPAIN,11.6189,scheduled_duration_under_3h
AEE,2022-03,3661,134,-1.9333,62.6,AEGEAN AIRLINES,GREECE,3.6602,scheduled_duration_under_3h
AEE,2022-06,6317,1000,2.9167,80.15,AEGEAN AIRLINES,GREECE,15.8303,scheduled_duration_under_3h
AEE,2022-09,6482,833,1.9333,85.825,AEGEAN AIRLINES,GREECE,12.851,scheduled_duration_under_3h
AEE,2022-12,5005,272,-2.3333,83.25,AEGEAN AIRLINES,GREECE,5.4346,scheduled_duration_under_3h
AFL,2022-03,230,22,-5.1417,146.225,AEROFLOT - RUSSIAN AIRLINES,RUSSIAN FEDERATION,9.5652,scheduled_duration_under_3h
AFL,2022-06,489,29,-3.1167,143.1667,AEROFLOT - RUSSIAN AIRLINES,RUSSIAN FEDERATION,5.9305,scheduled_duration_under_3h
AFL,2022-09,555,16,-5.0,145.3,AEROFLOT - RUSSIAN AIRLINES,RUSSIAN FEDERATION,2.8829,scheduled_duration_under_3h
AFL,2022-12,309,77,4.8833,146.5833,AEROFLOT - RUSSIAN AIRLINES,RUSSIAN FEDERATION,24.9191,scheduled_duration_under_3h
AFR,2022-03,16305,1875,2.1833,77.25,AIR FRANCE,FRANCE,11.4995,scheduled_duration_under_3h
AFR,2022-06,19636,5509,7.1333,79.2667,AIR FRANCE,FRANCE,28.0556,scheduled_duration_under_3h
AFR,2022-09,18673,4725,6.5333,80.0667,AIR FRANCE,FRANCE,25.3039,scheduled_duration_under_3h
AFR,2022-12,17327,3757,5.6333,80.2667,AIR FRANCE,FRANCE,21.6829,scheduled_duration_under_3h
AHY,2022-03,1069,148,2.8167,70.1833,"AZERBAIJAN HAVA YOLLARI, NATIONAL AIRLINE",AZERBAIJAN,13.8447,scheduled_duration_under_3h
AHY,2022-06,1514,143,2.0,68.9333,"AZERBAIJAN HAVA YOLLARI, NATIONAL AIRLINE",AZERBAIJAN,9.4452,scheduled_duration_under_3h
AHY,2022-09,1373,122,1.3,122.25,"AZERBAIJAN HAVA YOLLARI, NATIONAL AIRLINE",AZERBAIJAN,8.8857,scheduled_duration_under_3h
AHY,2022-12,1212,138,1.175,77.9583,"AZERBAIJAN HAVA YOLLARI, NATIONAL AIRLINE",AZERBAIJAN,11.3861,scheduled_duration_under_3h
AIZ,2022-03,99,21,3.1833,49.1833,ARKIA ISRAEL INLAND AIRLINES,ISRAEL,21.2121,scheduled_duration_under_3h
AIZ,2022-06,122,19,1.3,87.9917,ARKIA ISRAEL INLAND AIRLINES,ISRAEL,15.5738,scheduled_duration_under_3h
AIZ,2022-09,256,53,4.0,87.675,ARKIA ISRAEL INLAND AIRLINES,ISRAEL,20.7031,scheduled_duration_under_3h
AIZ,2022-12,454,64,0.3833,49.8167,ARKIA ISRAEL INLAND AIRLINES,ISRAEL,14.0969,scheduled_duration_under_3h
AMC,2022-03,491,44,0.15,135.5333,AIR MALTA PLC.,MALTA,8.9613,scheduled_duration_under_3h
AMC,2022-06,787,193,5.0833,136.5333,AIR MALTA PLC.,MALTA,24.5235,scheduled_duration_under_3h
AMC,2022-09,898,196,6.0917,133.675,AIR MALTA PLC.,MALTA,21.8263,scheduled_duration_under_3h
AMC,2022-12,681,125,2.9167,133.1333,AIR MALTA PLC.,MALTA,18.3554,scheduled_duration_under_3h
ANE,2022-03,4875,217,-1.2167,60.0833,"AIR NOSTRUM LINEAS AEREAS DEL MEDITERRANEO, S.A.",SPAIN,4.4513,scheduled_duration_under_3h
ANE,2022-06,5922,756,2.4667,61.3833,"AIR NOSTRUM LINEAS AEREAS DEL MEDITERRANEO, S.A.",SPAIN,12.766,scheduled_duration_under_3h
ANE,2022-09,6027,623,1.0833,60.65,"AIR NOSTRUM LINEAS AEREAS DEL MEDITERRANEO, S.A.",SPAIN,10.3368,scheduled_duration_under_3h
ANE,2022-12,5212,522,0.65,59.9167,"AIR NOSTRUM LINEAS AEREAS DEL MEDITERRANEO, S.A.",SPAIN,10.0153,scheduled_duration_under_3h
APF,2022-03,513,11,-6.8333,60.1167,AMAPOLA FLYG AB,SWEDEN,2.1442,scheduled_duration_under_3h
APF,2022-06,479,8,-6.9667,63.0333,AMAPOLA FLYG AB,SWEDEN,1.6701,scheduled_duration_under_3h
APF,2022-09,527,6,-6.5167,63.35,AMAPOLA FLYG AB,SWEDEN,1.1385,scheduled_duration_under_3h
APF,2022-12,615,31,-3.0167,55.4167,AMAPOLA FLYG AB,SWEDEN,5.0407,scheduled_duration_under_3h
ASL,2022-03,1579,120,-1.6667,91.05,AIR SERBIA,SERBIA,7.5997,scheduled_duration_under_3h
ASL,2022-06,2662,512,1.9667,91.4667,AIR SERBIA,SERBIA,19.2337,scheduled_duration_under_3h
ASL,2022-09,2916,673,4.6833,90.55,AIR SERBIA,SERBIA,23.0796,scheduled_duration_under_3h
ASL,2022-12,2623,289,0.0167,90.3333,AIR SERBIA,SERBIA,11.0179,scheduled_duration_under_3h
AUA,2022-03,4701,214,0.1333,81.2167,AUSTRIAN AIRLINES (AUA) AG,AUSTRIA,4.5522,scheduled_duration_under_3h
AUA,2022-06,8583,1712,5.7167,82.0167,AUSTRIAN AIRLINES (AUA) AG,AUSTRIA,19.9464,scheduled_duration_under_3h
AUA,2022-09,9187,1597,6.0833,79.5667,AUSTRIAN AIRLINES (AUA) AG,AUSTRIA,17.3833,scheduled_duration_under_3h
AUA,2022-12,6645,1012,3.8667,80.1833,AUSTRIAN AIRLINES (AUA) AG,AUSTRIA,15.2295,scheduled_duration_under_3h
AUL,2022-03,84,11,2.5,98.3583,"SMARTAVIA AIRLINES, JOINT STOCK COMPANY",RUSSIAN FEDERATION,13.0952,scheduled_duration_under_3h
AUL,2022-06,212,35,1.3917,99.1333,"SMARTAVIA AIRLINES, JOINT STOCK COMPANY",RUSSIAN FEDERATION,16.5094,scheduled_duration_under_3h
AUL,2022-09,207,34,2.25,97.7667,"SMARTAVIA AIRLINES, JOINT STOCK COMPANY",RUSSIAN FEDERATION,16.4251,scheduled_duration_under_3h
AUL,2022-12,94,42,13.7,99.1667,"SMARTAVIA AIRLINES, JOINT STOCK COMPANY",RUSSIAN FEDERATION,44.6809,scheduled_duration_under_3h
AUR,2022-03,860,11,-7.4833,42.4833,AURIGNY AIR SERVICES LTD.,UNITED KINGDOM,1.2791,scheduled_duration_under_3h
AUR,2022-06,1126,36,-6.3833,42.7583,AURIGNY AIR SERVICES LTD.,UNITED KINGDOM,3.1972,scheduled_duration_under_3h
AUR,2022-09,1144,77,-4.7917,42.8667,AURIGNY AIR SERVICES LTD.,UNITED KINGDOM,6.7308,scheduled_duration_under_3h
AUR,2022-12,943,51,-3.8,43.75,AURIGNY AIR SERVICES LTD.,UNITED KINGDOM,5.4083,scheduled_duration_under_3h
BAW,2022-03,8105,1855,7.1333,98.5,BRITISH AIRWAYS,UNITED KINGDOM,22.8871,scheduled_duration_under_3h
BAW,2022-06,10146,3997,11.7167,112.05,BRITISH AIRWAYS,UNITED KINGDOM,39.3948,scheduled_duration_under_3h
BAW,2022-09,9797,3860,11.3667,115.1333,BRITISH AIRWAYS,UNITED KINGDOM,39.3998,scheduled_duration_under_3h
BAW,2022-12,10029,3326,9.1833,101.7167,BRITISH AIRWAYS,UNITED KINGDOM,33.1638,scheduled_duration_under_3h
BBD,2022-03,446,24,-7.6167,102.3917,BLUEBIRD NORDIC LTD,ICELAND,5.3812,scheduled_duration_under_3h
BBD,2022-06,412,58,-2.3167,109.05,BLUEBIRD NORDIC LTD,ICELAND,14.0777,scheduled_duration_under_3h
BBD,2022-09,323,54,1.6333,102.2833,BLUEBIRD NORDIC LTD,ICELAND,16.7183,scheduled_duration_under_3h
BBD,2022-12,274,46,0.0333,113.625,BLUEBIRD NORDIC LTD,ICELAND,16.7883,scheduled_duration_under_3h
BCS,2022-03,5865,203,-5.4833,87.45,"EUROPEAN AIR TRANSPORT, LEIPZIG",GERMANY,3.4612,scheduled_duration_under_3h
BCS,2022-06,5564,601,-1.7417,84.9667,"EUROPEAN AIR TRANSPORT, LEIPZIG",GERMANY,10.8016,scheduled_duration_under_3h
BCS,2022-09,5860,515,-2.0833,84.025,"EUROPEAN AIR TRANSPORT, LEIPZIG",GERMANY,8.7884,scheduled_duration_under_3h
BCS,2022-12,5896,518,-2.9083,87.6083,"EUROPEAN AIR TRANSPORT, LEIPZIG",GERMANY,8.7856,scheduled_duration_under_3h
BEL,2022-03,2723,126,-1.9167,89.6667,BRUSSELS AIRLINES,BELGIUM,4.6272,scheduled_duration_under_3h
BEL,2022-06,3821,671,3.0667,94.3,BRUSSELS AIRLINES,BELGIUM,17.5608,scheduled_duration_under_3h
BEL,2022-09,4528,593,1.95,93.7167,BRUSSELS AIRLINES,BELGIUM,13.0963,scheduled_duration_under_3h
BEL,2022-12,3626,355,-0.0667,89.9583,BRUSSELS AIRLINES,BELGIUM,9.7904,scheduled_duration_under_3h
BLA,2022-03,384,39,3.275,117.9167,BLUE AIR AVIATION S.A.,ROMANIA,10.1562,scheduled_duration_under_3h
BLA,2022-06,1142,206,3.5917,124.0917,BLUE AIR AVIATION S.A.,ROMANIA,18.0385,scheduled_duration_under_3h
BLA,2022-09,298,63,5.6333,121.6417,BLUE AIR AVIATION S.A.,ROMANIA,21.1409,scheduled_duration_under_3h
BRX,2022-03,1457,16,-3.1167,68.5,BRAATHENS REGIONAL AIRWAYS AB,SWEDEN,1.0981,scheduled_duration_under_3h
BRX,2022-06,1810,24,-1.3167,68.275,BRAATHENS REGIONAL AIRWAYS AB,SWEDEN,1.326,scheduled_duration_under_3h
BRX,2022-09,2190,18,-2.25,67.0583,BRAATHENS REGIONAL AIRWAYS AB,SWEDEN,0.8219,scheduled_duration_under_3h
BRX,2022-12,1984,57,-0.5167,65.7417,BRAATHENS REGIONAL AIRWAYS AB,SWEDEN,2.873,scheduled_duration_under_3h
BTI,2022-03,2058,68,0.0667,102.5583,AIR BALTIC CORPORATION JSC,LATVIA,3.3042,scheduled_duration_under_3h
BTI,2022-06,2934,390,3.1167,99.2083,AIR BALTIC CORPORATION JSC,LATVIA,13.2924,scheduled_duration_under_3h
BTI,2022-09,2804,285,2.4083,98.2417,AIR BALTIC CORPORATION JSC,LATVIA,10.1641,scheduled_duration_under_3h
BTI,2022-12,2627,444,5.0,95.0,AIR BALTIC CORPORATION JSC,LATVIA,16.9014,scheduled_duration_under_3h
CAI,2022-03,73,10,1.7667,149.9167,TURISTIK HAVA TASIMACILIK A.S.,TURKEY,13.6986,scheduled_duration_under_3h
CAI,2022-06,263,93,11.0667,157.8,TURISTIK HAVA TASIMACILIK A.S.,TURKEY,35.3612,scheduled_duration_under_3h
CAI,2022-09,302,75,4.4417,141.4833,TURISTIK HAVA TASIMACILIK A.S.,TURKEY,24.8344,scheduled_duration_under_3h
CCM,2022-03,1459,73,-3.7667,50.8667,AIR CORSICA,FRANCE,5.0034,scheduled_duration_under_3h
CCM,2022-06,1951,207,0.2667,61.9,AIR CORSICA,FRANCE,10.6099,scheduled_duration_under_3h
CCM,2022-09,1906,237,-0.675,66.75,AIR CORSICA,FRANCE,12.4344,scheduled_duration_under_3h
CCM,2022-12,1566,193,1.0167,53.7917,AIR CORSICA,FRANCE,12.3244,scheduled_duration_under_3h
CFE,2022-03,2298,138,-0.775,73.3833,BA CITYFLYER LTD,UNITED KINGDOM,6.0052,scheduled_duration_under_3h
CFE,2022-06,2828,661,6.0417,77.975,BA CITYFLYER LTD,UNITED KINGDOM,23.3734,scheduled_duration_under_3h
CFE,2022-09,2885,568,4.2333,76.4333,BA CITYFLYER LTD,UNITED KINGDOM,19.688,scheduled_duration_under_3h
CFE,2022-12,2353,367,2.7167,75.4167,BA CITYFLYER LTD,UNITED KINGDOM,15.5971,scheduled_duration_under_3h
CFG,2022-03,419,61,4.1333,81.75,"CONDOR FLUGDIENST GMBH, FRANKFURT (MAIN)",GERMANY,14.5585,scheduled_duration_under_3h
CFG,2022-06,2192,612,7.4667,139.8,"CONDOR FLUGDIENST GMBH, FRANKFURT (MAIN)",GERMANY,27.9197,scheduled_duration_under_3h
CFG,2022-09,2458,598,6.4583,139.3333,"CONDOR FLUGDIENST GMBH, FRANKFURT (MAIN)",GERMANY,24.3287,scheduled_duration_under_3h
CFG,2022-12,90,23,7.9583,33.05,"CONDOR FLUGDIENST GMBH, FRANKFURT (MAIN)",GERMANY,25.5556,scheduled_duration_under_3h
CLG,2022-03,442,13,-2.4417,63.3083,CHALAIR AVIATION,FRANCE,2.9412,scheduled_duration_under_3h
CLG,2022-06,402,18,-1.9417,68.2583,CHALAIR AVIATION,FRANCE,4.4776,scheduled_duration_under_3h
CLG,2022-09,388,26,-3.1917,67.8,CHALAIR AVIATION,FRANCE,6.701,scheduled_duration_under_3h
CLG,2022-12,359,18,-3.8167,72.85,CHALAIR AVIATION,FRANCE,5.0139,scheduled_duration_under_3h
CTN,2022-03,1434,45,-3.8083,72.725,CROATIA AIRLINES,CROATIA,3.1381,scheduled_duration_under_3h
CTN,2022-06,2315,351,1.7,78.9833,CROATIA AIRLINES,CROATIA,15.162,scheduled_duration_under_3h
CTN,2022-09,2354,348,2.875,78.0833,CROATIA AIRLINES,CROATIA,14.7833,scheduled_duration_under_3h
CTN,2022-12,1719,200,0.5833,72.8167,CROATIA AIRLINES,CROATIA,11.6347,scheduled_duration_under_3h
CYP,2022-03,61,2,-1.75,84.2167,CYPRUS AIRWAYS,CYPRUS,3.2787,scheduled_duration_under_3h
CYP,2022-06,258,46,5.2583,78.2583,CYPRUS AIRWAYS,CYPRUS,17.8295,scheduled_duration_under_3h
CYP,2022-09,257,24,3.3333,90.0333,CYPRUS AIRWAYS,CYPRUS,9.3385,scheduled_duration_under_3h
CYP,2022-12,235,8,-0.5333,87.5333,CYPRUS AIRWAYS,CYPRUS,3.4043,scheduled_duration_under_3h
DAH,2022-03,369,155,12.0333,125.8333,AIR ALGERIE,ALGERIA,42.0054,scheduled_duration_under_3h
DAH,2022-06,1110,480,12.2083,122.0167,AIR ALGERIE,ALGERIA,43.2432,scheduled_duration_under_3h
DAH,2022-09,1752,558,9.1417,121.3667,AIR ALGERIE,ALGERIA,31.8493,scheduled_duration_under_3h
DAH,2022-12,2237,691,8.5,122.2167,AIR ALGERIE,ALGERIA,30.8896,scheduled_duration_under_3h
DHK,2022-03,498,24,-1.8583,93.5333,DHL AIR LIMITED,UNITED KINGDOM,4.8193,scheduled_duration_under_3h
DHK,2022-06,450,38,0.975,95.2917,DHL AIR LIMITED,UNITED KINGDOM,8.4444,scheduled_duration_under_3h
DHK,2022-09,463,46,2.1,94.8667,DHL AIR LIMITED,UNITED KINGDOM,9.9352,scheduled_duration_under_3h
DHK,2022-12,562,44,-0.2667,91.3083,DHL AIR LIMITED,UNITED KINGDOM,7.8292,scheduled_duration_under_3h
DLA,2022-03,929,61,-3.5,69.2,AIR DOLOMITI,ITALY,6.5662,scheduled_duration_under_3h
DLA,2022-06,2251,459,2.9667,76.8667,AIR DOLOMITI,ITALY,20.3909,scheduled_duration_under_3h
DLA,2022-09,2294,416,2.85,72.6167,AIR DOLOMITI,ITALY,18.1343,scheduled_duration_under_3h
DLA,2022-12,1668,247,-0.4417,70.7333,AIR DOLOMITI,ITALY,14.8082,scheduled_duration_under_3h
DLH,2022-03,21490,629,-3.3,80.575,"DEUTSCHE LUFTHANSA, AG, KOELN",GERMANY,2.9269,scheduled_duration_under_3h
DLH,2022-06,30259,3631,0.4833,89.05,"DEUTSCHE LUFTHANSA, AG, KOELN",GERMANY,11.9997,scheduled_duration_under_3h
DLH,2022-09,28592,3004,0.7,85.7,"DEUTSCHE LUFTHANSA, AG, KOELN",GERMANY,10.5064,scheduled_duration_under_3h
DLH,2022-12,24461,2889,-0.45,84.65,"DEUTSCHE LUFTHANSA, AG, KOELN",GERMANY,11.8106,scheduled_duration_under_3h
EDW,2022-03,180,7,-3.2833,123.6583,EDELWEISS AIR AG,SWITZERLAND,3.8889,scheduled_duration_under_3h
EDW,2022-06,924,69,-2.825,124.5667,EDELWEISS AIR AG,SWITZERLAND,7.4675,scheduled_duration_under_3h
EDW,2022-09,1047,79,-1.2167,124.8833,EDELWEISS AIR AG,SWITZERLAND,7.5454,scheduled_duration_under_3h
EDW,2022-12,312,31,-0.3833,122.6083,EDELWEISS AIR AG,SWITZERLAND,9.9359,scheduled_duration_under_3h
EIN,2022-03,3636,198,-3.0083,81.3083,AER LINGUS TEORANTA,IRELAND,5.4455,scheduled_duration_under_3h
EIN,2022-06,4558,961,4.0667,94.8333,AER LINGUS TEORANTA,IRELAND,21.0838,scheduled_duration_under_3h
EIN,2022-09,4303,754,2.45,99.1667,AER LINGUS TEORANTA,IRELAND,17.5227,scheduled_duration_under_3h
EIN,2022-12,3523,508,0.7833,85.5333,AER LINGUS TEORANTA,IRELAND,14.4195,scheduled_duration_under_3h
ELY,2022-03,320,29,1.8417,138.0333,EL AL - ISRAEL AIRLINES LTD.,ISRAEL,9.0625,scheduled_duration_under_3h
ELY,2022-06,486,72,2.55,117.525,EL AL - ISRAEL AIRLINES LTD.,ISRAEL,14.8148,scheduled_duration_under_3h
ELY,2022-09,593,81,4.0167,116.4667,EL AL - ISRAEL AIRLINES LTD.,ISRAEL,13.6594,scheduled_duration_under_3h
ELY,2022-12,444,59,2.5417,142.6833,EL AL - ISRAEL AIRLINES LTD.,ISRAEL,13.2883,scheduled_duration_under_3h
ETH,2022-03,202,21,1.85,75.8917,ETHIOPIAN AIRLINES CORPORATION,ETHIOPIA,10.396,scheduled_duration_under_3h
ETH,2022-06,234,57,4.5083,73.8417,ETHIOPIAN AIRLINES CORPORATION,ETHIOPIA,24.359,scheduled_duration_under_3h
ETH,2022-09,232,25,0.1833,76.4417,ETHIOPIAN AIRLINES CORPORATION,ETHIOPIA,10.7759,scheduled_duration_under_3h
ETH,2022-12,259,48,3.8167,81.2667,ETHIOPIAN AIRLINES CORPORATION,ETHIOPIA,18.5328,scheduled_duration_under_3h
EWG,2022-03,6531,316,-1.8333,96.65,EUROWINGS GMBH,GERMANY,4.8385,scheduled_duration_under_3h
EWG,2022-06,11314,3168,6.8,119.2333,EUROWINGS GMBH,GERMANY,28.0007,scheduled_duration_under_3h
EWG,2022-09,11895,2411,4.3833,118.7,EUROWINGS GMBH,GERMANY,20.269,scheduled_duration_under_3h
EWG,2022-12,5137,657,0.85,92.6,EUROWINGS GMBH,GERMANY,12.7896,scheduled_duration_under_3h
EXS,2022-03,1915,156,1.4667,153.8167,JET2.COM LTD,UNITED KINGDOM,8.1462,scheduled_duration_under_3h
EXS,2022-06,4620,1041,5.9,153.0417,JET2.COM LTD,UNITED KINGDOM,22.5325,scheduled_duration_under_3h
EXS,2022-09,4467,900,3.5167,154.1833,JET2.COM LTD,UNITED KINGDOM,20.1478,scheduled_duration_under_3h
EXS,2022-12,1328,131,-0.9917,149.4333,JET2.COM LTD,UNITED KINGDOM,9.8645,scheduled_duration_under_3h
EZE,2022-03,621,25,-2.7667,60.9833,EASTERN AIRWAYS (UK) LIMITED,UNITED KINGDOM,4.0258,scheduled_duration_under_3h
EZE,2022-06,824,67,-0.175,61.075,EASTERN AIRWAYS (UK) LIMITED,UNITED KINGDOM,8.1311,scheduled_duration_under_3h
EZE,2022-09,630,61,0.5167,63.9833,EASTERN AIRWAYS (UK) LIMITED,UNITED KINGDOM,9.6825,scheduled_duration_under_3h
EZE,2022-12,592,60,0.1917,58.55,EASTERN AIRWAYS (UK) LIMITED,UNITED KINGDOM,10.1351,scheduled_duration_under_3h
EZS,2022-03,3858,228,-4.5167,94.85,EASY JET SWITZERLAND SA,SWITZERLAND,5.9098,scheduled_duration_under_3h
EZS,2022-06,4321,715,0.65,94.0333,EASY JET SWITZERLAND SA,SWITZERLAND,16.5471,scheduled_duration_under_3h
EZS,2022-09,4394,643,0.2583,94.6583,EASY JET SWITZERLAND SA,SWITZERLAND,14.6336,scheduled_duration_under_3h
EZS,2022-12,3662,535,0.4667,95.3667,EASY JET SWITZERLAND SA,SWITZERLAND,14.6095,scheduled_duration_under_3h
EZY,2022-03,13475,770,-4.5167,90.2,EASYJET UK LTD,UNITED KINGDOM,5.7143,scheduled_duration_under_3h
EZY,2022-06,17152,3710,3.55,105.5,EASYJET UK LTD,UNITED KINGDOM,21.6301,scheduled_duration_under_3h
EZY,2022-09,18177,3461,2.5333,106.6333,EASYJET UK LTD,UNITED KINGDOM,19.0405,scheduled_duration_under_3h
EZY,2022-12,13619,1736,-0.0167,94.8667,EASYJET UK LTD,UNITED KINGDOM,12.7469,scheduled_duration_under_3h
FDX,2022-03,1091,129,0.0833,65.7667,FEDERAL EXPRESS CORPORATION,UNITED STATES,11.824,scheduled_duration_under_3h
FDX,2022-06,861,180,4.15,70.8667,FEDERAL EXPRESS CORPORATION,UNITED STATES,20.9059,scheduled_duration_under_3h
FDX,2022-09,854,165,4.8333,71.9333,FEDERAL EXPRESS CORPORATION,UNITED STATES,19.3208,scheduled_duration_under_3h
FDX,2022-12,837,111,1.7,70.8,FEDERAL EXPRESS CORPORATION,UNITED STATES,13.2616,scheduled_duration_under_3h
FIN,2022-03,5315,321,0.95,94.2667,FINNAIR OYJ,FINLAND,6.0395,scheduled_duration_under_3h
FIN,2022-06,5809,777,3.3667,96.4,FINNAIR OYJ,FINLAND,13.3758,scheduled_duration_under_3h
FIN,2022-09,6245,478,1.0333,95.85,FINNAIR OYJ,FINLAND,7.6541,scheduled_duration_under_3h
FIN,2022-12,6455,1035,3.65,84.1333,FINNAIR OYJ,FINLAND,16.0341,scheduled_duration_under_3h
FLI,2022-03,179,33,5.35,115.5167,"ATLANTIC AIRWAYS, FAROE ISLANDS P/F",DENMARK,18.4358,scheduled_duration_under_3h
FLI,2022-06,316,62,4.8167,115.2,"ATLANTIC AIRWAYS, FAROE ISLANDS P/F",DENMARK,19.6203,scheduled_duration_under_3h
FLI,2022-09,287,27,1.65,114.8833,"ATLANTIC AIRWAYS, FAROE ISLANDS P/F",DENMARK,9.4077,scheduled_duration_under_3h
FLI,2022-12,195,41,4.35,117.7833,"ATLANTIC AIRWAYS, FAROE ISLANDS P/F",DENMARK,21.0256,scheduled_duration_under_3h
FPY,2022-03,65,6,2.0,170.7833,FLY PLAY,ICELAND,9.2308,scheduled_duration_under_3h
FPY,2022-06,176,29,4.05,159.6833,FLY PLAY,ICELAND,16.4773,scheduled_duration_under_3h
FPY,2022-09,171,13,-2.1,165.35,FLY PLAY,ICELAND,7.6023,scheduled_duration_under_3h
FPY,2022-12,148,25,4.975,159.7583,FLY PLAY,ICELAND,16.8919,scheduled_duration_under_3h
GWI,2022-03,1847,48,-3.5833,63.8,"GERMANWINGS GMBH, KOELN",GERMANY,2.5988,scheduled_duration_under_3h
GWI,2022-06,1257,224,3.4833,65.7,"GERMANWINGS GMBH, KOELN",GERMANY,17.8202,scheduled_duration_under_3h
GWI,2022-09,1619,328,3.6667,65.1833,"GERMANWINGS GMBH, KOELN",GERMANY,20.2594,scheduled_duration_under_3h
GWI,2022-12,1398,165,0.75,63.9833,"GERMANWINGS GMBH, KOELN",GERMANY,11.8026,scheduled_duration_under_3h
IAW,2022-03,181,45,5.0,148.4167,IRAQI AIRWAYS,IRAQ,24.8619,scheduled_duration_under_3h
IAW,2022-06,281,77,4.65,149.7667,IRAQI AIRWAYS,IRAQ,27.4021,scheduled_duration_under_3h
IAW,2022-09,358,118,5.2333,152.0583,IRAQI AIRWAYS,IRAQ,32.9609,scheduled_duration_under_3h
IAW,2022-12,239,90,9.1667,147.6667,IRAQI AIRWAYS,IRAQ,37.6569,scheduled_duration_under_3h
IBB,2022-03,3453,58,-6.25,42.0667,BINTER CANARIAS,SPAIN,1.6797,scheduled_duration_under_3h
IBB,2022-06,3529,58,-5.65,42.1333,BINTER CANARIAS,SPAIN,1.6435,scheduled_duration_under_3h
IBB,2022-09,4026,114,-5.5,44.125,BINTER CANARIAS,SPAIN,2.8316,scheduled_duration_under_3h
IBB,2022-12,3892,221,-4.4417,43.3583,BINTER CANARIAS,SPAIN,5.6783,scheduled_duration_under_3h
IBE,2022-03,5186,343,1.05,101.4917,"IBERIA - LINEAS AEREAS DE ESPANA, SOCIEDAD ANONIMA OPERADORA",SPAIN,6.614,scheduled_duration_under_3h
IBE,2022-06,5199,833,4.3167,111.2,"IBERIA - LINEAS AEREAS DE ESPANA, SOCIEDAD ANONIMA OPERADORA",SPAIN,16.0223,scheduled_duration_under_3h
IBE,2022-09,5391,922,4.5833,109.0333,"IBERIA - LINEAS AEREAS DE ESPANA, SOCIEDAD ANONIMA OPERADORA",SPAIN,17.1026,scheduled_duration_under_3h
IBE,2022-12,5772,877,3.25,104.8667,"IBERIA - LINEAS AEREAS DE ESPANA, SOCIEDAD ANONIMA OPERADORA",SPAIN,15.194,scheduled_duration_under_3h
ICE,2022-03,419,113,8.9333,162.9333,ICELANDAIR,ICELAND,26.969,scheduled_duration_under_3h
ICE,2022-06,827,377,13.2167,163.9667,ICELANDAIR,ICELAND,45.5865,scheduled_duration_under_3h
ICE,2022-09,765,260,9.5,163.7167,ICELANDAIR,ICELAND,33.9869,scheduled_duration_under_3h
ICE,2022-12,479,201,12.0,160.35,ICELANDAIR,ICELAND,41.9624,scheduled_duration_under_3h
ISR,2022-03,487,65,0.3833,61.3667,ISRAIR LTD,ISRAEL,13.347,scheduled_duration_under_3h
ISR,2022-06,475,78,0.9167,66.1833,ISRAIR LTD,ISRAEL,16.4211,scheduled_duration_under_3h
ISR,2022-09,489,79,0.25,67.6167,ISRAIR LTD,ISRAEL,16.1554,scheduled_duration_under_3h
ISR,2022-12,402,55,1.6583,65.9833,ISRAIR LTD,ISRAEL,13.6816,scheduled_duration_under_3h
JON,2022-03,268,1,-13.925,53.1333,JOON,FRANCE,0.3731,scheduled_duration_under_3h
JON,2022-06,249,1,-13.6167,52.55,JOON,FRANCE,0.4016,scheduled_duration_under_3h
JON,2022-09,306,2,-12.1333,51.025,JOON,FRANCE,0.6536,scheduled_duration_under_3h
JON,2022-12,238,2,-10.0333,55.6,JOON,FRANCE,0.8403,scheduled_duration_under_3h
KLM,2022-03,13185,1162,3.5167,79.9,KLM ROYAL DUTCH AIRLINES,NETHERLANDS,8.813,scheduled_duration_under_3h
KLM,2022-06,15133,4133,8.4333,80.4,KLM ROYAL DUTCH AIRLINES,NETHERLANDS,27.3112,scheduled_duration_under_3h
KLM,2022-09,14965,3292,7.05,80.7667,KLM ROYAL DUTCH AIRLINES,NETHERLANDS,21.998,scheduled_duration_under_3h
KLM,2022-12,12483,2130,5.5667,78.2667,KLM ROYAL DUTCH AIRLINES,NETHERLANDS,17.0632,scheduled_duration_under_3h
KTB,2022-03,166,5,-7.275,31.55,TRANSAVIABALTIKA,LITHUANIA,3.012,scheduled_duration_under_3h
KTB,2022-06,121,0,-6.8833,31.15,TRANSAVIABALTIKA,LITHUANIA,0.0,scheduled_duration_under_3h
KTB,2022-09,198,1,-4.8917,31.55,TRANSAVIABALTIKA,LITHUANIA,0.5051,scheduled_duration_under_3h
KTB,2022-12,128,14,0.7583,31.85,TRANSAVIABALTIKA,LITHUANIA,10.9375,scheduled_duration_under_3h
LBT,2022-03,363,62,5.8167,140.8167,NOUVEL AIR TUNISIE,TUNISIA,17.0799,scheduled_duration_under_3h
LBT,2022-06,739,194,7.7,143.8667,NOUVEL AIR TUNISIE,TUNISIA,26.2517,scheduled_duration_under_3h
LBT,2022-09,702,213,8.55,142.825,NOUVEL AIR TUNISIE,TUNISIA,30.3419,scheduled_duration_under_3h
LBT,2022-12,555,127,6.7667,143.9833,NOUVEL AIR TUNISIE,TUNISIA,22.8829,scheduled_duration_under_3h
LGL,2022-03,1629,30,-8.1,92.1167,LUXAIR - SOCIETE LUXEMBOURGEOISE DE NAVIGATION AERIENNE S.A.,LUXEMBOURG,1.8416,scheduled_duration_under_3h
LGL,2022-06,2555,326,-1.25,103.9,LUXAIR - SOCIETE LUXEMBOURGEOISE DE NAVIGATION AERIENNE S.A.,LUXEMBOURG,12.7593,scheduled_duration_under_3h
LGL,2022-09,2635,294,-1.45,104.9167,LUXAIR - SOCIETE LUXEMBOURGEOISE DE NAVIGATION AERIENNE S.A.,LUXEMBOURG,11.1575,scheduled_duration_under_3h
LGL,2022-12,1926,147,-3.25,93.8833,LUXAIR - SOCIETE LUXEMBOURGEOISE DE NAVIGATION AERIENNE S.A.,LUXEMBOURG,7.6324,scheduled_duration_under_3h
LOG,2022-03,4653,236,-4.2667,57.2333,LOGAN AIR LIMITED,UNITED KINGDOM,5.072,scheduled_duration_under_3h
LOG,2022-06,5128,503,-0.5083,62.5333,LOGAN AIR LIMITED,UNITED KINGDOM,9.8089,scheduled_duration_under_3h
LOG,2022-09,5184,516,-0.2333,62.8917,LOGAN AIR LIMITED,UNITED KINGDOM,9.9537,scheduled_duration_under_3h
LOG,2022-12,4106,541,0.0,60.3417,LOGAN AIR LIMITED,UNITED KINGDOM,13.1758,scheduled_duration_under_3h
LOT,2022-03,4660,140,-6.7167,90.7583,LOT - POLSKIE LINIE LOTNICZE,POLAND,3.0043,scheduled_duration_under_3h
LOT,2022-06,7210,1018,-1.3167,91.75,LOT - POLSKIE LINIE LOTNICZE,POLAND,14.1193,scheduled_duration_under_3h
LOT,2022-09,7192,655,0.2083,85.1,LOT - POLSKIE LINIE LOTNICZE,POLAND,9.1073,scheduled_duration_under_3h
LOT,2022-12,6411,479,-1.6,84.05,LOT - POLSKIE LINIE LOTNICZE,POLAND,7.4715,scheduled_duration_under_3h
LZB,2022-03,370,29,-0.5583,113.175,BULGARIA AIR,BULGARIA,7.8378,scheduled_duration_under_3h
LZB,2022-06,502,86,4.3083,105.0583,BULGARIA AIR,BULGARIA,17.1315,scheduled_duration_under_3h
LZB,2022-09,583,73,2.45,113.2333,BULGARIA AIR,BULGARIA,12.5214,scheduled_duration_under_3h
LZB,2022-12,469,62,1.9333,113.3667,BULGARIA AIR,BULGARIA,13.2196,scheduled_duration_under_3h
MEA,2022-03,314,45,0.8167,99.2667,MIDDLE EAST AIRLINES - AIRLIBAN,LEBANON,14.3312,scheduled_duration_under_3h
MEA,2022-06,412,46,0.875,94.3417,MIDDLE EAST AIRLINES - AIRLIBAN,LEBANON,11.165,scheduled_duration_under_3h
MEA,2022-09,470,56,1.2417,98.9417,MIDDLE EAST AIRLINES - AIRLIBAN,LEBANON,11.9149,scheduled_duration_under_3h
MEA,2022-12,445,50,-0.6,78.1,MIDDLE EAST AIRLINES - AIRLIBAN,LEBANON,11.236,scheduled_duration_under_3h
MLD,2022-03,28,5,0.175,163.6583,AIR MOLDOVA,REPUBLIC OF MOLDOVA,17.8571,scheduled_duration_under_3h
MLD,2022-06,375,31,-3.8333,126.9167,AIR MOLDOVA,REPUBLIC OF MOLDOVA,8.2667,scheduled_duration_under_3h
MLD,2022-09,438,39,-4.4167,128.7417,AIR MOLDOVA,REPUBLIC OF MOLDOVA,8.9041,scheduled_duration_under_3h
MLD,2022-12,394,16,-5.9917,139.425,AIR MOLDOVA,REPUBLIC OF MOLDOVA,4.0609,scheduled_duration_under_3h
MMD,2022-03,242,4,-7.1,48.8583,AIR ALSIE A/S,DENMARK,1.6529,scheduled_duration_under_3h
MMD,2022-06,467,45,-4.0167,81.4167,AIR ALSIE A/S,DENMARK,9.636,scheduled_duration_under_3h
MMD,2022-09,470,37,-2.1167,51.6167,AIR ALSIE A/S,DENMARK,7.8723,scheduled_duration_under_3h
MMD,2022-12,260,10,-2.325,48.5667,AIR ALSIE A/S,DENMARK,3.8462,scheduled_duration_under_3h
MNB,2022-03,197,18,-6.5667,158.6167,MNG HAVAYOLLARI VE TASIMACILIK A.S.,TURKEY,9.1371,scheduled_duration_under_3h
MNB,2022-06,230,48,0.8417,155.4667,MNG HAVAYOLLARI VE TASIMACILIK A.S.,TURKEY,20.8696,scheduled_duration_under_3h
MNB,2022-09,222,38,-1.575,136.7333,MNG HAVAYOLLARI VE TASIMACILIK A.S.,TURKEY,17.1171,scheduled_duration_under_3h
MNB,2022-12,220,30,-3.75,156.4833,MNG HAVAYOLLARI VE TASIMACILIK A.S.,TURKEY,13.6364,scheduled_duration_under_3h
MNE,2022-03,205,1,-11.9167,49.0833,TOMONTENEGRO,MONTENEGRO,0.4878,scheduled_duration_under_3h
MNE,2022-06,430,38,-5.975,50.8583,TOMONTENEGRO,MONTENEGRO,8.8372,scheduled_duration_under_3h
MNE,2022-09,433,40,-3.3,59.0833,TOMONTENEGRO,MONTENEGRO,9.2379,scheduled_duration_under_3h
MNE,2022-12,264,0,-10.15,48.6667,TOMONTENEGRO,MONTENEGRO,0.0,scheduled_duration_under_3h
MSA,2022-03,420,7,-6.125,75.2167,POSTE AIR CARGO S.R.L.,ITALY,1.6667,scheduled_duration_under_3h
MSA,2022-06,344,6,-5.1167,70.3583,POSTE AIR CARGO S.R.L.,ITALY,1.7442,scheduled_duration_under_3h
MSA,2022-09,397,12,-7.4333,74.5333,POSTE AIR CARGO S.R.L.,ITALY,3.0227,scheduled_duration_under_3h
MSA,2022-12,394,11,-2.625,76.9583,POSTE AIR CARGO S.R.L.,ITALY,2.7919,scheduled_duration_under_3h
MSR,2022-03,526,132,3.9417,116.5583,EGYPT AIR,EGYPT,25.0951,scheduled_duration_under_3h
MSR,2022-06,631,149,4.2833,111.8,EGYPT AIR,EGYPT,23.6133,scheduled_duration_under_3h
MSR,2022-09,710,169,4.4833,113.2333,EGYPT AIR,EGYPT,23.8028,scheduled_duration_under_3h
MSR,2022-12,667,173,4.7333,112.4667,EGYPT AIR,EGYPT,25.937,scheduled_duration_under_3h
NDA,2022-03,39,2,-1.15,33.3833,NORDICA,ESTONIA,5.1282,scheduled_duration_under_3h
NDA,2022-06,172,2,-6.2583,47.15,NORDICA,ESTONIA,1.1628,scheduled_duration_under_3h
NDA,2022-09,192,1,-11.1083,43.9083,NORDICA,ESTONIA,0.5208,scheduled_duration_under_3h
NDA,2022-12,184,17,1.9083,62.8667,NORDICA,ESTONIA,9.2391,scheduled_duration_under_3h
NOS,2022-03,89,4,-6.35,73.8333,NEOS S.P.A.,ITALY,4.4944,scheduled_duration_under_3h
NOS,2022-06,567,75,-0.5167,99.6,NEOS S.P.A.,ITALY,13.2275,scheduled_duration_under_3h
NOS,2022-09,730,70,-1.3417,98.9833,NEOS S.P.A.,ITALY,9.589,scheduled_duration_under_3h
NOS,2022-12,150,9,1.8333,66.1917,NEOS S.P.A.,ITALY,6.0,scheduled_duration_under_3h
OAL,2022-03,1107,26,-8.4167,56.45,OLYMPIC AIR,GREECE,2.3487,scheduled_duration_under_3h
OAL,2022-06,2604,195,-4.125,55.0,OLYMPIC AIR,GREECE,7.4885,scheduled_duration_under_3h
OAL,2022-09,2452,84,-8.275,57.6667,OLYMPIC AIR,GREECE,3.4258,scheduled_duration_under_3h
OAL,2022-12,1349,11,-14.3333,65.4167,OLYMPIC AIR,GREECE,0.8154,scheduled_duration_under_3h
OCN,2022-03,65,10,2.3167,124.9167,EW DISCOVER GMBH,GERMANY,15.3846,scheduled_duration_under_3h
OCN,2022-06,394,45,3.475,149.5333,EW DISCOVER GMBH,GERMANY,11.4213,scheduled_duration_under_3h
OCN,2022-09,529,80,5.4,153.6333,EW DISCOVER GMBH,GERMANY,15.1229,scheduled_duration_under_3h
PGT,2022-03,6884,1278,1.8833,86.625,PEGASUS HAVA TASIMACILIGI A.S. (PEGASUS),TURKEY,18.5648,scheduled_duration_under_3h
PGT,2022-06,9697,1865,3.1,81.7,PEGASUS HAVA TASIMACILIGI A.S. (PEGASUS),TURKEY,19.2328,scheduled_duration_under_3h
PGT,2022-09,9208,1579,2.7,84.4583,PEGASUS HAVA TASIMACILIGI A.S. (PEGASUS),TURKEY,17.1481,scheduled_duration_under_3h
PGT,2022-12,8546,1685,2.8833,87.6083,PEGASUS HAVA TASIMACILIGI A.S. (PEGASUS),TURKEY,19.7168,scheduled_duration_under_3h
QTR,2022-03,284,48,-1.5667,155.0333,QATAR AIRWAYS GROUP Q.C.S.C.,QATAR,16.9014,scheduled_duration_under_3h
QTR,2022-06,372,91,3.925,155.1333,QATAR AIRWAYS GROUP Q.C.S.C.,QATAR,24.4624,scheduled_duration_under_3h
QTR,2022-09,310,59,4.3167,150.425,QATAR AIRWAYS GROUP Q.C.S.C.,QATAR,19.0323,scheduled_duration_under_3h
QTR,2022-12,291,53,1.9333,149.8,QATAR AIRWAYS GROUP Q.C.S.C.,QATAR,18.2131,scheduled_duration_under_3h
RAM,2022-03,3196,496,2.875,123.7833,ROYAL AIR MAROC - COMPAGNIE NATIONALE DE TRANSPORTS AERIENS,MOROCCO,15.5194,scheduled_duration_under_3h
RAM,2022-06,3143,736,5.7333,117.8333,ROYAL AIR MAROC - COMPAGNIE NATIONALE DE TRANSPORTS AERIENS,MOROCCO,23.4171,scheduled_duration_under_3h
RAM,2022-09,3230,742,5.725,127.4917,ROYAL AIR MAROC - COMPAGNIE NATIONALE DE TRANSPORTS AERIENS,MOROCCO,22.9721,scheduled_duration_under_3h
RAM,2022-12,3215,934,7.8833,115.6,ROYAL AIR MAROC - COMPAGNIE NATIONALE DE TRANSPORTS AERIENS,MOROCCO,29.0513,scheduled_duration_under_3h
RJA,2022-03,192,22,2.5167,125.725,ROYAL JORDANIAN,JORDAN,11.4583,scheduled_duration_under_3h
RJA,2022-06,354,74,3.3,120.6333,ROYAL JORDANIAN,JORDAN,20.904,scheduled_duration_under_3h
RJA,2022-09,335,39,1.6833,121.45,ROYAL JORDANIAN,JORDAN,11.6418,scheduled_duration_under_3h
RJA,2022-12,332,56,2.3583,57.7083,ROYAL JORDANIAN,JORDAN,16.8675,scheduled_duration_under_3h
ROT,2022-03,1704,61,-5.1,79.7917,COMPANIA NATIONALA DE TRANSPORTURI AERIENE ROMANE TAROM S.A.,ROMANIA,3.5798,scheduled_duration_under_3h
ROT,2022-06,1883,196,-2.5667,78.4167,COMPANIA NATIONALA DE TRANSPORTURI AERIENE ROMANE TAROM S.A.,ROMANIA,10.4089,scheduled_duration_under_3h
ROT,2022-09,1984,178,-2.6083,78.3667,COMPANIA NATIONALA DE TRANSPORTURI AERIENE ROMANE TAROM S.A.,ROMANIA,8.9718,scheduled_duration_under_3h
ROT,2022-12,1857,101,-8.25,87.1167,COMPANIA NATIONALA DE TRANSPORTURI AERIENE ROMANE TAROM S.A.,ROMANIA,5.4389,scheduled_duration_under_3h
RYR,2022-03,59193,3303,-1.85,107.7667,RYANAIR,IRELAND,5.5801,scheduled_duration_under_3h
RYR,2022-06,76941,14818,3.6667,109.7167,RYANAIR,IRELAND,19.2589,scheduled_duration_under_3h
RYR,2022-09,76958,13246,3.05,109.8167,RYANAIR,IRELAND,17.212,scheduled_duration_under_3h
RYR,2022-12,54658,6824,0.6333,111.5,RYANAIR,IRELAND,12.4849,scheduled_duration_under_3h
RZO,2022-03,381,31,-0.0833,135.0667,SATA INTERNACIONAL - AZORES AIRLINES S.A,PORTUGAL,8.1365,scheduled_duration_under_3h
RZO,2022-06,614,124,3.2,135.675,SATA INTERNACIONAL - AZORES AIRLINES S.A,PORTUGAL,20.1954,scheduled_duration_under_3h
RZO,2022-09,622,118,2.0,135.2583,SATA INTERNACIONAL - AZORES AIRLINES S.A,PORTUGAL,18.9711,scheduled_duration_under_3h
RZO,2022-12,431,136,8.2833,133.2,SATA INTERNACIONAL - AZORES AIRLINES S.A,PORTUGAL,31.5545,scheduled_duration_under_3h
SAS,2022-03,12336,582,-1.35,66.2667,SCANDINAVIAN AIRLINES SYSTEM,SWEDEN,4.7179,scheduled_duration_under_3h
SAS,2022-06,13466,1082,0.6333,66.25,SCANDINAVIAN AIRLINES SYSTEM,SWEDEN,8.0351,scheduled_duration_under_3h
SAS,2022-09,14663,876,-0.6167,65.3167,SCANDINAVIAN AIRLINES SYSTEM,SWEDEN,5.9742,scheduled_duration_under_3h
SAS,2022-12,13483,1265,0.6333,71.5333,SCANDINAVIAN AIRLINES SYSTEM,SWEDEN,9.3822,scheduled_duration_under_3h
SAT,2022-03,1058,58,-0.8,30.7917,SERVICO ACOREANO DE TRANSPORTES AEREOS - EP (SATA),PORTUGAL,5.482,scheduled_duration_under_3h
SAT,2022-06,1676,188,1.1083,34.9833,SERVICO ACOREANO DE TRANSPORTES AEREOS - EP (SATA),PORTUGAL,11.2172,scheduled_duration_under_3h
SAT,2022-09,2048,129,-3.0167,35.625,SERVICO ACOREANO DE TRANSPORTES AEREOS - EP (SATA),PORTUGAL,6.2988,scheduled_duration_under_3h
SAT,2022-12,1020,113,1.7583,30.9667,SERVICO ACOREANO DE TRANSPORTES AEREOS - EP (SATA),PORTUGAL,11.0784,scheduled_duration_under_3h
SBI,2022-03,122,15,0.5167,147.4583,SIBERIA AIRLINES,RUSSIAN FEDERATION,12.2951,scheduled_duration_under_3h
SBI,2022-06,184,17,2.325,143.35,SIBERIA AIRLINES,RUSSIAN FEDERATION,9.2391,scheduled_duration_under_3h
SBI,2022-09,184,38,6.3083,142.9167,SIBERIA AIRLINES,RUSSIAN FEDERATION,20.6522,scheduled_duration_under_3h
SBI,2022-12,212,108,15.6167,143.425,SIBERIA AIRLINES,RUSSIAN FEDERATION,50.9434,scheduled_duration_under_3h
SDM,2022-03,191,10,-2.0833,95.5,"ROSSIYA AIRLINES, JOINT STOCK COMPANY",RUSSIAN FEDERATION,5.2356,scheduled_duration_under_3h
SDM,2022-06,1145,214,3.4333,102.7333,"ROSSIYA AIRLINES, JOINT STOCK COMPANY",RUSSIAN FEDERATION,18.69,scheduled_duration_under_3h
SDM,2022-09,1309,297,6.0,99.8667,"ROSSIYA AIRLINES, JOINT STOCK COMPANY",RUSSIAN FEDERATION,22.6891,scheduled_duration_under_3h
SDM,2022-12,694,200,6.4333,97.1833,"ROSSIYA AIRLINES, JOINT STOCK COMPANY",RUSSIAN FEDERATION,28.8184,scheduled_duration_under_3h
SDR,2022-03,51,8,2.1833,49.9,SUNDAIR GMBH,GERMANY,15.6863,scheduled_duration_under_3h
SDR,2022-06,439,131,6.4833,146.1333,SUNDAIR GMBH,GERMANY,29.8405,scheduled_duration_under_3h
SDR,2022-09,452,90,4.9583,141.6667,SUNDAIR GMBH,GERMANY,19.9115,scheduled_duration_under_3h
SDR,2022-12,41,3,-0.2167,74.6,SUNDAIR GMBH,GERMANY,7.3171,scheduled_duration_under_3h
SEH,2022-03,3299,56,-8.55,59.8667,SKY EXPRESS S.A.,GREECE,1.6975,scheduled_duration_under_3h
SEH,2022-06,4447,353,-2.2333,57.0,SKY EXPRESS S.A.,GREECE,7.9379,scheduled_duration_under_3h
SEH,2022-09,4592,240,-4.5917,57.1167,SKY EXPRESS S.A.,GREECE,5.2265,scheduled_duration_under_3h
SEH,2022-12,3537,37,-11.05,60.6167,SKY EXPRESS S.A.,GREECE,1.0461,scheduled_duration_under_3h
SHT,2022-03,2067,379,4.95,66.55,BRITISH AIRWAYS SHUTTLE,UNITED KINGDOM,18.3358,scheduled_duration_under_3h
SHT,2022-06,2203,647,8.9833,66.7,BRITISH AIRWAYS SHUTTLE,UNITED KINGDOM,29.369,scheduled_duration_under_3h
SHT,2022-09,1597,636,11.4333,68.6167,BRITISH AIRWAYS SHUTTLE,UNITED KINGDOM,39.8247,scheduled_duration_under_3h
SHT,2022-12,2176,683,8.9167,69.3083,BRITISH AIRWAYS SHUTTLE,UNITED KINGDOM,31.3879,scheduled_duration_under_3h
SRR,2022-03,706,64,0.675,67.5,MAERSK AIR CARGO A/S,DENMARK,9.0652,scheduled_duration_under_3h
SRR,2022-06,708,150,3.7333,70.1667,MAERSK AIR CARGO A/S,DENMARK,21.1864,scheduled_duration_under_3h
SRR,2022-09,671,141,4.7667,70.05,MAERSK AIR CARGO A/S,DENMARK,21.0134,scheduled_duration_under_3h
SRR,2022-12,671,107,2.05,72.05,MAERSK AIR CARGO A/S,DENMARK,15.9463,scheduled_duration_under_3h
SVR,2022-03,114,37,9.9,141.5333,URAL AIRLINES,RUSSIAN FEDERATION,32.4561,scheduled_duration_under_3h
SVR,2022-06,407,174,12.45,133.45,URAL AIRLINES,RUSSIAN FEDERATION,42.7518,scheduled_duration_under_3h
SVR,2022-09,468,237,15.375,138.9417,URAL AIRLINES,RUSSIAN FEDERATION,50.641,scheduled_duration_under_3h
SVR,2022-12,252,161,21.8167,138.9,URAL AIRLINES,RUSSIAN FEDERATION,63.8889,scheduled_duration_under_3h
SWN,2022-03,518,23,-6.2167,83.7833,WEST ATLANTIC SWEDEN AB,SWEDEN,4.4402,scheduled_duration_under_3h
SWN,2022-06,481,71,-2.0333,92.1,WEST ATLANTIC SWEDEN AB,SWEDEN,14.7609,scheduled_duration_under_3h
SWN,2022-09,527,72,-1.2333,81.5333,WEST ATLANTIC SWEDEN AB,SWEDEN,13.6622,scheduled_duration_under_3h
SWN,2022-12,388,47,-0.9583,74.7667,WEST ATLANTIC SWEDEN AB,SWEDEN,12.1134,scheduled_duration_under_3h
SWR,2022-03,5816,419,-0.35,86.5,SWISS INTERNATIONAL AIR LINES LTD,SWITZERLAND,7.2043,scheduled_duration_under_3h
SWR,2022-06,8404,1498,3.5333,91.6167,SWISS INTERNATIONAL AIR LINES LTD,SWITZERLAND,17.8248,scheduled_duration_under_3h
SWR,2022-09,8645,1362,3.1167,92.4167,SWISS INTERNATIONAL AIR LINES LTD,SWITZERLAND,15.7548,scheduled_duration_under_3h
SWR,2022-12,7955,1265,2.5833,87.15,SWISS INTERNATIONAL AIR LINES LTD,SWITZERLAND,15.9019,scheduled_duration_under_3h
SWT,2022-03,958,27,-8.0583,62.775,SWIFTAIR S.A.,SPAIN,2.8184,scheduled_duration_under_3h
SWT,2022-06,816,63,-5.0833,54.8917,SWIFTAIR S.A.,SPAIN,7.7206,scheduled_duration_under_3h
SWT,2022-09,776,67,-6.825,56.4833,SWIFTAIR S.A.,SPAIN,8.634,scheduled_duration_under_3h
SWT,2022-12,554,27,-7.225,63.45,SWIFTAIR S.A.,SPAIN,4.8736,scheduled_duration_under_3h
SXS,2022-03,1588,237,2.6667,105.7667,GUNES EKSPRES HAVACILIK A.S. (SUNEXPRESS),TURKEY,14.9244,scheduled_duration_under_3h
SXS,2022-06,2796,853,7.6583,128.375,GUNES EKSPRES HAVACILIK A.S. (SUNEXPRESS),TURKEY,30.5079,scheduled_duration_under_3h
SXS,2022-09,3007,694,5.4667,141.1,GUNES EKSPRES HAVACILIK A.S. (SUNEXPRESS),TURKEY,23.0795,scheduled_duration_under_3h
SXS,2022-12,2018,403,2.925,103.5917,GUNES EKSPRES HAVACILIK A.S. (SUNEXPRESS),TURKEY,19.9703,scheduled_duration_under_3h
TAP,2022-03,5142,634,2.1167,128.0333,"TRANSPORTES AEREOS PORTUGUESES, E.P.",PORTUGAL,12.3298,scheduled_duration_under_3h
TAP,2022-06,7101,2386,9.15,127.3333,"TRANSPORTES AEREOS PORTUGUESES, E.P.",PORTUGAL,33.6009,scheduled_duration_under_3h
TAP,2022-09,7010,2422,9.3,127.1,"TRANSPORTES AEREOS PORTUGUESES, E.P.",PORTUGAL,34.5506,scheduled_duration_under_3h
TAP,2022-12,6143,2153,9.3,124.9667,"TRANSPORTES AEREOS PORTUGUESES, E.P.",PORTUGAL,35.048,scheduled_duration_under_3h
TAR,2022-03,1078,254,6.7833,120.9083,TUNIS AIR - SOCIETE TUNISIENNE DE L'AIR,TUNISIA,23.5622,scheduled_duration_under_3h
TAR,2022-06,1284,374,7.4667,119.125,TUNIS AIR - SOCIETE TUNISIENNE DE L'AIR,TUNISIA,29.1277,scheduled_duration_under_3h
TAR,2022-09,1423,421,8.4167,118.5333,TUNIS AIR - SOCIETE TUNISIENNE DE L'AIR,TUNISIA,29.5854,scheduled_duration_under_3h
TAR,2022-12,1108,272,6.825,116.325,TUNIS AIR - SOCIETE TUNISIENNE DE L'AIR,TUNISIA,24.5487,scheduled_duration_under_3h
THY,2022-03,19363,2587,-0.1333,91.2167,TURK HAVA YOLLARI (TURKISH AIRLINES CO.),TURKEY,13.3605,scheduled_duration_under_3h
THY,2022-06,25496,4995,3.95,90.15,TURK HAVA YOLLARI (TURKISH AIRLINES CO.),TURKEY,19.5913,scheduled_duration_under_3h
THY,2022-09,25484,4534,3.55,92.7167,TURK HAVA YOLLARI (TURKISH AIRLINES CO.),TURKEY,17.7916,scheduled_duration_under_3h
THY,2022-12,22138,3199,2.2167,92.25,TURK HAVA YOLLARI (TURKISH AIRLINES CO.),TURKEY,14.4503,scheduled_duration_under_3h
TJT,2022-03,326,19,-0.575,65.85,TWIN JET,FRANCE,5.8282,scheduled_duration_under_3h
TJT,2022-06,418,39,1.1083,63.9083,TWIN JET,FRANCE,9.3301,scheduled_duration_under_3h
TJT,2022-09,547,78,1.8667,68.55,TWIN JET,FRANCE,14.2596,scheduled_duration_under_3h
TJT,2022-12,420,47,2.325,68.825,TWIN JET,FRANCE,11.1905,scheduled_duration_under_3h
TRA,2022-03,2671,202,0.7,138.0667,TRANSAVIA HOLLAND B.V.,NETHERLANDS,7.5627,scheduled_duration_under_3h
TRA,2022-06,3636,857,5.75,139.9833,TRANSAVIA HOLLAND B.V.,NETHERLANDS,23.5699,scheduled_duration_under_3h
TRA,2022-09,3481,784,5.4333,140.9833,TRANSAVIA HOLLAND B.V.,NETHERLANDS,22.5223,scheduled_duration_under_3h
TRA,2022-12,2161,398,4.1,141.0667,TRANSAVIA HOLLAND B.V.,NETHERLANDS,18.4174,scheduled_duration_under_3h
TVF,2022-03,4039,617,4.5333,113.85,TRANSAVIA FRANCE,FRANCE,15.2761,scheduled_duration_under_3h
TVF,2022-06,5609,1436,7.2,117.5167,TRANSAVIA FRANCE,FRANCE,25.6017,scheduled_duration_under_3h
TVF,2022-09,5761,1324,6.0,119.6167,TRANSAVIA FRANCE,FRANCE,22.9821,scheduled_duration_under_3h
TVF,2022-12,4776,1308,7.4,120.1833,TRANSAVIA FRANCE,FRANCE,27.3869,scheduled_duration_under_3h
UPS,2022-03,930,66,-4.4417,76.15,"UNITED PARCEL SERVICE COMPANY, (LOUISVILLE, KY)",UNITED STATES,7.0968,scheduled_duration_under_3h
UPS,2022-06,891,198,0.85,76.6167,"UNITED PARCEL SERVICE COMPANY, (LOUISVILLE, KY)",UNITED STATES,22.2222,scheduled_duration_under_3h
UPS,2022-09,893,158,-0.1167,73.85,"UNITED PARCEL SERVICE COMPANY, (LOUISVILLE, KY)",UNITED STATES,17.6932,scheduled_duration_under_3h
UPS,2022-12,868,90,-3.0917,74.6167,"UNITED PARCEL SERVICE COMPANY, (LOUISVILLE, KY)",UNITED STATES,10.3687,scheduled_duration_under_3h
UTA,2022-03,45,20,12.8833,138.2167,UTAIR AVIATION,RUSSIAN FEDERATION,44.4444,scheduled_duration_under_3h
UTA,2022-06,163,64,8.7333,130.15,UTAIR AVIATION,RUSSIAN FEDERATION,39.2638,scheduled_duration_under_3h
UTA,2022-09,225,101,13.0,130.1167,UTAIR AVIATION,RUSSIAN FEDERATION,44.8889,scheduled_duration_under_3h
UTA,2022-12,120,49,12.825,134.275,UTAIR AVIATION,RUSSIAN FEDERATION,40.8333,scheduled_duration_under_3h
VLG,2022-03,10580,715,1.0583,89.3,VUELING AIRLINES,SPAIN,6.758,scheduled_duration_under_3h
VLG,2022-06,18294,3269,4.2833,92.4667,VUELING AIRLINES,SPAIN,17.8692,scheduled_duration_under_3h
VLG,2022-09,19075,3086,3.3167,95.6667,VUELING AIRLINES,SPAIN,16.1782,scheduled_duration_under_3h
VLG,2022-12,13259,1622,2.55,94.3,VUELING AIRLINES,SPAIN,12.2332,scheduled_duration_under_3h
WIF,2022-03,10057,192,-11.7167,55.35,WIDEROE'S FLYVESELSKAP A/S,NORWAY,1.9091,scheduled_duration_under_3h
WIF,2022-06,9563,82,-11.5833,56.6167,WIDEROE'S FLYVESELSKAP A/S,NORWAY,0.8575,scheduled_duration_under_3h
WIF,2022-09,10834,74,-12.6667,56.3,WIDEROE'S FLYVESELSKAP A/S,NORWAY,0.683,scheduled_duration_under_3h
WIF,2022-12,9144,237,-10.575,56.775,WIDEROE'S FLYVESELSKAP A/S,NORWAY,2.5919,scheduled_duration_under_3h
WZZ,2022-03,9940,826,-0.05,116.9167,WIZZ AIR HUNGARY LTD,HUNGARY,8.3099,scheduled_duration_under_3h
WZZ,2022-06,17485,4473,5.5,114.6333,WIZZ AIR HUNGARY LTD,HUNGARY,25.5819,scheduled_duration_under_3h
WZZ,2022-09,18444,4047,4.5,116.4,WIZZ AIR HUNGARY LTD,HUNGARY,21.9421,scheduled_duration_under_3h
WZZ,2022-12,15871,1879,0.5167,119.4,WIZZ AIR HUNGARY LTD,HUNGARY,11.8392,scheduled_duration_under_3h
AAL,2022-03,1943,407,3.8,496.2167,AMERICAN AIRLINES INC.,UNITED STATES,20.947,scheduled_duration_3h_or_more
AAL,2022-06,3515,931,5.8167,492.8,AMERICAN AIRLINES INC.,UNITED STATES,26.4865,scheduled_duration_3h_or_more
AAL,2022-09,3469,719,2.5833,494.1333,AMERICAN AIRLINES INC.,UNITED STATES,20.7264,scheduled_duration_3h_or_more
AAL,2022-12,2469,597,3.9167,498.2667,AMERICAN AIRLINES INC.,UNITED STATES,24.1798,scheduled_duration_3h_or_more
AAR,2022-03,63,29,13.8,606.7333,ASIANA AIRLINES,REPUBLIC OF KOREA,46.0317,scheduled_duration_3h_or_more
AAR,2022-06,182,142,27.5333,681.075,ASIANA AIRLINES,REPUBLIC OF KOREA,78.022,scheduled_duration_3h_or_more
AAR,2022-09,290,199,25.0417,679.6417,ASIANA AIRLINES,REPUBLIC OF KOREA,68.6207,scheduled_duration_3h_or_more
AAR,2022-12,292,196,25.1167,690.3583,ASIANA AIRLINES,REPUBLIC OF KOREA,67.1233,scheduled_duration_3h_or_more
ABB,2022-03,150,21,-0.2833,529.6583,AIR BELGIUM SA,BELGIUM,14.0,scheduled_duration_3h_or_more
ABB,2022-06,211,65,4.45,506.2667,AIR BELGIUM SA,BELGIUM,30.8057,scheduled_duration_3h_or_more
ABB,2022-09,174,56,6.7583,531.3417,AIR BELGIUM SA,BELGIUM,32.1839,scheduled_duration_3h_or_more
ABB,2022-12,117,50,10.3,596.9667,AIR BELGIUM SA,BELGIUM,42.735,scheduled_duration_3h_or_more
ABD,2022-03,167,42,6.4,479.9667,AIR ATLANTA ICELANDIC,ICELAND,25.1497,scheduled_duration_3h_or_more
ABD,2022-06,149,70,13.0667,488.2,AIR ATLANTA ICELANDIC,ICELAND,46.9799,scheduled_duration_3h_or_more
ABD,2022-09,174,64,10.7667,481.4083,AIR ATLANTA ICELANDIC,ICELAND,36.7816,scheduled_duration_3h_or_more
ABD,2022-12,192,72,10.6583,477.2,AIR ATLANTA ICELANDIC,ICELAND,37.5,scheduled_duration_3h_or_more
ABY,2022-03,244,59,6.075,274.625,AIR ARABIA,UNITED ARAB EMIRATES,24.1803,scheduled_duration_3h_or_more
ABY,2022-06,305,83,6.4833,243.2833,AIR ARABIA,UNITED ARAB EMIRATES,27.2131,scheduled_duration_3h_or_more
ABY,2022-09,444,138,6.725,274.8417,AIR ARABIA,UNITED ARAB EMIRATES,31.0811,scheduled_duration_3h_or_more
ABY,2022-12,567,207,8.9167,284.0833,AIR ARABIA,UNITED ARAB EMIRATES,36.5079,scheduled_duration_3h_or_more
ACA,2022-03,1144,661,19.2,451.0667,AIR CANADA,CANADA,57.7797,scheduled_duration_3h_or_more
ACA,2022-06,2471,1752,32.85,449.6167,AIR CANADA,CANADA,70.9025,scheduled_duration_3h_or_more
ACA,2022-09,2625,1692,24.5333,451.3667,AIR CANADA,CANADA,64.4571,scheduled_duration_3h_or_more
ACA,2022-12,1691,1216,32.75,455.7333,AIR CANADA,CANADA,71.9101,scheduled_duration_3h_or_more
AEA,2022-03,622,166,7.075,587.6583,AIR EUROPA,SPAIN,26.6881,scheduled_duration_3h_or_more
AEA,2022-06,786,261,9.2667,569.0083,AIR EUROPA,SPAIN,33.2061,scheduled_duration_3h_or_more
AEA,2022-09,844,252,8.2667,568.7917,AIR EUROPA,SPAIN,29.8578,scheduled_duration_3h_or_more
AEA,2022-12,920,288,7.8667,575.3417,AIR EUROPA,SPAIN,31.3043,scheduled_duration_3h_or_more
AEE,2022-03,563,21,-0.9167,202.0333,AEGEAN AIRLINES,GREECE,3.73,scheduled_duration_3h_or_more
AEE,2022-06,1313,291,4.7167,203.6833,AEGEAN AIRLINES,GREECE,22.163,scheduled_duration_3h_or_more
AEE,2022-09,1324,250,3.9,204.4,AEGEAN AIRLINES,GREECE,18.8822,scheduled_duration_3h_or_more
AEE,2022-12,742,98,2.4583,205.1,AEGEAN AIRLINES,GREECE,13.2075,scheduled_duration_3h_or_more
AFL,2022-03,305,60,1.3167,307.0167,AEROFLOT - RUSSIAN AIRLINES,RUSSIAN FEDERATION,19.6721,scheduled_duration_3h_or_more
AFL,2022-06,446,86,-1.025,316.0667,AEROFLOT - RUSSIAN AIRLINES,RUSSIAN FEDERATION,19.2825,scheduled_duration_3h_or_more
AFL,2022-09,1125,76,-7.7167,287.5833,AEROFLOT - RUSSIAN AIRLINES,RUSSIAN FEDERATION,6.7556,scheduled_duration_3h_or_more
AFL,2022-12,1344,367,2.725,300.8917,AEROFLOT - RUSSIAN AIRLINES,RUSSIAN FEDERATION,27.3065,scheduled_duration_3h_or_more
AFR,2022-03,4477,1913,12.3333,466.6833,AIR FRANCE,FRANCE,42.7295,scheduled_duration_3h_or_more
AFR,2022-06,5252,2712,15.6667,455.3417,AIR FRANCE,FRANCE,51.6375,scheduled_duration_3h_or_more
AFR,2022-09,5063,2481,14.65,458.05,AIR FRANCE,FRANCE,49.0026,scheduled_duration_3h_or_more
AFR,2022-12,5524,2891,16.0667,476.7167,AIR FRANCE,FRANCE,52.3353,scheduled_duration_3h_or_more
AHY,2022-03,86,27,6.975,188.9833,"AZERBAIJAN HAVA YOLLARI, NATIONAL AIRLINE",AZERBAIJAN,31.3953,scheduled_duration_3h_or_more
AHY,2022-06,196,32,3.275,196.9,"AZERBAIJAN HAVA YOLLARI, NATIONAL AIRLINE",AZERBAIJAN,16.3265,scheduled_duration_3h_or_more
AHY,2022-09,384,62,4.4,192.7,"AZERBAIJAN HAVA YOLLARI, NATIONAL AIRLINE",AZERBAIJAN,16.1458,scheduled_duration_3h_or_more
AHY,2022-12,399,76,4.2,198.8167,"AZERBAIJAN HAVA YOLLARI, NATIONAL AIRLINE",AZERBAIJAN,19.0476,scheduled_duration_3h_or_more
AIC,2022-03,701,271,10.5167,586.2833,AIR INDIA LIMITED,INDIA,38.6591,scheduled_duration_3h_or_more
AIC,2022-06,731,378,15.55,556.45,AIR INDIA LIMITED,INDIA,51.71,scheduled_duration_3h_or_more
AIC,2022-09,758,290,10.8167,554.4833,AIR INDIA LIMITED,INDIA,38.2586,scheduled_duration_3h_or_more
AIC,2022-12,871,356,11.0167,557.8167,AIR INDIA LIMITED,INDIA,40.8726,scheduled_duration_3h_or_more
AMC,2022-03,66,8,4.6667,184.975,AIR MALTA PLC.,MALTA,12.1212,scheduled_duration_3h_or_more
AMC,2022-06,146,44,8.225,187.0167,AIR MALTA PLC.,MALTA,30.137,scheduled_duration_3h_or_more
AMC,2022-09,158,57,8.9,186.55,AIR MALTA PLC.,MALTA,36.0759,scheduled_duration_3h_or_more
AMC,2022-12,198,46,4.525,192.9333,AIR MALTA PLC.,MALTA,23.2323,scheduled_duration_3h_or_more
AMX,2022-03,292,153,15.65,634.7833,"AEROVIAS DE MEXICO, S.A. DE C.V.",MEXICO,52.3973,scheduled_duration_3h_or_more
AMX,2022-06,369,219,24.5833,630.5,"AEROVIAS DE MEXICO, S.A. DE C.V.",MEXICO,59.3496,scheduled_duration_3h_or_more
AMX,2022-09,375,201,16.4333,632.85,"AEROVIAS DE MEXICO, S.A. DE C.V.",MEXICO,53.6,scheduled_duration_3h_or_more
AMX,2022-12,405,192,13.7833,627.3833,"AEROVIAS DE MEXICO, S.A. DE C.V.",MEXICO,47.4074,scheduled_duration_3h_or_more
ANA,2022-03,139,53,11.2167,783.7,"ALL NIPPON AIRWAYS CO., LTD.",JAPAN,38.1295,scheduled_duration_3h_or_more
ANA,2022-06,160,57,11.6667,824.0583,"ALL NIPPON AIRWAYS CO., LTD.",JAPAN,35.625,scheduled_duration_3h_or_more
ANA,2022-09,205,65,6.4,817.6167,"ALL NIPPON AIRWAYS CO., LTD.",JAPAN,31.7073,scheduled_duration_3h_or_more
ANA,2022-12,226,96,9.8667,823.55,"ALL NIPPON AIRWAYS CO., LTD.",JAPAN,42.4779,scheduled_duration_3h_or_more
AUA,2022-03,652,138,5.525,291.575,AUSTRIAN AIRLINES (AUA) AG,AUSTRIA,21.1656,scheduled_duration_3h_or_more
AUA,2022-06,984,430,13.2333,236.1083,AUSTRIAN AIRLINES (AUA) AG,AUSTRIA,43.6992,scheduled_duration_3h_or_more
AUA,2022-09,1058,363,10.4,239.725,AUSTRIAN AIRLINES (AUA) AG,AUSTRIA,34.31,scheduled_duration_3h_or_more
AUA,2022-12,796,259,9.775,270.2667,AUSTRIAN AIRLINES (AUA) AG,AUSTRIA,32.5377,scheduled_duration_3h_or_more
AVA,2022-03,215,84,8.9,582.2833,AEROVIAS DEL CONTINENTE AMERICANO S.A.,COLOMBIA,39.0698,scheduled_duration_3h_or_more
AVA,2022-06,359,114,8.0833,575.85,AEROVIAS DEL CONTINENTE AMERICANO S.A.,COLOMBIA,31.7549,scheduled_duration_3h_or_more
AVA,2022-09,359,103,6.45,576.5,AEROVIAS DEL CONTINENTE AMERICANO S.A.,COLOMBIA,28.6908,scheduled_duration_3h_or_more
AVA,2022-12,403,104,6.5667,584.5167,AEROVIAS DEL CONTINENTE AMERICANO S.A.,COLOMBIA,25.8065,scheduled_duration_3h_or_more
AZG,2022-03,410,144,8.1667,424.6833,SILK WAY WEST AIRLINES,AZERBAIJAN,35.122,scheduled_duration_3h_or_more
AZG,2022-06,400,161,10.5333,431.8833,SILK WAY WEST AIRLINES,AZERBAIJAN,40.25,scheduled_duration_3h_or_more
AZG,2022-09,381,160,10.5667,425.2,SILK WAY WEST AIRLINES,AZERBAIJAN,41.9948,scheduled_duration_3h_or_more
AZG,2022-12,418,137,7.9417,394.0417,SILK WAY WEST AIRLINES,AZERBAIJAN,32.7751,scheduled_duration_3h_or_more
AZV,2022-03,131,52,10.5,381.1833,AZUR AIR,RUSSIAN FEDERATION,39.6947,scheduled_duration_3h_or_more
AZV,2022-06,109,20,1.95,315.4667,AZUR AIR,RUSSIAN FEDERATION,18.3486,scheduled_duration_3h_or_more
AZV,2022-09,300,57,2.55,288.6333,AZUR AIR,RUSSIAN FEDERATION,19.0,scheduled_duration_3h_or_more
AZV,2022-12,24,16,25.6167,518.525,AZUR AIR,RUSSIAN FEDERATION,66.6667,scheduled_duration_3h_or_more
BAW,2022-03,4921,1771,9.9667,442.1833,BRITISH AIRWAYS,UNITED KINGDOM,35.9886,scheduled_duration_3h_or_more
BAW,2022-06,6309,3233,15.5167,413.0167,BRITISH AIRWAYS,UNITED KINGDOM,51.2443,scheduled_duration_3h_or_more
BAW,2022-09,6647,3057,13.4833,412.95,BRITISH AIRWAYS,UNITED KINGDOM,45.9907,scheduled_duration_3h_or_more
BAW,2022-12,6119,2663,12.5833,456.5333,BRITISH AIRWAYS,UNITED KINGDOM,43.5202,scheduled_duration_3h_or_more
BCS,2022-03,496,65,-1.9167,392.4083,"EUROPEAN AIR TRANSPORT, LEIPZIG",GERMANY,13.1048,scheduled_duration_3h_or_more
BCS,2022-06,447,90,0.1333,376.4167,"EUROPEAN AIR TRANSPORT, LEIPZIG",GERMANY,20.1342,scheduled_duration_3h_or_more
BCS,2022-09,579,112,0.5667,385.0,"EUROPEAN AIR TRANSPORT, LEIPZIG",GERMANY,19.3437,scheduled_duration_3h_or_more
BCS,2022-12,619,89,-1.8167,378.6333,"EUROPEAN AIR TRANSPORT, LEIPZIG",GERMANY,14.378,scheduled_duration_3h_or_more
BEL,2022-03,523,54,-2.05,394.8333,BRUSSELS AIRLINES,BELGIUM,10.325,scheduled_duration_3h_or_more
BEL,2022-06,825,260,6.2333,309.0833,BRUSSELS AIRLINES,BELGIUM,31.5152,scheduled_duration_3h_or_more
BEL,2022-09,920,226,3.8833,321.975,BRUSSELS AIRLINES,BELGIUM,24.5652,scheduled_duration_3h_or_more
BEL,2022-12,677,144,2.2,373.7,BRUSSELS AIRLINES,BELGIUM,21.2703,scheduled_duration_3h_or_more
BLA,2022-03,161,17,2.75,200.3333,BLUE AIR AVIATION S.A.,ROMANIA,10.559,scheduled_duration_3h_or_more
BLA,2022-06,472,112,5.6917,200.1833,BLUE AIR AVIATION S.A.,ROMANIA,23.7288,scheduled_duration_3h_or_more
BLA,2022-09,118,39,8.425,196.85,BLUE AIR AVIATION S.A.,ROMANIA,33.0508,scheduled_duration_3h_or_more
BOX,2022-03,796,113,-0.4167,524.6083,"AEROLOGIC GMBH, LEIPZIG",GERMANY,14.196,scheduled_duration_3h_or_more
BOX,2022-06,746,132,1.475,534.8833,"AEROLOGIC GMBH, LEIPZIG",GERMANY,17.6944,scheduled_duration_3h_or_more
BOX,2022-09,802,149,0.4083,524.7917,"AEROLOGIC GMBH, LEIPZIG",GERMANY,18.5786,scheduled_duration_3h_or_more
BOX,2022-12,776,133,0.0667,540.55,"AEROLOGIC GMBH, LEIPZIG",GERMANY,17.1392,scheduled_duration_3h_or_more
BRU,2022-03,326,33,-8.075,268.425,BELAVIA,BELARUS,10.1227,scheduled_duration_3h_or_more
BRU,2022-06,353,23,-3.7833,258.1167,BELAVIA,BELARUS,6.5156,scheduled_duration_3h_or_more
BRU,2022-09,386,42,0.025,251.4583,BELAVIA,BELARUS,10.8808,scheduled_duration_3h_or_more
BRU,2022-12,426,73,3.9667,260.1667,BELAVIA,BELARUS,17.1362,scheduled_duration_3h_or_more
BTI,2022-03,266,17,2.1333,245.525,AIR BALTIC CORPORATION JSC,LATVIA,6.391,scheduled_duration_3h_or_more
BTI,2022-06,421,102,6.9167,221.85,AIR BALTIC CORPORATION JSC,LATVIA,24.228,scheduled_duration_3h_or_more
BTI,2022-09,461,82,4.7167,232.5167,AIR BALTIC CORPORATION JSC,LATVIA,17.7874,scheduled_duration_3h_or_more
BTI,2022-12,404,64,4.5583,256.4417,AIR BALTIC CORPORATION JSC,LATVIA,15.8416,scheduled_duration_3h_or_more
CAI,2022-03,119,9,-0.35,210.4333,TURISTIK HAVA TASIMACILIK A.S.,TURKEY,7.563,scheduled_duration_3h_or_more
CAI,2022-06,794,375,13.2583,225.275,TURISTIK HAVA TASIMACILIK A.S.,TURKEY,47.2292,scheduled_duration_3h_or_more
CAI,2022-09,831,197,5.8667,234.4167,TURISTIK HAVA TASIMACILIK A.S.,TURKEY,23.7064,scheduled_duration_3h_or_more
CAI,2022-12,107,16,1.6333,258.4167,TURISTIK HAVA TASIMACILIK A.S.,TURKEY,14.9533,scheduled_duration_3h_or_more
CAL,2022-03,215,65,8.85,762.15,CHINA AIRLINES,CHINA,30.2326,scheduled_duration_3h_or_more
CAL,2022-06,156,82,15.3083,789.9083,CHINA AIRLINES,CHINA,52.5641,scheduled_duration_3h_or_more
CAL,2022-09,198,89,13.6,800.1667,CHINA AIRLINES,CHINA,44.9495,scheduled_duration_3h_or_more
CAL,2022-12,230,144,19.1667,745.2667,CHINA AIRLINES,CHINA,62.6087,scheduled_duration_3h_or_more
CCA,2022-03,472,118,3.7583,629.5333,AIR CHINA,CHINA,25.0,scheduled_duration_3h_or_more
CCA,2022-06,524,135,5.0,595.8917,AIR CHINA,CHINA,25.7634,scheduled_duration_3h_or_more
CCA,2022-09,400,102,4.5083,591.6,AIR CHINA,CHINA,25.5,scheduled_duration_3h_or_more
CCA,2022-12,321,89,6.7333,623.5,AIR CHINA,CHINA,27.7259,scheduled_duration_3h_or_more
CES,2022-03,184,41,2.3833,712.6333,CHINA EASTERN AIRLINES,CHINA,22.2826,scheduled_duration_3h_or_more
CES,2022-06,321,139,11.2167,690.8,CHINA EASTERN AIRLINES,CHINA,43.3022,scheduled_duration_3h_or_more
CES,2022-09,174,65,9.85,664.95,CHINA EASTERN AIRLINES,CHINA,37.3563,scheduled_duration_3h_or_more
CES,2022-12,190,73,10.475,699.3,CHINA EASTERN AIRLINES,CHINA,38.4211,scheduled_duration_3h_or_more
CFG,2022-03,1132,265,5.5167,290.6917,"CONDOR FLUGDIENST GMBH, FRANKFURT (MAIN)",GERMANY,23.4099,scheduled_duration_3h_or_more
CFG,2022-06,2112,868,11.5667,262.7167,"CONDOR FLUGDIENST GMBH, FRANKFURT (MAIN)",GERMANY,41.0985,scheduled_duration_3h_or_more
CFG,2022-09,2117,726,9.2833,263.1167,"CONDOR FLUGDIENST GMBH, FRANKFURT (MAIN)",GERMANY,34.2938,scheduled_duration_3h_or_more
CFG,2022-12,1871,679,8.7167,293.25,"CONDOR FLUGDIENST GMBH, FRANKFURT (MAIN)",GERMANY,36.2908,scheduled_duration_3h_or_more
CLX,2022-03,949,267,4.7,479.3667,CARGOLUX AIRLINES INTERNATIONAL S.A.,LUXEMBOURG,28.1349,scheduled_duration_3h_or_more
CLX,2022-06,876,385,12.5083,479.0083,CARGOLUX AIRLINES INTERNATIONAL S.A.,LUXEMBOURG,43.9498,scheduled_duration_3h_or_more
CLX,2022-09,827,302,9.2167,481.1167,CARGOLUX AIRLINES INTERNATIONAL S.A.,LUXEMBOURG,36.5175,scheduled_duration_3h_or_more
CLX,2022-12,841,284,8.4667,481.4833,CARGOLUX AIRLINES INTERNATIONAL S.A.,LUXEMBOURG,33.7693,scheduled_duration_3h_or_more
CPA,2022-03,146,53,9.2083,707.1,CATHAY PACIFIC AIRWAYS LTD.,CHINA,36.3014,scheduled_duration_3h_or_more
CPA,2022-06,218,124,16.725,723.525,CATHAY PACIFIC AIRWAYS LTD.,CHINA,56.8807,scheduled_duration_3h_or_more
CPA,2022-09,257,151,19.3833,729.3333,CATHAY PACIFIC AIRWAYS LTD.,CHINA,58.7549,scheduled_duration_3h_or_more
CPA,2022-12,412,257,20.425,729.9833,CATHAY PACIFIC AIRWAYS LTD.,CHINA,62.3786,scheduled_duration_3h_or_more
CRL,2022-03,359,154,12.2667,518.9,CORSAIR,FRANCE,42.8969,scheduled_duration_3h_or_more
CRL,2022-06,324,146,12.3333,497.7667,CORSAIR,FRANCE,45.0617,scheduled_duration_3h_or_more
CRL,2022-09,366,161,12.3,501.4667,CORSAIR,FRANCE,43.9891,scheduled_duration_3h_or_more
CRL,2022-12,414,215,15.4167,532.6917,CORSAIR,FRANCE,51.9324,scheduled_duration_3h_or_more
CSN,2022-03,305,125,10.95,689.0,CHINA SOUTHERN AIRLINES,CHINA,40.9836,scheduled_duration_3h_or_more
CSN,2022-06,309,140,12.85,667.0167,CHINA SOUTHERN AIRLINES,CHINA,45.3074,scheduled_duration_3h_or_more
CSN,2022-09,238,94,9.975,668.325,CHINA SOUTHERN AIRLINES,CHINA,39.4958,scheduled_duration_3h_or_more
CSN,2022-12,230,87,9.5667,688.1667,CHINA SOUTHERN AIRLINES,CHINA,37.8261,scheduled_duration_3h_or_more
CXI,2022-03,437,15,-4.3167,265.2833,CORENDON AIRLINES EUROPE,MALTA,3.4325,scheduled_duration_3h_or_more
CXI,2022-06,401,97,4.8333,254.2333,CORENDON AIRLINES EUROPE,MALTA,24.1895,scheduled_duration_3h_or_more
CXI,2022-09,325,59,1.6,251.6333,CORENDON AIRLINES EUROPE,MALTA,18.1538,scheduled_duration_3h_or_more
CXI,2022-12,141,7,-2.8333,274.75,CORENDON AIRLINES EUROPE,MALTA,4.9645,scheduled_duration_3h_or_more
DAH,2022-03,110,47,12.6583,264.4167,AIR ALGERIE,ALGERIA,42.7273,scheduled_duration_3h_or_more
DAH,2022-06,375,154,10.6167,237.8833,AIR ALGERIE,ALGERIA,41.0667,scheduled_duration_3h_or_more
DAH,2022-09,365,141,8.3667,224.9833,AIR ALGERIE,ALGERIA,38.6301,scheduled_duration_3h_or_more
DAH,2022-12,491,193,9.25,236.7,AIR ALGERIE,ALGERIA,39.3075,scheduled_duration_3h_or_more
DAL,2022-03,2182,628,6.1167,489.525,"DELTA AIR LINES, INC.",UNITED STATES,28.7809,scheduled_duration_3h_or_more
DAL,2022-06,4399,2000,13.05,492.1667,"DELTA AIR LINES, INC.",UNITED STATES,45.4649,scheduled_duration_3h_or_more
DAL,2022-09,4353,1428,8.1833,494.4167,"DELTA AIR LINES, INC.",UNITED STATES,32.805,scheduled_duration_3h_or_more
DAL,2022-12,3240,1233,9.6833,494.05,"DELTA AIR LINES, INC.",UNITED STATES,38.0556,scheduled_duration_3h_or_more
DHK,2022-03,192,39,4.9583,453.8,DHL AIR LIMITED,UNITED KINGDOM,20.3125,scheduled_duration_3h_or_more
DHK,2022-06,245,69,6.4833,426.8667,DHL AIR LIMITED,UNITED KINGDOM,28.1633,scheduled_duration_3h_or_more
DHK,2022-09,229,66,7.1,442.75,DHL AIR LIMITED,UNITED KINGDOM,28.821,scheduled_duration_3h_or_more
DHK,2022-12,246,70,6.7833,450.6417,DHL AIR LIMITED,UNITED KINGDOM,28.4553,scheduled_duration_3h_or_more
DLH,2022-03,3775,966,6.4667,477.2,"DEUTSCHE LUFTHANSA, AG, KOELN",GERMANY,25.5894,scheduled_duration_3h_or_more
DLH,2022-06,5526,1990,9.8417,457.2,"DEUTSCHE LUFTHANSA, AG, KOELN",GERMANY,36.0116,scheduled_duration_3h_or_more
DLH,2022-09,5153,1801,9.8333,474.2333,"DEUTSCHE LUFTHANSA, AG, KOELN",GERMANY,34.9505,scheduled_duration_3h_or_more
DLH,2022-12,4460,1645,9.5833,477.6083,"DEUTSCHE LUFTHANSA, AG, KOELN",GERMANY,36.8834,scheduled_duration_3h_or_more
EDW,2022-03,581,62,-1.0833,262.9667,EDELWEISS AIR AG,SWITZERLAND,10.6713,scheduled_duration_3h_or_more
EDW,2022-06,644,98,-0.6917,248.975,EDELWEISS AIR AG,SWITZERLAND,15.2174,scheduled_duration_3h_or_more
EDW,2022-09,801,102,-0.3333,245.4167,EDELWEISS AIR AG,SWITZERLAND,12.7341,scheduled_duration_3h_or_more
EDW,2022-12,704,128,1.2917,268.05,EDELWEISS AIR AG,SWITZERLAND,18.1818,scheduled_duration_3h_or_more
EIN,2022-03,892,102,-3.1417,382.3417,AER LINGUS TEORANTA,IRELAND,11.435,scheduled_duration_3h_or_more
EIN,2022-06,1486,383,3.225,377.3417,AER LINGUS TEORANTA,IRELAND,25.7739,scheduled_duration_3h_or_more
EIN,2022-09,1519,322,1.7833,378.9333,AER LINGUS TEORANTA,IRELAND,21.1982,scheduled_duration_3h_or_more
EIN,2022-12,1244,214,-1.8583,401.4917,AER LINGUS TEORANTA,IRELAND,17.2026,scheduled_duration_3h_or_more
ELY,2022-03,1490,343,5.1083,272.65,EL AL - ISRAEL AIRLINES LTD.,ISRAEL,23.0201,scheduled_duration_3h_or_more
ELY,2022-06,1691,463,7.0167,267.2167,EL AL - ISRAEL AIRLINES LTD.,ISRAEL,27.3802,scheduled_duration_3h_or_more
ELY,2022-09,1798,413,6.5667,263.9,EL AL - ISRAEL AIRLINES LTD.,ISRAEL,22.97,scheduled_duration_3h_or_more
ELY,2022-12,1760,384,5.8,276.3667,EL AL - ISRAEL AIRLINES LTD.,ISRAEL,21.8182,scheduled_duration_3h_or_more
ETD,2022-03,1442,414,8.4333,390.6583,ETIHAD AIRWAYS,UNITED ARAB EMIRATES,28.7101,scheduled_duration_3h_or_more
ETD,2022-06,1551,509,9.4,387.8833,ETIHAD AIRWAYS,UNITED ARAB EMIRATES,32.8175,scheduled_duration_3h_or_more
ETD,2022-09,1695,404,6.5333,391.5667,ETIHAD AIRWAYS,UNITED ARAB EMIRATES,23.8348,scheduled_duration_3h_or_more
ETD,2022-12,1695,411,5.8333,397.75,ETIHAD AIRWAYS,UNITED ARAB EMIRATES,24.2478,scheduled_duration_3h_or_more
ETH,2022-03,1211,358,7.75,425.3333,ETHIOPIAN AIRLINES CORPORATION,ETHIOPIA,29.5623,scheduled_duration_3h_or_more
ETH,2022-06,1237,539,12.9,419.0333,ETHIOPIAN AIRLINES CORPORATION,ETHIOPIA,43.5732,scheduled_duration_3h_or_more
ETH,2022-09,1271,512,11.3833,417.6167,ETHIOPIAN AIRLINES CORPORATION,ETHIOPIA,40.2832,scheduled_duration_3h_or_more
ETH,2022-12,1385,603,11.95,424.5,ETHIOPIAN AIRLINES CORPORATION,ETHIOPIA,43.5379,scheduled_duration_3h_or_more
EVA,2022-03,129,38,8.3,795.6833,EVA AIRWAYS CORPORATION,CHINA,29.4574,scheduled_duration_3h_or_more
EVA,2022-06,135,75,15.9833,809.4667,EVA AIRWAYS CORPORATION,CHINA,55.5556,scheduled_duration_3h_or_more
EVA,2022-09,130,104,28.8917,699.4167,EVA AIRWAYS CORPORATION,CHINA,80.0,scheduled_duration_3h_or_more
EVA,2022-12,266,196,28.5417,733.2167,EVA AIRWAYS CORPORATION,CHINA,73.6842,scheduled_duration_3h_or_more
EWG,2022-03,1103,108,-0.6,266.7,EUROWINGS GMBH,GERMANY,9.7915,scheduled_duration_3h_or_more
EWG,2022-06,1937,686,8.6,203.4167,EUROWINGS GMBH,GERMANY,35.4156,scheduled_duration_3h_or_more
EWG,2022-09,1707,457,6.9667,206.4167,EUROWINGS GMBH,GERMANY,26.7721,scheduled_duration_3h_or_more
EWG,2022-12,1195,182,2.35,267.5333,EUROWINGS GMBH,GERMANY,15.2301,scheduled_duration_3h_or_more
EXS,2022-03,2588,169,-0.5333,255.625,JET2.COM LTD,UNITED KINGDOM,6.5301,scheduled_duration_3h_or_more
EXS,2022-06,6378,2663,11.1333,242.875,JET2.COM LTD,UNITED KINGDOM,41.7529,scheduled_duration_3h_or_more
EXS,2022-09,6569,2068,7.2333,244.0333,JET2.COM LTD,UNITED KINGDOM,31.4812,scheduled_duration_3h_or_more
EXS,2022-12,2393,399,1.8667,255.65,JET2.COM LTD,UNITED KINGDOM,16.6736,scheduled_duration_3h_or_more
EZS,2022-03,362,25,-2.425,246.45,EASY JET SWITZERLAND SA,SWITZERLAND,6.9061,scheduled_duration_3h_or_more
EZS,2022-06,329,57,2.1,223.5333,EASY JET SWITZERLAND SA,SWITZERLAND,17.3252,scheduled_duration_3h_or_more
EZS,2022-09,325,59,3.45,221.1667,EASY JET SWITZERLAND SA,SWITZERLAND,18.1538,scheduled_duration_3h_or_more
EZS,2022-12,430,78,2.05,242.0333,EASY JET SWITZERLAND SA,SWITZERLAND,18.1395,scheduled_duration_3h_or_more
EZY,2022-03,2655,161,-3.65,246.8167,EASYJET UK LTD,UNITED KINGDOM,6.064,scheduled_duration_3h_or_more
EZY,2022-06,5226,2331,12.6,230.6083,EASYJET UK LTD,UNITED KINGDOM,44.6039,scheduled_duration_3h_or_more
EZY,2022-09,5630,2058,9.8667,230.0667,EASYJET UK LTD,UNITED KINGDOM,36.5542,scheduled_duration_3h_or_more
EZY,2022-12,3228,427,0.4667,242.4083,EASYJET UK LTD,UNITED KINGDOM,13.228,scheduled_duration_3h_or_more
FDX,2022-03,971,394,10.4667,469.1333,FEDERAL EXPRESS CORPORATION,UNITED STATES,40.5767,scheduled_duration_3h_or_more
FDX,2022-06,909,392,12.1,465.9667,FEDERAL EXPRESS CORPORATION,UNITED STATES,43.1243,scheduled_duration_3h_or_more
FDX,2022-09,867,377,13.1833,456.1833,FEDERAL EXPRESS CORPORATION,UNITED STATES,43.4833,scheduled_duration_3h_or_more
FDX,2022-12,913,370,10.6167,467.15,FEDERAL EXPRESS CORPORATION,UNITED STATES,40.5257,scheduled_duration_3h_or_more
FIN,2022-03,1228,205,3.6083,365.1167,FINNAIR OYJ,FINLAND,16.6938,scheduled_duration_3h_or_more
FIN,2022-06,1722,440,6.35,247.2,FINNAIR OYJ,FINLAND,25.5517,scheduled_duration_3h_or_more
FIN,2022-09,1686,305,4.6167,246.1333,FINNAIR OYJ,FINLAND,18.0902,scheduled_duration_3h_or_more
FIN,2022-12,1694,560,9.3333,359.2,FINNAIR OYJ,FINLAND,33.0579,scheduled_duration_3h_or_more
FPY,2022-03,125,18,4.6333,198.65,FLY PLAY,ICELAND,14.4,scheduled_duration_3h_or_more
FPY,2022-06,265,73,7.5,232.1667,FLY PLAY,ICELAND,27.5472,scheduled_duration_3h_or_more
FPY,2022-09,276,43,1.9,228.05,FLY PLAY,ICELAND,15.5797,scheduled_duration_3h_or_more
FPY,2022-12,196,46,5.8583,211.6333,FLY PLAY,ICELAND,23.4694,scheduled_duration_3h_or_more
FWI,2022-03,361,126,10.85,486.0,AIR CARAIBES,FRANCE,34.903,scheduled_duration_3h_or_more
FWI,2022-06,209,92,13.0167,484.6667,AIR CARAIBES,FRANCE,44.0191,scheduled_duration_3h_or_more
FWI,2022-09,177,79,12.7,486.7667,AIR CARAIBES,FRANCE,44.6328,scheduled_duration_3h_or_more
FWI,2022-12,345,184,16.35,498.2833,AIR CARAIBES,FRANCE,53.3333,scheduled_duration_3h_or_more
GEC,2022-03,418,85,2.975,674.5083,"LUFTHANSA CARGO AG, FRANKFURT (MAIN)",GERMANY,20.3349,scheduled_duration_3h_or_more
GEC,2022-06,449,79,2.8167,669.1667,"LUFTHANSA CARGO AG, FRANKFURT (MAIN)",GERMANY,17.5947,scheduled_duration_3h_or_more
GEC,2022-09,434,85,3.75,659.025,"LUFTHANSA CARGO AG, FRANKFURT (MAIN)",GERMANY,19.5853,scheduled_duration_3h_or_more
GEC,2022-12,471,135,4.4,644.6333,"LUFTHANSA CARGO AG, FRANKFURT (MAIN)",GERMANY,28.6624,scheduled_duration_3h_or_more
GFA,2022-03,382,153,10.3083,365.7333,GULF AIR,BAHRAIN,40.0524,scheduled_duration_3h_or_more
GFA,2022-06,516,189,10.3667,364.825,GULF AIR,BAHRAIN,36.6279,scheduled_duration_3h_or_more
GFA,2022-09,540,205,9.4333,362.9167,GULF AIR,BAHRAIN,37.963,scheduled_duration_3h_or_more
GFA,2022-12,592,260,12.0667,359.45,GULF AIR,BAHRAIN,43.9189,scheduled_duration_3h_or_more
GTI,2022-03,282,94,6.6917,513.1833,"ATLAS AIR, INC. (JAMAICA, NY)",UNITED STATES,33.3333,scheduled_duration_3h_or_more
GTI,2022-06,134,56,8.5417,490.1917,"ATLAS AIR, INC. (JAMAICA, NY)",UNITED STATES,41.791,scheduled_duration_3h_or_more
GTI,2022-09,159,48,5.95,502.0,"ATLAS AIR, INC. (JAMAICA, NY)",UNITED STATES,30.1887,scheduled_duration_3h_or_more
GTI,2022-12,195,63,3.2833,516.8,"ATLAS AIR, INC. (JAMAICA, NY)",UNITED STATES,32.3077,scheduled_duration_3h_or_more
HVN,2022-03,117,29,4.3167,720.3833,HANG KHONG VIET NAM,VIET NAM,24.7863,scheduled_duration_3h_or_more
HVN,2022-06,124,80,20.0583,725.6833,HANG KHONG VIET NAM,VIET NAM,64.5161,scheduled_duration_3h_or_more
HVN,2022-09,111,57,15.6167,718.9833,HANG KHONG VIET NAM,VIET NAM,51.3514,scheduled_duration_3h_or_more
HVN,2022-12,237,136,18.2167,738.0667,HANG KHONG VIET NAM,VIET NAM,57.384,scheduled_duration_3h_or_more
IBE,2022-03,1626,195,1.15,579.9083,"IBERIA - LINEAS AEREAS DE ESPANA, SOCIEDAD ANONIMA OPERADORA",SPAIN,11.9926,scheduled_duration_3h_or_more
IBE,2022-06,1999,406,4.7333,547.2167,"IBERIA - LINEAS AEREAS DE ESPANA, SOCIEDAD ANONIMA OPERADORA",SPAIN,20.3102,scheduled_duration_3h_or_more
IBE,2022-09,2057,343,2.8,547.2167,"IBERIA - LINEAS AEREAS DE ESPANA, SOCIEDAD ANONIMA OPERADORA",SPAIN,16.6748,scheduled_duration_3h_or_more
IBE,2022-12,2006,421,4.7333,577.0083,"IBERIA - LINEAS AEREAS DE ESPANA, SOCIEDAD ANONIMA OPERADORA",SPAIN,20.987,scheduled_duration_3h_or_more
ICE,2022-03,421,86,6.4167,197.7333,ICELANDAIR,ICELAND,20.4276,scheduled_duration_3h_or_more
ICE,2022-06,874,303,9.725,196.3667,ICELANDAIR,ICELAND,34.6682,scheduled_duration_3h_or_more
ICE,2022-09,794,216,8.2667,199.1667,ICELANDAIR,ICELAND,27.204,scheduled_duration_3h_or_more
ICE,2022-12,575,223,11.5667,197.4833,ICELANDAIR,ICELAND,38.7826,scheduled_duration_3h_or_more
IRA,2022-03,164,54,10.075,271.6583,IRAN NATIONAL AIRLINES CORP. (IRAN AIR),IRAN (ISLAMIC REPUBLIC OF),32.9268,scheduled_duration_3h_or_more
IRA,2022-06,118,55,13.6,315.1083,IRAN NATIONAL AIRLINES CORP. (IRAN AIR),IRAN (ISLAMIC REPUBLIC OF),46.6102,scheduled_duration_3h_or_more
IRA,2022-09,199,61,7.3,272.6333,IRAN NATIONAL AIRLINES CORP. (IRAN AIR),IRAN (ISLAMIC REPUBLIC OF),30.6533,scheduled_duration_3h_or_more
IRA,2022-12,123,51,11.75,309.8,IRAN NATIONAL AIRLINES CORP. (IRAN AIR),IRAN (ISLAMIC REPUBLIC OF),41.4634,scheduled_duration_3h_or_more
IRM,2022-03,133,11,-10.8833,201.9333,MAHAN AIR,IRAN (ISLAMIC REPUBLIC OF),8.2707,scheduled_duration_3h_or_more
IRM,2022-06,148,16,-7.9333,204.5,MAHAN AIR,IRAN (ISLAMIC REPUBLIC OF),10.8108,scheduled_duration_3h_or_more
IRM,2022-09,182,37,-2.8333,200.9417,MAHAN AIR,IRAN (ISLAMIC REPUBLIC OF),20.3297,scheduled_duration_3h_or_more
IRM,2022-12,197,28,-12.95,204.1167,MAHAN AIR,IRAN (ISLAMIC REPUBLIC OF),14.2132,scheduled_duration_3h_or_more
JAL,2022-03,125,19,4.7,887.5833,"JAPAN AIRLINES CO., LTD",JAPAN,15.2,scheduled_duration_3h_or_more
JAL,2022-06,180,62,7.6583,839.5333,"JAPAN AIRLINES CO., LTD",JAPAN,34.4444,scheduled_duration_3h_or_more
JAL,2022-09,246,51,0.4667,824.925,"JAPAN AIRLINES CO., LTD",JAPAN,20.7317,scheduled_duration_3h_or_more
JAL,2022-12,268,61,4.45,821.0583,"JAPAN AIRLINES CO., LTD",JAPAN,22.7612,scheduled_duration_3h_or_more
JBU,2022-03,125,21,-3.0167,433.5667,"JETBLUE AIRWAYS CORPORATION (NEW YORK, NY)",UNITED STATES,16.8,scheduled_duration_3h_or_more
JBU,2022-06,120,39,7.2333,434.1917,"JETBLUE AIRWAYS CORPORATION (NEW YORK, NY)",UNITED STATES,32.5,scheduled_duration_3h_or_more
JBU,2022-09,193,43,3.0,427.85,"JETBLUE AIRWAYS CORPORATION (NEW YORK, NY)",UNITED STATES,22.2798,scheduled_duration_3h_or_more
JBU,2022-12,305,34,-0.8,437.0667,"JETBLUE AIRWAYS CORPORATION (NEW YORK, NY)",UNITED STATES,11.1475,scheduled_duration_3h_or_more
JZR,2022-03,112,41,8.925,211.5417,JAZEERA AIRWAYS,KUWAIT,36.6071,scheduled_duration_3h_or_more
JZR,2022-06,232,81,9.7833,202.15,JAZEERA AIRWAYS,KUWAIT,34.9138,scheduled_duration_3h_or_more
JZR,2022-09,242,100,11.3167,204.55,JAZEERA AIRWAYS,KUWAIT,41.3223,scheduled_duration_3h_or_more
JZR,2022-12,121,36,5.9333,208.6667,JAZEERA AIRWAYS,KUWAIT,29.7521,scheduled_duration_3h_or_more
KAC,2022-03,346,80,4.3167,276.5167,KUWAIT AIRWAYS CORPORATION,KUWAIT,23.1214,scheduled_duration_3h_or_more
KAC,2022-06,637,219,9.1167,315.5833,KUWAIT AIRWAYS CORPORATION,KUWAIT,34.3799,scheduled_duration_3h_or_more
KAC,2022-09,644,197,7.0083,324.5917,KUWAIT AIRWAYS CORPORATION,KUWAIT,30.5901,scheduled_duration_3h_or_more
KAC,2022-12,623,217,9.2,337.8833,KUWAIT AIRWAYS CORPORATION,KUWAIT,34.8315,scheduled_duration_3h_or_more
KAL,2022-03,278,81,7.075,681.825,"KOREAN AIR LINES CO., LTD.",REPUBLIC OF KOREA,29.1367,scheduled_duration_3h_or_more
KAL,2022-06,290,156,16.3,718.8,"KOREAN AIR LINES CO., LTD.",REPUBLIC OF KOREA,53.7931,scheduled_duration_3h_or_more
KAL,2022-09,480,220,13.3917,706.1667,"KOREAN AIR LINES CO., LTD.",REPUBLIC OF KOREA,45.8333,scheduled_duration_3h_or_more
KAL,2022-12,512,228,13.2833,724.4667,"KOREAN AIR LINES CO., LTD.",REPUBLIC OF KOREA,44.5312,scheduled_duration_3h_or_more
KLM,2022-03,2434,726,8.65,530.05,KLM ROYAL DUTCH AIRLINES,NETHERLANDS,29.8274,scheduled_duration_3h_or_more
KLM,2022-06,2821,1369,14.5,516.6,KLM ROYAL DUTCH AIRLINES,NETHERLANDS,48.5289,scheduled_duration_3h_or_more
KLM,2022-09,2902,1185,11.725,517.075,KLM ROYAL DUTCH AIRLINES,NETHERLANDS,40.8339,scheduled_duration_3h_or_more
KLM,2022-12,2731,1108,11.9167,540.45,KLM ROYAL DUTCH AIRLINES,NETHERLANDS,40.5712,scheduled_duration_3h_or_more
KNE,2022-03,64,25,3.2333,231.5417,FLYNAS COMPANY CLOSED JOINT STOCK COMPANY,SAUDI ARABIA,39.0625,scheduled_duration_3h_or_more
KNE,2022-06,486,119,0.4333,223.35,FLYNAS COMPANY CLOSED JOINT STOCK COMPANY,SAUDI ARABIA,24.4856,scheduled_duration_3h_or_more
KNE,2022-09,637,140,-1.8333,215.9667,FLYNAS COMPANY CLOSED JOINT STOCK COMPANY,SAUDI ARABIA,21.978,scheduled_duration_3h_or_more
KNE,2022-12,356,136,9.875,243.975,FLYNAS COMPANY CLOSED JOINT STOCK COMPANY,SAUDI ARABIA,38.2022,scheduled_duration_3h_or_more
KQA,2022-03,170,67,11.925,500.1667,KENYA AIRWAYS LTD.,KENYA,39.4118,scheduled_duration_3h_or_more
KQA,2022-06,200,118,17.9083,499.0667,KENYA AIRWAYS LTD.,KENYA,59.0,scheduled_duration_3h_or_more
KQA,2022-09,188,102,16.9083,489.65,KENYA AIRWAYS LTD.,KENYA,54.2553,scheduled_duration_3h_or_more
KQA,2022-12,246,164,23.7167,511.1,KENYA AIRWAYS LTD.,KENYA,66.6667,scheduled_duration_3h_or_more
KZR,2022-03,339,118,9.1833,317.7167,AIR ASTANA,KAZAKHSTAN,34.8083,scheduled_duration_3h_or_more
KZR,2022-06,848,216,6.725,308.0917,AIR ASTANA,KAZAKHSTAN,25.4717,scheduled_duration_3h_or_more
KZR,2022-09,701,123,3.3,310.4,AIR ASTANA,KAZAKHSTAN,17.5464,scheduled_duration_3h_or_more
KZR,2022-12,449,131,6.15,321.2,AIR ASTANA,KAZAKHSTAN,29.1759,scheduled_duration_3h_or_more
LGL,2022-03,181,10,-1.7,261.9667,LUXAIR - SOCIETE LUXEMBOURGEOISE DE NAVIGATION AERIENNE S.A.,LUXEMBOURG,5.5249,scheduled_duration_3h_or_more
LGL,2022-06,227,53,2.8833,219.25,LUXAIR - SOCIETE LUXEMBOURGEOISE DE NAVIGATION AERIENNE S.A.,LUXEMBOURG,23.348,scheduled_duration_3h_or_more
LGL,2022-09,279,61,3.2667,227.4833,LUXAIR - SOCIETE LUXEMBOURGEOISE DE NAVIGATION AERIENNE S.A.,LUXEMBOURG,21.8638,scheduled_duration_3h_or_more
LGL,2022-12,256,49,2.7333,269.3917,LUXAIR - SOCIETE LUXEMBOURGEOISE DE NAVIGATION AERIENNE S.A.,LUXEMBOURG,19.1406,scheduled_duration_3h_or_more
LOT,2022-03,634,174,5.1333,452.4417,LOT - POLSKIE LINIE LOTNICZE,POLAND,27.4448,scheduled_duration_3h_or_more
LOT,2022-06,1135,486,11.5833,466.1333,LOT - POLSKIE LINIE LOTNICZE,POLAND,42.8194,scheduled_duration_3h_or_more
LOT,2022-09,1090,258,5.3333,472.4333,LOT - POLSKIE LINIE LOTNICZE,POLAND,23.6697,scheduled_duration_3h_or_more
LOT,2022-12,869,170,2.6167,384.7167,LOT - POLSKIE LINIE LOTNICZE,POLAND,19.5627,scheduled_duration_3h_or_more
MEA,2022-03,285,39,3.3167,257.3333,MIDDLE EAST AIRLINES - AIRLIBAN,LEBANON,13.6842,scheduled_duration_3h_or_more
MEA,2022-06,522,162,6.1083,261.0667,MIDDLE EAST AIRLINES - AIRLIBAN,LEBANON,31.0345,scheduled_duration_3h_or_more
MEA,2022-09,536,172,8.0083,255.7167,MIDDLE EAST AIRLINES - AIRLIBAN,LEBANON,32.0896,scheduled_duration_3h_or_more
MEA,2022-12,528,115,3.8,267.9167,MIDDLE EAST AIRLINES - AIRLIBAN,LEBANON,21.7803,scheduled_duration_3h_or_more
MSC,2022-03,212,24,-2.7917,252.3083,AIR CAIRO,EGYPT,11.3208,scheduled_duration_3h_or_more
MSC,2022-06,578,137,1.7667,249.7083,AIR CAIRO,EGYPT,23.7024,scheduled_duration_3h_or_more
MSC,2022-09,653,147,6.1333,254.05,AIR CAIRO,EGYPT,22.5115,scheduled_duration_3h_or_more
MSC,2022-12,437,99,5.6667,262.2667,AIR CAIRO,EGYPT,22.6545,scheduled_duration_3h_or_more
MSR,2022-03,1150,480,11.675,264.2833,EGYPT AIR,EGYPT,41.7391,scheduled_duration_3h_or_more
MSR,2022-06,1343,603,12.65,263.4167,EGYPT AIR,EGYPT,44.8995,scheduled_duration_3h_or_more
MSR,2022-09,1473,674,12.9333,264.6167,EGYPT AIR,EGYPT,45.757,scheduled_duration_3h_or_more
MSR,2022-12,1685,748,12.8833,267.5333,EGYPT AIR,EGYPT,44.3917,scheduled_duration_3h_or_more
NOS,2022-03,405,60,0.8667,302.4,NEOS S.P.A.,ITALY,14.8148,scheduled_duration_3h_or_more
NOS,2022-06,542,106,2.3583,261.1833,NEOS S.P.A.,ITALY,19.5572,scheduled_duration_3h_or_more
NOS,2022-09,630,119,3.225,257.6,NEOS S.P.A.,ITALY,18.8889,scheduled_duration_3h_or_more
NOS,2022-12,677,107,0.2833,311.8167,NEOS S.P.A.,ITALY,15.805,scheduled_duration_3h_or_more
OCN,2022-03,443,84,4.2667,542.1167,EW DISCOVER GMBH,GERMANY,18.9616,scheduled_duration_3h_or_more
OCN,2022-06,848,315,9.625,492.2083,EW DISCOVER GMBH,GERMANY,37.1462,scheduled_duration_3h_or_more
OCN,2022-09,860,257,6.1583,508.9,EW DISCOVER GMBH,GERMANY,29.8837,scheduled_duration_3h_or_more
OCN,2022-12,861,375,11.1667,503.9833,EW DISCOVER GMBH,GERMANY,43.554,scheduled_duration_3h_or_more
OMA,2022-03,166,41,7.2333,400.4833,OMAN AIR,OMAN,24.6988,scheduled_duration_3h_or_more
OMA,2022-06,256,81,9.9833,391.7167,OMAN AIR,OMAN,31.6406,scheduled_duration_3h_or_more
OMA,2022-09,332,93,7.4417,382.2917,OMAN AIR,OMAN,28.012,scheduled_duration_3h_or_more
OMA,2022-12,372,97,6.8917,396.0333,OMAN AIR,OMAN,26.0753,scheduled_duration_3h_or_more
PGT,2022-03,2427,608,5.8167,210.1,PEGASUS HAVA TASIMACILIGI A.S. (PEGASUS),TURKEY,25.0515,scheduled_duration_3h_or_more
PGT,2022-06,4057,1393,9.25,211.9333,PEGASUS HAVA TASIMACILIGI A.S. (PEGASUS),TURKEY,34.3357,scheduled_duration_3h_or_more
PGT,2022-09,4583,1420,8.5167,214.5667,PEGASUS HAVA TASIMACILIGI A.S. (PEGASUS),TURKEY,30.9841,scheduled_duration_3h_or_more
PGT,2022-12,3543,1150,8.5667,216.1833,PEGASUS HAVA TASIMACILIGI A.S. (PEGASUS),TURKEY,32.4584,scheduled_duration_3h_or_more
QFA,2022-03,118,40,8.675,1028.725,QANTAS AIRWAYS LIMITED,AUSTRALIA,33.8983,scheduled_duration_3h_or_more
QFA,2022-06,127,85,22.75,998.45,QANTAS AIRWAYS LIMITED,AUSTRALIA,66.9291,scheduled_duration_3h_or_more
QFA,2022-09,144,79,17.0917,941.4833,QANTAS AIRWAYS LIMITED,AUSTRALIA,54.8611,scheduled_duration_3h_or_more
QFA,2022-12,125,77,20.5833,940.7833,QANTAS AIRWAYS LIMITED,AUSTRALIA,61.6,scheduled_duration_3h_or_more
QTR,2022-03,5475,2583,13.5333,371.5833,QATAR AIRWAYS GROUP Q.C.S.C.,QATAR,47.1781,scheduled_duration_3h_or_more
QTR,2022-06,5635,3059,17.0333,367.7667,QATAR AIRWAYS GROUP Q.C.S.C.,QATAR,54.2857,scheduled_duration_3h_or_more
QTR,2022-09,5360,2530,13.8833,372.0583,QATAR AIRWAYS GROUP Q.C.S.C.,QATAR,47.2015,scheduled_duration_3h_or_more
QTR,2022-12,5482,2161,11.3667,380.75,QATAR AIRWAYS GROUP Q.C.S.C.,QATAR,39.4199,scheduled_duration_3h_or_more
RAM,2022-03,1183,211,3.3167,218.2667,ROYAL AIR MAROC - COMPAGNIE NATIONALE DE TRANSPORTS AERIENS,MOROCCO,17.836,scheduled_duration_3h_or_more
RAM,2022-06,1613,508,8.0,222.0667,ROYAL AIR MAROC - COMPAGNIE NATIONALE DE TRANSPORTS AERIENS,MOROCCO,31.4941,scheduled_duration_3h_or_more
RAM,2022-09,1603,497,7.65,232.75,ROYAL AIR MAROC - COMPAGNIE NATIONALE DE TRANSPORTS AERIENS,MOROCCO,31.0044,scheduled_duration_3h_or_more
RAM,2022-12,2051,816,11.0167,229.2833,ROYAL AIR MAROC - COMPAGNIE NATIONALE DE TRANSPORTS AERIENS,MOROCCO,39.7855,scheduled_duration_3h_or_more
RJA,2022-03,397,150,11.0,278.6667,ROYAL JORDANIAN,JORDAN,37.7834,scheduled_duration_3h_or_more
RJA,2022-06,610,221,9.9167,288.0,ROYAL JORDANIAN,JORDAN,36.2295,scheduled_duration_3h_or_more
RJA,2022-09,528,179,8.6,280.7083,ROYAL JORDANIAN,JORDAN,33.9015,scheduled_duration_3h_or_more
RJA,2022-12,522,202,9.8417,277.1417,ROYAL JORDANIAN,JORDAN,38.6973,scheduled_duration_3h_or_more
ROT,2022-03,130,4,-2.4583,204.5167,COMPANIA NATIONALA DE TRANSPORTURI AERIENE ROMANE TAROM S.A.,ROMANIA,3.0769,scheduled_duration_3h_or_more
ROT,2022-06,161,48,6.6,199.3,COMPANIA NATIONALA DE TRANSPORTURI AERIENE ROMANE TAROM S.A.,ROMANIA,29.8137,scheduled_duration_3h_or_more
ROT,2022-09,162,41,6.2333,194.8167,COMPANIA NATIONALA DE TRANSPORTURI AERIENE ROMANE TAROM S.A.,ROMANIA,25.3086,scheduled_duration_3h_or_more
ROT,2022-12,141,29,4.5667,198.5333,COMPANIA NATIONALA DE TRANSPORTURI AERIENE ROMANE TAROM S.A.,ROMANIA,20.5674,scheduled_duration_3h_or_more
RYR,2022-03,7727,620,-0.9167,217.1,RYANAIR,IRELAND,8.0238,scheduled_duration_3h_or_more
RYR,2022-06,9360,2835,7.1333,210.2167,RYANAIR,IRELAND,30.2885,scheduled_duration_3h_or_more
RYR,2022-09,9352,2371,5.7833,210.3917,RYANAIR,IRELAND,25.3529,scheduled_duration_3h_or_more
RYR,2022-12,9751,1465,1.3833,219.1167,RYANAIR,IRELAND,15.0241,scheduled_duration_3h_or_more
RZO,2022-03,102,34,7.3333,303.6583,SATA INTERNACIONAL - AZORES AIRLINES S.A,PORTUGAL,33.3333,scheduled_duration_3h_or_more
RZO,2022-06,235,105,12.7333,298.85,SATA INTERNACIONAL - AZORES AIRLINES S.A,PORTUGAL,44.6809,scheduled_duration_3h_or_more
RZO,2022-09,255,105,11.1333,301.2,SATA INTERNACIONAL - AZORES AIRLINES S.A,PORTUGAL,41.1765,scheduled_duration_3h_or_more
RZO,2022-12,182,87,14.3,303.2083,SATA INTERNACIONAL - AZORES AIRLINES S.A,PORTUGAL,47.8022,scheduled_duration_3h_or_more
SAS,2022-03,1339,133,1.2,295.4333,SCANDINAVIAN AIRLINES SYSTEM,SWEDEN,9.9328,scheduled_duration_3h_or_more
SAS,2022-06,2520,568,5.0,229.3333,SCANDINAVIAN AIRLINES SYSTEM,SWEDEN,22.5397,scheduled_duration_3h_or_more
SAS,2022-09,2283,350,1.0667,234.25,SCANDINAVIAN AIRLINES SYSTEM,SWEDEN,15.3307,scheduled_duration_3h_or_more
SAS,2022-12,1286,213,0.3583,348.7333,SCANDINAVIAN AIRLINES SYSTEM,SWEDEN,16.563,scheduled_duration_3h_or_more
SDM,2022-03,59,22,10.25,369.4833,"ROSSIYA AIRLINES, JOINT STOCK COMPANY",RUSSIAN FEDERATION,37.2881,scheduled_duration_3h_or_more
SDM,2022-06,382,93,4.5583,199.35,"ROSSIYA AIRLINES, JOINT STOCK COMPANY",RUSSIAN FEDERATION,24.3455,scheduled_duration_3h_or_more
SDM,2022-09,136,29,6.8083,207.5,"ROSSIYA AIRLINES, JOINT STOCK COMPANY",RUSSIAN FEDERATION,21.3235,scheduled_duration_3h_or_more
SDM,2022-12,450,154,8.3917,230.8833,"ROSSIYA AIRLINES, JOINT STOCK COMPANY",RUSSIAN FEDERATION,34.2222,scheduled_duration_3h_or_more
SDR,2022-03,277,46,2.3167,275.2833,SUNDAIR GMBH,GERMANY,16.6065,scheduled_duration_3h_or_more
SDR,2022-06,429,153,9.3667,208.6,SUNDAIR GMBH,GERMANY,35.6643,scheduled_duration_3h_or_more
SDR,2022-09,406,87,4.4917,207.55,SUNDAIR GMBH,GERMANY,21.4286,scheduled_duration_3h_or_more
SDR,2022-12,260,37,2.575,277.5083,SUNDAIR GMBH,GERMANY,14.2308,scheduled_duration_3h_or_more
SEH,2022-03,126,8,-1.7667,198.1833,SKY EXPRESS S.A.,GREECE,6.3492,scheduled_duration_3h_or_more
SEH,2022-06,244,52,4.275,207.5583,SKY EXPRESS S.A.,GREECE,21.3115,scheduled_duration_3h_or_more
SEH,2022-09,259,42,2.8,207.75,SKY EXPRESS S.A.,GREECE,16.2162,scheduled_duration_3h_or_more
SEH,2022-12,140,11,-2.8833,208.65,SKY EXPRESS S.A.,GREECE,7.8571,scheduled_duration_3h_or_more
SIA,2022-03,936,294,8.1667,777.7917,SINGAPORE AIRLINES LIMITED,SINGAPORE,31.4103,scheduled_duration_3h_or_more
SIA,2022-06,1049,546,16.05,751.8333,SINGAPORE AIRLINES LIMITED,SINGAPORE,52.0496,scheduled_duration_3h_or_more
SIA,2022-09,1068,490,13.6417,753.8417,SINGAPORE AIRLINES LIMITED,SINGAPORE,45.8801,scheduled_duration_3h_or_more
SIA,2022-12,1148,581,15.35,759.9083,SINGAPORE AIRLINES LIMITED,SINGAPORE,50.6098,scheduled_duration_3h_or_more
SVA,2022-03,1022,610,19.1667,338.8583,SAUDI ARABIAN AIRLINES,SAUDI ARABIA,59.6869,scheduled_duration_3h_or_more
SVA,2022-06,1404,917,21.2417,338.825,SAUDI ARABIAN AIRLINES,SAUDI ARABIA,65.3134,scheduled_duration_3h_or_more
SVA,2022-09,1483,979,20.9167,336.2667,SAUDI ARABIAN AIRLINES,SAUDI ARABIA,66.0148,scheduled_duration_3h_or_more
SVA,2022-12,1604,1067,21.3,331.0167,SAUDI ARABIAN AIRLINES,SAUDI ARABIA,66.5212,scheduled_duration_3h_or_more
SWR,2022-03,1027,250,5.1167,517.65,SWISS INTERNATIONAL AIR LINES LTD,SWITZERLAND,24.3427,scheduled_duration_3h_or_more
SWR,2022-06,1213,384,7.85,496.7833,SWISS INTERNATIONAL AIR LINES LTD,SWITZERLAND,31.657,scheduled_duration_3h_or_more
SWR,2022-09,1284,357,6.65,482.1667,SWISS INTERNATIONAL AIR LINES LTD,SWITZERLAND,27.8037,scheduled_duration_3h_or_more
SWR,2022-12,1402,446,7.9833,503.5667,SWISS INTERNATIONAL AIR LINES LTD,SWITZERLAND,31.8117,scheduled_duration_3h_or_more
SXS,2022-03,1171,191,3.7667,206.15,GUNES EKSPRES HAVACILIK A.S. (SUNEXPRESS),TURKEY,16.3108,scheduled_duration_3h_or_more
SXS,2022-06,4211,1799,12.2,208.9333,GUNES EKSPRES HAVACILIK A.S. (SUNEXPRESS),TURKEY,42.7214,scheduled_duration_3h_or_more
SXS,2022-09,4806,1433,8.5167,209.1833,GUNES EKSPRES HAVACILIK A.S. (SUNEXPRESS),TURKEY,29.8169,scheduled_duration_3h_or_more
SXS,2022-12,1711,331,4.2833,212.45,GUNES EKSPRES HAVACILIK A.S. (SUNEXPRESS),TURKEY,19.3454,scheduled_duration_3h_or_more
TAM,2022-03,258,51,6.1917,639.15,TAM - LINHAS AEREAS S.A.,BRAZIL,19.7674,scheduled_duration_3h_or_more
TAM,2022-06,296,62,5.15,647.8083,TAM - LINHAS AEREAS S.A.,BRAZIL,20.9459,scheduled_duration_3h_or_more
TAM,2022-09,334,88,6.225,656.6,TAM - LINHAS AEREAS S.A.,BRAZIL,26.3473,scheduled_duration_3h_or_more
TAM,2022-12,345,120,7.95,658.1,TAM - LINHAS AEREAS S.A.,BRAZIL,34.7826,scheduled_duration_3h_or_more
TAP,2022-03,2064,424,5.6667,272.7917,"TRANSPORTES AEREOS PORTUGUESES, E.P.",PORTUGAL,20.5426,scheduled_duration_3h_or_more
TAP,2022-06,2879,1394,14.5333,268.9,"TRANSPORTES AEREOS PORTUGUESES, E.P.",PORTUGAL,48.4196,scheduled_duration_3h_or_more
TAP,2022-09,2980,1396,14.0667,298.1833,"TRANSPORTES AEREOS PORTUGUESES, E.P.",PORTUGAL,46.8456,scheduled_duration_3h_or_more
TAP,2022-12,2599,1120,12.65,366.55,"TRANSPORTES AEREOS PORTUGUESES, E.P.",PORTUGAL,43.0935,scheduled_duration_3h_or_more
THA,2022-03,373,106,2.3,686.7333,THAI AIRWAYS INTERNATIONAL LTD.,THAILAND,28.4182,scheduled_duration_3h_or_more
THA,2022-06,443,239,16.5667,676.95,THAI AIRWAYS INTERNATIONAL LTD.,THAILAND,53.9503,scheduled_duration_3h_or_more
THA,2022-09,521,227,12.35,671.65,THAI AIRWAYS INTERNATIONAL LTD.,THAILAND,43.5701,scheduled_duration_3h_or_more
THA,2022-12,559,320,21.0833,690.45,THAI AIRWAYS INTERNATIONAL LTD.,THAILAND,57.2451,scheduled_duration_3h_or_more
THY,2022-03,10857,1858,0.4667,249.3333,TURK HAVA YOLLARI (TURKISH AIRLINES CO.),TURKEY,17.1134,scheduled_duration_3h_or_more
THY,2022-06,16445,5146,7.3,247.1167,TURK HAVA YOLLARI (TURKISH AIRLINES CO.),TURKEY,31.2922,scheduled_duration_3h_or_more
THY,2022-09,16661,5220,7.55,242.5667,TURK HAVA YOLLARI (TURKISH AIRLINES CO.),TURKEY,31.3307,scheduled_duration_3h_or_more
THY,2022-12,13128,3442,5.3833,245.3167,TURK HAVA YOLLARI (TURKISH AIRLINES CO.),TURKEY,26.2188,scheduled_duration_3h_or_more
TRA,2022-03,539,83,4.4,249.8,TRANSAVIA HOLLAND B.V.,NETHERLANDS,15.3989,scheduled_duration_3h_or_more
TRA,2022-06,1309,433,8.95,212.8667,TRANSAVIA HOLLAND B.V.,NETHERLANDS,33.0787,scheduled_duration_3h_or_more
TRA,2022-09,1288,380,7.7583,214.2917,TRANSAVIA HOLLAND B.V.,NETHERLANDS,29.5031,scheduled_duration_3h_or_more
TRA,2022-12,947,247,7.2667,243.85,TRANSAVIA HOLLAND B.V.,NETHERLANDS,26.0824,scheduled_duration_3h_or_more
TSC,2022-03,205,72,9.8667,417.5333,AIR TRANSAT A.T. INC.,CANADA,35.122,scheduled_duration_3h_or_more
TSC,2022-06,934,563,21.3667,429.1417,AIR TRANSAT A.T. INC.,CANADA,60.2784,scheduled_duration_3h_or_more
TSC,2022-09,1146,523,13.4,432.0583,AIR TRANSAT A.T. INC.,CANADA,45.637,scheduled_duration_3h_or_more
TSC,2022-12,293,157,17.2,423.7833,AIR TRANSAT A.T. INC.,CANADA,53.5836,scheduled_duration_3h_or_more
TVF,2022-03,579,128,6.05,223.2667,TRANSAVIA FRANCE,FRANCE,22.1071,scheduled_duration_3h_or_more
TVF,2022-06,1357,395,8.0667,204.3667,TRANSAVIA FRANCE,FRANCE,29.1083,scheduled_duration_3h_or_more
TVF,2022-09,1492,379,6.65,206.0417,TRANSAVIA FRANCE,FRANCE,25.4021,scheduled_duration_3h_or_more
TVF,2022-12,1073,295,7.4167,219.5833,TRANSAVIA FRANCE,FRANCE,27.493,scheduled_duration_3h_or_more
UAE,2022-03,4896,2499,15.4,395.1917,EMIRATES,UNITED ARAB EMIRATES,51.0417,scheduled_duration_3h_or_more
UAE,2022-06,4391,2604,17.9167,391.55,EMIRATES,UNITED ARAB EMIRATES,59.3031,scheduled_duration_3h_or_more
UAE,2022-09,4952,2830,17.3583,389.8,EMIRATES,UNITED ARAB EMIRATES,57.1486,scheduled_duration_3h_or_more
UAE,2022-12,5499,3564,20.6167,398.35,EMIRATES,UNITED ARAB EMIRATES,64.8118,scheduled_duration_3h_or_more
UAL,2022-03,2797,825,5.4,490.7167,"UNITED AIRLINES, INC. (CHICAGO, IL)",UNITED STATES,29.4959,scheduled_duration_3h_or_more
UAL,2022-06,5233,2396,12.8667,494.7,"UNITED AIRLINES, INC. (CHICAGO, IL)",UNITED STATES,45.7864,scheduled_duration_3h_or_more
UAL,2022-09,5029,1738,8.05,500.0167,"UNITED AIRLINES, INC. (CHICAGO, IL)",UNITED STATES,34.5596,scheduled_duration_3h_or_more
UAL,2022-12,3936,1755,12.6167,503.65,"UNITED AIRLINES, INC. (CHICAGO, IL)",UNITED STATES,44.5884,scheduled_duration_3h_or_more
UPS,2022-03,639,133,-1.8333,461.5333,"UNITED PARCEL SERVICE COMPANY, (LOUISVILLE, KY)",UNITED STATES,20.8138,scheduled_duration_3h_or_more
UPS,2022-06,652,217,5.925,469.8417,"UNITED PARCEL SERVICE COMPANY, (LOUISVILLE, KY)",UNITED STATES,33.2822,scheduled_duration_3h_or_more
UPS,2022-09,668,172,2.85,473.3917,"UNITED PARCEL SERVICE COMPANY, (LOUISVILLE, KY)",UNITED STATES,25.7485,scheduled_duration_3h_or_more
UPS,2022-12,672,149,1.4583,480.2583,"UNITED PARCEL SERVICE COMPANY, (LOUISVILLE, KY)",UNITED STATES,22.1726,scheduled_duration_3h_or_more
UTA,2022-03,73,33,13.65,217.3667,UTAIR AVIATION,RUSSIAN FEDERATION,45.2055,scheduled_duration_3h_or_more
UTA,2022-06,231,131,17.1667,201.1,UTAIR AVIATION,RUSSIAN FEDERATION,56.71,scheduled_duration_3h_or_more
UTA,2022-09,286,134,13.2167,207.0667,UTAIR AVIATION,RUSSIAN FEDERATION,46.8531,scheduled_duration_3h_or_more
UTA,2022-12,281,155,17.6167,202.0,UTAIR AVIATION,RUSSIAN FEDERATION,55.1601,scheduled_duration_3h_or_more
UZB,2022-03,262,97,10.9,280.4,UZBEKISTAN AIRWAYS JSC,UZBEKISTAN,37.0229,scheduled_duration_3h_or_more
UZB,2022-06,363,149,12.85,272.2333,UZBEKISTAN AIRWAYS JSC,UZBEKISTAN,41.0468,scheduled_duration_3h_or_more
UZB,2022-09,405,158,11.7333,280.5833,UZBEKISTAN AIRWAYS JSC,UZBEKISTAN,39.0123,scheduled_duration_3h_or_more
UZB,2022-12,353,135,11.8333,275.25,UZBEKISTAN AIRWAYS JSC,UZBEKISTAN,38.2436,scheduled_duration_3h_or_more
VIR,2022-03,1592,380,3.7167,500.5083,VIRGIN ATLANTIC,UNITED KINGDOM,23.8693,scheduled_duration_3h_or_more
VIR,2022-06,1848,633,8.0583,507.2917,VIRGIN ATLANTIC,UNITED KINGDOM,34.2532,scheduled_duration_3h_or_more
VIR,2022-09,1741,423,3.9333,509.8667,VIRGIN ATLANTIC,UNITED KINGDOM,24.2964,scheduled_duration_3h_or_more
VIR,2022-12,1863,564,6.15,511.95,VIRGIN ATLANTIC,UNITED KINGDOM,30.2738,scheduled_duration_3h_or_more
VLG,2022-03,686,56,2.625,198.1917,VUELING AIRLINES,SPAIN,8.1633,scheduled_duration_3h_or_more
VLG,2022-06,1084,227,5.3333,195.6333,VUELING AIRLINES,SPAIN,20.941,scheduled_duration_3h_or_more
VLG,2022-09,1121,202,3.5667,199.7167,VUELING AIRLINES,SPAIN,18.0196,scheduled_duration_3h_or_more
VLG,2022-12,1169,216,4.1167,204.0833,VUELING AIRLINES,SPAIN,18.4773,scheduled_duration_3h_or_more
WJA,2022-03,53,29,18.4667,463.55,WESTJET AIRLINES LTD,CANADA,54.717,scheduled_duration_3h_or_more
WJA,2022-06,511,309,23.1,429.2833,WESTJET AIRLINES LTD,CANADA,60.4697,scheduled_duration_3h_or_more
WJA,2022-09,477,253,16.5167,438.2,WESTJET AIRLINES LTD,CANADA,53.0398,scheduled_duration_3h_or_more
WJA,2022-12,90,61,36.6,496.1083,WESTJET AIRLINES LTD,CANADA,67.7778,scheduled_duration_3h_or_more
WZZ,2022-03,2160,272,1.8167,209.4917,WIZZ AIR HUNGARY LTD,HUNGARY,12.5926,scheduled_duration_3h_or_more
WZZ,2022-06,3033,1113,10.05,205.35,WIZZ AIR HUNGARY LTD,HUNGARY,36.6963,scheduled_duration_3h_or_more
WZZ,2022-09,3238,880,6.6667,206.4,WIZZ AIR HUNGARY LTD,HUNGARY,27.1773,scheduled_duration_3h_or_more
WZZ,2022-12,4051,670,2.4167,216.45,WIZZ AIR HUNGARY LTD,HUNGARY,16.5391,scheduled_duration_3h_or_more
