airport_code,period,arrival_flight_count,arrival_delayed_over_15_count,departure_flight_count,departure_delayed_over_15_count,flight_count,arrival_delay_over_15_pct,departure_delay_over_15_pct,combined_delay_over_15_pct,scope_id
BIKF,2022-03,945,158,936,150,1881,16.7196,16.0256,16.3743,all_flights
BIKF,2022-06,1627,483,1619,471,3246,29.6865,29.092,29.39,all_flights
BIKF,2022-09,1564,363,1556,353,3120,23.2097,22.6864,22.9487,all_flights
BIKF,2022-12,1200,338,1191,370,2391,28.1667,31.0663,29.611,all_flights
BKPR,2022-03,559,68,555,40,1114,12.1646,7.2072,9.6948,all_flights
BKPR,2022-06,718,222,716,113,1434,30.9192,15.7821,23.3612,all_flights
BKPR,2022-09,679,132,680,132,1359,19.4404,19.4118,19.426,all_flights
BKPR,2022-12,653,136,639,72,1292,20.827,11.2676,16.0991,all_flights
CYHZ,2022-03,0,0,42,19,42,,45.2381,45.2381,all_flights
CYHZ,2022-06,108,36,166,130,274,33.3333,78.3133,60.5839,all_flights
CYHZ,2022-09,80,29,119,62,199,36.25,52.1008,45.7286,all_flights
CYHZ,2022-12,48,11,53,35,101,22.9167,66.0377,45.5446,all_flights
CYUL,2022-03,475,141,473,372,948,29.6842,78.6469,54.1139,all_flights
CYUL,2022-06,1094,458,1089,1024,2183,41.8647,94.0312,67.8882,all_flights
CYUL,2022-09,1186,450,1191,1084,2377,37.9427,91.016,64.5351,all_flights
CYUL,2022-12,622,259,626,583,1248,41.6399,93.131,67.4679,all_flights
CYVR,2022-03,132,41,175,124,307,31.0606,70.8571,53.7459,all_flights
CYVR,2022-06,316,131,333,306,649,41.4557,91.8919,67.3344,all_flights
CYVR,2022-09,305,111,328,261,633,36.3934,79.5732,58.7678,all_flights
CYVR,2022-12,122,66,143,125,265,54.0984,87.4126,72.0755,all_flights
CYYC,2022-03,77,20,70,44,147,25.974,62.8571,43.5374,all_flights
CYYC,2022-06,168,61,164,144,332,36.3095,87.8049,61.747,all_flights
CYYC,2022-09,189,58,192,116,381,30.6878,60.4167,45.6693,all_flights
CYYC,2022-12,136,51,140,134,276,37.5,95.7143,67.029,all_flights
CYYZ,2022-03,799,281,832,585,1631,35.169,70.3125,53.0963,all_flights
CYYZ,2022-06,1477,578,1458,1338,2935,39.1334,91.7695,65.2811,all_flights
CYYZ,2022-09,1599,526,1582,1343,3181,32.8956,84.8925,58.7551,all_flights
CYYZ,2022-12,994,402,983,886,1977,40.4427,90.1322,65.1492,all_flights
DAAG,2022-03,407,180,459,84,866,44.226,18.3007,30.485,all_flights
DAAG,2022-06,919,444,891,267,1810,48.3134,29.9663,39.2818,all_flights
DAAG,2022-09,1311,420,1298,403,2609,32.0366,31.0478,31.5447,all_flights
DAAG,2022-12,1560,502,1496,337,3056,32.1795,22.5267,27.4542,all_flights
DABC,2022-03,36,22,36,2,72,61.1111,5.5556,33.3333,all_flights
DABC,2022-06,83,28,76,15,159,33.7349,19.7368,27.044,all_flights
DABC,2022-09,124,53,120,27,244,42.7419,22.5,32.7869,all_flights
DABC,2022-12,221,91,216,32,437,41.1765,14.8148,28.1465,all_flights
DAOO,2022-03,57,32,65,9,122,56.1404,13.8462,33.6066,all_flights
DAOO,2022-06,271,106,271,25,542,39.1144,9.2251,24.1697,all_flights
DAOO,2022-09,291,84,282,34,573,28.866,12.0567,20.5934,all_flights
DAOO,2022-12,380,124,369,26,749,32.6316,7.0461,20.0267,all_flights
DFFD,2022-03,64,16,54,12,118,25.0,22.2222,23.7288,all_flights
DFFD,2022-06,72,33,61,28,133,45.8333,45.9016,45.8647,all_flights
DFFD,2022-09,67,19,64,32,131,28.3582,50.0,38.9313,all_flights
DFFD,2022-12,81,20,68,22,149,24.6914,32.3529,28.1879,all_flights
DGAA,2022-03,209,50,202,67,411,23.9234,33.1683,28.4672,all_flights
DGAA,2022-06,205,91,215,61,420,44.3902,28.3721,36.1905,all_flights
DGAA,2022-09,197,54,209,89,406,27.4112,42.5837,35.2217,all_flights
DGAA,2022-12,216,80,214,62,430,37.037,28.972,33.0233,all_flights
DIAP,2022-03,144,38,148,53,292,26.3889,35.8108,31.1644,all_flights
DIAP,2022-06,153,55,170,83,323,35.9477,48.8235,42.7245,all_flights
DIAP,2022-09,152,48,157,79,309,31.5789,50.3185,41.1003,all_flights
DIAP,2022-12,141,62,164,80,305,43.9716,48.7805,46.5574,all_flights
DNAA,2022-03,87,17,84,28,171,19.5402,33.3333,26.3158,all_flights
DNAA,2022-06,82,17,82,28,164,20.7317,34.1463,27.439,all_flights
DNAA,2022-09,82,22,83,37,165,26.8293,44.5783,35.7576,all_flights
DNAA,2022-12,82,32,80,37,162,39.0244,46.25,42.5926,all_flights
DNMM,2022-03,287,73,252,67,539,25.4355,26.5873,25.974,all_flights
DNMM,2022-06,284,76,275,107,559,26.7606,38.9091,32.737,all_flights
DNMM,2022-09,289,69,274,96,563,23.8754,35.0365,29.3073,all_flights
DNMM,2022-12,300,118,281,113,581,39.3333,40.2135,39.759,all_flights
DTMB,2022-03,134,45,129,5,263,33.5821,3.876,19.0114,all_flights
DTMB,2022-06,215,81,208,39,423,37.6744,18.75,28.3688,all_flights
DTMB,2022-09,271,81,268,36,539,29.8893,13.4328,21.7069,all_flights
DTMB,2022-12,166,63,166,9,332,37.9518,5.4217,21.6867,all_flights
DTNH,2022-03,15,4,14,5,29,26.6667,35.7143,31.0345,all_flights
DTNH,2022-06,95,15,98,41,193,15.7895,41.8367,29.0155,all_flights
DTNH,2022-09,102,21,130,35,232,20.5882,26.9231,24.1379,all_flights
DTNH,2022-12,55,2,50,8,105,3.6364,16.0,9.5238,all_flights
DTTA,2022-03,1260,355,1272,162,2532,28.1746,12.7358,20.4186,all_flights
DTTA,2022-06,1463,488,1458,240,2921,33.3561,16.4609,24.923,all_flights
DTTA,2022-09,1575,475,1604,342,3179,30.1587,21.3217,25.6999,all_flights
DTTA,2022-12,1436,458,1425,200,2861,31.8942,14.0351,22.999,all_flights
DTTJ,2022-03,179,38,179,3,358,21.2291,1.676,11.4525,all_flights
DTTJ,2022-06,361,96,360,45,721,26.5928,12.5,19.5562,all_flights
DTTJ,2022-09,408,86,401,46,809,21.0784,11.4713,16.3164,all_flights
DTTJ,2022-12,207,56,210,12,417,27.0531,5.7143,16.307,all_flights
EBAW,2022-03,69,0,69,2,138,0.0,2.8986,1.4493,all_flights
EBAW,2022-06,122,23,124,19,246,18.8525,15.3226,17.0732,all_flights
EBAW,2022-09,77,13,78,15,155,16.8831,19.2308,18.0645,all_flights
EBAW,2022-12,54,0,54,4,108,0.0,7.4074,3.7037,all_flights
EBBR,2022-03,5520,769,5523,209,11043,13.9312,3.7842,8.8563,all_flights
EBBR,2022-06,6803,1984,6790,1407,13593,29.1636,20.7216,24.9467,all_flights
EBBR,2022-09,7537,1777,7585,1245,15122,23.577,16.414,19.9841,all_flights
EBBR,2022-12,6141,1306,6161,798,12302,21.2669,12.9524,17.1029,all_flights
EBCI,2022-03,1988,115,1989,62,3977,5.7847,3.1171,4.4506,all_flights
EBCI,2022-06,2297,595,2294,676,4591,25.9034,29.4682,27.6846,all_flights
EBCI,2022-09,2463,489,2470,541,4933,19.8538,21.9028,20.8798,all_flights
EBCI,2022-12,1963,191,1951,129,3914,9.73,6.612,8.1758,all_flights
EBLG,2022-03,1452,322,1475,98,2927,22.1763,6.6441,14.3492,all_flights
EBLG,2022-06,924,308,950,169,1874,33.3333,17.7895,25.4536,all_flights
EBLG,2022-09,955,273,988,175,1943,28.5864,17.7126,23.0571,all_flights
EBLG,2022-12,882,294,917,146,1799,33.3333,15.9215,24.458,all_flights
EBOS,2022-03,114,18,114,5,228,15.7895,4.386,10.0877,all_flights
EBOS,2022-06,162,32,161,43,323,19.7531,26.7081,23.2198,all_flights
EBOS,2022-09,180,27,176,49,356,15.0,27.8409,21.3483,all_flights
EBOS,2022-12,206,43,206,28,412,20.8738,13.5922,17.233,all_flights
EDDB,2022-03,5304,593,5155,790,10459,11.1802,15.3249,13.2231,all_flights
EDDB,2022-06,6364,2096,6367,2679,12731,32.9353,42.0763,37.5069,all_flights
EDDB,2022-09,6728,2027,6731,3020,13459,30.1278,44.867,37.4991,all_flights
EDDB,2022-12,5367,988,5372,2015,10739,18.4088,37.5093,27.9635,all_flights
EDDC,2022-03,301,6,298,15,599,1.9934,5.0336,3.5058,all_flights
EDDC,2022-06,426,94,427,106,853,22.0657,24.8244,23.4467,all_flights
EDDC,2022-09,432,71,433,96,865,16.4352,22.1709,19.3064,all_flights
EDDC,2022-12,279,25,280,33,559,8.9606,11.7857,10.3757,all_flights
EDDF,2022-03,12772,1161,12732,1857,25504,9.0902,14.5853,11.8334,all_flights
EDDF,2022-06,17103,2743,17073,7516,34176,16.0381,44.0227,30.0181,all_flights
EDDF,2022-09,16224,2137,16202,5812,32426,13.1718,35.8721,24.5143,all_flights
EDDF,2022-12,14556,2153,14518,5473,29074,14.7912,37.698,26.2296,all_flights
EDDG,2022-03,197,4,200,6,397,2.0305,3.0,2.5189,all_flights
EDDG,2022-06,343,92,334,92,677,26.8222,27.5449,27.1787,all_flights
EDDG,2022-09,356,67,350,73,706,18.8202,20.8571,19.83,all_flights
EDDG,2022-12,153,12,155,23,308,7.8431,14.8387,11.3636,all_flights
EDDH,2022-03,3114,143,3020,338,6134,4.5922,11.1921,7.8415,all_flights
EDDH,2022-06,4051,661,4048,1636,8099,16.317,40.415,28.3615,all_flights
EDDH,2022-09,4197,547,4184,1380,8381,13.0331,32.9828,22.9925,all_flights
EDDH,2022-12,3203,287,3200,657,6403,8.9603,20.5312,14.7431,all_flights
EDDK,2022-03,3365,420,3288,72,6653,12.4814,2.1898,7.3952,all_flights
EDDK,2022-06,4460,1572,4414,1211,8874,35.2466,27.4354,31.3613,all_flights
EDDK,2022-09,4525,1312,4505,831,9030,28.9945,18.4462,23.732,all_flights
EDDK,2022-12,3208,662,3183,187,6391,20.6359,5.875,13.2843,all_flights
EDDL,2022-03,4125,309,4077,379,8202,7.4909,9.2961,8.3882,all_flights
EDDL,2022-06,6095,1844,6118,2971,12213,30.2543,48.5616,39.4252,all_flights
EDDL,2022-09,6443,1334,6443,2493,12886,20.7046,38.6932,29.6989,all_flights
EDDL,2022-12,4188,626,4195,901,8383,14.9475,21.4779,18.2154,all_flights
EDDM,2022-03,8487,474,8577,641,17064,5.585,7.4735,6.5342,all_flights
EDDM,2022-06,12250,2175,12265,4470,24515,17.7551,36.4452,27.1059,all_flights
EDDM,2022-09,12666,1756,12674,4188,25340,13.8639,33.044,23.457,all_flights
EDDM,2022-12,10016,1312,9986,3054,20002,13.099,30.5828,21.8278,all_flights
EDDN,2022-03,547,46,551,17,1098,8.4095,3.0853,5.7377,all_flights
EDDN,2022-06,1229,344,1249,365,2478,27.9902,29.2234,28.6118,all_flights
EDDN,2022-09,1270,287,1261,212,2531,22.5984,16.8121,19.7155,all_flights
EDDN,2022-12,752,91,746,48,1498,12.1011,6.4343,9.279,all_flights
EDDP,2022-03,2774,202,2778,37,5552,7.2819,1.3319,4.3048,all_flights
EDDP,2022-06,2848,463,2868,399,5716,16.257,13.9121,15.0805,all_flights
EDDP,2022-09,2955,333,2943,300,5898,11.269,10.1937,10.7325,all_flights
EDDP,2022-12,2694,357,2693,111,5387,13.2517,4.1218,8.6876,all_flights
EDDR,2022-03,45,3,45,3,90,6.6667,6.6667,6.6667,all_flights
EDDR,2022-06,94,22,95,31,189,23.4043,32.6316,28.0423,all_flights
EDDR,2022-09,125,19,124,34,249,15.2,27.4194,21.2851,all_flights
EDDR,2022-12,52,5,52,10,104,9.6154,19.2308,14.4231,all_flights
EDDS,2022-03,1874,114,1867,133,3741,6.0832,7.1237,6.6025,all_flights
EDDS,2022-06,2995,656,3006,774,6001,21.9032,25.7485,23.8294,all_flights
EDDS,2022-09,3210,627,3215,704,6425,19.5327,21.8974,20.716,all_flights
EDDS,2022-12,1975,301,1979,405,3954,15.2405,20.4649,17.8553,all_flights
EDDV,2022-03,1035,80,1008,61,2043,7.7295,6.0516,6.9016,all_flights
EDDV,2022-06,1547,406,1500,367,3047,26.2443,24.4667,25.3692,all_flights
EDDV,2022-09,1584,365,1571,261,3155,23.0429,16.6136,19.8415,all_flights
EDDV,2022-12,1035,147,1026,91,2061,14.2029,8.8694,11.5478,all_flights
EDDW,2022-03,421,22,414,30,835,5.2257,7.2464,6.2275,all_flights
EDDW,2022-06,665,117,670,144,1335,17.594,21.4925,19.5506,all_flights
EDDW,2022-09,666,137,666,137,1332,20.5706,20.5706,20.5706,all_flights
EDDW,2022-12,465,68,474,60,939,14.6237,12.6582,13.6315,all_flights
EDFH,2022-03,381,65,378,12,759,17.0604,3.1746,10.1449,all_flights
EDFH,2022-06,493,160,495,171,988,32.4544,34.5455,33.502,all_flights
EDFH,2022-09,517,140,519,134,1036,27.0793,25.8189,26.4479,all_flights
EDFH,2022-12,470,91,470,44,940,19.3617,9.3617,14.3617,all_flights
EDHL,2022-03,49,1,49,4,98,2.0408,8.1633,5.102,all_flights
EDHL,2022-06,143,29,145,34,288,20.2797,23.4483,21.875,all_flights
EDHL,2022-09,125,21,127,21,252,16.8,16.5354,16.6667,all_flights
EDHL,2022-12,48,3,48,3,96,6.25,6.25,6.25,all_flights
EDJA,2022-03,400,38,400,14,800,9.5,3.5,6.5,all_flights
EDJA,2022-06,545,160,547,103,1092,29.3578,18.83,24.0842,all_flights
EDJA,2022-09,589,178,592,124,1181,30.2207,20.9459,25.5715,all_flights
EDJA,2022-12,526,87,531,51,1057,16.5399,9.6045,13.0558,all_flights
EDLP,2022-03,44,0,45,2,89,0.0,4.4444,2.2472,all_flights
EDLP,2022-06,159,48,151,38,310,30.1887,25.1656,27.7419,all_flights
EDLP,2022-09,184,23,182,30,366,12.5,16.4835,14.4809,all_flights
EDLP,2022-12,59,4,63,5,122,6.7797,7.9365,7.377,all_flights
EDLV,2022-03,205,8,206,9,411,3.9024,4.3689,4.1363,all_flights
EDLV,2022-06,348,88,349,107,697,25.2874,30.659,27.977,all_flights
EDLV,2022-09,352,62,352,92,704,17.6136,26.1364,21.875,all_flights
EDLV,2022-12,163,16,164,11,327,9.816,6.7073,8.2569,all_flights
EDLW,2022-03,566,40,572,21,1138,7.0671,3.6713,5.3603,all_flights
EDLW,2022-06,802,225,800,333,1602,28.0549,41.625,34.8315,all_flights
EDLW,2022-09,829,201,832,267,1661,24.2461,32.0913,28.1758,all_flights
EDLW,2022-12,632,63,638,71,1270,9.9684,11.1285,10.5512,all_flights
EDNY,2022-03,65,4,66,0,131,6.1538,0.0,3.0534,all_flights
EDNY,2022-06,140,14,144,17,284,10.0,11.8056,10.9155,all_flights
EDNY,2022-09,119,19,118,17,237,15.9664,14.4068,15.1899,all_flights
EDNY,2022-12,77,10,76,6,153,12.987,7.8947,10.4575,all_flights
EDSB,2022-03,299,7,298,8,597,2.3411,2.6846,2.5126,all_flights
EDSB,2022-06,439,77,443,72,882,17.5399,16.2528,16.8934,all_flights
EDSB,2022-09,430,70,432,78,862,16.2791,18.0556,17.1694,all_flights
EDSB,2022-12,300,26,301,23,601,8.6667,7.6412,8.1531,all_flights
EDXW,2022-03,18,1,18,3,36,5.5556,16.6667,11.1111,all_flights
EDXW,2022-06,108,13,108,20,216,12.037,18.5185,15.2778,all_flights
EDXW,2022-09,116,17,116,9,232,14.6552,7.7586,11.2069,all_flights
EDXW,2022-12,15,2,15,1,30,13.3333,6.6667,10.0,all_flights
EETN,2022-03,1052,31,1050,18,2102,2.9468,1.7143,2.3311,all_flights
EETN,2022-06,1283,108,1282,99,2565,8.4178,7.7223,8.0702,all_flights
EETN,2022-09,1290,87,1288,38,2578,6.7442,2.9503,4.8487,all_flights
EETN,2022-12,1100,118,1101,39,2201,10.7273,3.5422,7.1331,all_flights
EFHK,2022-03,4599,301,4597,303,9196,6.5449,6.5913,6.5681,all_flights
EFHK,2022-06,5399,818,5397,754,10796,15.151,13.9707,14.5609,all_flights
EFHK,2022-09,5506,563,5505,469,11011,10.2252,8.5195,9.3724,all_flights
EFHK,2022-12,5452,909,5443,1165,10895,16.6728,21.4036,19.0363,all_flights
EFIV,2022-03,92,7,92,1,184,7.6087,1.087,4.3478,all_flights
EFIV,2022-06,29,8,29,0,58,27.5862,0.0,13.7931,all_flights
EFIV,2022-09,35,4,35,0,70,11.4286,0.0,5.7143,all_flights
EFIV,2022-12,145,20,145,4,290,13.7931,2.7586,8.2759,all_flights
EFKK,2022-03,102,1,101,0,203,0.9804,0.0,0.4926,all_flights
EFKK,2022-06,107,3,108,0,215,2.8037,0.0,1.3953,all_flights
EFKK,2022-09,41,2,41,0,82,4.878,0.0,2.439,all_flights
EFKK,2022-12,95,8,95,0,190,8.4211,0.0,4.2105,all_flights
EFKS,2022-03,77,5,77,2,154,6.4935,2.5974,4.5455,all_flights
EFKS,2022-06,26,2,26,0,52,7.6923,0.0,3.8462,all_flights
EFKS,2022-09,30,1,30,0,60,3.3333,0.0,1.6667,all_flights
EFKS,2022-12,121,11,121,2,242,9.0909,1.6529,5.3719,all_flights
EFKT,2022-03,136,19,136,0,272,13.9706,0.0,6.9853,all_flights
EFKT,2022-06,32,0,32,0,64,0.0,0.0,0.0,all_flights
EFKT,2022-09,42,1,42,0,84,2.381,0.0,1.1905,all_flights
EFKT,2022-12,270,36,269,6,539,13.3333,2.2305,7.7922,all_flights
EFKU,2022-03,98,3,100,2,198,3.0612,2.0,2.5253,all_flights
EFKU,2022-06,108,15,108,0,216,13.8889,0.0,6.9444,all_flights
EFKU,2022-09,116,3,116,0,232,2.5862,0.0,1.2931,all_flights
EFKU,2022-12,107,12,107,3,214,11.215,2.8037,7.0093,all_flights
EFMA,2022-03,25,1,25,0,50,4.0,0.0,2.0,all_flights
EFMA,2022-06,73,1,73,1,146,1.3699,1.3699,1.3699,all_flights
EFMA,2022-09,86,0,86,0,172,0.0,0.0,0.0,all_flights
EFMA,2022-12,67,2,68,0,135,2.9851,0.0,1.4815,all_flights
EFOU,2022-03,210,7,209,0,419,3.3333,0.0,1.6706,all_flights
EFOU,2022-06,254,14,255,1,509,5.5118,0.3922,2.947,all_flights
EFOU,2022-09,275,12,275,2,550,4.3636,0.7273,2.5455,all_flights
EFOU,2022-12,215,44,215,7,430,20.4651,3.2558,11.8605,all_flights
EFRO,2022-03,198,15,199,7,397,7.5758,3.5176,5.5416,all_flights
EFRO,2022-06,115,13,115,0,230,11.3043,0.0,5.6522,all_flights
EFRO,2022-09,131,5,131,0,262,3.8168,0.0,1.9084,all_flights
EFRO,2022-12,425,86,426,31,851,20.2353,7.277,13.7485,all_flights
EFTP,2022-03,18,0,17,0,35,0.0,0.0,0.0,all_flights
EFTP,2022-06,142,16,137,6,279,11.2676,4.3796,7.8853,all_flights
EFTP,2022-09,140,10,139,2,279,7.1429,1.4388,4.3011,all_flights
EFTP,2022-12,132,17,130,8,262,12.8788,6.1538,9.542,all_flights
EFTU,2022-03,49,8,49,0,98,16.3265,0.0,8.1633,all_flights
EFTU,2022-06,109,8,110,5,219,7.3394,4.5455,5.9361,all_flights
EFTU,2022-09,111,3,111,2,222,2.7027,1.8018,2.2523,all_flights
EFTU,2022-12,151,31,150,1,301,20.5298,0.6667,10.6312,all_flights
EFVA,2022-03,38,1,38,0,76,2.6316,0.0,1.3158,all_flights
EFVA,2022-06,84,8,84,0,168,9.5238,0.0,4.7619,all_flights
EFVA,2022-09,86,2,86,2,172,2.3256,2.3256,2.3256,all_flights
EFVA,2022-12,84,2,84,1,168,2.381,1.1905,1.7857,all_flights
EGAA,2022-03,1519,67,1486,20,3005,4.4108,1.3459,2.8952,all_flights
EGAA,2022-06,1713,205,1686,136,3399,11.9673,8.0664,10.0324,all_flights
EGAA,2022-09,1748,168,1715,115,3463,9.611,6.7055,8.1721,all_flights
EGAA,2022-12,1317,86,1312,65,2629,6.53,4.9543,5.7436,all_flights
EGAC,2022-03,630,31,631,4,1261,4.9206,0.6339,2.7756,all_flights
EGAC,2022-06,1009,85,1011,52,2020,8.4242,5.1434,6.7822,all_flights
EGAC,2022-09,1386,128,1384,73,2770,9.2352,5.2746,7.2563,all_flights
EGAC,2022-12,1138,79,1137,67,2275,6.942,5.8927,6.4176,all_flights
EGAE,2022-03,121,1,121,2,242,0.8264,1.6529,1.2397,all_flights
EGAE,2022-06,151,9,151,9,302,5.9603,5.9603,5.9603,all_flights
EGAE,2022-09,139,6,138,9,277,4.3165,6.5217,5.4152,all_flights
EGAE,2022-12,147,5,145,8,292,3.4014,5.5172,4.4521,all_flights
EGBB,2022-03,2191,148,2184,45,4375,6.7549,2.0604,4.4114,all_flights
EGBB,2022-06,3558,795,3562,655,7120,22.344,18.3885,20.3652,all_flights
EGBB,2022-09,3755,716,3750,559,7505,19.0679,14.9067,16.9887,all_flights
EGBB,2022-12,2683,380,2674,155,5357,14.1633,5.7966,9.9869,all_flights
EGCC,2022-03,5126,762,5109,340,10235,14.8654,6.6549,10.767,all_flights
EGCC,2022-06,7468,2325,7460,1879,14928,31.1328,25.1877,28.1618,all_flights
EGCC,2022-09,7476,2181,7467,1819,14943,29.1734,24.3605,26.7684,all_flights
EGCC,2022-12,5515,1182,5507,627,11022,21.4325,11.3855,16.4126,all_flights
EGCN,2022-03,175,20,176,2,351,11.4286,1.1364,6.2678,all_flights
EGCN,2022-06,319,86,322,68,641,26.9592,21.118,24.025,all_flights
EGCN,2022-09,312,60,313,64,625,19.2308,20.4473,19.84,all_flights
EGFF,2022-03,150,4,151,5,301,2.6667,3.3113,2.99,all_flights
EGFF,2022-06,344,56,345,52,689,16.2791,15.0725,15.6749,all_flights
EGFF,2022-09,342,73,341,48,683,21.345,14.0762,17.716,all_flights
EGFF,2022-12,198,24,193,9,391,12.1212,4.6632,8.4399,all_flights
EGGD,2022-03,1873,163,1877,36,3750,8.7026,1.918,5.3067,all_flights
EGGD,2022-06,2985,779,2990,592,5975,26.0972,19.7993,22.9456,all_flights
EGGD,2022-09,2842,681,2838,516,5680,23.962,18.1818,21.0739,all_flights
EGGD,2022-12,1863,278,1861,91,3724,14.9222,4.8898,9.9087,all_flights
EGGP,2022-03,997,32,994,29,1991,3.2096,2.9175,3.0638,all_flights
EGGP,2022-06,1268,198,1270,158,2538,15.6151,12.4409,14.0268,all_flights
EGGP,2022-09,1269,165,1270,135,2539,13.0024,10.6299,11.8157,all_flights
EGGP,2022-12,964,83,956,73,1920,8.61,7.636,8.125,all_flights
EGGW,2022-03,3009,287,3006,176,6015,9.5381,5.855,7.6974,all_flights
EGGW,2022-06,4271,1226,4260,1058,8531,28.7052,24.8357,26.7729,all_flights
EGGW,2022-09,4305,919,4305,930,8610,21.3473,21.6028,21.475,all_flights
EGGW,2022-12,3571,472,3581,471,7152,13.2176,13.1528,13.1851,all_flights
EGHH,2022-03,154,10,153,11,307,6.4935,7.1895,6.8404,all_flights
EGHH,2022-06,247,46,249,38,496,18.6235,15.261,16.9355,all_flights
EGHH,2022-09,255,36,251,41,506,14.1176,16.3347,15.2174,all_flights
EGHH,2022-12,126,19,126,14,252,15.0794,11.1111,13.0952,all_flights
EGHI,2022-03,598,32,597,16,1195,5.3512,2.6801,4.0167,all_flights
EGHI,2022-06,692,113,688,54,1380,16.3295,7.8488,12.1014,all_flights
EGHI,2022-09,732,97,733,42,1465,13.2514,5.7299,9.4881,all_flights
EGHI,2022-12,633,73,634,35,1267,11.5324,5.5205,8.5241,all_flights
EGHQ,2022-03,112,3,110,4,222,2.6786,3.6364,3.1532,all_flights
EGHQ,2022-06,196,14,196,20,392,7.1429,10.2041,8.6735,all_flights
EGHQ,2022-09,201,13,202,25,403,6.4677,12.3762,9.4293,all_flights
EGHQ,2022-12,171,12,173,21,344,7.0175,12.1387,9.593,all_flights
EGJA,2022-03,174,2,172,0,346,1.1494,0.0,0.578,all_flights
EGJA,2022-06,197,0,197,0,394,0.0,0.0,0.0,all_flights
EGJA,2022-09,202,6,203,5,405,2.9703,2.4631,2.716,all_flights
EGJA,2022-12,154,4,151,0,305,2.5974,0.0,1.3115,all_flights
EGJB,2022-03,602,12,602,2,1204,1.9934,0.3322,1.1628,all_flights
EGJB,2022-06,774,28,772,17,1546,3.6176,2.2021,2.9107,all_flights
EGJB,2022-09,752,30,752,34,1504,3.9894,4.5213,4.2553,all_flights
EGJB,2022-12,601,20,602,13,1203,3.3278,2.1595,2.7431,all_flights
EGJJ,2022-03,616,29,612,12,1228,4.7078,1.9608,3.3388,all_flights
EGJJ,2022-06,836,82,840,50,1676,9.8086,5.9524,7.8759,all_flights
EGJJ,2022-09,869,73,869,77,1738,8.4005,8.8608,8.6306,all_flights
EGJJ,2022-12,573,47,574,24,1147,8.2024,4.1812,6.1901,all_flights
EGKK,2022-03,5954,794,5950,139,11904,13.3356,2.3361,7.8377,all_flights
EGKK,2022-06,10493,4909,10480,1992,20973,46.7836,19.0076,32.9042,all_flights
EGKK,2022-09,11082,4808,11098,1488,22180,43.3857,13.4078,28.3859,all_flights
EGKK,2022-12,8446,2418,8465,363,16911,28.6289,4.2882,16.4449,all_flights
EGLC,2022-03,1510,102,1520,76,3030,6.755,5.0,5.8746,all_flights
EGLC,2022-06,2079,411,2083,337,4162,19.7691,16.1786,17.9721,all_flights
EGLC,2022-09,2097,375,2112,308,4209,17.8827,14.5833,16.2271,all_flights
EGLC,2022-12,1819,299,1825,179,3644,16.4376,9.8082,13.1175,all_flights
EGLL,2022-03,13748,4625,13703,918,27451,33.6413,6.6993,20.1923,all_flights
EGLL,2022-06,17296,8870,17230,4510,34526,51.2835,26.1753,38.7534,all_flights
EGLL,2022-09,16533,8323,16538,3183,33071,50.3417,19.2466,34.7918,all_flights
EGLL,2022-12,17013,8977,17053,2969,34066,52.7655,17.4104,35.0672,all_flights
EGNJ,2022-03,62,1,59,0,121,1.6129,0.0,0.8264,all_flights
EGNJ,2022-06,111,19,112,10,223,17.1171,8.9286,13.0045,all_flights
EGNJ,2022-09,102,17,102,7,204,16.6667,6.8627,11.7647,all_flights
EGNJ,2022-12,88,9,87,5,175,10.2273,5.7471,8.0,all_flights
EGNM,2022-03,658,52,662,21,1320,7.9027,3.1722,5.5303,all_flights
EGNM,2022-06,1509,346,1512,284,3021,22.9291,18.7831,20.854,all_flights
EGNM,2022-09,1459,301,1470,241,2929,20.6306,16.3946,18.5046,all_flights
EGNM,2022-12,722,94,733,52,1455,13.0194,7.0941,10.0344,all_flights
EGNS,2022-03,343,14,343,6,686,4.0816,1.7493,2.9155,all_flights
EGNS,2022-06,446,39,444,33,890,8.7444,7.4324,8.0899,all_flights
EGNS,2022-09,401,23,400,18,801,5.7357,4.5,5.1186,all_flights
EGNS,2022-12,399,26,396,30,795,6.5163,7.5758,7.044,all_flights
EGNT,2022-03,927,82,928,40,1855,8.8457,4.3103,6.5768,all_flights
EGNT,2022-06,1716,394,1715,394,3431,22.9604,22.9738,22.9671,all_flights
EGNT,2022-09,1627,399,1622,333,3249,24.5237,20.5302,22.53,all_flights
EGNT,2022-12,1081,204,1078,137,2159,18.8714,12.7087,15.7943,all_flights
EGNV,2022-03,117,4,117,3,234,3.4188,2.5641,2.9915,all_flights
EGNV,2022-06,158,19,159,16,317,12.0253,10.0629,11.041,all_flights
EGNV,2022-09,154,23,154,10,308,14.9351,6.4935,10.7143,all_flights
EGNV,2022-12,116,11,115,3,231,9.4828,2.6087,6.0606,all_flights
EGNX,2022-03,1972,134,2025,36,3997,6.7951,1.7778,4.2532,all_flights
EGNX,2022-06,2405,407,2427,271,4832,16.9231,11.166,14.0315,all_flights
EGNX,2022-09,2292,360,2325,276,4617,15.7068,11.871,13.7752,all_flights
EGNX,2022-12,1766,224,1751,67,3517,12.684,3.8264,8.2741,all_flights
EGPA,2022-03,277,12,278,6,555,4.3321,2.1583,3.2432,all_flights
EGPA,2022-06,260,21,258,19,518,8.0769,7.3643,7.722,all_flights
EGPA,2022-09,249,12,247,25,496,4.8193,10.1215,7.4597,all_flights
EGPA,2022-12,188,25,188,16,376,13.2979,8.5106,10.9043,all_flights
EGPB,2022-03,476,62,473,21,949,13.0252,4.4397,8.746,all_flights
EGPB,2022-06,475,59,478,43,953,12.4211,8.9958,10.703,all_flights
EGPB,2022-09,466,69,467,39,933,14.8069,8.3512,11.5756,all_flights
EGPB,2022-12,338,66,337,42,675,19.5266,12.4629,16.0,all_flights
EGPD,2022-03,1365,121,1367,42,2732,8.8645,3.0724,5.9663,all_flights
EGPD,2022-06,1448,174,1447,111,2895,12.0166,7.671,9.8446,all_flights
EGPD,2022-09,1443,185,1442,123,2885,12.8205,8.5298,10.6759,all_flights
EGPD,2022-12,1337,191,1340,116,2677,14.2857,8.6567,11.4681,all_flights
EGPE,2022-03,440,10,441,13,881,2.2727,2.9478,2.6107,all_flights
EGPE,2022-06,512,43,513,59,1025,8.3984,11.501,9.9512,all_flights
EGPE,2022-09,539,66,544,74,1083,12.2449,13.6029,12.9271,all_flights
EGPE,2022-12,427,45,427,70,854,10.5386,16.3934,13.466,all_flights
EGPF,2022-03,2060,150,2064,37,4124,7.2816,1.7926,4.5344,all_flights
EGPF,2022-06,2808,542,2813,395,5621,19.302,14.0419,16.6696,all_flights
EGPF,2022-09,2918,498,2910,338,5828,17.0665,11.6151,14.3445,all_flights
EGPF,2022-12,2069,281,2065,132,4134,13.5814,6.3923,9.9903,all_flights
EGPH,2022-03,3190,244,3168,161,6358,7.6489,5.0821,6.3699,all_flights
EGPH,2022-06,4518,1077,4507,906,9025,23.838,20.1021,21.9723,all_flights
EGPH,2022-09,4532,1031,4524,813,9056,22.7493,17.9708,20.3622,all_flights
EGPH,2022-12,3706,603,3694,580,7400,16.2709,15.7011,15.9865,all_flights
EGPK,2022-03,120,22,118,3,238,18.3333,2.5424,10.5042,all_flights
EGPK,2022-06,199,37,198,17,397,18.593,8.5859,13.602,all_flights
EGPK,2022-09,201,40,198,24,399,19.9005,12.1212,16.0401,all_flights
EGPK,2022-12,123,22,123,3,246,17.8862,2.439,10.1626,all_flights
EGPL,2022-03,112,2,114,1,226,1.7857,0.8772,1.3274,all_flights
EGPL,2022-06,96,3,95,2,191,3.125,2.1053,2.6178,all_flights
EGPL,2022-09,98,7,98,9,196,7.1429,9.1837,8.1633,all_flights
EGPL,2022-12,84,9,83,7,167,10.7143,8.4337,9.5808,all_flights
EGPO,2022-03,257,7,255,6,512,2.7237,2.3529,2.5391,all_flights
EGPO,2022-06,224,12,225,14,449,5.3571,6.2222,5.7906,all_flights
EGPO,2022-09,226,18,225,14,451,7.9646,6.2222,7.0953,all_flights
EGPO,2022-12,188,20,188,32,376,10.6383,17.0213,13.8298,all_flights
EGSH,2022-03,92,3,92,1,184,3.2609,1.087,2.1739,all_flights
EGSH,2022-06,124,17,124,10,248,13.7097,8.0645,10.8871,all_flights
EGSH,2022-09,156,18,155,5,311,11.5385,3.2258,7.3955,all_flights
EGSH,2022-12,139,7,136,8,275,5.036,5.8824,5.4545,all_flights
EGSS,2022-03,5792,892,5800,213,11592,15.4006,3.6724,9.5324,all_flights
EGSS,2022-06,7297,2422,7280,1366,14577,33.1917,18.7637,25.9861,all_flights
EGSS,2022-09,7481,2341,7467,1251,14948,31.2926,16.7537,24.03,all_flights
EGSS,2022-12,6253,1625,6265,662,12518,25.9875,10.5666,18.2697,all_flights
EGTE,2022-03,181,4,181,2,362,2.2099,1.105,1.6575,all_flights
EGTE,2022-06,294,34,290,27,584,11.5646,9.3103,10.4452,all_flights
EGTE,2022-09,278,29,276,31,554,10.4317,11.2319,10.8303,all_flights
EGTE,2022-12,189,11,192,10,381,5.8201,5.2083,5.5118,all_flights
EHAM,2022-03,14909,2427,14944,1183,29853,16.2788,7.9162,12.0926,all_flights
EHAM,2022-06,17972,6664,17985,5455,35957,37.0799,30.3308,33.7041,all_flights
EHAM,2022-09,17988,5010,17969,4918,35957,27.8519,27.3694,27.6108,all_flights
EHAM,2022-12,15125,4193,15155,2731,30280,27.7223,18.0205,22.8666,all_flights
EHBK,2022-03,99,25,100,6,199,25.2525,6.0,15.5779,all_flights
EHBK,2022-06,130,41,130,47,260,31.5385,36.1538,33.8462,all_flights
EHBK,2022-09,139,36,136,24,275,25.8993,17.6471,21.8182,all_flights
EHBK,2022-12,123,24,122,9,245,19.5122,7.377,13.4694,all_flights
EHEH,2022-03,1301,58,1302,45,2603,4.4581,3.4562,3.957,all_flights
EHEH,2022-06,1781,342,1789,580,3570,19.2027,32.4203,25.8263,all_flights
EHEH,2022-09,1823,304,1825,429,3648,16.6758,23.5068,20.0932,all_flights
EHEH,2022-12,1391,299,1394,89,2785,21.4953,6.3845,13.9318,all_flights
EHRD,2022-03,396,7,395,9,791,1.7677,2.2785,2.0228,all_flights
EHRD,2022-06,681,75,684,73,1365,11.0132,10.6725,10.8425,all_flights
EHRD,2022-09,697,83,702,94,1399,11.9082,13.3903,12.6519,all_flights
EHRD,2022-12,436,42,437,27,873,9.633,6.1785,7.9038,all_flights
EICK,2022-03,557,29,554,28,1111,5.2065,5.0542,5.1305,all_flights
EICK,2022-06,865,124,864,91,1729,14.3353,10.5324,12.4349,all_flights
EICK,2022-09,829,101,828,80,1657,12.1834,9.6618,10.9234,all_flights
EICK,2022-12,615,62,613,51,1228,10.0813,8.3197,9.202,all_flights
EIDW,2022-03,7236,608,7287,167,14523,8.4024,2.2918,5.3364,all_flights
EIDW,2022-06,9476,2438,9474,1341,18950,25.7282,14.1545,19.942,all_flights
EIDW,2022-09,9368,1919,9372,1010,18740,20.4846,10.7768,15.6297,all_flights
EIDW,2022-12,8025,1321,8021,504,16046,16.4611,6.2835,11.3736,all_flights
EIKN,2022-03,164,1,164,1,328,0.6098,0.6098,0.6098,all_flights
EIKN,2022-06,259,25,260,8,519,9.6525,3.0769,6.3584,all_flights
EIKN,2022-09,266,29,266,12,532,10.9023,4.5113,7.7068,all_flights
EIKN,2022-12,176,13,176,9,352,7.3864,5.1136,6.25,all_flights
EIKY,2022-03,128,3,128,2,256,2.3438,1.5625,1.9531,all_flights
EIKY,2022-06,150,12,150,11,300,8.0,7.3333,7.6667,all_flights
EIKY,2022-09,150,15,150,12,300,10.0,8.0,9.0,all_flights
EIKY,2022-12,130,7,130,4,260,5.3846,3.0769,4.2308,all_flights
EINN,2022-03,496,22,496,4,992,4.4355,0.8065,2.621,all_flights
EINN,2022-06,552,85,553,40,1105,15.3986,7.2333,11.3122,all_flights
EINN,2022-09,550,59,553,37,1103,10.7273,6.6908,8.7035,all_flights
EINN,2022-12,517,65,516,36,1033,12.5725,6.9767,9.7773,all_flights
EKAH,2022-03,194,5,194,5,388,2.5773,2.5773,2.5773,all_flights
EKAH,2022-06,204,13,204,9,408,6.3725,4.4118,5.3922,all_flights
EKAH,2022-09,251,17,252,11,503,6.7729,4.3651,5.5666,all_flights
EKAH,2022-12,202,15,203,12,405,7.4257,5.9113,6.6667,all_flights
EKBI,2022-03,941,52,941,18,1882,5.526,1.9129,3.7194,all_flights
EKBI,2022-06,1449,236,1458,169,2907,16.2871,11.5912,13.9319,all_flights
EKBI,2022-09,1418,225,1417,107,2835,15.8674,7.5512,11.7108,all_flights
EKBI,2022-12,1004,125,1009,60,2013,12.4502,5.9465,9.1903,all_flights
EKCH,2022-03,6735,398,6724,389,13459,5.9094,5.7852,5.8474,all_flights
EKCH,2022-06,8818,1214,8819,1681,17637,13.7673,19.0611,16.4144,all_flights
EKCH,2022-09,9126,1107,9111,1232,18237,12.1302,13.5221,12.8256,all_flights
EKCH,2022-12,7447,574,7431,904,14878,7.7078,12.1653,9.9341,all_flights
EKRN,2022-03,199,7,199,2,398,3.5176,1.005,2.2613,all_flights
EKRN,2022-06,302,14,300,2,602,4.6358,0.6667,2.6578,all_flights
EKRN,2022-09,240,10,240,1,480,4.1667,0.4167,2.2917,all_flights
EKRN,2022-12,185,12,187,2,372,6.4865,1.0695,3.7634,all_flights
EKSB,2022-03,72,1,72,1,144,1.3889,1.3889,1.3889,all_flights
EKSB,2022-06,105,2,103,0,208,1.9048,0.0,0.9615,all_flights
EKSB,2022-09,126,3,127,3,253,2.381,2.3622,2.3715,all_flights
EKSB,2022-12,82,2,84,3,166,2.439,3.5714,3.012,all_flights
EKVG,2022-03,89,21,87,8,176,23.5955,9.1954,16.4773,all_flights
EKVG,2022-06,193,40,194,26,387,20.7254,13.4021,17.0543,all_flights
EKVG,2022-09,179,21,180,10,359,11.7318,5.5556,8.6351,all_flights
EKVG,2022-12,111,28,108,16,219,25.2252,14.8148,20.0913,all_flights
EKYT,2022-03,612,21,615,22,1227,3.4314,3.5772,3.5045,all_flights
EKYT,2022-06,672,67,673,51,1345,9.9702,7.578,8.7732,all_flights
EKYT,2022-09,703,57,706,34,1409,8.1081,4.8159,6.4585,all_flights
EKYT,2022-12,507,38,512,25,1019,7.4951,4.8828,6.1825,all_flights
ELLX,2022-03,2189,307,2192,107,4381,14.0247,4.8814,9.4499,all_flights
ELLX,2022-06,2853,669,2855,609,5708,23.449,21.331,22.3896,all_flights
ELLX,2022-09,2845,584,2846,454,5691,20.5272,15.9522,18.2393,all_flights
ELLX,2022-12,2404,448,2406,258,4810,18.6356,10.7232,14.6778,all_flights
ENAL,2022-03,456,22,456,14,912,4.8246,3.0702,3.9474,all_flights
ENAL,2022-06,569,37,567,20,1136,6.5026,3.5273,5.0176,all_flights
ENAL,2022-09,642,29,641,16,1283,4.5171,2.4961,3.5074,all_flights
ENAL,2022-12,461,49,458,19,919,10.6291,4.1485,7.3993,all_flights
ENAN,2022-03,132,1,132,4,264,0.7576,3.0303,1.8939,all_flights
ENAN,2022-06,122,1,122,1,244,0.8197,0.8197,0.8197,all_flights
ENAN,2022-09,130,0,130,0,260,0.0,0.0,0.0,all_flights
ENAN,2022-12,122,2,122,3,244,1.6393,2.459,2.0492,all_flights
ENAT,2022-03,270,18,270,4,540,6.6667,1.4815,4.0741,all_flights
ENAT,2022-06,233,10,232,7,465,4.2918,3.0172,3.6559,all_flights
ENAT,2022-09,253,6,254,6,507,2.3715,2.3622,2.3669,all_flights
ENAT,2022-12,226,11,226,14,452,4.8673,6.1947,5.531,all_flights
ENBL,2022-03,110,1,110,0,220,0.9091,0.0,0.4545,all_flights
ENBL,2022-06,99,0,97,0,196,0.0,0.0,0.0,all_flights
ENBL,2022-09,123,0,124,0,247,0.0,0.0,0.0,all_flights
ENBL,2022-12,118,0,119,3,237,0.0,2.521,1.2658,all_flights
ENBN,2022-03,152,1,153,1,305,0.6579,0.6536,0.6557,all_flights
ENBN,2022-06,144,0,145,0,289,0.0,0.0,0.0,all_flights
ENBN,2022-09,170,0,170,1,340,0.0,0.5882,0.2941,all_flights
ENBN,2022-12,151,3,152,1,303,1.9868,0.6579,1.3201,all_flights
ENBO,2022-03,1424,57,1417,60,2841,4.0028,4.2343,4.1183,all_flights
ENBO,2022-06,1423,59,1426,54,2849,4.1462,3.7868,3.9663,all_flights
ENBO,2022-09,1589,31,1597,29,3186,1.9509,1.8159,1.8832,all_flights
ENBO,2022-12,1295,71,1305,81,2600,5.4826,6.2069,5.8462,all_flights
ENBR,2022-03,2971,36,2970,14,5941,1.2117,0.4714,0.8416,all_flights
ENBR,2022-06,3478,144,3487,117,6965,4.1403,3.3553,3.7473,all_flights
ENBR,2022-09,3829,105,3830,78,7659,2.7422,2.0366,2.3893,all_flights
ENBR,2022-12,2907,127,2913,103,5820,4.3688,3.5359,3.9519,all_flights
ENBS,2022-03,91,6,91,4,182,6.5934,4.3956,5.4945,all_flights
ENBS,2022-06,78,0,78,0,156,0.0,0.0,0.0,all_flights
ENBS,2022-09,94,0,93,0,187,0.0,0.0,0.0,all_flights
ENBS,2022-12,84,4,84,4,168,4.7619,4.7619,4.7619,all_flights
ENBV,2022-03,68,4,68,2,136,5.8824,2.9412,4.4118,all_flights
ENBV,2022-06,59,1,59,0,118,1.6949,0.0,0.8475,all_flights
ENBV,2022-09,67,0,67,0,134,0.0,0.0,0.0,all_flights
ENBV,2022-12,61,8,58,0,119,13.1148,0.0,6.7227,all_flights
ENCN,2022-03,387,7,388,1,775,1.8088,0.2577,1.0323,all_flights
ENCN,2022-06,445,21,445,24,890,4.7191,5.3933,5.0562,all_flights
ENCN,2022-09,511,16,509,12,1020,3.1311,2.3576,2.7451,all_flights
ENCN,2022-12,378,16,380,14,758,4.2328,3.6842,3.9578,all_flights
ENDU,2022-03,75,10,75,0,150,13.3333,0.0,6.6667,all_flights
ENDU,2022-06,77,12,78,0,155,15.5844,0.0,7.7419,all_flights
ENDU,2022-09,87,5,86,1,173,5.7471,1.1628,3.4682,all_flights
ENDU,2022-12,69,17,70,4,139,24.6377,5.7143,15.1079,all_flights
ENEV,2022-03,300,42,299,8,599,14.0,2.6756,8.3472,all_flights
ENEV,2022-06,413,52,414,10,827,12.5908,2.4155,7.497,all_flights
ENEV,2022-09,437,30,436,8,873,6.865,1.8349,4.3528,all_flights
ENEV,2022-12,346,49,348,22,694,14.1618,6.3218,10.2305,all_flights
ENFL,2022-03,193,1,193,0,386,0.5181,0.0,0.2591,all_flights
ENFL,2022-06,211,1,210,1,421,0.4739,0.4762,0.4751,all_flights
ENFL,2022-09,234,4,233,1,467,1.7094,0.4292,1.0707,all_flights
ENFL,2022-12,197,8,196,1,393,4.0609,0.5102,2.2901,all_flights
ENGM,2022-03,7101,275,7095,265,14196,3.8727,3.735,3.8039,all_flights
ENGM,2022-06,9203,845,9198,1042,18401,9.1818,11.3285,10.2549,all_flights
ENGM,2022-09,9648,653,9643,576,19291,6.7682,5.9732,6.3708,all_flights
ENGM,2022-12,7444,725,7422,987,14866,9.7394,13.2983,11.5162,all_flights
ENHD,2022-03,281,7,281,3,562,2.4911,1.0676,1.7794,all_flights
ENHD,2022-06,296,12,294,13,590,4.0541,4.4218,4.2373,all_flights
ENHD,2022-09,316,4,318,5,634,1.2658,1.5723,1.4196,all_flights
ENHD,2022-12,241,16,243,13,484,6.639,5.3498,5.9917,all_flights
ENHF,2022-03,324,19,321,10,645,5.8642,3.1153,4.4961,all_flights
ENHF,2022-06,299,3,299,3,598,1.0033,1.0033,1.0033,all_flights
ENHF,2022-09,329,6,329,0,658,1.8237,0.0,0.9119,all_flights
ENHF,2022-12,267,14,268,10,535,5.2434,3.7313,4.486,all_flights
ENHK,2022-03,74,2,75,3,149,2.7027,4.0,3.3557,all_flights
ENHK,2022-06,66,2,66,1,132,3.0303,1.5152,2.2727,all_flights
ENHK,2022-09,70,0,70,4,140,0.0,5.7143,2.8571,all_flights
ENHK,2022-12,65,1,66,7,131,1.5385,10.6061,6.1069,all_flights
ENHV,2022-03,71,3,72,0,143,4.2254,0.0,2.0979,all_flights
ENHV,2022-06,77,0,77,0,154,0.0,0.0,0.0,all_flights
ENHV,2022-09,87,0,87,1,174,0.0,1.1494,0.5747,all_flights
ENHV,2022-12,65,3,66,2,131,4.6154,3.0303,3.8168,all_flights
ENKB,2022-03,153,1,153,2,306,0.6536,1.3072,0.9804,all_flights
ENKB,2022-06,166,3,167,3,333,1.8072,1.7964,1.8018,all_flights
ENKB,2022-09,193,6,194,3,387,3.1088,1.5464,2.3256,all_flights
ENKB,2022-12,152,6,153,7,305,3.9474,4.5752,4.2623,all_flights
ENKR,2022-03,236,11,236,5,472,4.661,2.1186,3.3898,all_flights
ENKR,2022-06,225,1,222,3,447,0.4444,1.3514,0.8949,all_flights
ENKR,2022-09,247,5,247,6,494,2.0243,2.4291,2.2267,all_flights
ENKR,2022-12,203,24,201,17,404,11.8227,8.4577,10.1485,all_flights
ENLK,2022-03,161,3,161,4,322,1.8634,2.4845,2.1739,all_flights
ENLK,2022-06,154,3,154,1,308,1.9481,0.6494,1.2987,all_flights
ENLK,2022-09,187,0,187,1,374,0.0,0.5348,0.2674,all_flights
ENLK,2022-12,165,5,165,3,330,3.0303,1.8182,2.4242,all_flights
ENMH,2022-03,91,2,91,3,182,2.1978,3.2967,2.7473,all_flights
ENMH,2022-06,80,0,81,0,161,0.0,0.0,0.0,all_flights
ENMH,2022-09,95,1,95,0,190,1.0526,0.0,0.5263,all_flights
ENMH,2022-12,87,4,86,6,173,4.5977,6.9767,5.7803,all_flights
ENML,2022-03,191,12,192,4,383,6.2827,2.0833,4.1775,all_flights
ENML,2022-06,203,8,204,7,407,3.9409,3.4314,3.6855,all_flights
ENML,2022-09,219,7,216,4,435,3.1963,1.8519,2.5287,all_flights
ENML,2022-12,184,21,190,7,374,11.413,3.6842,7.4866,all_flights
ENMS,2022-03,154,1,154,1,308,0.6494,0.6494,0.6494,all_flights
ENMS,2022-06,127,4,126,1,253,3.1496,0.7937,1.9763,all_flights
ENMS,2022-09,129,1,128,3,257,0.7752,2.3438,1.5564,all_flights
ENMS,2022-12,114,3,115,3,229,2.6316,2.6087,2.6201,all_flights
ENNA,2022-03,94,3,93,2,187,3.1915,2.1505,2.6738,all_flights
ENNA,2022-06,65,3,65,2,130,4.6154,3.0769,3.8462,all_flights
ENNA,2022-09,77,0,77,0,154,0.0,0.0,0.0,all_flights
ENNA,2022-12,73,15,72,1,145,20.5479,1.3889,11.0345,all_flights
ENNM,2022-03,99,1,99,1,198,1.0101,1.0101,1.0101,all_flights
ENNM,2022-06,76,1,75,1,151,1.3158,1.3333,1.3245,all_flights
ENNM,2022-09,97,0,97,0,194,0.0,0.0,0.0,all_flights
ENNM,2022-12,81,0,82,1,163,0.0,1.2195,0.6135,all_flights
ENOV,2022-03,158,2,155,0,313,1.2658,0.0,0.639,all_flights
ENOV,2022-06,159,1,159,1,318,0.6289,0.6289,0.6289,all_flights
ENOV,2022-09,194,0,197,0,391,0.0,0.0,0.0,all_flights
ENOV,2022-12,172,7,172,4,344,4.0698,2.3256,3.1977,all_flights
ENRA,2022-03,173,4,175,2,348,2.3121,1.1429,1.7241,all_flights
ENRA,2022-06,161,1,161,3,322,0.6211,1.8634,1.2422,all_flights
ENRA,2022-09,185,1,186,3,371,0.5405,1.6129,1.0782,all_flights
ENRA,2022-12,150,5,149,5,299,3.3333,3.3557,3.3445,all_flights
ENRM,2022-03,120,1,120,0,240,0.8333,0.0,0.4167,all_flights
ENRM,2022-06,84,1,84,2,168,1.1905,2.381,1.7857,all_flights
ENRM,2022-09,112,2,112,0,224,1.7857,0.0,0.8929,all_flights
ENRM,2022-12,91,1,90,1,181,1.0989,1.1111,1.105,all_flights
ENSB,2022-03,68,14,68,25,136,20.5882,36.7647,28.6765,all_flights
ENSB,2022-06,80,10,78,30,158,12.5,38.4615,25.3165,all_flights
ENSB,2022-09,62,8,62,14,124,12.9032,22.5806,17.7419,all_flights
ENSB,2022-12,43,10,41,15,84,23.2558,36.5854,29.7619,all_flights
ENSD,2022-03,82,1,82,1,164,1.2195,1.2195,1.2195,all_flights
ENSD,2022-06,82,0,82,0,164,0.0,0.0,0.0,all_flights
ENSD,2022-09,108,0,109,0,217,0.0,0.0,0.0,all_flights
ENSD,2022-12,92,4,94,2,186,4.3478,2.1277,3.2258,all_flights
ENSG,2022-03,204,0,203,0,407,0.0,0.0,0.0,all_flights
ENSG,2022-06,186,0,185,0,371,0.0,0.0,0.0,all_flights
ENSG,2022-09,219,1,221,0,440,0.4566,0.0,0.2273,all_flights
ENSG,2022-12,190,3,189,3,379,1.5789,1.5873,1.5831,all_flights
ENSH,2022-03,162,5,162,5,324,3.0864,3.0864,3.0864,all_flights
ENSH,2022-06,164,0,163,2,327,0.0,1.227,0.6116,all_flights
ENSH,2022-09,169,0,169,1,338,0.0,0.5917,0.2959,all_flights
ENSH,2022-12,153,5,152,3,305,3.268,1.9737,2.623,all_flights
ENSK,2022-03,205,4,204,6,409,1.9512,2.9412,2.445,all_flights
ENSK,2022-06,161,0,162,3,323,0.0,1.8519,0.9288,all_flights
ENSK,2022-09,179,0,178,1,357,0.0,0.5618,0.2801,all_flights
ENSK,2022-12,169,6,169,7,338,3.5503,4.142,3.8462,all_flights
ENSR,2022-03,67,2,67,2,134,2.9851,2.9851,2.9851,all_flights
ENSR,2022-06,59,0,59,1,118,0.0,1.6949,0.8475,all_flights
ENSR,2022-09,71,0,71,1,142,0.0,1.4085,0.7042,all_flights
ENSR,2022-12,61,0,61,2,122,0.0,3.2787,1.6393,all_flights
ENSS,2022-03,91,2,90,3,181,2.1978,3.3333,2.7624,all_flights
ENSS,2022-06,78,0,79,0,157,0.0,0.0,0.0,all_flights
ENSS,2022-09,91,1,91,0,182,1.0989,0.0,0.5495,all_flights
ENSS,2022-12,76,3,75,4,151,3.9474,5.3333,4.6358,all_flights
ENST,2022-03,128,2,128,1,256,1.5625,0.7812,1.1719,all_flights
ENST,2022-06,114,0,113,1,227,0.0,0.885,0.4405,all_flights
ENST,2022-09,117,1,116,1,233,0.8547,0.8621,0.8584,all_flights
ENST,2022-12,114,3,113,1,227,2.6316,0.885,1.7621,all_flights
ENTC,2022-03,1603,170,1612,77,3215,10.6051,4.7767,7.6827,all_flights
ENTC,2022-06,1403,128,1405,30,2808,9.1233,2.1352,5.6268,all_flights
ENTC,2022-09,1525,74,1520,42,3045,4.8525,2.7632,3.8095,all_flights
ENTC,2022-12,1300,203,1304,99,2604,15.6154,7.592,11.5975,all_flights
ENTO,2022-03,624,6,624,9,1248,0.9615,1.4423,1.2019,all_flights
ENTO,2022-06,820,40,825,73,1645,4.878,8.8485,6.8693,all_flights
ENTO,2022-09,802,24,801,28,1603,2.9925,3.4956,3.2439,all_flights
ENTO,2022-12,663,36,660,29,1323,5.4299,4.3939,4.9131,all_flights
ENVA,2022-03,2050,45,2045,19,4095,2.1951,0.9291,1.5629,all_flights
ENVA,2022-06,2221,90,2216,69,4437,4.0522,3.1137,3.5835,all_flights
ENVA,2022-09,2603,61,2597,41,5200,2.3434,1.5787,1.9615,all_flights
ENVA,2022-12,1879,116,1882,76,3761,6.1735,4.0383,5.105,all_flights
ENVD,2022-03,274,5,273,7,547,1.8248,2.5641,2.1938,all_flights
ENVD,2022-06,226,2,226,1,452,0.885,0.4425,0.6637,all_flights
ENVD,2022-09,260,0,260,1,520,0.0,0.3846,0.1923,all_flights
ENVD,2022-12,247,7,248,7,495,2.834,2.8226,2.8283,all_flights
ENZV,2022-03,1456,20,1452,11,2908,1.3736,0.7576,1.066,all_flights
ENZV,2022-06,1808,105,1804,94,3612,5.8075,5.2106,5.5094,all_flights
ENZV,2022-09,1917,80,1914,61,3831,4.1732,3.187,3.6805,all_flights
ENZV,2022-12,1567,86,1573,87,3140,5.4882,5.5308,5.5096,all_flights
EPBY,2022-03,76,2,77,0,153,2.6316,0.0,1.3072,all_flights
EPBY,2022-06,85,5,85,5,170,5.8824,5.8824,5.8824,all_flights
EPBY,2022-09,90,10,88,1,178,11.1111,1.1364,6.1798,all_flights
EPBY,2022-12,97,7,100,7,197,7.2165,7.0,7.1066,all_flights
EPGD,2022-03,1222,16,1219,38,2441,1.3093,3.1173,2.2122,all_flights
EPGD,2022-06,1736,111,1735,151,3471,6.394,8.7032,7.5483,all_flights
EPGD,2022-09,1684,128,1692,102,3376,7.601,6.0284,6.8128,all_flights
EPGD,2022-12,1419,195,1424,207,2843,13.7421,14.5365,14.14,all_flights
EPKK,2022-03,1946,113,1947,54,3893,5.8068,2.7735,4.2898,all_flights
EPKK,2022-06,2381,494,2385,480,4766,20.7476,20.1258,20.4364,all_flights
EPKK,2022-09,2289,345,2293,313,4582,15.0721,13.6502,14.3605,all_flights
EPKK,2022-12,2099,268,2100,119,4199,12.768,5.6667,9.2165,all_flights
EPKT,2022-03,743,37,780,22,1523,4.9798,2.8205,3.8739,all_flights
EPKT,2022-06,1037,208,1069,193,2106,20.0579,18.0543,19.0408,all_flights
EPKT,2022-09,1033,114,1027,121,2060,11.0358,11.7819,11.4078,all_flights
EPKT,2022-12,820,52,824,81,1644,6.3415,9.8301,8.09,all_flights
EPLB,2022-03,67,7,68,2,135,10.4478,2.9412,6.6667,all_flights
EPLB,2022-06,145,27,144,33,289,18.6207,22.9167,20.7612,all_flights
EPLB,2022-09,129,12,128,11,257,9.3023,8.5938,8.9494,all_flights
EPLB,2022-12,82,6,82,7,164,7.3171,8.5366,7.9268,all_flights
EPMO,2022-03,763,37,765,33,1528,4.8493,4.3137,4.5812,all_flights
EPMO,2022-06,922,202,922,209,1844,21.9089,22.6681,22.2885,all_flights
EPMO,2022-09,931,86,929,89,1860,9.2374,9.5802,9.4086,all_flights
EPMO,2022-12,669,57,663,33,1332,8.5202,4.9774,6.7568,all_flights
EPPO,2022-03,438,9,441,15,879,2.0548,3.4014,2.7304,all_flights
EPPO,2022-06,623,74,620,105,1243,11.878,16.9355,14.4006,all_flights
EPPO,2022-09,648,48,645,61,1293,7.4074,9.4574,8.43,all_flights
EPPO,2022-12,528,33,530,50,1058,6.25,9.434,7.845,all_flights
EPRZ,2022-03,199,20,198,14,397,10.0503,7.0707,8.5642,all_flights
EPRZ,2022-06,284,78,281,41,565,27.4648,14.5907,21.0619,all_flights
EPRZ,2022-09,297,30,292,27,589,10.101,9.2466,9.6774,all_flights
EPRZ,2022-12,266,36,267,14,533,13.5338,5.2434,9.3809,all_flights
EPSC,2022-03,114,1,114,1,228,0.8772,0.8772,0.8772,all_flights
EPSC,2022-06,174,11,174,16,348,6.3218,9.1954,7.7586,all_flights
EPSC,2022-09,171,18,169,17,340,10.5263,10.0592,10.2941,all_flights
EPSC,2022-12,155,14,154,8,309,9.0323,5.1948,7.1197,all_flights
EPWA,2022-03,3944,219,3946,435,7890,5.5527,11.0238,8.289,all_flights
EPWA,2022-06,5882,1111,5898,1837,11780,18.8881,31.1462,25.0255,all_flights
EPWA,2022-09,5884,737,5892,725,11776,12.5255,12.3048,12.4151,all_flights
EPWA,2022-12,5210,521,5204,368,10414,10.0,7.0715,8.5366,all_flights
EPWR,2022-03,630,4,627,20,1257,0.6349,3.1898,1.9093,all_flights
EPWR,2022-06,923,142,925,187,1848,15.3846,20.2162,17.803,all_flights
EPWR,2022-09,964,93,964,121,1928,9.6473,12.5519,11.0996,all_flights
EPWR,2022-12,805,39,803,79,1608,4.8447,9.8381,7.3383,all_flights
ESDF,2022-03,93,1,92,0,185,1.0753,0.0,0.5405,all_flights
ESDF,2022-06,116,0,117,1,233,0.0,0.8547,0.4292,all_flights
ESDF,2022-09,127,0,129,0,256,0.0,0.0,0.0,all_flights
ESDF,2022-12,111,0,113,6,224,0.0,5.3097,2.6786,all_flights
ESGG,2022-03,1371,66,1369,31,2740,4.814,2.2644,3.5401,all_flights
ESGG,2022-06,2006,325,2004,234,4010,16.2014,11.6766,13.9401,all_flights
ESGG,2022-09,1986,254,1983,156,3969,12.7895,7.8669,10.3301,all_flights
ESGG,2022-12,1616,181,1618,124,3234,11.2005,7.6638,9.431,all_flights
ESKN,2022-03,129,8,131,1,260,6.2016,0.7634,3.4615,all_flights
ESKN,2022-06,186,40,186,34,372,21.5054,18.2796,19.8925,all_flights
ESKN,2022-09,179,26,178,7,357,14.5251,3.9326,9.2437,all_flights
ESKN,2022-12,184,16,183,6,367,8.6957,3.2787,5.9946,all_flights
ESMQ,2022-03,85,0,85,0,170,0.0,0.0,0.0,all_flights
ESMQ,2022-06,96,1,96,5,192,1.0417,5.2083,3.125,all_flights
ESMQ,2022-09,113,4,115,0,228,3.5398,0.0,1.7544,all_flights
ESMQ,2022-12,107,3,109,1,216,2.8037,0.9174,1.8519,all_flights
ESMS,2022-03,603,13,610,6,1213,2.1559,0.9836,1.5664,all_flights
ESMS,2022-06,639,51,645,47,1284,7.9812,7.2868,7.6324,all_flights
ESMS,2022-09,691,28,692,38,1383,4.0521,5.4913,4.7722,all_flights
ESMS,2022-12,566,29,564,20,1130,5.1237,3.5461,4.3363,all_flights
ESMT,2022-03,59,0,58,0,117,0.0,0.0,0.0,all_flights
ESMT,2022-06,67,1,67,1,134,1.4925,1.4925,1.4925,all_flights
ESMT,2022-09,74,0,75,0,149,0.0,0.0,0.0,all_flights
ESMT,2022-12,67,2,68,2,135,2.9851,2.9412,2.963,all_flights
ESMX,2022-03,27,0,27,1,54,0.0,3.7037,1.8519,all_flights
ESMX,2022-06,78,8,78,8,156,10.2564,10.2564,10.2564,all_flights
ESMX,2022-09,101,13,101,8,202,12.8713,7.9208,10.396,all_flights
ESMX,2022-12,56,7,57,6,113,12.5,10.5263,11.5044,all_flights
ESNK,2022-03,68,1,68,0,136,1.4706,0.0,0.7353,all_flights
ESNK,2022-06,87,1,87,4,174,1.1494,4.5977,2.8736,all_flights
ESNK,2022-09,75,1,76,0,151,1.3333,0.0,0.6623,all_flights
ESNK,2022-12,69,1,70,1,139,1.4493,1.4286,1.4388,all_flights
ESNL,2022-03,78,1,78,1,156,1.2821,1.2821,1.2821,all_flights
ESNL,2022-06,33,0,33,0,66,0.0,0.0,0.0,all_flights
ESNL,2022-09,95,2,95,0,190,2.1053,0.0,1.0526,all_flights
ESNL,2022-12,94,2,94,4,188,2.1277,4.2553,3.1915,all_flights
ESNQ,2022-03,78,6,78,0,156,7.6923,0.0,3.8462,all_flights
ESNQ,2022-06,57,3,57,1,114,5.2632,1.7544,3.5088,all_flights
ESNQ,2022-09,79,1,80,1,159,1.2658,1.25,1.2579,all_flights
ESNQ,2022-12,83,6,84,1,167,7.2289,1.1905,4.1916,all_flights
ESNS,2022-03,114,3,114,0,228,2.6316,0.0,1.3158,all_flights
ESNS,2022-06,127,3,127,2,254,2.3622,1.5748,1.9685,all_flights
ESNS,2022-09,139,7,139,1,278,5.036,0.7194,2.8777,all_flights
ESNS,2022-12,106,11,108,3,214,10.3774,2.7778,6.5421,all_flights
ESNU,2022-03,279,5,278,2,557,1.7921,0.7194,1.2567,all_flights
ESNU,2022-06,299,7,299,9,598,2.3411,3.01,2.6756,all_flights
ESNU,2022-09,396,13,396,5,792,3.2828,1.2626,2.2727,all_flights
ESNU,2022-12,325,11,327,30,652,3.3846,9.1743,6.2883,all_flights
ESNX,2022-03,21,0,23,0,44,0.0,0.0,0.0,all_flights
ESNX,2022-06,85,0,85,1,170,0.0,1.1765,0.5882,all_flights
ESNX,2022-09,97,0,97,0,194,0.0,0.0,0.0,all_flights
ESNX,2022-12,92,7,94,1,186,7.6087,1.0638,4.3011,all_flights
ESNZ,2022-03,154,1,153,2,307,0.6494,1.3072,0.9772,all_flights
ESNZ,2022-06,167,0,168,0,335,0.0,0.0,0.0,all_flights
ESNZ,2022-09,217,4,217,0,434,1.8433,0.0,0.9217,all_flights
ESNZ,2022-12,148,5,149,1,297,3.3784,0.6711,2.0202,all_flights
ESOE,2022-03,66,3,69,1,135,4.5455,1.4493,2.963,all_flights
ESOE,2022-06,66,8,66,4,132,12.1212,6.0606,9.0909,all_flights
ESOE,2022-09,69,4,70,0,139,5.7971,0.0,2.8777,all_flights
ESOE,2022-12,68,12,65,4,133,17.6471,6.1538,12.0301,all_flights
ESPA,2022-03,306,7,305,20,611,2.2876,6.5574,4.419,all_flights
ESPA,2022-06,355,16,355,16,710,4.507,4.507,4.507,all_flights
ESPA,2022-09,406,15,406,14,812,3.6946,3.4483,3.5714,all_flights
ESPA,2022-12,398,31,397,25,795,7.7889,6.2972,7.044,all_flights
ESSA,2022-03,5273,444,5268,108,10541,8.4203,2.0501,5.2367,all_flights
ESSA,2022-06,7546,1191,7520,907,15066,15.7832,12.0612,13.9254,all_flights
ESSA,2022-09,7793,942,7792,521,15585,12.0878,6.6863,9.3872,all_flights
ESSA,2022-12,6424,921,6403,401,12827,14.3369,6.2627,10.3064,all_flights
ESSB,2022-03,741,7,745,8,1486,0.9447,1.0738,1.0094,all_flights
ESSB,2022-06,1011,15,1009,21,2020,1.4837,2.0813,1.7822,all_flights
ESSB,2022-09,1260,4,1255,10,2515,0.3175,0.7968,0.5567,all_flights
ESSB,2022-12,1111,30,1109,16,2220,2.7003,1.4427,2.0721,all_flights
ESSV,2022-03,151,1,150,1,301,0.6623,0.6667,0.6645,all_flights
ESSV,2022-06,272,3,273,2,545,1.1029,0.7326,0.9174,all_flights
ESSV,2022-09,257,0,257,0,514,0.0,0.0,0.0,all_flights
ESSV,2022-12,191,4,190,1,381,2.0942,0.5263,1.3123,all_flights
ESTA,2022-03,135,1,136,1,271,0.7407,0.7353,0.738,all_flights
ESTA,2022-06,157,0,159,4,316,0.0,2.5157,1.2658,all_flights
ESTA,2022-09,205,1,207,2,412,0.4878,0.9662,0.7282,all_flights
ESTA,2022-12,178,2,181,3,359,1.1236,1.6575,1.3928,all_flights
EVRA,2022-03,1643,74,1649,66,3292,4.504,4.0024,4.2527,all_flights
EVRA,2022-06,2203,311,2211,225,4414,14.1171,10.1764,12.1432,all_flights
EVRA,2022-09,2198,262,2199,181,4397,11.9199,8.231,10.0751,all_flights
EVRA,2022-12,2053,317,2051,312,4104,15.4408,15.2121,15.3265,all_flights
EYKA,2022-03,315,12,314,11,629,3.8095,3.5032,3.6566,all_flights
EYKA,2022-06,356,30,359,40,715,8.427,11.1421,9.7902,all_flights
EYKA,2022-09,358,20,363,25,721,5.5866,6.8871,6.2413,all_flights
EYKA,2022-12,304,23,305,11,609,7.5658,3.6066,5.5829,all_flights
EYPA,2022-03,107,3,106,1,213,2.8037,0.9434,1.8779,all_flights
EYPA,2022-06,142,4,143,4,285,2.8169,2.7972,2.807,all_flights
EYPA,2022-09,138,7,138,1,276,5.0725,0.7246,2.8986,all_flights
EYPA,2022-12,127,11,129,2,256,8.6614,1.5504,5.0781,all_flights
EYVI,2022-03,1039,44,1040,26,2079,4.2348,2.5,3.367,all_flights
EYVI,2022-06,1360,193,1362,130,2722,14.1912,9.5448,11.8663,all_flights
EYVI,2022-09,1293,148,1294,57,2587,11.4462,4.4049,7.9242,all_flights
EYVI,2022-12,1071,172,1070,44,2141,16.0598,4.1121,10.0887,all_flights
FACT,2022-03,165,25,159,60,324,15.1515,37.7358,26.2346,all_flights
FACT,2022-06,91,22,93,9,184,24.1758,9.6774,16.8478,all_flights
FACT,2022-09,109,27,106,17,215,24.7706,16.0377,20.4651,all_flights
FACT,2022-12,272,74,259,64,531,27.2059,24.7104,25.9887,all_flights
FAOR,2022-03,285,45,222,90,507,15.7895,40.5405,26.6272,all_flights
FAOR,2022-06,285,78,240,80,525,27.3684,33.3333,30.0952,all_flights
FAOR,2022-09,335,88,273,82,608,26.2687,30.0366,27.9605,all_flights
FAOR,2022-12,373,125,289,111,662,33.5121,38.4083,35.6495,all_flights
FIMP,2022-03,165,19,165,27,330,11.5152,16.3636,13.9394,all_flights
FIMP,2022-06,116,45,118,23,234,38.7931,19.4915,29.0598,all_flights
FIMP,2022-09,129,38,129,33,258,29.4574,25.5814,27.5194,all_flights
FIMP,2022-12,207,54,208,68,415,26.087,32.6923,29.3976,all_flights
FKKD,2022-03,66,8,46,15,112,12.1212,32.6087,20.5357,all_flights
FKKD,2022-06,89,35,51,15,140,39.3258,29.4118,35.7143,all_flights
FKKD,2022-09,85,26,54,26,139,30.5882,48.1481,37.4101,all_flights
FKKD,2022-12,95,31,65,19,160,32.6316,29.2308,31.25,all_flights
FMEE,2022-03,148,28,147,35,295,18.9189,23.8095,21.3559,all_flights
FMEE,2022-06,152,60,149,42,301,39.4737,28.1879,33.887,all_flights
FMEE,2022-09,158,63,159,57,317,39.8734,35.8491,37.8549,all_flights
FMEE,2022-12,220,85,217,84,437,38.6364,38.7097,38.6728,all_flights
FNLU,2022-03,93,4,80,25,173,4.3011,31.25,16.763,all_flights
FNLU,2022-06,119,35,106,36,225,29.4118,33.9623,31.5556,all_flights
FNLU,2022-09,134,43,118,31,252,32.0896,26.2712,29.3651,all_flights
FNLU,2022-12,162,49,147,51,309,30.2469,34.6939,32.3625,all_flights
FZAA,2022-03,63,10,63,24,126,15.873,38.0952,26.9841,all_flights
FZAA,2022-06,54,19,69,49,123,35.1852,71.0145,55.2846,all_flights
FZAA,2022-09,65,13,66,43,131,20.0,65.1515,42.7481,all_flights
FZAA,2022-12,61,16,71,51,132,26.2295,71.831,50.7576,all_flights
GABS,2022-03,102,21,76,32,178,20.5882,42.1053,29.7753,all_flights
GABS,2022-06,107,34,105,48,212,31.7757,45.7143,38.6792,all_flights
GABS,2022-09,92,23,93,54,185,25.0,58.0645,41.6216,all_flights
GABS,2022-12,91,33,90,45,181,36.2637,50.0,43.0939,all_flights
GBYD,2022-03,70,10,79,25,149,14.2857,31.6456,23.4899,all_flights
GBYD,2022-06,63,29,67,17,130,46.0317,25.3731,35.3846,all_flights
GBYD,2022-09,54,14,64,13,118,25.9259,20.3125,22.8814,all_flights
GBYD,2022-12,105,28,94,29,199,26.6667,30.8511,28.6432,all_flights
GCFV,2022-03,1957,76,1955,87,3912,3.8835,4.4501,4.1667,all_flights
GCFV,2022-06,1690,101,1690,142,3380,5.9763,8.4024,7.1893,all_flights
GCFV,2022-09,1828,136,1823,148,3651,7.4398,8.1185,7.7787,all_flights
GCFV,2022-12,2075,197,2074,271,4149,9.494,13.0665,11.2798,all_flights
GCGM,2022-03,65,0,66,1,131,0.0,1.5152,0.7634,all_flights
GCGM,2022-06,67,0,67,0,134,0.0,0.0,0.0,all_flights
GCGM,2022-09,109,0,109,0,218,0.0,0.0,0.0,all_flights
GCGM,2022-12,117,1,117,1,234,0.8547,0.8547,0.8547,all_flights
GCHI,2022-03,206,2,206,0,412,0.9709,0.0,0.4854,all_flights
GCHI,2022-06,212,5,210,3,422,2.3585,1.4286,1.8957,all_flights
GCHI,2022-09,242,1,241,1,483,0.4132,0.4149,0.4141,all_flights
GCHI,2022-12,205,10,205,4,410,4.878,1.9512,3.4146,all_flights
GCLA,2022-03,768,19,768,4,1536,2.474,0.5208,1.4974,all_flights
GCLA,2022-06,872,42,872,15,1744,4.8165,1.7202,3.2683,all_flights
GCLA,2022-09,881,46,881,6,1762,5.2213,0.681,2.9512,all_flights
GCLA,2022-12,881,54,886,27,1767,6.1294,3.0474,4.584,all_flights
GCLP,2022-03,4522,385,4525,170,9047,8.5139,3.7569,6.1346,all_flights
GCLP,2022-06,4097,496,4095,215,8192,12.1064,5.2503,8.6792,all_flights
GCLP,2022-09,4147,675,4166,268,8313,16.2768,6.433,11.3437,all_flights
GCLP,2022-12,5255,911,5241,643,10496,17.3359,12.2687,14.8056,all_flights
GCRR,2022-03,2492,124,2494,122,4986,4.9759,4.8917,4.9338,all_flights
GCRR,2022-06,2340,135,2340,141,4680,5.7692,6.0256,5.8974,all_flights
GCRR,2022-09,2508,202,2507,190,5015,8.0542,7.5788,7.8166,all_flights
GCRR,2022-12,2803,382,2800,330,5603,13.6283,11.7857,12.7075,all_flights
GCTS,2022-03,2973,149,2968,175,5941,5.0118,5.8962,5.4536,all_flights
GCTS,2022-06,2362,294,2352,266,4714,12.4471,11.3095,11.8795,all_flights
GCTS,2022-09,2485,383,2459,309,4944,15.4125,12.5661,13.9968,all_flights
GCTS,2022-12,3503,507,3481,522,6984,14.4733,14.9957,14.7337,all_flights
GCXO,2022-03,2623,56,2627,61,5250,2.135,2.322,2.2286,all_flights
GCXO,2022-06,2672,152,2685,68,5357,5.6886,2.5326,4.1068,all_flights
GCXO,2022-09,2614,107,2623,50,5237,4.0933,1.9062,2.9979,all_flights
GCXO,2022-12,2771,172,2775,160,5546,6.2071,5.7658,5.9863,all_flights
GEML,2022-03,296,12,295,1,591,4.0541,0.339,2.1997,all_flights
GEML,2022-06,389,52,387,12,776,13.3676,3.1008,8.2474,all_flights
GEML,2022-09,405,49,407,8,812,12.0988,1.9656,7.0197,all_flights
GEML,2022-12,399,35,397,9,796,8.7719,2.267,5.5276,all_flights
GMAD,2022-03,428,24,421,25,849,5.6075,5.9382,5.7715,all_flights
GMAD,2022-06,652,97,653,91,1305,14.8773,13.9357,14.4061,all_flights
GMAD,2022-09,703,68,705,85,1408,9.6728,12.0567,10.8665,all_flights
GMAD,2022-12,726,108,726,73,1452,14.876,10.0551,12.4656,all_flights
GMFF,2022-03,452,64,451,32,903,14.1593,7.0953,10.6312,all_flights
GMFF,2022-06,474,143,476,50,950,30.1688,10.5042,20.3158,all_flights
GMFF,2022-09,483,92,479,60,962,19.0476,12.5261,15.8004,all_flights
GMFF,2022-12,435,94,437,46,872,21.6092,10.5263,16.055,all_flights
GMFO,2022-03,300,52,296,17,596,17.3333,5.7432,11.5772,all_flights
GMFO,2022-06,344,96,340,47,684,27.907,13.8235,20.9064,all_flights
GMFO,2022-09,352,71,361,42,713,20.1705,11.6343,15.8485,all_flights
GMFO,2022-12,249,66,250,22,499,26.506,8.8,17.6353,all_flights
GMME,2022-03,270,28,271,35,541,10.3704,12.9151,11.6451,all_flights
GMME,2022-06,295,77,296,51,591,26.1017,17.2297,21.6582,all_flights
GMME,2022-09,304,66,303,64,607,21.7105,21.1221,21.4168,all_flights
GMME,2022-12,322,77,317,43,639,23.913,13.5647,18.7793,all_flights
GMMH,2022-03,81,13,81,1,162,16.0494,1.2346,8.642,all_flights
GMMH,2022-06,83,27,83,1,166,32.5301,1.2048,16.8675,all_flights
GMMH,2022-09,82,26,82,1,164,31.7073,1.2195,16.4634,all_flights
GMMH,2022-12,71,25,71,0,142,35.2113,0.0,17.6056,all_flights
GMML,2022-03,73,9,72,10,145,12.3288,13.8889,13.1034,all_flights
GMML,2022-06,75,19,75,13,150,25.3333,17.3333,21.3333,all_flights
GMML,2022-09,88,26,89,16,177,29.5455,17.9775,23.7288,all_flights
GMML,2022-12,90,20,91,21,181,22.2222,23.0769,22.6519,all_flights
GMMN,2022-03,2514,570,2526,258,5040,22.673,10.2138,16.4286,all_flights
GMMN,2022-06,2862,908,2851,577,5713,31.7261,20.2385,25.9933,all_flights
GMMN,2022-09,2947,791,2973,539,5920,26.8409,18.1298,22.4662,all_flights
GMMN,2022-12,3185,1075,3166,829,6351,33.752,26.1845,29.9795,all_flights
GMMW,2022-03,298,47,306,17,604,15.7718,5.5556,10.596,all_flights
GMMW,2022-06,332,120,326,66,658,36.1446,20.2454,28.2675,all_flights
GMMW,2022-09,308,70,312,58,620,22.7273,18.5897,20.6452,all_flights
GMMW,2022-12,202,42,203,15,405,20.7921,7.3892,14.0741,all_flights
GMMX,2022-03,1223,143,1219,100,2442,11.6926,8.2034,9.9509,all_flights
GMMX,2022-06,1613,365,1606,231,3219,22.6286,14.3836,18.5151,all_flights
GMMX,2022-09,1669,355,1670,277,3339,21.2702,16.5868,18.9278,all_flights
GMMX,2022-12,2036,430,2022,273,4058,21.1198,13.5015,17.3238,all_flights
GMTN,2022-03,72,6,72,5,144,8.3333,6.9444,7.6389,all_flights
GMTN,2022-06,83,17,83,5,166,20.4819,6.0241,13.253,all_flights
GMTN,2022-09,91,11,90,10,181,12.0879,11.1111,11.6022,all_flights
GMTN,2022-12,76,17,76,5,152,22.3684,6.5789,14.4737,all_flights
GMTT,2022-03,543,52,545,32,1088,9.5764,5.8716,7.7206,all_flights
GMTT,2022-06,622,143,624,81,1246,22.9904,12.9808,17.9775,all_flights
GMTT,2022-09,603,106,603,81,1206,17.5788,13.4328,15.5058,all_flights
GMTT,2022-12,507,80,506,45,1013,15.7791,8.8933,12.3396,all_flights
GOBD,2022-03,326,90,353,136,679,27.6074,38.5269,33.2842,all_flights
GOBD,2022-06,369,168,369,136,738,45.5285,36.8564,41.1924,all_flights
GOBD,2022-09,370,133,370,185,740,35.9459,50.0,42.973,all_flights
GOBD,2022-12,395,174,398,186,793,44.0506,46.7337,45.3972,all_flights
GQNO,2022-03,100,12,121,43,221,12.0,35.5372,24.8869,all_flights
GQNO,2022-06,92,19,92,32,184,20.6522,34.7826,27.7174,all_flights
GQNO,2022-09,101,28,97,31,198,27.7228,31.9588,29.798,all_flights
GQNO,2022-12,93,46,91,26,184,49.4624,28.5714,39.1304,all_flights
GVAC,2022-03,116,36,162,20,278,31.0345,12.3457,20.1439,all_flights
GVAC,2022-06,95,31,139,17,234,32.6316,12.2302,20.5128,all_flights
GVAC,2022-09,120,42,159,20,279,35.0,12.5786,22.2222,all_flights
GVAC,2022-12,160,64,230,47,390,40.0,20.4348,28.4615,all_flights
GVBA,2022-03,104,42,49,6,153,40.3846,12.2449,31.3725,all_flights
GVBA,2022-06,77,33,28,4,105,42.8571,14.2857,35.2381,all_flights
GVBA,2022-09,81,30,37,11,118,37.037,29.7297,34.7458,all_flights
GVBA,2022-12,131,26,73,8,204,19.8473,10.9589,16.6667,all_flights
GVNP,2022-03,73,13,69,9,142,17.8082,13.0435,15.493,all_flights
GVNP,2022-06,88,59,85,19,173,67.0455,22.3529,45.0867,all_flights
GVNP,2022-09,95,42,90,27,185,44.2105,30.0,37.2973,all_flights
GVNP,2022-12,89,36,89,15,178,40.4494,16.8539,28.6517,all_flights
HAAB,2022-03,402,62,456,106,858,15.4229,23.2456,19.5804,all_flights
HAAB,2022-06,434,162,490,238,924,37.3272,48.5714,43.29,all_flights
HAAB,2022-09,465,119,505,299,970,25.5914,59.2079,43.0928,all_flights
HAAB,2022-12,513,166,547,286,1060,32.3587,52.2852,42.6415,all_flights
HECA,2022-03,1334,413,1331,375,2665,30.9595,28.1743,29.5685,all_flights
HECA,2022-06,1686,688,1700,495,3386,40.8066,29.1176,34.938,all_flights
HECA,2022-09,1800,630,1812,656,3612,35.0,36.2031,35.6035,all_flights
HECA,2022-12,1916,706,1958,645,3874,36.8476,32.9418,34.8735,all_flights
HEGN,2022-03,727,150,754,98,1481,20.6327,12.9973,16.7454,all_flights
HEGN,2022-06,806,280,834,127,1640,34.7395,15.2278,24.8171,all_flights
HEGN,2022-09,867,284,891,136,1758,32.7566,15.2637,23.8908,all_flights
HEGN,2022-12,1060,312,1093,122,2153,29.434,11.1619,20.1579,all_flights
HEMA,2022-03,127,26,100,16,227,20.4724,16.0,18.5022,all_flights
HEMA,2022-06,173,53,134,18,307,30.6358,13.4328,23.127,all_flights
HEMA,2022-09,193,43,165,14,358,22.2798,8.4848,15.9218,all_flights
HEMA,2022-12,160,9,124,8,284,5.625,6.4516,5.9859,all_flights
HESH,2022-03,371,61,376,21,747,16.442,5.5851,10.9772,all_flights
HESH,2022-06,368,121,391,52,759,32.8804,13.2992,22.7931,all_flights
HESH,2022-09,450,118,461,65,911,26.2222,14.0998,20.0878,all_flights
HESH,2022-12,639,163,648,31,1287,25.5086,4.784,15.0738,all_flights
HKJK,2022-03,226,62,375,124,601,27.4336,33.0667,30.9484,all_flights
HKJK,2022-06,236,111,354,165,590,47.0339,46.6102,46.7797,all_flights
HKJK,2022-09,234,83,352,139,586,35.4701,39.4886,37.884,all_flights
HKJK,2022-12,252,115,426,205,678,45.6349,48.1221,47.1976,all_flights
HLLB,2022-03,56,23,60,35,116,41.0714,58.3333,50.0,all_flights
HLLB,2022-06,114,29,115,29,229,25.4386,25.2174,25.3275,all_flights
HLLB,2022-09,156,40,156,57,312,25.641,36.5385,31.0897,all_flights
HLLB,2022-12,109,33,114,32,223,30.2752,28.0702,29.148,all_flights
HLLM,2022-03,126,24,127,91,253,19.0476,71.6535,45.4545,all_flights
HLLM,2022-06,150,25,154,56,304,16.6667,36.3636,26.6447,all_flights
HLLM,2022-09,194,51,199,83,393,26.2887,41.7085,34.0967,all_flights
HLLM,2022-12,169,58,167,109,336,34.3195,65.2695,49.7024,all_flights
KATL,2022-03,629,145,626,303,1255,23.0525,48.4026,35.6972,all_flights
KATL,2022-06,866,289,851,543,1717,33.3718,63.8073,48.4566,all_flights
KATL,2022-09,858,258,864,409,1722,30.0699,47.338,38.734,all_flights
KATL,2022-12,658,218,669,398,1327,33.1307,59.4918,46.4205,all_flights
KBOS,2022-03,550,144,552,100,1102,26.1818,18.1159,22.1416,all_flights
KBOS,2022-06,980,313,977,457,1957,31.9388,46.7758,39.3459,all_flights
KBOS,2022-09,1023,303,1019,267,2042,29.6188,26.2022,27.9138,all_flights
KBOS,2022-12,794,204,795,244,1589,25.6927,30.6918,28.1938,all_flights
KCLT,2022-03,125,12,127,26,252,9.6,20.4724,15.0794,all_flights
KCLT,2022-06,213,53,211,87,424,24.8826,41.2322,33.0189,all_flights
KCLT,2022-09,232,47,231,77,463,20.2586,33.3333,26.7819,all_flights
KCLT,2022-12,139,21,139,46,278,15.1079,33.0935,24.1007,all_flights
KCVG,2022-03,207,21,254,93,461,10.1449,36.6142,24.7289,all_flights
KCVG,2022-06,184,40,233,75,417,21.7391,32.1888,27.5779,all_flights
KCVG,2022-09,192,39,244,93,436,20.3125,38.1148,30.2752,all_flights
KCVG,2022-12,182,20,236,107,418,10.989,45.339,30.3828,all_flights
KDEN,2022-03,112,13,113,51,225,11.6071,45.1327,28.4444,all_flights
KDEN,2022-06,225,79,224,173,449,35.1111,77.2321,56.1247,all_flights
KDEN,2022-09,223,68,223,137,446,30.4933,61.435,45.9641,all_flights
KDEN,2022-12,171,77,173,114,344,45.0292,65.896,55.5233,all_flights
KDFW,2022-03,338,115,396,173,734,34.0237,43.6869,39.2371,all_flights
KDFW,2022-06,523,202,561,305,1084,38.6233,54.3672,46.7712,all_flights
KDFW,2022-09,511,175,552,213,1063,34.2466,38.587,36.5005,all_flights
KDFW,2022-12,382,157,442,227,824,41.0995,51.3575,46.6019,all_flights
KDTW,2022-03,143,30,144,20,287,20.979,13.8889,17.4216,all_flights
KDTW,2022-06,297,112,301,86,598,37.7104,28.5714,33.1104,all_flights
KDTW,2022-09,266,117,274,38,540,43.985,13.8686,28.7037,all_flights
KDTW,2022-12,238,83,236,63,474,34.8739,26.6949,30.8017,all_flights
KEWR,2022-03,1104,177,1122,444,2226,16.0326,39.5722,27.8976,all_flights
KEWR,2022-06,1753,467,1748,1022,3501,26.64,58.4668,42.5307,all_flights
KEWR,2022-09,1703,405,1705,640,3408,23.7816,37.5367,30.6631,all_flights
KEWR,2022-12,1412,356,1437,610,2849,25.2125,42.4495,33.9066,all_flights
KIAD,2022-03,812,223,831,217,1643,27.4631,26.1131,26.7803,all_flights
KIAD,2022-06,1217,425,1227,637,2444,34.9219,51.9152,43.4534,all_flights
KIAD,2022-09,1155,372,1159,362,2314,32.2078,31.2338,31.72,all_flights
KIAD,2022-12,924,331,929,342,1853,35.8225,36.8138,36.3195,all_flights
KIAH,2022-03,278,79,333,174,611,28.4173,52.2523,41.4075,all_flights
KIAH,2022-06,381,155,438,265,819,40.6824,60.5023,51.2821,all_flights
KIAH,2022-09,376,140,432,218,808,37.234,50.463,44.3069,all_flights
KIAH,2022-12,378,156,439,302,817,41.2698,68.7927,56.0588,all_flights
KIND,2022-03,97,14,109,68,206,14.433,62.3853,39.8058,all_flights
KIND,2022-06,83,13,94,54,177,15.6627,57.4468,37.8531,all_flights
KIND,2022-09,71,11,76,36,147,15.493,47.3684,31.9728,all_flights
KIND,2022-12,80,9,103,67,183,11.25,65.0485,41.5301,all_flights
KJFK,2022-03,2383,613,2441,488,4824,25.7239,19.9918,22.8234,all_flights
KJFK,2022-06,3424,1038,3443,1385,6867,30.3154,40.2265,35.2847,all_flights
KJFK,2022-09,3415,1020,3421,944,6836,29.8682,27.5943,28.7303,all_flights
KJFK,2022-12,3065,896,3113,1025,6178,29.2333,32.9264,31.0942,all_flights
KLAS,2022-03,87,13,87,59,174,14.9425,67.8161,41.3793,all_flights
KLAS,2022-06,134,41,135,108,269,30.597,80.0,55.3903,all_flights
KLAS,2022-09,139,44,137,91,276,31.6547,66.4234,48.913,all_flights
KLAS,2022-12,76,15,76,44,152,19.7368,57.8947,38.8158,all_flights
KLAX,2022-03,592,124,703,278,1295,20.9459,39.5448,31.0425,all_flights
KLAX,2022-06,1008,340,1084,700,2092,33.7302,64.5756,49.7132,all_flights
KLAX,2022-09,999,285,1070,468,2069,28.5285,43.7383,36.3944,all_flights
KLAX,2022-12,730,237,809,392,1539,32.4658,48.4549,40.8707,all_flights
KMCO,2022-03,189,39,188,129,377,20.6349,68.617,44.5623,all_flights
KMCO,2022-06,296,62,295,176,591,20.9459,59.661,40.2707,all_flights
KMCO,2022-09,282,47,284,188,566,16.6667,66.1972,41.5194,all_flights
KMCO,2022-12,232,66,232,144,464,28.4483,62.069,45.2586,all_flights
KMEM,2022-03,158,21,126,101,284,13.2911,80.1587,42.9577,all_flights
KMEM,2022-06,149,31,118,87,267,20.8054,73.7288,44.1948,all_flights
KMEM,2022-09,150,26,124,72,274,17.3333,58.0645,35.7664,all_flights
KMEM,2022-12,155,29,123,105,278,18.7097,85.3659,48.2014,all_flights
KMIA,2022-03,714,174,789,448,1503,24.3697,56.7807,41.3839,all_flights
KMIA,2022-06,643,240,729,390,1372,37.325,53.4979,45.9184,all_flights
KMIA,2022-09,638,197,727,371,1365,30.8777,51.0316,41.6117,all_flights
KMIA,2022-12,911,278,1013,555,1924,30.5159,54.7878,43.2952,all_flights
KMSP,2022-03,72,19,73,19,145,26.3889,26.0274,26.2069,all_flights
KMSP,2022-06,184,86,188,78,372,46.7391,41.4894,44.086,all_flights
KMSP,2022-09,175,63,183,44,358,36.0,24.0437,29.8883,all_flights
KMSP,2022-12,137,44,137,88,274,32.1168,64.2336,48.1752,all_flights
KORD,2022-03,1167,287,1233,267,2400,24.593,21.6545,23.0833,all_flights
KORD,2022-06,1669,558,1713,543,3382,33.4332,31.6988,32.5547,all_flights
KORD,2022-09,1629,450,1655,308,3284,27.6243,18.6103,23.0816,all_flights
KORD,2022-12,1200,408,1218,475,2418,34.0,38.9984,36.5178,all_flights
KPHL,2022-03,265,50,318,29,583,18.8679,9.1195,13.5506,all_flights
KPHL,2022-06,508,116,553,90,1061,22.8346,16.2749,19.4156,all_flights
KPHL,2022-09,481,95,517,37,998,19.7505,7.1567,13.2265,all_flights
KPHL,2022-12,363,80,401,45,764,22.0386,11.2219,16.3613,all_flights
KSDF,2022-03,91,2,90,43,181,2.1978,47.7778,24.8619,all_flights
KSDF,2022-06,106,7,107,56,213,6.6038,52.3364,29.5775,all_flights
KSDF,2022-09,108,10,108,43,216,9.2593,39.8148,24.537,all_flights
KSDF,2022-12,121,5,120,57,241,4.1322,47.5,25.7261,all_flights
KSEA,2022-03,206,46,249,71,455,22.3301,28.5141,25.7143,all_flights
KSEA,2022-06,352,154,362,163,714,43.75,45.0276,44.3978,all_flights
KSEA,2022-09,369,124,390,149,759,33.6043,38.2051,35.9684,all_flights
KSEA,2022-12,265,78,292,174,557,29.434,59.589,45.2424,all_flights
KSFO,2022-03,465,81,540,247,1005,17.4194,45.7407,32.6368,all_flights
KSFO,2022-06,811,299,854,659,1665,36.8681,77.1663,57.5375,all_flights
KSFO,2022-09,820,250,872,504,1692,30.4878,57.7982,44.5626,all_flights
KSFO,2022-12,593,173,661,432,1254,29.1737,65.3555,48.2456,all_flights
KSLC,2022-03,47,12,47,29,94,25.5319,61.7021,43.617,all_flights
KSLC,2022-06,116,51,110,62,226,43.9655,56.3636,50.0,all_flights
KSLC,2022-09,115,35,100,49,215,30.4348,49.0,39.0698,all_flights
KSLC,2022-12,82,26,81,48,163,31.7073,59.2593,45.3988,all_flights
LATI,2022-03,1070,136,1069,21,2139,12.7103,1.9645,7.3399,all_flights
LATI,2022-06,1580,399,1582,267,3162,25.2532,16.8774,21.0626,all_flights
LATI,2022-09,1667,356,1666,320,3333,21.3557,19.2077,20.282,all_flights
LATI,2022-12,1375,207,1383,57,2758,15.0545,4.1215,9.5722,all_flights
LBBG,2022-03,13,3,14,0,27,23.0769,0.0,11.1111,all_flights
LBBG,2022-06,510,108,495,140,1005,21.1765,28.2828,24.6766,all_flights
LBBG,2022-09,500,66,504,73,1004,13.2,14.4841,13.8446,all_flights
LBBG,2022-12,17,3,17,1,34,17.6471,5.8824,11.7647,all_flights
LBSF,2022-03,1457,96,1456,132,2913,6.5889,9.0659,7.827,all_flights
LBSF,2022-06,1934,489,1923,495,3857,25.2844,25.741,25.5121,all_flights
LBSF,2022-09,1974,434,1970,482,3944,21.9858,24.467,23.2252,all_flights
LBSF,2022-12,1822,246,1827,127,3649,13.5016,6.9513,10.222,all_flights
LBWN,2022-03,193,10,192,5,385,5.1813,2.6042,3.8961,all_flights
LBWN,2022-06,414,80,408,95,822,19.3237,23.2843,21.2895,all_flights
LBWN,2022-09,474,51,478,77,952,10.7595,16.1088,13.4454,all_flights
LBWN,2022-12,337,22,337,20,674,6.5282,5.9347,6.2315,all_flights
LCLK,2022-03,967,122,960,34,1927,12.6163,3.5417,8.0955,all_flights
LCLK,2022-06,1989,604,1983,478,3972,30.367,24.1049,27.2407,all_flights
LCLK,2022-09,2076,459,2075,412,4151,22.1098,19.8554,20.9829,all_flights
LCLK,2022-12,1415,181,1412,49,2827,12.7915,3.4703,8.1358,all_flights
LCPH,2022-03,636,35,638,29,1274,5.5031,4.5455,5.0235,all_flights
LCPH,2022-06,986,394,984,359,1970,39.9594,36.4837,38.2234,all_flights
LCPH,2022-09,1028,304,1025,296,2053,29.572,28.878,29.2255,all_flights
LCPH,2022-12,476,35,476,27,952,7.3529,5.6723,6.5126,all_flights
LDDU,2022-03,142,6,141,2,283,4.2254,1.4184,2.8269,all_flights
LDDU,2022-06,1156,237,1158,276,2314,20.5017,23.8342,22.1694,all_flights
LDDU,2022-09,1194,256,1194,233,2388,21.4405,19.5142,20.4774,all_flights
LDDU,2022-12,113,8,113,3,226,7.0796,2.6549,4.8673,all_flights
LDPL,2022-03,48,1,48,3,96,2.0833,6.25,4.1667,all_flights
LDPL,2022-06,277,62,276,75,553,22.3827,27.1739,24.774,all_flights
LDPL,2022-09,267,33,266,60,533,12.3596,22.5564,17.4484,all_flights
LDPL,2022-12,49,4,48,2,97,8.1633,4.1667,6.1856,all_flights
LDRI,2022-03,26,0,26,2,52,0.0,7.6923,3.8462,all_flights
LDRI,2022-06,123,52,124,34,247,42.2764,27.4194,34.8178,all_flights
LDRI,2022-09,115,26,118,17,233,22.6087,14.4068,18.4549,all_flights
LDRI,2022-12,24,3,24,1,48,12.5,4.1667,8.3333,all_flights
LDSP,2022-03,281,11,280,4,561,3.9146,1.4286,2.6738,all_flights
LDSP,2022-06,1586,416,1585,346,3171,26.2295,21.8297,24.0303,all_flights
LDSP,2022-09,1570,304,1572,243,3142,19.3631,15.458,17.4093,all_flights
LDSP,2022-12,255,32,256,9,511,12.549,3.5156,8.0235,all_flights
LDZA,2022-03,1314,104,1319,23,2633,7.9148,1.7437,4.8234,all_flights
LDZA,2022-06,1568,387,1568,235,3136,24.6811,14.9872,19.8342,all_flights
LDZA,2022-09,1646,353,1640,174,3286,21.4459,10.6098,16.0377,all_flights
LDZA,2022-12,1389,254,1382,75,2771,18.2865,5.4269,11.873,all_flights
LDZD,2022-03,60,3,60,1,120,5.0,1.6667,3.3333,all_flights
LDZD,2022-06,667,184,668,151,1335,27.5862,22.6048,25.0936,all_flights
LDZD,2022-09,703,160,704,111,1407,22.7596,15.767,19.2608,all_flights
LDZD,2022-12,26,1,25,0,51,3.8462,0.0,1.9608,all_flights
LEAL,2022-03,2813,214,2815,55,5628,7.6075,1.9538,4.7797,all_flights
LEAL,2022-06,4233,893,4239,525,8472,21.0961,12.385,16.7375,all_flights
LEAL,2022-09,4181,780,4179,550,8360,18.6558,13.161,15.9091,all_flights
LEAL,2022-12,2872,320,2870,161,5742,11.1421,5.6098,8.3769,all_flights
LEAM,2022-03,176,3,177,5,353,1.7045,2.8249,2.2663,all_flights
LEAM,2022-06,343,27,343,43,686,7.8717,12.5364,10.2041,all_flights
LEAM,2022-09,342,30,342,40,684,8.7719,11.6959,10.2339,all_flights
LEAM,2022-12,176,15,175,4,351,8.5227,2.2857,5.4131,all_flights
LEAS,2022-03,323,16,324,2,647,4.9536,0.6173,2.7821,all_flights
LEAS,2022-06,494,49,497,15,991,9.919,3.0181,6.4581,all_flights
LEAS,2022-09,497,48,495,26,992,9.6579,5.2525,7.4597,all_flights
LEAS,2022-12,511,51,511,27,1022,9.9804,5.2838,7.6321,all_flights
LEBB,2022-03,1281,68,1279,27,2560,5.3084,2.111,3.7109,all_flights
LEBB,2022-06,2042,177,2041,170,4083,8.668,8.3293,8.4987,all_flights
LEBB,2022-09,2035,163,2033,178,4068,8.0098,8.7555,8.3825,all_flights
LEBB,2022-12,1543,184,1541,95,3084,11.9248,6.1648,9.0467,all_flights
LEBL,2022-03,9339,915,9359,826,18698,9.7976,8.8257,9.3112,all_flights
LEBL,2022-06,12387,2583,12394,2792,24781,20.8525,22.527,21.69,all_flights
LEBL,2022-09,12753,2763,12754,1863,25507,21.6655,14.6072,18.1362,all_flights
LEBL,2022-12,10473,1530,10477,1731,20950,14.609,16.5219,15.5656,all_flights
LECO,2022-03,285,29,286,2,571,10.1754,0.6993,5.4291,all_flights
LECO,2022-06,253,27,254,10,507,10.6719,3.937,7.2978,all_flights
LECO,2022-09,384,48,383,21,767,12.5,5.483,8.9961,all_flights
LECO,2022-12,365,50,366,21,731,13.6986,5.7377,9.7127,all_flights
LEGE,2022-03,111,2,111,0,222,1.8018,0.0,0.9009,all_flights
LEGE,2022-06,569,84,571,81,1140,14.7627,14.1856,14.4737,all_flights
LEGE,2022-09,568,86,569,64,1137,15.1408,11.2478,13.1926,all_flights
LEGE,2022-12,44,3,43,2,87,6.8182,4.6512,5.7471,all_flights
LEGR,2022-03,265,27,266,6,531,10.1887,2.2556,6.2147,all_flights
LEGR,2022-06,317,113,316,32,633,35.6467,10.1266,22.9068,all_flights
LEGR,2022-09,317,83,317,26,634,26.183,8.2019,17.1924,all_flights
LEGR,2022-12,303,69,303,14,606,22.7723,4.6205,13.6964,all_flights
LEIB,2022-03,1184,21,1184,21,2368,1.7736,1.7736,1.7736,all_flights
LEIB,2022-06,3750,438,3743,562,7493,11.68,15.0147,13.3458,all_flights
LEIB,2022-09,3752,371,3752,500,7504,9.8881,13.3262,11.6071,all_flights
LEIB,2022-12,1073,29,1072,22,2145,2.7027,2.0522,2.3776,all_flights
LEJR,2022-03,178,17,178,1,356,9.5506,0.5618,5.0562,all_flights
LEJR,2022-06,346,67,346,27,692,19.3642,7.8035,13.5838,all_flights
LEJR,2022-09,381,72,382,36,763,18.8976,9.4241,14.1547,all_flights
LEJR,2022-12,166,31,165,12,331,18.6747,7.2727,12.9909,all_flights
LEMD,2022-03,12273,1439,12278,565,24551,11.7249,4.6017,8.1626,all_flights
LEMD,2022-06,14072,3083,14096,2158,28168,21.9088,15.3093,18.6062,all_flights
LEMD,2022-09,14594,3140,14611,1798,29205,21.5157,12.3058,16.9081,all_flights
LEMD,2022-12,14637,2869,14610,1779,29247,19.601,12.1766,15.8922,all_flights
LEMG,2022-03,3989,402,3978,319,7967,10.0777,8.0191,9.0498,all_flights
LEMG,2022-06,5933,1396,5936,1086,11869,23.5294,18.2951,20.9116,all_flights
LEMG,2022-09,5831,1127,5824,913,11655,19.3277,15.6765,17.5032,all_flights
LEMG,2022-12,4156,669,4139,384,8295,16.0972,9.2776,12.6944,all_flights
LEMH,2022-03,617,16,625,4,1242,2.5932,0.64,1.6103,all_flights
LEMH,2022-06,1973,262,1973,364,3946,13.2793,18.4491,15.8642,all_flights
LEMH,2022-09,1966,179,1969,278,3935,9.1048,14.1188,11.6137,all_flights
LEMH,2022-12,532,17,533,10,1065,3.1955,1.8762,2.5352,all_flights
LEMI,2022-03,124,2,123,0,247,1.6129,0.0,0.8097,all_flights
LEMI,2022-06,351,20,350,29,701,5.698,8.2857,6.99,all_flights
LEMI,2022-09,326,22,325,29,651,6.7485,8.9231,7.8341,all_flights
LEMI,2022-12,96,1,96,3,192,1.0417,3.125,2.0833,all_flights
LEPA,2022-03,4579,213,4581,285,9160,4.6517,6.2213,5.4367,all_flights
LEPA,2022-06,10969,2062,10969,3667,21938,18.7984,33.4306,26.1145,all_flights
LEPA,2022-09,11018,2235,11023,2666,22041,20.285,24.1858,22.2358,all_flights
LEPA,2022-12,3710,203,3716,371,7426,5.4717,9.9839,7.7296,all_flights
LEPP,2022-03,75,11,76,1,151,14.6667,1.3158,7.947,all_flights
LEPP,2022-06,87,12,88,1,175,13.7931,1.1364,7.4286,all_flights
LEPP,2022-09,100,5,100,3,200,5.0,3.0,4.0,all_flights
LEPP,2022-12,99,15,101,3,200,15.1515,2.9703,9.0,all_flights
LERS,2022-03,29,1,28,0,57,3.4483,0.0,1.7544,all_flights
LERS,2022-06,412,73,413,34,825,17.7184,8.2324,12.9697,all_flights
LERS,2022-09,396,65,398,39,794,16.4141,9.799,13.0982,all_flights
LERS,2022-12,1,0,0,0,1,0.0,,0.0,all_flights
LESO,2022-03,101,11,101,1,202,10.8911,0.9901,5.9406,all_flights
LESO,2022-06,165,32,164,6,329,19.3939,3.6585,11.5502,all_flights
LESO,2022-09,178,18,177,9,355,10.1124,5.0847,7.6056,all_flights
LESO,2022-12,156,18,155,6,311,11.5385,3.871,7.717,all_flights
LEST,2022-03,747,33,747,10,1494,4.4177,1.3387,2.8782,all_flights
LEST,2022-06,1094,127,1095,47,2189,11.6088,4.2922,7.9488,all_flights
LEST,2022-09,1112,92,1112,74,2224,8.2734,6.6547,7.464,all_flights
LEST,2022-12,803,92,808,52,1611,11.457,6.4356,8.9385,all_flights
LEVC,2022-03,2196,110,2199,30,4395,5.0091,1.3643,3.1854,all_flights
LEVC,2022-06,2930,422,2931,307,5861,14.4027,10.4742,12.4382,all_flights
LEVC,2022-09,2946,374,2944,261,5890,12.6952,8.8655,10.781,all_flights
LEVC,2022-12,2335,236,2340,136,4675,10.1071,5.812,7.9572,all_flights
LEVT,2022-03,407,21,403,2,810,5.1597,0.4963,2.8395,all_flights
LEVT,2022-06,413,46,413,35,826,11.138,8.4746,9.8063,all_flights
LEVT,2022-09,402,36,400,42,802,8.9552,10.5,9.7257,all_flights
LEVT,2022-12,410,55,409,30,819,13.4146,7.335,10.3785,all_flights
LEVX,2022-03,285,30,285,2,570,10.5263,0.7018,5.614,all_flights
LEVX,2022-06,342,60,341,5,683,17.5439,1.4663,9.5168,all_flights
LEVX,2022-09,416,60,415,21,831,14.4231,5.0602,9.7473,all_flights
LEVX,2022-12,323,76,323,16,646,23.5294,4.9536,14.2415,all_flights
LEXJ,2022-03,269,10,267,4,536,3.7175,1.4981,2.6119,all_flights
LEXJ,2022-06,403,46,403,21,806,11.4144,5.2109,8.3127,all_flights
LEXJ,2022-09,402,33,402,23,804,8.209,5.7214,6.9652,all_flights
LEXJ,2022-12,283,31,287,9,570,10.9541,3.1359,7.0175,all_flights
LEZG,2022-03,286,50,284,7,570,17.4825,2.4648,10.0,all_flights
LEZG,2022-06,293,49,294,18,587,16.7235,6.1224,11.414,all_flights
LEZG,2022-09,305,59,301,33,606,19.3443,10.9635,15.1815,all_flights
LEZG,2022-12,262,41,257,9,519,15.6489,3.5019,9.6339,all_flights
LEZL,2022-03,1956,129,1951,13,3907,6.5951,0.6663,3.6345,all_flights
LEZL,2022-06,2102,299,2108,101,4210,14.2245,4.7913,9.5012,all_flights
LEZL,2022-09,2100,269,2099,113,4199,12.8095,5.3835,9.0974,all_flights
LEZL,2022-12,1945,282,1965,82,3910,14.4987,4.173,9.3095,all_flights
LFBD,2022-03,1565,141,1560,59,3125,9.0096,3.7821,6.4,all_flights
LFBD,2022-06,2204,459,2204,290,4408,20.8258,13.1579,16.9918,all_flights
LFBD,2022-09,2163,376,2169,277,4332,17.3833,12.7709,15.0739,all_flights
LFBD,2022-12,1609,267,1609,167,3218,16.5942,10.3791,13.4866,all_flights
LFBE,2022-03,25,2,25,1,50,8.0,4.0,6.0,all_flights
LFBE,2022-06,125,17,125,23,250,13.6,18.4,16.0,all_flights
LFBE,2022-09,105,15,105,16,210,14.2857,15.2381,14.7619,all_flights
LFBE,2022-12,24,3,24,1,48,12.5,4.1667,8.3333,all_flights
LFBL,2022-03,116,5,114,7,230,4.3103,6.1404,5.2174,all_flights
LFBL,2022-06,160,13,159,24,319,8.125,15.0943,11.5987,all_flights
LFBL,2022-09,133,22,136,21,269,16.5414,15.4412,15.9851,all_flights
LFBL,2022-12,47,5,49,1,96,10.6383,2.0408,6.25,all_flights
LFBO,2022-03,2532,143,2531,255,5063,5.6477,10.0751,7.861,all_flights
LFBO,2022-06,2902,431,2896,630,5798,14.8518,21.7541,18.2994,all_flights
LFBO,2022-09,2790,425,2797,573,5587,15.233,20.4862,17.8629,all_flights
LFBO,2022-12,2718,237,2719,587,5437,8.7196,21.5888,15.1554,all_flights
LFBP,2022-03,206,20,206,7,412,9.7087,3.3981,6.5534,all_flights
LFBP,2022-06,205,67,206,19,411,32.6829,9.2233,20.9246,all_flights
LFBP,2022-09,199,46,198,12,397,23.1156,6.0606,14.6096,all_flights
LFBP,2022-12,179,55,184,12,363,30.7263,6.5217,18.4573,all_flights
LFBT,2022-03,141,8,139,8,280,5.6738,5.7554,5.7143,all_flights
LFBT,2022-06,65,9,66,9,131,13.8462,13.6364,13.7405,all_flights
LFBT,2022-09,156,17,155,25,311,10.8974,16.129,13.5048,all_flights
LFBT,2022-12,118,12,116,8,234,10.1695,6.8966,8.547,all_flights
LFBZ,2022-03,265,36,265,13,530,13.5849,4.9057,9.2453,all_flights
LFBZ,2022-06,431,107,429,53,860,24.826,12.3543,18.6047,all_flights
LFBZ,2022-09,360,78,361,33,721,21.6667,9.1413,15.3953,all_flights
LFBZ,2022-12,232,78,228,16,460,33.6207,7.0175,20.4348,all_flights
LFJL,2022-03,63,0,63,2,126,0.0,3.1746,1.5873,all_flights
LFJL,2022-06,63,5,64,9,127,7.9365,14.0625,11.0236,all_flights
LFJL,2022-09,83,9,83,19,166,10.8434,22.8916,16.8675,all_flights
LFJL,2022-12,70,7,70,6,140,10.0,8.5714,9.2857,all_flights
LFKB,2022-03,313,16,310,10,623,5.1118,3.2258,4.1734,all_flights
LFKB,2022-06,687,130,683,116,1370,18.9229,16.9839,17.9562,all_flights
LFKB,2022-09,662,91,662,70,1324,13.7462,10.574,12.1601,all_flights
LFKB,2022-12,388,55,387,28,775,14.1753,7.2351,10.7097,all_flights
LFKC,2022-03,94,1,96,1,190,1.0638,1.0417,1.0526,all_flights
LFKC,2022-06,202,25,203,21,405,12.3762,10.3448,11.358,all_flights
LFKC,2022-09,186,24,187,13,373,12.9032,6.9519,9.9196,all_flights
LFKC,2022-12,89,6,87,1,176,6.7416,1.1494,3.9773,all_flights
LFKF,2022-03,137,3,137,4,274,2.1898,2.9197,2.5547,all_flights
LFKF,2022-06,474,87,474,83,948,18.3544,17.5105,17.9325,all_flights
LFKF,2022-09,411,64,412,60,823,15.5718,14.5631,15.0668,all_flights
LFKF,2022-12,117,15,118,5,235,12.8205,4.2373,8.5106,all_flights
LFKJ,2022-03,333,4,327,19,660,1.2012,5.8104,3.4848,all_flights
LFKJ,2022-06,781,92,775,112,1556,11.7798,14.4516,13.1105,all_flights
LFKJ,2022-09,726,70,720,75,1446,9.6419,10.4167,10.0277,all_flights
LFKJ,2022-12,383,32,384,38,767,8.3551,9.8958,9.1265,all_flights
LFLC,2022-03,126,17,134,11,260,13.4921,8.209,10.7692,all_flights
LFLC,2022-06,99,35,103,20,202,35.3535,19.4175,27.2277,all_flights
LFLC,2022-09,96,34,98,12,194,35.4167,12.2449,23.7113,all_flights
LFLC,2022-12,102,35,106,8,208,34.3137,7.5472,20.6731,all_flights
LFLL,2022-03,3006,232,2997,235,6003,7.7179,7.8412,7.7794,all_flights
LFLL,2022-06,3583,662,3581,793,7164,18.4761,22.1447,20.3099,all_flights
LFLL,2022-09,3561,599,3556,640,7117,16.8211,17.9978,17.409,all_flights
LFLL,2022-12,3253,581,3258,680,6511,17.8604,20.8717,19.3672,all_flights
LFMK,2022-03,50,1,50,2,100,2.0,4.0,3.0,all_flights
LFMK,2022-06,116,25,116,20,232,21.5517,17.2414,19.3966,all_flights
LFMK,2022-09,107,25,108,19,215,23.3645,17.5926,20.4651,all_flights
LFMK,2022-12,39,4,39,5,78,10.2564,12.8205,11.5385,all_flights
LFML,2022-03,2828,294,2838,350,5666,10.396,12.3326,11.366,all_flights
LFML,2022-06,3682,876,3697,999,7379,23.7914,27.0219,25.4099,all_flights
LFML,2022-09,3744,872,3723,902,7467,23.2906,24.2278,23.7579,all_flights
LFML,2022-12,3288,657,3293,829,6581,19.9818,25.1746,22.5802,all_flights
LFMN,2022-03,3177,193,3174,307,6351,6.0749,9.6723,7.8728,all_flights
LFMN,2022-06,4769,1061,4773,1910,9542,22.2479,40.0168,31.136,all_flights
LFMN,2022-09,4406,763,4405,1405,8811,17.3173,31.8956,24.6056,all_flights
LFMN,2022-12,3319,416,3303,658,6622,12.5339,19.9213,16.2187,all_flights
LFMP,2022-03,117,6,117,6,234,5.1282,5.1282,5.1282,all_flights
LFMP,2022-06,150,28,150,25,300,18.6667,16.6667,17.6667,all_flights
LFMP,2022-09,131,27,132,15,263,20.6107,11.3636,15.9696,all_flights
LFMP,2022-12,102,21,103,10,205,20.5882,9.7087,15.122,all_flights
LFMT,2022-03,570,35,570,24,1140,6.1404,4.2105,5.1754,all_flights
LFMT,2022-06,656,104,655,110,1311,15.8537,16.7939,16.3234,all_flights
LFMT,2022-09,585,76,584,84,1169,12.9915,14.3836,13.6869,all_flights
LFMT,2022-12,574,73,576,57,1150,12.7178,9.8958,11.3043,all_flights
LFOB,2022-03,1059,70,1060,37,2119,6.61,3.4906,5.0496,all_flights
LFOB,2022-06,1266,299,1267,346,2533,23.6177,27.3086,25.4639,all_flights
LFOB,2022-09,1276,271,1276,269,2552,21.2382,21.0815,21.1599,all_flights
LFOB,2022-12,1193,136,1196,116,2389,11.3998,9.699,10.5483,all_flights
LFPG,2022-03,14493,2776,14489,2528,28982,19.1541,17.4477,18.301,all_flights
LFPG,2022-06,18058,5837,18045,7030,36103,32.3236,38.9582,35.6397,all_flights
LFPG,2022-09,17970,5505,17924,6167,35894,30.6344,34.4064,32.518,all_flights
LFPG,2022-12,17189,5100,17190,5054,34379,29.6701,29.4008,29.5355,all_flights
LFPO,2022-03,7192,780,7180,730,14372,10.8454,10.1671,10.5065,all_flights
LFPO,2022-06,8809,1772,8862,1955,17671,20.1158,22.0605,21.0911,all_flights
LFPO,2022-09,9033,1877,9014,1731,18047,20.7794,19.2035,19.9922,all_flights
LFPO,2022-12,8062,1640,8115,1771,16177,20.3423,21.8238,21.0855,all_flights
LFQQ,2022-03,476,14,477,12,953,2.9412,2.5157,2.7282,all_flights
LFQQ,2022-06,684,112,687,257,1371,16.3743,37.409,26.9147,all_flights
LFQQ,2022-09,673,94,674,152,1347,13.9673,22.5519,18.2628,all_flights
LFQQ,2022-12,479,49,487,51,966,10.2296,10.4723,10.352,all_flights
LFRB,2022-03,371,27,371,16,742,7.2776,4.3127,5.7951,all_flights
LFRB,2022-06,399,75,396,41,795,18.797,10.3535,14.5912,all_flights
LFRB,2022-09,381,63,381,41,762,16.5354,10.7612,13.6483,all_flights
LFRB,2022-12,349,88,351,43,700,25.2149,12.2507,18.7143,all_flights
LFRK,2022-03,81,15,83,5,164,18.5185,6.0241,12.1951,all_flights
LFRK,2022-06,153,59,152,20,305,38.5621,13.1579,25.9016,all_flights
LFRK,2022-09,130,34,130,22,260,26.1538,16.9231,21.5385,all_flights
LFRK,2022-12,104,39,105,11,209,37.5,10.4762,23.9234,all_flights
LFRN,2022-03,309,24,313,9,622,7.767,2.8754,5.3055,all_flights
LFRN,2022-06,332,70,336,46,668,21.0843,13.6905,17.3653,all_flights
LFRN,2022-09,308,56,310,29,618,18.1818,9.3548,13.754,all_flights
LFRN,2022-12,332,67,331,29,663,20.1807,8.7613,14.4796,all_flights
LFRS,2022-03,1449,144,1451,39,2900,9.9379,2.6878,6.3103,all_flights
LFRS,2022-06,2115,371,2119,250,4234,17.5414,11.798,14.667,all_flights
LFRS,2022-09,2059,317,2059,201,4118,15.3958,9.762,12.5789,all_flights
LFRS,2022-12,1659,270,1658,144,3317,16.2749,8.6852,12.4812,all_flights
LFSB,2022-03,1891,85,1897,77,3788,4.495,4.059,4.2767,all_flights
LFSB,2022-06,2554,485,2557,568,5111,18.9898,22.2135,20.6026,all_flights
LFSB,2022-09,2616,472,2619,540,5235,18.0428,20.6186,19.3314,all_flights
LFSB,2022-12,2042,271,2062,318,4104,13.2713,15.4219,14.3519,all_flights
LFSL,2022-03,61,5,63,3,124,8.1967,4.7619,6.4516,all_flights
LFSL,2022-06,77,14,77,7,154,18.1818,9.0909,13.6364,all_flights
LFSL,2022-09,80,10,80,7,160,12.5,8.75,10.625,all_flights
LFSL,2022-12,58,11,59,9,117,18.9655,15.2542,17.094,all_flights
LFST,2022-03,274,10,275,10,549,3.6496,3.6364,3.643,all_flights
LFST,2022-06,438,96,439,66,877,21.9178,15.0342,18.4721,all_flights
LFST,2022-09,407,73,410,67,817,17.9361,16.3415,17.1359,all_flights
LFST,2022-12,459,63,462,53,921,13.7255,11.4719,12.595,all_flights
LFTH,2022-03,138,11,139,4,277,7.971,2.8777,5.4152,all_flights
LFTH,2022-06,151,40,152,27,303,26.4901,17.7632,22.1122,all_flights
LFTH,2022-09,182,37,181,40,363,20.3297,22.0994,21.2121,all_flights
LFTH,2022-12,79,23,79,13,158,29.1139,16.4557,22.7848,all_flights
LGAL,2022-03,152,0,153,3,305,0.0,1.9608,0.9836,all_flights
LGAL,2022-06,130,3,130,15,260,2.3077,11.5385,6.9231,all_flights
LGAL,2022-09,136,3,135,10,271,2.2059,7.4074,4.797,all_flights
LGAL,2022-12,167,0,167,0,334,0.0,0.0,0.0,all_flights
LGAV,2022-03,5692,337,5691,48,11383,5.9206,0.8434,3.3822,all_flights
LGAV,2022-06,9632,2115,9617,919,19249,21.9581,9.556,15.7619,all_flights
LGAV,2022-09,9857,1692,9854,826,19711,17.1655,8.3824,12.7746,all_flights
LGAV,2022-12,6682,524,6693,120,13375,7.842,1.7929,4.815,all_flights
LGHI,2022-03,175,0,175,2,350,0.0,1.1429,0.5714,all_flights
LGHI,2022-06,212,5,212,18,424,2.3585,8.4906,5.4245,all_flights
LGHI,2022-09,211,7,212,14,423,3.3175,6.6038,4.9645,all_flights
LGHI,2022-12,199,2,200,4,399,1.005,2.0,1.5038,all_flights
LGIK,2022-03,39,0,39,0,78,0.0,0.0,0.0,all_flights
LGIK,2022-06,86,0,86,2,172,0.0,2.3256,1.1628,all_flights
LGIK,2022-09,84,0,83,2,167,0.0,2.4096,1.1976,all_flights
LGIK,2022-12,43,0,43,0,86,0.0,0.0,0.0,all_flights
LGIR,2022-03,428,6,429,4,857,1.4019,0.9324,1.1669,all_flights
LGIR,2022-06,2768,647,2763,750,5531,23.3743,27.1444,25.2576,all_flights
LGIR,2022-09,2925,534,2922,627,5847,18.2564,21.4579,19.8563,all_flights
LGIR,2022-12,402,2,404,2,806,0.4975,0.495,0.4963,all_flights
LGKF,2022-03,55,4,51,1,106,7.2727,1.9608,4.717,all_flights
LGKF,2022-06,480,214,482,159,962,44.5833,32.9876,38.7734,all_flights
LGKF,2022-09,479,138,480,136,959,28.81,28.3333,28.5714,all_flights
LGKF,2022-12,50,0,49,0,99,0.0,0.0,0.0,all_flights
LGKL,2022-03,40,3,40,2,80,7.5,5.0,6.25,all_flights
LGKL,2022-06,209,66,210,47,419,31.5789,22.381,26.969,all_flights
LGKL,2022-09,215,72,216,50,431,33.4884,23.1481,28.3063,all_flights
LGKL,2022-12,16,1,15,0,31,6.25,0.0,3.2258,all_flights
LGKO,2022-03,180,1,183,0,363,0.5556,0.0,0.2755,all_flights
LGKO,2022-06,1163,361,1157,501,2320,31.0404,43.3016,37.1552,all_flights
LGKO,2022-09,1195,293,1202,440,2397,24.5188,36.6057,30.5799,all_flights
LGKO,2022-12,163,1,164,6,327,0.6135,3.6585,2.1407,all_flights
LGKP,2022-03,56,0,58,1,114,0.0,1.7241,0.8772,all_flights
LGKP,2022-06,212,25,212,25,424,11.7925,11.7925,11.7925,all_flights
LGKP,2022-09,215,20,215,22,430,9.3023,10.2326,9.7674,all_flights
LGKP,2022-12,60,0,62,1,122,0.0,1.6129,0.8197,all_flights
LGKR,2022-03,204,6,204,0,408,2.9412,0.0,1.4706,all_flights
LGKR,2022-06,1793,582,1796,613,3589,32.4596,34.1314,33.2962,all_flights
LGKR,2022-09,1831,452,1835,455,3666,24.686,24.7956,24.7409,all_flights
LGKR,2022-12,169,0,171,1,340,0.0,0.5848,0.2941,all_flights
LGKV,2022-03,31,0,31,3,62,0.0,9.6774,4.8387,all_flights
LGKV,2022-06,131,44,131,44,262,33.5878,33.5878,33.5878,all_flights
LGKV,2022-09,130,37,130,46,260,28.4615,35.3846,31.9231,all_flights
LGKV,2022-12,33,1,33,3,66,3.0303,9.0909,6.0606,all_flights
LGLM,2022-03,82,1,82,1,164,1.2195,1.2195,1.2195,all_flights
LGLM,2022-06,141,10,141,12,282,7.0922,8.5106,7.8014,all_flights
LGLM,2022-09,147,3,148,9,295,2.0408,6.0811,4.0678,all_flights
LGLM,2022-12,92,0,92,2,184,0.0,2.1739,1.087,all_flights
LGMK,2022-03,95,1,95,0,190,1.0526,0.0,0.5263,all_flights
LGMK,2022-06,1037,273,1040,145,2077,26.3259,13.9423,20.1252,all_flights
LGMK,2022-09,1016,209,1015,117,2031,20.5709,11.5271,16.0512,all_flights
LGMK,2022-12,91,0,91,0,182,0.0,0.0,0.0,all_flights
LGML,2022-03,39,0,39,3,78,0.0,7.6923,3.8462,all_flights
LGML,2022-06,167,1,168,16,335,0.5988,9.5238,5.0746,all_flights
LGML,2022-09,167,3,166,8,333,1.7964,4.8193,3.3033,all_flights
LGML,2022-12,33,0,33,1,66,0.0,3.0303,1.5152,all_flights
LGMT,2022-03,207,1,207,4,414,0.4831,1.9324,1.2077,all_flights
LGMT,2022-06,281,15,285,48,566,5.3381,16.8421,11.1307,all_flights
LGMT,2022-09,272,13,272,36,544,4.7794,13.2353,9.0074,all_flights
LGMT,2022-12,232,1,233,18,465,0.431,7.7253,4.086,all_flights
LGNX,2022-03,46,0,47,0,93,0.0,0.0,0.0,all_flights
LGNX,2022-06,194,0,195,16,389,0.0,8.2051,4.1131,all_flights
LGNX,2022-09,242,0,244,5,486,0.0,2.0492,1.0288,all_flights
LGNX,2022-12,50,0,50,0,100,0.0,0.0,0.0,all_flights
LGPA,2022-03,77,1,77,3,154,1.2987,3.8961,2.5974,all_flights
LGPA,2022-06,381,3,381,55,762,0.7874,14.4357,7.6115,all_flights
LGPA,2022-09,317,1,315,28,632,0.3155,8.8889,4.5886,all_flights
LGPA,2022-12,80,0,80,0,160,0.0,0.0,0.0,all_flights
LGPZ,2022-03,35,2,36,0,71,5.7143,0.0,2.8169,all_flights
LGPZ,2022-06,358,112,357,120,715,31.2849,33.6134,32.4476,all_flights
LGPZ,2022-09,365,102,369,88,734,27.9452,23.8482,25.8856,all_flights
LGPZ,2022-12,27,0,28,0,55,0.0,0.0,0.0,all_flights
LGRP,2022-03,286,3,287,2,573,1.049,0.6969,0.8726,all_flights
LGRP,2022-06,2125,546,2118,590,4243,25.6941,27.8565,26.7735,all_flights
LGRP,2022-09,2144,412,2144,464,4288,19.2164,21.6418,20.4291,all_flights
LGRP,2022-12,275,4,274,3,549,1.4545,1.0949,1.275,all_flights
LGSA,2022-03,280,6,282,3,562,2.1429,1.0638,1.6014,all_flights
LGSA,2022-06,1228,429,1230,299,2458,34.9349,24.3089,29.6176,all_flights
LGSA,2022-09,1229,411,1230,217,2459,33.4418,17.6423,25.5388,all_flights
LGSA,2022-12,266,2,264,0,530,0.7519,0.0,0.3774,all_flights
LGSK,2022-03,20,0,20,1,40,0.0,5.0,2.5,all_flights
LGSK,2022-06,287,85,287,96,574,29.6167,33.4495,31.5331,all_flights
LGSK,2022-09,323,84,326,56,649,26.0062,17.1779,21.5716,all_flights
LGSK,2022-12,22,0,21,0,43,0.0,0.0,0.0,all_flights
LGSM,2022-03,124,0,123,4,247,0.0,3.252,1.6194,all_flights
LGSM,2022-06,276,27,276,57,552,9.7826,20.6522,15.2174,all_flights
LGSM,2022-09,274,24,275,26,549,8.7591,9.4545,9.1075,all_flights
LGSM,2022-12,125,1,124,6,249,0.8,4.8387,2.8112,all_flights
LGSR,2022-03,215,7,216,1,431,3.2558,0.463,1.8561,all_flights
LGSR,2022-06,1587,303,1585,242,3172,19.0926,15.2681,17.1816,all_flights
LGSR,2022-09,1612,238,1617,176,3229,14.7643,10.8844,12.8213,all_flights
LGSR,2022-12,216,0,216,0,432,0.0,0.0,0.0,all_flights
LGTS,2022-03,1359,36,1364,32,2723,2.649,2.346,2.4972,all_flights
LGTS,2022-06,2331,425,2326,493,4657,18.2325,21.1952,19.7123,all_flights
LGTS,2022-09,2322,322,2320,390,4642,13.8674,16.8103,15.3382,all_flights
LGTS,2022-12,1520,90,1512,82,3032,5.9211,5.4233,5.6728,all_flights
LGZA,2022-03,50,1,53,1,103,2.0,1.8868,1.9417,all_flights
LGZA,2022-06,756,274,750,233,1506,36.2434,31.0667,33.6653,all_flights
LGZA,2022-09,810,256,819,216,1629,31.6049,26.3736,28.9748,all_flights
LGZA,2022-12,50,0,51,0,101,0.0,0.0,0.0,all_flights
LHBP,2022-03,3034,260,3038,122,6072,8.5695,4.0158,6.2912,all_flights
LHBP,2022-06,3953,1114,3952,1145,7905,28.1811,28.9727,28.5769,all_flights
LHBP,2022-09,3902,825,3895,894,7797,21.143,22.9525,22.0469,all_flights
LHBP,2022-12,3509,497,3520,338,7029,14.1636,9.6023,11.8794,all_flights
LHDC,2022-03,34,0,33,0,67,0.0,0.0,0.0,all_flights
LHDC,2022-06,108,23,108,32,216,21.2963,29.6296,25.463,all_flights
LHDC,2022-09,100,9,100,18,200,9.0,18.0,13.5,all_flights
LHDC,2022-12,72,2,72,8,144,2.7778,11.1111,6.9444,all_flights
LIBD,2022-03,1581,52,1580,33,3161,3.2891,2.0886,2.689,all_flights
LIBD,2022-06,2164,371,2165,302,4329,17.1442,13.9492,15.5463,all_flights
LIBD,2022-09,2245,336,2239,278,4484,14.9666,12.4163,13.6931,all_flights
LIBD,2022-12,1537,127,1529,62,3066,8.2628,4.0549,6.1644,all_flights
LIBP,2022-03,184,2,185,5,369,1.087,2.7027,1.897,all_flights
LIBP,2022-06,283,35,283,51,566,12.3675,18.0212,15.1943,all_flights
LIBP,2022-09,276,27,277,32,553,9.7826,11.5523,10.6691,all_flights
LIBP,2022-12,168,9,172,5,340,5.3571,2.907,4.1176,all_flights
LIBR,2022-03,706,33,705,9,1411,4.6742,1.2766,2.9766,all_flights
LIBR,2022-06,1137,213,1138,84,2275,18.7335,7.3814,13.0549,all_flights
LIBR,2022-09,1185,173,1185,99,2370,14.5992,8.3544,11.4768,all_flights
LIBR,2022-12,614,88,611,11,1225,14.3322,1.8003,8.0816,all_flights
LICA,2022-03,667,36,667,9,1334,5.3973,1.3493,3.3733,all_flights
LICA,2022-06,866,171,868,69,1734,19.746,7.9493,13.8408,all_flights
LICA,2022-09,944,122,947,67,1891,12.9237,7.075,9.9947,all_flights
LICA,2022-12,692,80,694,19,1386,11.5607,2.7378,7.1429,all_flights
LICB,2022-03,102,11,100,1,202,10.7843,1.0,5.9406,all_flights
LICB,2022-06,124,23,125,7,249,18.5484,5.6,12.0482,all_flights
LICB,2022-09,121,20,122,10,243,16.5289,8.1967,12.3457,all_flights
LICB,2022-12,59,15,59,1,118,25.4237,1.6949,13.5593,all_flights
LICC,2022-03,2249,211,2241,40,4490,9.3819,1.7849,5.5902,all_flights
LICC,2022-06,3336,383,3334,328,6670,11.4808,9.838,10.6597,all_flights
LICC,2022-09,3487,510,3490,388,6977,14.6258,11.1175,12.8709,all_flights
LICC,2022-12,2412,371,2410,73,4822,15.3814,3.029,9.2078,all_flights
LICD,2022-03,93,0,94,1,187,0.0,1.0638,0.5348,all_flights
LICD,2022-06,256,16,257,25,513,6.25,9.7276,7.9922,all_flights
LICD,2022-09,276,24,274,29,550,8.6957,10.5839,9.6364,all_flights
LICD,2022-12,89,0,90,4,179,0.0,4.4444,2.2346,all_flights
LICG,2022-03,119,5,118,0,237,4.2017,0.0,2.1097,all_flights
LICG,2022-06,193,1,194,2,387,0.5181,1.0309,0.7752,all_flights
LICG,2022-09,192,4,193,1,385,2.0833,0.5181,1.2987,all_flights
LICG,2022-12,127,0,127,0,254,0.0,0.0,0.0,all_flights
LICJ,2022-03,1897,50,1903,16,3800,2.6357,0.8408,1.7368,all_flights
LICJ,2022-06,2487,366,2486,185,4973,14.7165,7.4417,11.0798,all_flights
LICJ,2022-09,2570,296,2569,170,5139,11.5175,6.6174,9.0679,all_flights
LICJ,2022-12,1610,138,1614,31,3224,8.5714,1.9207,5.2419,all_flights
LICR,2022-03,80,5,81,0,161,6.25,0.0,3.1056,all_flights
LICR,2022-06,89,10,89,3,178,11.236,3.3708,7.3034,all_flights
LICR,2022-09,92,2,91,6,183,2.1739,6.5934,4.3716,all_flights
LICR,2022-12,123,4,123,0,246,3.252,0.0,1.626,all_flights
LICT,2022-03,253,12,251,5,504,4.7431,1.992,3.373,all_flights
LICT,2022-06,350,47,352,27,702,13.4286,7.6705,10.5413,all_flights
LICT,2022-09,407,39,407,28,814,9.5823,6.8796,8.231,all_flights
LICT,2022-12,215,14,216,4,431,6.5116,1.8519,4.1763,all_flights
LIEA,2022-03,346,8,346,2,692,2.3121,0.578,1.4451,all_flights
LIEA,2022-06,589,71,589,51,1178,12.0543,8.6587,10.3565,all_flights
LIEA,2022-09,643,53,642,37,1285,8.2426,5.7632,7.0039,all_flights
LIEA,2022-12,287,19,288,3,575,6.6202,1.0417,3.8261,all_flights
LIEE,2022-03,923,18,923,23,1846,1.9502,2.4919,2.221,all_flights
LIEE,2022-06,1769,207,1770,155,3539,11.7015,8.7571,10.2289,all_flights
LIEE,2022-09,1762,192,1767,129,3529,10.8967,7.3005,9.0961,all_flights
LIEE,2022-12,862,83,861,18,1723,9.6288,2.0906,5.8619,all_flights
LIEO,2022-03,291,0,291,0,582,0.0,0.0,0.0,all_flights
LIEO,2022-06,1565,107,1566,193,3131,6.8371,12.3244,9.5816,all_flights
LIEO,2022-09,1620,71,1619,134,3239,4.3827,8.2767,6.3291,all_flights
LIEO,2022-12,236,7,236,3,472,2.9661,1.2712,2.1186,all_flights
LIMC,2022-03,6522,180,6529,367,13051,2.7599,5.6211,4.1912,all_flights
LIMC,2022-06,7899,791,7913,2059,15812,10.0139,26.0205,18.0243,all_flights
LIMC,2022-09,8505,650,8502,1928,17007,7.6426,22.677,15.1585,all_flights
LIMC,2022-12,6836,402,6831,1141,13667,5.8806,16.7033,11.29,all_flights
LIME,2022-03,3288,69,3296,146,6584,2.0985,4.4296,3.2655,all_flights
LIME,2022-06,3763,528,3757,1053,7520,14.0314,28.0277,21.0239,all_flights
LIME,2022-09,3683,415,3684,882,7367,11.268,23.9414,17.6055,all_flights
LIME,2022-12,3542,251,3555,589,7097,7.0864,16.5682,11.836,all_flights
LIMF,2022-03,1195,79,1196,38,2391,6.6109,3.1773,4.8934,all_flights
LIMF,2022-06,1518,237,1512,173,3030,15.6126,11.4418,13.5314,all_flights
LIMF,2022-09,1538,271,1534,166,3072,17.6203,10.8214,14.2253,all_flights
LIMF,2022-12,1350,138,1352,58,2702,10.2222,4.2899,7.2539,all_flights
LIMJ,2022-03,199,8,199,7,398,4.0201,3.5176,3.7688,all_flights
LIMJ,2022-06,486,63,484,44,970,12.963,9.0909,11.0309,all_flights
LIMJ,2022-09,505,65,504,76,1009,12.8713,15.0794,13.9742,all_flights
LIMJ,2022-12,381,44,383,16,764,11.5486,4.1775,7.8534,all_flights
LIML,2022-03,2877,141,2880,107,5757,4.9009,3.7153,4.3078,all_flights
LIML,2022-06,3312,549,3317,754,6629,16.5761,22.7314,19.6561,all_flights
LIML,2022-09,3423,569,3425,686,6848,16.6228,20.0292,18.3265,all_flights
LIML,2022-12,3463,352,3467,512,6930,10.1646,14.7678,12.4675,all_flights
LIPB,2022-03,39,1,39,1,78,2.5641,2.5641,2.5641,all_flights
LIPB,2022-06,93,17,94,8,187,18.2796,8.5106,13.369,all_flights
LIPB,2022-09,89,11,91,3,180,12.3596,3.2967,7.7778,all_flights
LIPB,2022-12,44,4,46,0,90,9.0909,0.0,4.4444,all_flights
LIPE,2022-03,2223,153,2212,47,4435,6.8826,2.1248,4.5096,all_flights
LIPE,2022-06,3101,603,3103,495,6204,19.4453,15.9523,17.6983,all_flights
LIPE,2022-09,3235,609,3233,456,6468,18.8253,14.1045,16.4657,all_flights
LIPE,2022-12,2226,259,2226,145,4452,11.6352,6.5139,9.0746,all_flights
LIPH,2022-03,680,19,684,17,1364,2.7941,2.4854,2.6393,all_flights
LIPH,2022-06,733,137,739,189,1472,18.6903,25.5751,22.1467,all_flights
LIPH,2022-09,757,102,762,118,1519,13.4742,15.4856,14.4832,all_flights
LIPH,2022-12,665,46,669,30,1334,6.9173,4.4843,5.6972,all_flights
LIPO,2022-03,192,3,194,2,386,1.5625,1.0309,1.2953,all_flights
LIPO,2022-06,191,12,184,13,375,6.2827,7.0652,6.6667,all_flights
LIPO,2022-09,197,5,194,5,391,2.5381,2.5773,2.5575,all_flights
LIPO,2022-12,199,6,200,8,399,3.0151,4.0,3.5088,all_flights
LIPQ,2022-03,163,3,163,8,326,1.8405,4.908,3.3742,all_flights
LIPQ,2022-06,283,38,281,27,564,13.4276,9.6085,11.5248,all_flights
LIPQ,2022-09,284,33,282,12,566,11.6197,4.2553,7.9505,all_flights
LIPQ,2022-12,222,23,224,11,446,10.3604,4.9107,7.6233,all_flights
LIPX,2022-03,500,21,496,26,996,4.2,5.2419,4.7189,all_flights
LIPX,2022-06,1146,161,1141,178,2287,14.0489,15.6004,14.8229,all_flights
LIPX,2022-09,1191,134,1179,136,2370,11.251,11.5352,11.3924,all_flights
LIPX,2022-12,700,45,702,31,1402,6.4286,4.416,5.4208,all_flights
LIPY,2022-03,151,13,151,1,302,8.6093,0.6623,4.6358,all_flights
LIPY,2022-06,241,36,237,30,478,14.9378,12.6582,13.8075,all_flights
LIPY,2022-09,254,30,252,23,506,11.811,9.127,10.4743,all_flights
LIPY,2022-12,151,16,158,4,309,10.596,2.5316,6.4725,all_flights
LIPZ,2022-03,2012,45,2002,117,4014,2.2366,5.8442,4.0359,all_flights
LIPZ,2022-06,3603,405,3587,1021,7190,11.2406,28.4639,19.8331,all_flights
LIPZ,2022-09,3702,341,3699,908,7401,9.2112,24.5472,16.8761,all_flights
LIPZ,2022-12,2600,108,2601,273,5201,4.1538,10.496,7.3255,all_flights
LIRA,2022-03,922,48,924,26,1846,5.2061,2.8139,4.0087,all_flights
LIRA,2022-06,930,232,937,202,1867,24.9462,21.5582,23.2458,all_flights
LIRA,2022-09,949,193,949,198,1898,20.3372,20.8641,20.6006,all_flights
LIRA,2022-12,921,80,925,66,1846,8.6862,7.1351,7.909,all_flights
LIRF,2022-03,6533,260,6537,261,13070,3.9798,3.9927,3.9862,all_flights
LIRF,2022-06,9893,1279,9901,2185,19794,12.9283,22.0685,17.5003,all_flights
LIRF,2022-09,10565,1003,10554,2205,21119,9.4936,20.8926,15.1901,all_flights
LIRF,2022-12,8714,505,8699,1348,17413,5.7953,15.496,10.6415,all_flights
LIRN,2022-03,2337,166,2339,162,4676,7.1031,6.926,7.0145,all_flights
LIRN,2022-06,3810,558,3810,1039,7620,14.6457,27.2703,20.958,all_flights
LIRN,2022-09,3919,549,3930,1092,7849,14.0087,27.7863,20.9071,all_flights
LIRN,2022-12,2369,168,2374,230,4743,7.0916,9.6883,8.3913,all_flights
LIRP,2022-03,987,56,991,30,1978,5.6738,3.0272,4.3478,all_flights
LIRP,2022-06,1647,302,1655,427,3302,18.3364,25.8006,22.0775,all_flights
LIRP,2022-09,1587,341,1588,378,3175,21.4871,23.8035,22.6457,all_flights
LIRP,2022-12,1004,99,1021,85,2025,9.8606,8.3252,9.0864,all_flights
LIRQ,2022-03,541,65,537,32,1078,12.0148,5.959,8.9981,all_flights
LIRQ,2022-06,1141,294,1140,329,2281,25.7669,28.8596,27.3126,all_flights
LIRQ,2022-09,1242,238,1230,272,2472,19.1626,22.1138,20.6311,all_flights
LIRQ,2022-12,819,145,806,66,1625,17.7045,8.1886,12.9846,all_flights
LIRZ,2022-03,66,1,66,5,132,1.5152,7.5758,4.5455,all_flights
LIRZ,2022-06,143,28,141,28,284,19.5804,19.8582,19.7183,all_flights
LIRZ,2022-09,164,29,163,25,327,17.6829,15.3374,16.5138,all_flights
LIRZ,2022-12,60,4,59,1,119,6.6667,1.6949,4.2017,all_flights
LJLJ,2022-03,371,49,376,22,747,13.2075,5.8511,9.5047,all_flights
LJLJ,2022-06,528,178,532,107,1060,33.7121,20.1128,26.8868,all_flights
LJLJ,2022-09,550,167,553,110,1103,30.3636,19.8915,25.1133,all_flights
LJLJ,2022-12,455,93,460,42,915,20.4396,9.1304,14.7541,all_flights
LKMT,2022-03,40,0,39,1,79,0.0,2.5641,1.2658,all_flights
LKMT,2022-06,132,13,148,28,280,9.8485,18.9189,14.6429,all_flights
LKMT,2022-09,145,19,140,17,285,13.1034,12.1429,12.6316,all_flights
LKMT,2022-12,58,7,57,2,115,12.069,3.5088,7.8261,all_flights
LKPR,2022-03,2429,161,2434,217,4863,6.6282,8.9154,7.773,all_flights
LKPR,2022-06,3459,1048,3477,1388,6936,30.2978,39.9195,35.1211,all_flights
LKPR,2022-09,3506,653,3481,912,6987,18.6252,26.1994,22.3987,all_flights
LKPR,2022-12,2890,382,2901,688,5791,13.218,23.716,18.4769,all_flights
LKTB,2022-03,69,1,69,0,138,1.4493,0.0,0.7246,all_flights
LKTB,2022-06,128,25,140,30,268,19.5312,21.4286,20.5224,all_flights
LKTB,2022-09,175,17,166,19,341,9.7143,11.4458,10.5572,all_flights
LKTB,2022-12,58,4,59,5,117,6.8966,8.4746,7.6923,all_flights
LLBG,2022-03,3867,1053,3867,391,7734,27.2304,10.1112,18.6708,all_flights
LLBG,2022-06,4873,1495,4866,892,9739,30.6793,18.3313,24.5097,all_flights
LLBG,2022-09,5292,1530,5299,941,10591,28.9116,17.7581,23.3311,all_flights
LLBG,2022-12,5615,1259,5612,573,11227,22.4221,10.2103,16.3178,all_flights
LLER,2022-03,244,39,243,34,487,15.9836,13.9918,14.9897,all_flights
LLER,2022-06,197,39,195,28,392,19.797,14.359,17.0918,all_flights
LLER,2022-09,175,29,177,23,352,16.5714,12.9944,14.7727,all_flights
LLER,2022-12,316,60,314,37,630,18.9873,11.7834,15.3968,all_flights
LMML,2022-03,1333,88,1331,38,2664,6.6017,2.855,4.7297,all_flights
LMML,2022-06,1986,352,1982,326,3968,17.7241,16.448,17.0867,all_flights
LMML,2022-09,2022,384,2023,276,4045,18.9911,13.6431,16.3164,all_flights
LMML,2022-12,1444,236,1452,79,2896,16.3435,5.4408,10.8771,all_flights
LOWG,2022-03,208,11,209,0,417,5.2885,0.0,2.6379,all_flights
LOWG,2022-06,319,56,319,41,638,17.5549,12.8527,15.2038,all_flights
LOWG,2022-09,340,47,341,18,681,13.8235,5.2786,9.5448,all_flights
LOWG,2022-12,272,44,283,8,555,16.1765,2.8269,9.3694,all_flights
LOWI,2022-03,507,41,505,27,1012,8.0868,5.3465,6.7194,all_flights
LOWI,2022-06,190,40,191,36,381,21.0526,18.8482,19.9475,all_flights
LOWI,2022-09,187,37,187,25,374,19.7861,13.369,16.5775,all_flights
LOWI,2022-12,440,95,439,74,879,21.5909,16.8565,19.2264,all_flights
LOWL,2022-03,83,3,81,0,164,3.6145,0.0,1.8293,all_flights
LOWL,2022-06,131,22,130,21,261,16.7939,16.1538,16.4751,all_flights
LOWL,2022-09,145,33,146,15,291,22.7586,10.274,16.4948,all_flights
LOWL,2022-12,127,14,125,11,252,11.0236,8.8,9.9206,all_flights
LOWS,2022-03,618,35,624,48,1242,5.6634,7.6923,6.6828,all_flights
LOWS,2022-06,431,76,432,108,863,17.6334,25.0,21.321,all_flights
LOWS,2022-09,430,67,431,86,861,15.5814,19.9536,17.77,all_flights
LOWS,2022-12,566,62,565,82,1131,10.9541,14.5133,12.7321,all_flights
LOWW,2022-03,5756,718,5819,171,11575,12.4739,2.9386,7.6803,all_flights
LOWW,2022-06,8958,2476,8966,2510,17924,27.6401,27.9946,27.8175,all_flights
LOWW,2022-09,9639,2513,9638,2324,19277,26.0712,24.1129,25.0921,all_flights
LOWW,2022-12,7458,1713,7430,1580,14888,22.9686,21.2651,22.1185,all_flights
LPAZ,2022-03,53,3,54,2,107,5.6604,3.7037,4.6729,all_flights
LPAZ,2022-06,85,11,86,6,171,12.9412,6.9767,9.9415,all_flights
LPAZ,2022-09,121,6,121,9,242,4.9587,7.438,6.1983,all_flights
LPAZ,2022-12,58,9,59,7,117,15.5172,11.8644,13.6752,all_flights
LPCS,2022-03,51,1,51,0,102,1.9608,0.0,0.9804,all_flights
LPCS,2022-06,101,4,94,2,195,3.9604,2.1277,3.0769,all_flights
LPCS,2022-09,94,8,94,2,188,8.5106,2.1277,5.3191,all_flights
LPCS,2022-12,43,2,44,0,87,4.6512,0.0,2.2989,all_flights
LPFL,2022-03,56,3,56,0,112,5.3571,0.0,2.6786,all_flights
LPFL,2022-06,106,10,106,5,212,9.434,4.717,7.0755,all_flights
LPFL,2022-09,122,9,120,5,242,7.377,4.1667,5.7851,all_flights
LPFL,2022-12,46,5,45,0,91,10.8696,0.0,5.4945,all_flights
LPFR,2022-03,1330,89,1334,31,2664,6.6917,2.3238,4.5045,all_flights
LPFR,2022-06,2874,418,2876,315,5750,14.5442,10.9527,12.7478,all_flights
LPFR,2022-09,2896,417,2895,293,5791,14.3992,10.1209,12.2604,all_flights
LPFR,2022-12,1133,138,1124,82,2257,12.1801,7.2954,9.7475,all_flights
LPGR,2022-03,52,7,52,0,104,13.4615,0.0,6.7308,all_flights
LPGR,2022-06,66,14,65,5,131,21.2121,7.6923,14.5038,all_flights
LPGR,2022-09,90,8,90,1,180,8.8889,1.1111,5.0,all_flights
LPGR,2022-12,51,5,51,0,102,9.8039,0.0,4.902,all_flights
LPHR,2022-03,155,8,157,12,312,5.1613,7.6433,6.4103,all_flights
LPHR,2022-06,251,31,245,26,496,12.3506,10.6122,11.4919,all_flights
LPHR,2022-09,291,23,295,17,586,7.9038,5.7627,6.8259,all_flights
LPHR,2022-12,143,25,147,12,290,17.4825,8.1633,12.7586,all_flights
LPLA,2022-03,429,24,431,41,860,5.5944,9.5128,7.5581,all_flights
LPLA,2022-06,566,93,568,89,1134,16.4311,15.669,16.0494,all_flights
LPLA,2022-09,621,67,625,68,1246,10.789,10.88,10.8347,all_flights
LPLA,2022-12,446,74,440,78,886,16.5919,17.7273,17.1558,all_flights
LPMA,2022-03,872,139,872,14,1744,15.9404,1.6055,8.7729,all_flights
LPMA,2022-06,1160,404,1160,144,2320,34.8276,12.4138,23.6207,all_flights
LPMA,2022-09,1226,307,1227,134,2453,25.0408,10.9209,17.978,all_flights
LPMA,2022-12,1194,301,1191,152,2385,25.2094,12.7624,18.9937,all_flights
LPPD,2022-03,634,67,630,55,1264,10.5678,8.7302,9.6519,all_flights
LPPD,2022-06,1124,253,1120,222,2244,22.5089,19.8214,21.1676,all_flights
LPPD,2022-09,1236,193,1243,185,2479,15.6149,14.8833,15.2481,all_flights
LPPD,2022-12,705,190,697,177,1402,26.9504,25.3945,26.1769,all_flights
LPPI,2022-03,66,9,63,2,129,13.6364,3.1746,8.5271,all_flights
LPPI,2022-06,146,28,151,6,297,19.1781,3.9735,11.4478,all_flights
LPPI,2022-09,192,20,188,11,380,10.4167,5.8511,8.1579,all_flights
LPPI,2022-12,61,15,55,6,116,24.5902,10.9091,18.1034,all_flights
LPPR,2022-03,3087,308,3086,55,6173,9.9773,1.7822,5.8804,all_flights
LPPR,2022-06,4029,891,4034,421,8063,22.1147,10.4363,16.2719,all_flights
LPPR,2022-09,4187,894,4192,478,8379,21.3518,11.4027,16.3743,all_flights
LPPR,2022-12,3518,862,3516,288,7034,24.5026,8.1911,16.3492,all_flights
LPPS,2022-03,69,5,68,0,137,7.2464,0.0,3.6496,all_flights
LPPS,2022-06,129,31,129,9,258,24.031,6.9767,15.5039,all_flights
LPPS,2022-09,130,28,128,11,258,21.5385,8.5938,15.1163,all_flights
LPPS,2022-12,76,8,75,4,151,10.5263,5.3333,7.947,all_flights
LPPT,2022-03,7005,1124,7038,614,14043,16.0457,8.7241,12.3763,all_flights
LPPT,2022-06,8810,3117,8837,2839,17647,35.3802,32.1263,33.7508,all_flights
LPPT,2022-09,8972,3207,8991,2806,17963,35.7445,31.209,33.4744,all_flights
LPPT,2022-12,8166,3140,8209,2577,16375,38.4521,31.3924,34.913,all_flights
LPSJ,2022-03,49,1,49,0,98,2.0408,0.0,1.0204,all_flights
LPSJ,2022-06,87,16,87,0,174,18.3908,0.0,9.1954,all_flights
LPSJ,2022-09,116,16,117,3,233,13.7931,2.5641,8.1545,all_flights
LPSJ,2022-12,52,9,51,0,103,17.3077,0.0,8.7379,all_flights
LQBK,2022-03,80,1,80,3,160,1.25,3.75,2.5,all_flights
LQBK,2022-06,125,26,124,18,249,20.8,14.5161,17.6707,all_flights
LQBK,2022-09,123,20,123,31,246,16.2602,25.2033,20.7317,all_flights
LQBK,2022-12,106,28,106,9,212,26.4151,8.4906,17.4528,all_flights
LQSA,2022-03,399,45,398,9,797,11.2782,2.2613,6.7754,all_flights
LQSA,2022-06,693,219,697,109,1390,31.6017,15.6385,23.5971,all_flights
LQSA,2022-09,615,201,618,100,1233,32.6829,16.1812,24.412,all_flights
LQSA,2022-12,327,97,330,10,657,29.6636,3.0303,16.2861,all_flights
LQTZ,2022-03,83,7,82,2,165,8.4337,2.439,5.4545,all_flights
LQTZ,2022-06,148,43,148,37,296,29.0541,25.0,27.027,all_flights
LQTZ,2022-09,149,34,148,39,297,22.8188,26.3514,24.5791,all_flights
LQTZ,2022-12,180,42,182,7,362,23.3333,3.8462,13.5359,all_flights
LRBC,2022-03,92,15,93,2,185,16.3043,2.1505,9.1892,all_flights
LRBC,2022-06,189,73,186,38,375,38.6243,20.4301,29.6,all_flights
LRBC,2022-09,122,33,124,36,246,27.0492,29.0323,28.0488,all_flights
LRBC,2022-12,109,30,103,3,212,27.5229,2.9126,15.566,all_flights
LRCL,2022-03,604,25,599,10,1203,4.1391,1.6694,2.9094,all_flights
LRCL,2022-06,951,249,946,168,1897,26.183,17.759,21.9821,all_flights
LRCL,2022-09,955,199,956,181,1911,20.8377,18.9331,19.8849,all_flights
LRCL,2022-12,807,113,808,26,1615,14.0025,3.2178,8.6068,all_flights
LRCV,2022-03,63,10,63,0,126,15.873,0.0,7.9365,all_flights
LRCV,2022-06,145,63,152,33,297,43.4483,21.7105,32.3232,all_flights
LRCV,2022-09,155,51,155,31,310,32.9032,20.0,26.4516,all_flights
LRCV,2022-12,144,30,146,5,290,20.8333,3.4247,12.069,all_flights
LRIA,2022-03,347,49,349,12,696,14.121,3.4384,8.7644,all_flights
LRIA,2022-06,459,123,465,83,924,26.7974,17.8495,22.2944,all_flights
LRIA,2022-09,447,100,448,51,895,22.3714,11.3839,16.8715,all_flights
LRIA,2022-12,419,55,421,17,840,13.1265,4.038,8.5714,all_flights
LROD,2022-03,98,9,97,1,195,9.1837,1.0309,5.1282,all_flights
LROD,2022-06,101,42,102,12,203,41.5842,11.7647,26.601,all_flights
LROD,2022-09,98,27,97,6,195,27.551,6.1856,16.9231,all_flights
LROD,2022-12,75,3,75,0,150,4.0,0.0,2.0,all_flights
LROP,2022-03,3091,193,3104,63,6195,6.2439,2.0296,4.1324,all_flights
LROP,2022-06,4228,756,4246,731,8474,17.8808,17.2162,17.5478,all_flights
LROP,2022-09,3998,533,3997,602,7995,13.3317,15.0613,14.1964,all_flights
LROP,2022-12,3729,347,3730,113,7459,9.3054,3.0295,6.167,all_flights
LRSB,2022-03,175,15,175,6,350,8.5714,3.4286,6.0,all_flights
LRSB,2022-06,255,86,254,59,509,33.7255,23.2283,28.4872,all_flights
LRSB,2022-09,241,59,240,38,481,24.4813,15.8333,20.1663,all_flights
LRSB,2022-12,183,26,187,8,370,14.2077,4.2781,9.1892,all_flights
LRSV,2022-03,189,22,188,4,377,11.6402,2.1277,6.8966,all_flights
LRSV,2022-06,223,60,223,32,446,26.9058,14.3498,20.6278,all_flights
LRSV,2022-09,240,54,238,28,478,22.5,11.7647,17.1548,all_flights
LRSV,2022-12,256,51,245,9,501,19.9219,3.6735,11.976,all_flights
LRTR,2022-03,393,18,392,1,785,4.5802,0.2551,2.4204,all_flights
LRTR,2022-06,513,107,512,79,1025,20.8577,15.4297,18.1463,all_flights
LRTR,2022-09,520,104,520,80,1040,20.0,15.3846,17.6923,all_flights
LRTR,2022-12,446,48,446,8,892,10.7623,1.7937,6.278,all_flights
LSGG,2022-03,5076,444,5062,625,10138,8.747,12.3469,10.5445,all_flights
LSGG,2022-06,4847,879,4849,1070,9696,18.1349,22.0664,20.1011,all_flights
LSGG,2022-09,5008,837,5010,941,10018,16.7133,18.7824,17.7481,all_flights
LSGG,2022-12,5300,800,5290,1071,10590,15.0943,20.2457,17.6676,all_flights
LSZH,2022-03,5687,659,5697,399,11384,11.5878,7.0037,9.2937,all_flights
LSZH,2022-06,8148,1919,8160,2356,16308,23.5518,28.8725,26.2141,all_flights
LSZH,2022-09,8661,1824,8684,2355,17345,21.0599,27.1188,24.0934,all_flights
LSZH,2022-12,7516,1354,7549,2013,15065,18.0149,26.6658,22.3498,all_flights
LTAC,2022-03,2221,451,2214,375,4435,20.3062,16.9377,18.6246,all_flights
LTAC,2022-06,2453,630,2443,416,4896,25.6828,17.0282,21.3644,all_flights
LTAC,2022-09,2353,563,2373,254,4726,23.9269,10.7038,17.2873,all_flights
LTAC,2022-12,2486,535,2487,184,4973,21.5205,7.3985,14.4581,all_flights
LTAF,2022-03,833,84,831,114,1664,10.084,13.7184,11.899,all_flights
LTAF,2022-06,1044,196,1044,168,2088,18.7739,16.092,17.433,all_flights
LTAF,2022-09,939,126,943,146,1882,13.4185,15.4825,14.4527,all_flights
LTAF,2022-12,899,145,901,161,1800,16.129,17.869,17.0,all_flights
LTAI,2022-03,2213,307,2218,165,4431,13.8726,7.4391,10.6522,all_flights
LTAI,2022-06,7511,2843,7472,1930,14983,37.8512,25.8298,31.8561,all_flights
LTAI,2022-09,8143,2810,8186,1604,16329,34.5082,19.5944,27.0317,all_flights
LTAI,2022-12,2906,643,2909,167,5815,22.1266,5.7408,13.9295,all_flights
LTAJ,2022-03,530,73,524,179,1054,13.7736,34.1603,23.9089,all_flights
LTAJ,2022-06,609,152,604,194,1213,24.9589,32.1192,28.5243,all_flights
LTAJ,2022-09,580,100,583,168,1163,17.2414,28.8165,23.0439,all_flights
LTAJ,2022-12,589,126,585,116,1174,21.3922,19.8291,20.6133,all_flights
LTAN,2022-03,170,31,170,36,340,18.2353,21.1765,19.7059,all_flights
LTAN,2022-06,308,111,308,74,616,36.039,24.026,30.0325,all_flights
LTAN,2022-09,223,56,226,49,449,25.1121,21.6814,23.3853,all_flights
LTAN,2022-12,221,76,222,58,443,34.3891,26.1261,30.2483,all_flights
LTAR,2022-03,92,15,92,17,184,16.3043,18.4783,17.3913,all_flights
LTAR,2022-06,105,26,105,30,210,24.7619,28.5714,26.6667,all_flights
LTAR,2022-09,102,13,102,11,204,12.7451,10.7843,11.7647,all_flights
LTAR,2022-12,92,23,91,13,183,25.0,14.2857,19.6721,all_flights
LTAT,2022-03,148,30,148,39,296,20.2703,26.3514,23.3108,all_flights
LTAT,2022-06,218,72,219,52,437,33.0275,23.7443,28.3753,all_flights
LTAT,2022-09,191,50,189,54,380,26.178,28.5714,27.3684,all_flights
LTAT,2022-12,181,56,181,31,362,30.9392,17.1271,24.0331,all_flights
LTAU,2022-03,432,54,430,74,862,12.5,17.2093,14.8492,all_flights
LTAU,2022-06,661,160,654,164,1315,24.2057,25.0765,24.6388,all_flights
LTAU,2022-09,641,119,635,140,1276,18.5647,22.0472,20.2978,all_flights
LTAU,2022-12,545,131,547,89,1092,24.0367,16.2706,20.1465,all_flights
LTAY,2022-03,128,16,128,21,256,12.5,16.4062,14.4531,all_flights
LTAY,2022-06,142,24,138,24,280,16.9014,17.3913,17.1429,all_flights
LTAY,2022-09,110,12,108,33,218,10.9091,30.5556,20.6422,all_flights
LTAY,2022-12,123,20,123,14,246,16.2602,11.3821,13.8211,all_flights
LTAZ,2022-03,99,9,98,16,197,9.0909,16.3265,12.6904,all_flights
LTAZ,2022-06,115,24,115,44,230,20.8696,38.2609,29.5652,all_flights
LTAZ,2022-09,120,27,121,25,241,22.5,20.6612,21.5768,all_flights
LTAZ,2022-12,134,32,132,8,266,23.8806,6.0606,15.0376,all_flights
LTBJ,2022-03,1757,212,1763,157,3520,12.066,8.9053,10.483,all_flights
LTBJ,2022-06,2865,670,2869,550,5734,23.3857,19.1704,21.2766,all_flights
LTBJ,2022-09,2763,492,2771,445,5534,17.8067,16.0592,16.9317,all_flights
LTBJ,2022-12,2055,349,2047,183,4102,16.983,8.9399,12.9693,all_flights
LTBS,2022-03,261,41,259,30,520,15.7088,11.583,13.6538,all_flights
LTBS,2022-06,1763,801,1752,726,3515,45.4339,41.4384,43.4424,all_flights
LTBS,2022-09,1873,647,1864,671,3737,34.5435,35.9979,35.2689,all_flights
LTBS,2022-12,269,48,269,22,538,17.8439,8.1784,13.0112,all_flights
LTCA,2022-03,145,28,144,24,289,19.3103,16.6667,17.9931,all_flights
LTCA,2022-06,204,78,202,36,406,38.2353,17.8218,28.0788,all_flights
LTCA,2022-09,181,47,181,34,362,25.9669,18.7845,22.3757,all_flights
LTCA,2022-12,185,57,185,22,370,30.8108,11.8919,21.3514,all_flights
LTCB,2022-03,183,31,182,20,365,16.9399,10.989,13.9726,all_flights
LTCB,2022-06,260,62,260,29,520,23.8462,11.1538,17.5,all_flights
LTCB,2022-09,253,43,257,44,510,16.996,17.1206,17.0588,all_flights
LTCB,2022-12,212,58,212,22,424,27.3585,10.3774,18.8679,all_flights
LTCC,2022-03,354,51,354,129,708,14.4068,36.4407,25.4237,all_flights
LTCC,2022-06,449,123,448,191,897,27.3942,42.6339,35.0056,all_flights
LTCC,2022-09,423,75,424,174,847,17.7305,41.0377,29.3979,all_flights
LTCC,2022-12,412,99,409,122,821,24.0291,29.8289,26.9184,all_flights
LTCD,2022-03,68,25,66,12,134,36.7647,18.1818,27.6119,all_flights
LTCD,2022-06,103,61,101,31,204,59.2233,30.6931,45.098,all_flights
LTCD,2022-09,83,35,82,26,165,42.1687,31.7073,36.9697,all_flights
LTCD,2022-12,78,35,81,13,159,44.8718,16.0494,30.1887,all_flights
LTCE,2022-03,216,39,220,64,436,18.0556,29.0909,23.6239,all_flights
LTCE,2022-06,205,56,205,51,410,27.3171,24.878,26.0976,all_flights
LTCE,2022-09,238,35,237,31,475,14.7059,13.0802,13.8947,all_flights
LTCE,2022-12,253,26,252,39,505,10.2767,15.4762,12.8713,all_flights
LTCF,2022-03,125,32,125,44,250,25.6,35.2,30.4,all_flights
LTCF,2022-06,107,41,106,42,213,38.3178,39.6226,38.9671,all_flights
LTCF,2022-09,99,24,99,27,198,24.2424,27.2727,25.7576,all_flights
LTCF,2022-12,127,28,127,27,254,22.0472,21.2598,21.6535,all_flights
LTCG,2022-03,578,103,575,102,1153,17.8201,17.7391,17.7797,all_flights
LTCG,2022-06,945,303,947,226,1892,32.0635,23.8648,27.9598,all_flights
LTCG,2022-09,1030,278,1038,286,2068,26.9903,27.553,27.2727,all_flights
LTCG,2022-12,707,166,708,82,1415,23.4795,11.5819,17.5265,all_flights
LTCI,2022-03,325,73,327,82,652,22.4615,25.0765,23.773,all_flights
LTCI,2022-06,291,87,290,81,581,29.8969,27.931,28.9157,all_flights
LTCI,2022-09,363,82,363,86,726,22.5895,23.6915,23.1405,all_flights
LTCI,2022-12,381,66,382,60,763,17.3228,15.7068,16.5138,all_flights
LTCJ,2022-03,103,16,102,21,205,15.534,20.5882,18.0488,all_flights
LTCJ,2022-06,110,12,110,32,220,10.9091,29.0909,20.0,all_flights
LTCJ,2022-09,101,9,101,16,202,8.9109,15.8416,12.3762,all_flights
LTCJ,2022-12,120,19,120,24,240,15.8333,20.0,17.9167,all_flights
LTCK,2022-03,79,32,79,25,158,40.5063,31.6456,36.0759,all_flights
LTCK,2022-06,117,29,117,30,234,24.7863,25.641,25.2137,all_flights
LTCK,2022-09,84,22,85,28,169,26.1905,32.9412,29.5858,all_flights
LTCK,2022-12,83,29,83,11,166,34.9398,13.253,24.0964,all_flights
LTCR,2022-03,148,17,148,34,296,11.4865,22.973,17.2297,all_flights
LTCR,2022-06,172,46,175,44,347,26.7442,25.1429,25.9366,all_flights
LTCR,2022-09,141,29,141,31,282,20.5674,21.9858,21.2766,all_flights
LTCR,2022-12,153,32,153,19,306,20.915,12.4183,16.6667,all_flights
LTCS,2022-03,152,26,153,46,305,17.1053,30.0654,23.6066,all_flights
LTCS,2022-06,191,38,191,39,382,19.8953,20.4188,20.1571,all_flights
LTCS,2022-09,189,33,188,31,377,17.4603,16.4894,16.9761,all_flights
LTCS,2022-12,197,41,193,42,390,20.8122,21.7617,21.2821,all_flights
LTCV,2022-03,71,8,73,13,144,11.2676,17.8082,14.5833,all_flights
LTCV,2022-06,84,16,84,21,168,19.0476,25.0,22.0238,all_flights
LTCV,2022-09,69,7,70,6,139,10.1449,8.5714,9.3525,all_flights
LTCV,2022-12,70,1,70,9,140,1.4286,12.8571,7.1429,all_flights
LTDA,2022-03,220,39,217,51,437,17.7273,23.5023,20.595,all_flights
LTDA,2022-06,287,72,287,58,574,25.0871,20.2091,22.6481,all_flights
LTDA,2022-09,261,49,262,65,523,18.7739,24.8092,21.7973,all_flights
LTDA,2022-12,267,76,269,52,536,28.4644,19.3309,23.8806,all_flights
LTFD,2022-03,45,4,45,2,90,8.8889,4.4444,6.6667,all_flights
LTFD,2022-06,87,25,87,20,174,28.7356,22.9885,25.8621,all_flights
LTFD,2022-09,85,19,85,11,170,22.3529,12.9412,17.6471,all_flights
LTFD,2022-12,38,6,39,5,77,15.7895,12.8205,14.2857,all_flights
LTFE,2022-03,279,22,279,12,558,7.8853,4.3011,6.0932,all_flights
LTFE,2022-06,1447,425,1447,289,2894,29.3711,19.9724,24.6717,all_flights
LTFE,2022-09,1387,393,1387,237,2774,28.3345,17.0872,22.7109,all_flights
LTFE,2022-12,309,52,307,11,616,16.8285,3.5831,10.2273,all_flights
LTFG,2022-03,102,9,101,19,203,8.8235,18.8119,13.7931,all_flights
LTFG,2022-06,249,36,245,73,494,14.4578,29.7959,22.0648,all_flights
LTFG,2022-09,202,34,199,45,401,16.8317,22.6131,19.7007,all_flights
LTFG,2022-12,127,18,127,10,254,14.1732,7.874,11.0236,all_flights
LTFH,2022-03,300,48,299,39,599,16.0,13.0435,14.5242,all_flights
LTFH,2022-06,354,83,352,53,706,23.4463,15.0568,19.2635,all_flights
LTFH,2022-09,307,42,310,49,617,13.6808,15.8065,14.7488,all_flights
LTFH,2022-12,339,56,341,30,680,16.5192,8.7977,12.6471,all_flights
LTFJ,2022-03,6883,1113,6901,1117,13784,16.1703,16.1861,16.1782,all_flights
LTFJ,2022-06,8013,1404,8036,1417,16049,17.5215,17.6332,17.5774,all_flights
LTFJ,2022-09,8230,1335,8227,1449,16457,16.2211,17.6127,16.9168,all_flights
LTFJ,2022-12,8037,1276,8039,1926,16076,15.8766,23.9582,19.9179,all_flights
LTFM,2022-03,13691,2671,13718,980,27409,19.5092,7.1439,13.3204,all_flights
LTFM,2022-06,18517,4321,18591,3015,37108,23.3353,16.2175,19.7693,all_flights
LTFM,2022-09,19050,3917,19047,3042,38097,20.5617,15.971,18.2665,all_flights
LTFM,2022-12,17622,3402,17640,2254,35262,19.3054,12.7778,16.0399,all_flights
LTFO,2022-06,204,58,205,81,409,28.4314,39.5122,33.9853,all_flights
LTFO,2022-09,238,36,238,50,476,15.1261,21.0084,18.0672,all_flights
LTFO,2022-12,264,37,265,52,529,14.0152,19.6226,16.8242,all_flights
LUKK,2022-03,52,1,53,8,105,1.9231,15.0943,8.5714,all_flights
LUKK,2022-06,686,116,691,95,1377,16.9096,13.7482,15.3232,all_flights
LUKK,2022-09,1006,185,1005,115,2011,18.3897,11.4428,14.918,all_flights
LUKK,2022-12,851,82,850,45,1701,9.6357,5.2941,7.4662,all_flights
LWSK,2022-03,453,45,453,24,906,9.9338,5.298,7.6159,all_flights
LWSK,2022-06,791,275,788,167,1579,34.7661,21.1929,27.9924,all_flights
LWSK,2022-09,806,252,807,148,1613,31.2655,18.3395,24.7985,all_flights
LWSK,2022-12,640,76,640,43,1280,11.875,6.7188,9.2969,all_flights
LXGB,2022-03,96,16,97,9,193,16.6667,9.2784,12.9534,all_flights
LXGB,2022-06,147,23,147,36,294,15.6463,24.4898,20.068,all_flights
LXGB,2022-09,162,23,161,42,323,14.1975,26.087,20.1238,all_flights
LXGB,2022-12,69,10,69,13,138,14.4928,18.8406,16.6667,all_flights
LYBE,2022-03,1558,199,1555,44,3113,12.7728,2.8296,7.806,all_flights
LYBE,2022-06,2429,528,2417,443,4846,21.7373,18.3285,20.0371,all_flights
LYBE,2022-09,2583,566,2585,577,5168,21.9125,22.3211,22.1169,all_flights
LYBE,2022-12,2335,418,2323,122,4658,17.9015,5.2518,11.593,all_flights
LYNI,2022-03,123,6,122,2,245,4.878,1.6393,3.2653,all_flights
LYNI,2022-06,151,33,152,24,303,21.8543,15.7895,18.8119,all_flights
LYNI,2022-09,156,44,155,29,311,28.2051,18.7097,23.4727,all_flights
LYNI,2022-12,139,21,138,1,277,15.1079,0.7246,7.9422,all_flights
LYPG,2022-03,298,9,299,12,597,3.0201,4.0134,3.5176,all_flights
LYPG,2022-06,536,106,540,103,1076,19.7761,19.0741,19.4238,all_flights
LYPG,2022-09,557,110,553,98,1110,19.7487,17.7215,18.7387,all_flights
LYPG,2022-12,378,38,379,9,757,10.0529,2.3747,6.2087,all_flights
LYTV,2022-03,96,3,97,1,193,3.125,1.0309,2.0725,all_flights
LYTV,2022-06,343,36,345,41,688,10.4956,11.8841,11.1919,all_flights
LYTV,2022-09,350,50,351,38,701,14.2857,10.8262,12.5535,all_flights
LYTV,2022-12,116,2,116,0,232,1.7241,0.0,0.8621,all_flights
LZIB,2022-03,243,5,244,4,487,2.0576,1.6393,1.848,all_flights
LZIB,2022-06,363,88,370,58,733,24.2424,15.6757,19.9181,all_flights
LZIB,2022-09,412,76,405,36,817,18.4466,8.8889,13.7087,all_flights
LZIB,2022-12,216,24,219,17,435,11.1111,7.7626,9.4253,all_flights
LZKZ,2022-03,114,5,113,2,227,4.386,1.7699,3.0837,all_flights
LZKZ,2022-06,187,40,194,29,381,21.3904,14.9485,18.1102,all_flights
LZKZ,2022-09,186,25,182,17,368,13.4409,9.3407,11.413,all_flights
LZKZ,2022-12,108,14,109,10,217,12.963,9.1743,11.0599,all_flights
MDPC,2022-03,278,76,269,109,547,27.3381,40.5204,33.8208,all_flights
MDPC,2022-06,213,70,180,49,393,32.8638,27.2222,30.2799,all_flights
MDPC,2022-09,206,62,183,65,389,30.0971,35.5191,32.6478,all_flights
MDPC,2022-12,231,79,201,88,432,34.1991,43.7811,38.6574,all_flights
MDSD,2022-03,101,11,113,29,214,10.8911,25.6637,18.6916,all_flights
MDSD,2022-06,70,21,85,23,155,30.0,27.0588,28.3871,all_flights
MDSD,2022-09,84,14,103,52,187,16.6667,50.4854,35.2941,all_flights
MDSD,2022-12,80,33,101,41,181,41.25,40.5941,40.884,all_flights
MKJS,2022-03,85,7,73,27,158,8.2353,36.9863,21.519,all_flights
MKJS,2022-06,47,9,65,20,112,19.1489,30.7692,25.8929,all_flights
MKJS,2022-09,47,11,65,29,112,23.4043,44.6154,35.7143,all_flights
MKJS,2022-12,76,23,84,35,160,30.2632,41.6667,36.25,all_flights
MMMX,2022-03,479,93,373,289,852,19.4154,77.4799,44.8357,all_flights
MMMX,2022-06,517,126,412,323,929,24.3714,78.3981,48.3315,all_flights
MMMX,2022-09,528,137,420,256,948,25.947,60.9524,41.4557,all_flights
MMMX,2022-12,561,155,451,256,1012,27.6292,56.7627,40.6126,all_flights
MMUN,2022-03,271,49,330,203,601,18.0812,61.5152,41.9301,all_flights
MMUN,2022-06,275,75,331,146,606,27.2727,44.1088,36.4686,all_flights
MMUN,2022-09,291,71,333,126,624,24.3986,37.8378,31.5705,all_flights
MMUN,2022-12,298,105,357,201,655,35.2349,56.3025,46.7176,all_flights
MPTO,2022-03,95,15,150,69,245,15.7895,46.0,34.2857,all_flights
MPTO,2022-06,94,36,155,80,249,38.2979,51.6129,46.5863,all_flights
MPTO,2022-09,100,45,163,100,263,45.0,61.3497,55.1331,all_flights
MPTO,2022-12,124,44,177,87,301,35.4839,49.1525,43.5216,all_flights
MROC,2022-03,100,17,77,42,177,17.0,54.5455,33.3333,all_flights
MROC,2022-06,65,20,62,41,127,30.7692,66.129,48.0315,all_flights
MROC,2022-09,71,18,67,30,138,25.3521,44.7761,34.7826,all_flights
MROC,2022-12,116,37,87,53,203,31.8966,60.9195,44.335,all_flights
MUHA,2022-03,104,24,80,25,184,23.0769,31.25,26.6304,all_flights
MUHA,2022-06,133,44,100,41,233,33.0827,41.0,36.4807,all_flights
MUHA,2022-09,121,39,97,51,218,32.2314,52.5773,41.2844,all_flights
MUHA,2022-12,131,54,105,45,236,41.2214,42.8571,41.9492,all_flights
OBBI,2022-03,460,120,459,120,919,26.087,26.1438,26.1153,all_flights
OBBI,2022-06,585,205,608,142,1193,35.0427,23.3553,29.0863,all_flights
OBBI,2022-09,588,213,638,148,1226,36.2245,23.1975,29.4454,all_flights
OBBI,2022-12,601,230,656,170,1257,38.2696,25.9146,31.8218,all_flights
OEDF,2022-03,43,9,23,6,66,20.9302,26.087,22.7273,all_flights
OEDF,2022-06,79,25,62,14,141,31.6456,22.5806,27.6596,all_flights
OEDF,2022-09,152,35,133,33,285,23.0263,24.812,23.8596,all_flights
OEDF,2022-12,108,29,109,47,217,26.8519,43.1193,35.023,all_flights
OEJN,2022-03,341,153,363,280,704,44.868,77.135,61.5057,all_flights
OEJN,2022-06,584,256,620,391,1204,43.8356,63.0645,53.7375,all_flights
OEJN,2022-09,715,314,734,477,1449,43.9161,64.9864,54.5894,all_flights
OEJN,2022-12,846,432,917,630,1763,51.0638,68.7023,60.2382,all_flights
OEMA,2022-03,13,5,3,1,16,38.4615,33.3333,37.5,all_flights
OEMA,2022-06,112,44,86,33,198,39.2857,38.3721,38.8889,all_flights
OEMA,2022-09,79,31,72,19,151,39.2405,26.3889,33.1126,all_flights
OEMA,2022-12,206,70,187,58,393,33.9806,31.016,32.57,all_flights
OERK,2022-03,342,102,308,141,650,29.8246,45.7792,37.3846,all_flights
OERK,2022-06,576,230,548,343,1124,39.9306,62.5912,50.9786,all_flights
OERK,2022-09,754,281,720,448,1474,37.2679,62.2222,49.4573,all_flights
OERK,2022-12,618,242,572,285,1190,39.1586,49.8252,44.2857,all_flights
OIIE,2022-03,828,213,832,157,1660,25.7246,18.8702,22.2892,all_flights
OIIE,2022-06,817,291,814,147,1631,35.6181,18.059,26.8547,all_flights
OIIE,2022-09,946,304,974,172,1920,32.1353,17.6591,24.7917,all_flights
OIIE,2022-12,732,236,737,97,1469,32.2404,13.1615,22.6685,all_flights
OITT,2022-03,91,32,87,14,178,35.1648,16.092,25.8427,all_flights
OITT,2022-06,66,31,62,7,128,46.9697,11.2903,29.6875,all_flights
OITT,2022-09,111,37,106,21,217,33.3333,19.8113,26.7281,all_flights
OITT,2022-12,67,26,66,2,133,38.806,3.0303,21.0526,all_flights
OJAI,2022-03,674,128,651,105,1325,18.9911,16.129,17.5849,all_flights
OJAI,2022-06,1011,304,990,231,2001,30.0692,23.3333,26.7366,all_flights
OJAI,2022-09,960,250,938,185,1898,26.0417,19.7228,22.9189,all_flights
OJAI,2022-12,864,205,839,184,1703,23.7269,21.9309,22.842,all_flights
OKBK,2022-03,518,140,473,98,991,27.027,20.7188,24.0161,all_flights
OKBK,2022-06,888,265,857,252,1745,29.8423,29.4049,29.6275,all_flights
OKBK,2022-09,956,277,935,233,1891,28.9749,24.9198,26.9699,all_flights
OKBK,2022-12,659,209,641,194,1300,31.7147,30.2652,31.0,all_flights
OLBA,2022-03,1095,229,1093,130,2188,20.9132,11.8939,16.4077,all_flights
OLBA,2022-06,1480,510,1480,200,2960,34.4595,13.5135,23.9865,all_flights
OLBA,2022-09,1566,354,1570,256,3136,22.6054,16.3057,19.4515,all_flights
OLBA,2022-12,1392,383,1394,135,2786,27.5144,9.6844,18.593,all_flights
OMAA,2022-03,862,187,852,192,1714,21.6937,22.5352,22.112,all_flights
OMAA,2022-06,1018,330,1016,228,2034,32.4165,22.4409,27.4336,all_flights
OMAA,2022-09,1107,268,1095,183,2202,24.2096,16.7123,20.4814,all_flights
OMAA,2022-12,1322,275,1277,299,2599,20.8018,23.4143,22.0854,all_flights
OMDB,2022-03,4217,1678,4061,2251,8278,39.7913,55.4297,47.4632,all_flights
OMDB,2022-06,3226,1711,3198,1508,6424,53.0378,47.1545,50.109,all_flights
OMDB,2022-09,4036,2009,4051,2130,8087,49.777,52.5796,51.1809,all_flights
OMDB,2022-12,5002,2696,4729,2834,9731,53.8984,59.9281,56.8287,all_flights
OMDW,2022-03,120,21,183,48,303,17.5,26.2295,22.7723,all_flights
OMDW,2022-06,275,137,430,96,705,49.8182,22.3256,33.0496,all_flights
OMDW,2022-09,190,70,301,84,491,36.8421,27.907,31.3646,all_flights
OMDW,2022-12,268,95,411,120,679,35.4478,29.1971,31.6642,all_flights
OMSJ,2022-03,238,61,237,52,475,25.6303,21.9409,23.7895,all_flights
OMSJ,2022-06,364,119,368,43,732,32.6923,11.6848,22.1311,all_flights
OMSJ,2022-09,409,144,406,84,815,35.2078,20.6897,27.9755,all_flights
OMSJ,2022-12,485,184,491,132,976,37.9381,26.8839,32.377,all_flights
OOMS,2022-03,164,20,165,28,329,12.1951,16.9697,14.5897,all_flights
OOMS,2022-06,271,73,262,59,533,26.9373,22.5191,24.7655,all_flights
OOMS,2022-09,292,59,285,73,577,20.2055,25.614,22.8769,all_flights
OOMS,2022-12,296,95,278,67,574,32.0946,24.1007,28.223,all_flights
OPIS,2022-03,78,9,76,42,154,11.5385,55.2632,33.1169,all_flights
OPIS,2022-06,73,21,73,17,146,28.7671,23.2877,26.0274,all_flights
OPIS,2022-09,73,17,75,14,148,23.2877,18.6667,20.9459,all_flights
OPIS,2022-12,79,18,80,22,159,22.7848,27.5,25.1572,all_flights
ORBI,2022-03,232,40,232,76,464,17.2414,32.7586,25.0,all_flights
ORBI,2022-06,299,46,296,109,595,15.3846,36.8243,26.0504,all_flights
ORBI,2022-09,360,73,365,154,725,20.2778,42.1918,31.3103,all_flights
ORBI,2022-12,249,67,248,123,497,26.9076,49.5968,38.2294,all_flights
ORER,2022-03,202,88,203,104,405,43.5644,51.2315,47.4074,all_flights
ORER,2022-06,247,95,244,107,491,38.4615,43.8525,41.1405,all_flights
ORER,2022-09,282,109,280,131,562,38.6525,46.7857,42.7046,all_flights
ORER,2022-12,214,104,214,64,428,48.5981,29.9065,39.2523,all_flights
OTHH,2022-03,2872,880,2759,1573,5631,30.6407,57.0134,43.5624,all_flights
OTHH,2022-06,3042,1237,2966,1830,6008,40.664,61.6993,51.0486,all_flights
OTHH,2022-09,2862,1216,2790,1261,5652,42.4878,45.1971,43.8252,all_flights
OTHH,2022-12,3162,1137,3113,893,6275,35.9583,28.6862,32.3506,all_flights
RCTP,2022-03,208,42,184,29,392,20.1923,15.7609,18.1122,all_flights
RCTP,2022-06,176,87,150,35,326,49.4318,23.3333,37.4233,all_flights
RCTP,2022-09,145,57,124,27,269,39.3103,21.7742,31.2268,all_flights
RCTP,2022-12,195,105,185,96,380,53.8462,51.8919,52.8947,all_flights
RJAA,2022-03,208,33,119,21,327,15.8654,17.6471,16.5138,all_flights
RJAA,2022-06,213,66,142,32,355,30.9859,22.5352,27.6056,all_flights
RJAA,2022-09,218,51,147,21,365,23.3945,14.2857,19.726,all_flights
RJAA,2022-12,204,39,136,47,340,19.1176,34.5588,25.2941,all_flights
RJTT,2022-03,137,27,138,42,275,19.708,30.4348,25.0909,all_flights
RJTT,2022-06,178,63,180,85,358,35.3933,47.2222,41.3408,all_flights
RJTT,2022-09,255,61,253,132,508,23.9216,52.1739,37.9921,all_flights
RJTT,2022-12,375,82,376,203,751,21.8667,53.9894,37.9494,all_flights
RKSI,2022-03,498,80,494,117,992,16.0643,23.6842,19.8589,all_flights
RKSI,2022-06,606,234,542,159,1148,38.6139,29.3358,34.2334,all_flights
RKSI,2022-09,789,218,741,199,1530,27.6299,26.8556,27.2549,all_flights
RKSI,2022-12,803,222,741,329,1544,27.6463,44.3995,35.6865,all_flights
SAEZ,2022-03,199,26,203,20,402,13.0653,9.8522,11.4428,all_flights
SAEZ,2022-06,240,61,236,41,476,25.4167,17.3729,21.4286,all_flights
SAEZ,2022-09,258,48,264,18,522,18.6047,6.8182,12.6437,all_flights
SAEZ,2022-12,307,71,309,71,616,23.127,22.9773,23.0519,all_flights
SBGL,2022-03,132,19,121,44,253,14.3939,36.3636,24.9012,all_flights
SBGL,2022-06,157,56,148,47,305,35.6688,31.7568,33.7705,all_flights
SBGL,2022-09,155,55,149,69,304,35.4839,46.3087,40.7895,all_flights
SBGL,2022-12,170,64,173,73,343,37.6471,42.1965,39.9417,all_flights
SBGR,2022-03,491,67,465,163,956,13.6456,35.0538,24.0586,all_flights
SBGR,2022-06,549,138,528,105,1077,25.1366,19.8864,22.5627,all_flights
SBGR,2022-09,592,146,581,194,1173,24.6622,33.3907,28.9855,all_flights
SBGR,2022-12,623,162,602,215,1225,26.0032,35.7143,30.7755,all_flights
SBKP,2022-03,112,15,93,32,205,13.3929,34.4086,22.9268,all_flights
SBKP,2022-06,107,49,96,30,203,45.7944,31.25,38.9163,all_flights
SBKP,2022-09,107,47,81,40,188,43.9252,49.3827,46.2766,all_flights
SBKP,2022-12,108,46,82,32,190,42.5926,39.0244,41.0526,all_flights
SCEL,2022-03,104,20,106,48,210,19.2308,45.283,32.381,all_flights
SCEL,2022-06,95,15,91,23,186,15.7895,25.2747,20.4301,all_flights
SCEL,2022-09,99,14,99,24,198,14.1414,24.2424,19.1919,all_flights
SCEL,2022-12,123,14,123,44,246,11.3821,35.7724,23.5772,all_flights
SKBO,2022-03,290,36,234,124,524,12.4138,52.9915,30.5344,all_flights
SKBO,2022-06,349,81,291,129,640,23.2092,44.3299,32.8125,all_flights
SKBO,2022-09,361,71,289,133,650,19.6676,46.0208,31.3846,all_flights
SKBO,2022-12,383,100,304,129,687,26.1097,42.4342,33.3333,all_flights
SPJC,2022-03,140,27,141,50,281,19.2857,35.461,27.4021,all_flights
SPJC,2022-06,153,54,152,34,305,35.2941,22.3684,28.8525,all_flights
SPJC,2022-09,159,31,159,50,318,19.4969,31.4465,25.4717,all_flights
SPJC,2022-12,168,39,169,76,337,23.2143,44.9704,34.1246,all_flights
TBPB,2022-03,202,19,184,72,386,9.4059,39.1304,23.5751,all_flights
TBPB,2022-06,60,13,62,17,122,21.6667,27.4194,24.5902,all_flights
TBPB,2022-09,60,11,62,17,122,18.3333,27.4194,22.9508,all_flights
TBPB,2022-12,210,39,204,122,414,18.5714,59.8039,38.8889,all_flights
TFFF,2022-03,170,66,161,65,331,38.8235,40.3727,39.577,all_flights
TFFF,2022-06,107,51,101,27,208,47.6636,26.7327,37.5,all_flights
TFFF,2022-09,96,40,97,33,193,41.6667,34.0206,37.8238,all_flights
TFFF,2022-12,159,79,153,104,312,49.6855,67.9739,58.6538,all_flights
TFFR,2022-03,164,64,180,60,344,39.0244,33.3333,36.0465,all_flights
TFFR,2022-06,110,57,116,50,226,51.8182,43.1034,47.3451,all_flights
TFFR,2022-09,95,36,101,46,196,37.8947,45.5446,41.8367,all_flights
TFFR,2022-12,181,107,185,97,366,59.116,52.4324,55.7377,all_flights
TNCC,2022-03,94,17,94,22,188,18.0851,23.4043,20.7447,all_flights
TNCC,2022-06,68,24,64,15,132,35.2941,23.4375,29.5455,all_flights
TNCC,2022-09,72,26,66,19,138,36.1111,28.7879,32.6087,all_flights
TNCC,2022-12,83,23,85,25,168,27.7108,29.4118,28.5714,all_flights
UAAA,2022-03,221,29,226,117,447,13.1222,51.7699,32.6622,all_flights
UAAA,2022-06,488,73,520,332,1008,14.959,63.8462,40.1786,all_flights
UAAA,2022-09,381,56,384,227,765,14.6982,59.1146,36.9935,all_flights
UAAA,2022-12,365,51,376,250,741,13.9726,66.4894,40.6208,all_flights
UACC,2022-03,95,27,105,67,200,28.4211,63.8095,47.0,all_flights
UACC,2022-06,257,55,253,145,510,21.4008,57.3123,39.2157,all_flights
UACC,2022-09,268,44,302,154,570,16.4179,50.9934,34.7368,all_flights
UACC,2022-12,196,58,235,156,431,29.5918,66.383,49.652,all_flights
UATE,2022-03,91,19,98,29,189,20.8791,29.5918,25.3968,all_flights
UATE,2022-06,110,22,110,33,220,20.0,30.0,25.0,all_flights
UATE,2022-09,126,24,129,40,255,19.0476,31.0078,25.098,all_flights
UATE,2022-12,105,21,108,45,213,20.0,41.6667,30.9859,all_flights
UBBB,2022-03,1431,313,1433,163,2864,21.8728,11.3747,16.6201,all_flights
UBBB,2022-06,2020,427,2010,195,4030,21.1386,9.7015,15.4342,all_flights
UBBB,2022-09,2086,407,2095,272,4181,19.511,12.9833,16.2401,all_flights
UBBB,2022-12,1999,499,2008,239,4007,24.9625,11.9024,18.4178,all_flights
UBBN,2022-03,262,17,261,28,523,6.4885,10.728,8.6042,all_flights
UBBN,2022-06,371,19,371,43,742,5.1213,11.5903,8.3558,all_flights
UBBN,2022-09,208,4,208,12,416,1.9231,5.7692,3.8462,all_flights
UBBN,2022-12,165,10,165,27,330,6.0606,16.3636,11.2121,all_flights
UCFM,2022-03,150,11,143,65,293,7.3333,45.4545,25.9386,all_flights
UCFM,2022-06,184,36,195,105,379,19.5652,53.8462,37.2032,all_flights
UCFM,2022-09,197,28,218,113,415,14.2132,51.8349,33.9759,all_flights
UCFM,2022-12,136,19,150,84,286,13.9706,56.0,36.014,all_flights
UDYZ,2022-03,452,139,446,87,898,30.7522,19.5067,25.167,all_flights
UDYZ,2022-06,1296,496,1288,243,2584,38.2716,18.8665,28.5991,all_flights
UDYZ,2022-09,1513,495,1498,335,3011,32.7165,22.3632,27.5656,all_flights
UDYZ,2022-12,1473,499,1477,283,2950,33.8764,19.1605,26.5085,all_flights
UGKO,2022-03,175,35,170,2,345,20.0,1.1765,10.7246,all_flights
UGKO,2022-06,250,62,247,31,497,24.8,12.5506,18.7123,all_flights
UGKO,2022-09,325,62,316,22,641,19.0769,6.962,13.1045,all_flights
UGKO,2022-12,293,51,291,4,584,17.4061,1.3746,9.4178,all_flights
UGSB,2022-03,95,5,95,15,190,5.2632,15.7895,10.5263,all_flights
UGSB,2022-06,190,20,190,15,380,10.5263,7.8947,9.2105,all_flights
UGSB,2022-09,266,24,263,15,529,9.0226,5.7034,7.3724,all_flights
UGSB,2022-12,99,10,109,4,208,10.101,3.6697,6.7308,all_flights
UGTB,2022-03,777,210,780,37,1557,27.027,4.7436,15.8638,all_flights
UGTB,2022-06,910,243,905,46,1815,26.7033,5.0829,15.9229,all_flights
UGTB,2022-09,1042,246,1039,60,2081,23.6084,5.7748,14.7045,all_flights
UGTB,2022-12,1036,313,1033,44,2069,30.2124,4.2594,17.2547,all_flights
ULLI,2022-03,329,44,338,49,667,13.3739,14.497,13.943,all_flights
ULLI,2022-06,752,193,759,159,1511,25.6649,20.9486,23.2958,all_flights
ULLI,2022-09,854,232,851,188,1705,27.1663,22.0917,24.6334,all_flights
ULLI,2022-12,520,169,547,243,1067,32.5,44.4241,38.6129,all_flights
UMKK,2022-03,562,128,613,41,1175,22.7758,6.6884,14.383,all_flights
UMKK,2022-06,1230,304,1221,71,2451,24.7154,5.8149,15.2999,all_flights
UMKK,2022-09,1353,398,1354,110,2707,29.4161,8.1241,18.7662,all_flights
UMKK,2022-12,787,377,788,138,1575,47.9034,17.5127,32.6984,all_flights
UMMS,2022-03,175,24,176,19,351,13.7143,10.7955,12.2507,all_flights
UMMS,2022-06,192,10,192,10,384,5.2083,5.2083,5.2083,all_flights
UMMS,2022-09,221,25,222,20,443,11.3122,9.009,10.158,all_flights
UMMS,2022-12,270,42,268,78,538,15.5556,29.1045,22.3048,all_flights
URMM,2022-03,46,13,39,16,85,28.2609,41.0256,34.1176,all_flights
URMM,2022-06,276,53,275,87,551,19.2029,31.6364,25.4083,all_flights
URMM,2022-09,268,75,265,104,533,27.9851,39.2453,33.5835,all_flights
URMM,2022-12,300,127,295,116,595,42.3333,39.322,40.8403,all_flights
URSS,2022-03,5,0,11,1,16,0.0,9.0909,6.25,all_flights
URSS,2022-06,472,73,474,133,946,15.4661,28.0591,21.7759,all_flights
URSS,2022-09,626,135,632,281,1258,21.5655,44.462,33.0684,all_flights
URSS,2022-12,583,120,582,151,1165,20.5832,25.945,23.2618,all_flights
USSS,2022-03,32,10,36,14,68,31.25,38.8889,35.2941,all_flights
USSS,2022-06,120,12,120,28,240,10.0,23.3333,16.6667,all_flights
USSS,2022-09,164,26,153,57,317,15.8537,37.2549,26.183,all_flights
USSS,2022-12,111,15,116,60,227,13.5135,51.7241,33.0396,all_flights
UTTT,2022-03,185,38,178,51,363,20.5405,28.6517,24.5179,all_flights
UTTT,2022-06,259,58,245,80,504,22.3938,32.6531,27.381,all_flights
UTTT,2022-09,290,69,273,80,563,23.7931,29.304,26.4654,all_flights
UTTT,2022-12,278,62,274,75,552,22.3022,27.3723,24.8188,all_flights
UUBW,2022-03,4,2,4,3,8,50.0,75.0,62.5,all_flights
UUBW,2022-06,78,21,75,26,153,26.9231,34.6667,30.719,all_flights
UUBW,2022-09,164,14,172,76,336,8.5366,44.186,26.7857,all_flights
UUBW,2022-12,70,5,72,29,142,7.1429,40.2778,23.9437,all_flights
UUDD,2022-03,290,67,341,105,631,23.1034,30.7918,27.2583,all_flights
UUDD,2022-06,808,268,822,226,1630,33.1683,27.4939,30.3067,all_flights
UUDD,2022-09,1055,374,1075,426,2130,35.4502,39.6279,37.5587,all_flights
UUDD,2022-12,841,277,924,559,1765,32.937,60.4978,47.3654,all_flights
UUEE,2022-03,420,117,433,108,853,27.8571,24.9423,26.3775,all_flights
UUEE,2022-06,878,284,884,86,1762,32.3462,9.7285,20.9989,all_flights
UUEE,2022-09,1179,190,1192,121,2371,16.1154,10.151,13.1168,all_flights
UUEE,2022-12,1172,338,1226,565,2398,28.8396,46.0848,37.6564,all_flights
UUWW,2022-03,550,169,543,361,1093,30.7273,66.4825,48.4904,all_flights
UUWW,2022-06,1286,454,1288,762,2574,35.3033,59.1615,47.2416,all_flights
UUWW,2022-09,1513,499,1504,1087,3017,32.9808,72.2739,52.5688,all_flights
UUWW,2022-12,1001,285,1006,753,2007,28.4715,74.8509,51.719,all_flights
UWKD,2022-03,50,9,51,31,101,18.0,60.7843,39.604,all_flights
UWKD,2022-06,175,32,178,119,353,18.2857,66.8539,42.7762,all_flights
UWKD,2022-09,217,45,216,131,433,20.7373,60.6481,40.6467,all_flights
UWKD,2022-12,150,39,150,102,300,26.0,68.0,47.0,all_flights
UWWW,2022-03,30,13,23,15,53,43.3333,65.2174,52.8302,all_flights
UWWW,2022-06,38,6,38,11,76,15.7895,28.9474,22.3684,all_flights
UWWW,2022-09,114,20,115,38,229,17.5439,33.0435,25.3275,all_flights
UWWW,2022-12,80,27,80,48,160,33.75,60.0,46.875,all_flights
VABB,2022-03,203,46,196,66,399,22.6601,33.6735,28.0702,all_flights
VABB,2022-06,336,159,323,154,659,47.3214,47.678,47.4962,all_flights
VABB,2022-09,348,102,339,127,687,29.3103,37.4631,33.3333,all_flights
VABB,2022-12,475,144,452,180,927,30.3158,39.823,34.9515,all_flights
VCBI,2022-03,76,24,96,25,172,31.5789,26.0417,28.4884,all_flights
VCBI,2022-06,52,36,52,18,104,69.2308,34.6154,51.9231,all_flights
VCBI,2022-09,54,26,58,23,112,48.1481,39.6552,43.75,all_flights
VCBI,2022-12,59,26,87,26,146,44.0678,29.8851,35.6164,all_flights
VGHS,2022-03,65,4,86,60,151,6.1538,69.7674,42.3841,all_flights
VGHS,2022-06,61,2,83,38,144,3.2787,45.7831,27.7778,all_flights
VGHS,2022-09,65,9,80,44,145,13.8462,55.0,36.5517,all_flights
VGHS,2022-12,34,4,36,23,70,11.7647,63.8889,38.5714,all_flights
VHHH,2022-03,190,22,206,55,396,11.5789,26.699,19.4444,all_flights
VHHH,2022-06,332,124,306,86,638,37.3494,28.1046,32.9154,all_flights
VHHH,2022-09,342,116,301,117,643,33.9181,38.8704,36.2364,all_flights
VHHH,2022-12,497,146,461,182,958,29.3763,39.4794,34.238,all_flights
VIDP,2022-03,662,250,486,213,1148,37.7644,43.8272,40.331,all_flights
VIDP,2022-06,860,401,829,446,1689,46.6279,53.7998,50.148,all_flights
VIDP,2022-09,903,342,900,383,1803,37.8738,42.5556,40.2108,all_flights
VIDP,2022-12,1032,375,1041,603,2073,36.3372,57.9251,47.178,all_flights
VOBL,2022-03,74,22,109,42,183,29.7297,38.5321,34.9727,all_flights
VOBL,2022-06,110,49,137,56,247,44.5455,40.8759,42.5101,all_flights
VOBL,2022-09,117,57,157,69,274,48.7179,43.949,45.9854,all_flights
VOBL,2022-12,141,50,167,109,308,35.461,65.2695,51.6234,all_flights
VRMM,2022-03,156,25,155,64,311,16.0256,41.2903,28.6174,all_flights
VRMM,2022-06,70,3,69,12,139,4.2857,17.3913,10.7914,all_flights
VRMM,2022-09,81,8,83,33,164,9.8765,39.759,25.0,all_flights
VRMM,2022-12,219,72,197,88,416,32.8767,44.6701,38.4615,all_flights
VTBS,2022-03,481,58,386,218,867,12.0582,56.4767,31.8339,all_flights
VTBS,2022-06,481,201,458,334,939,41.7879,72.9258,56.9755,all_flights
VTBS,2022-09,616,170,526,410,1142,27.5974,77.9468,50.7881,all_flights
VTBS,2022-12,747,176,673,578,1420,23.5609,85.8841,53.0986,all_flights
VVNB,2022-03,57,9,71,20,128,15.7895,28.169,22.6562,all_flights
VVNB,2022-06,75,42,87,26,162,56.0,29.8851,41.9753,all_flights
VVNB,2022-09,57,23,56,12,113,40.3509,21.4286,30.9735,all_flights
VVNB,2022-12,123,60,119,23,242,48.7805,19.3277,34.2975,all_flights
WMKK,2022-03,88,9,63,9,151,10.2273,14.2857,11.9205,all_flights
WMKK,2022-06,96,38,77,33,173,39.5833,42.8571,41.0405,all_flights
WMKK,2022-09,114,18,90,34,204,15.7895,37.7778,25.4902,all_flights
WMKK,2022-12,146,29,125,73,271,19.863,58.4,37.6384,all_flights
WSSS,2022-03,650,89,541,199,1191,13.6923,36.7837,24.1814,all_flights
WSSS,2022-06,778,287,666,471,1444,36.8895,70.7207,52.4931,all_flights
WSSS,2022-09,821,250,694,435,1515,30.4507,62.6801,45.2145,all_flights
WSSS,2022-12,914,294,794,590,1708,32.1663,74.3073,51.7564,all_flights
ZBAA,2022-03,230,37,260,42,490,16.087,16.1538,16.1224,all_flights
ZBAA,2022-06,227,60,256,23,483,26.4317,8.9844,17.1843,all_flights
ZBAA,2022-09,195,42,224,37,419,21.5385,16.5179,18.8544,all_flights
ZBAA,2022-12,129,31,137,29,266,24.031,21.1679,22.5564,all_flights
ZGGG,2022-03,151,38,124,41,275,25.1656,33.0645,28.7273,all_flights
ZGGG,2022-06,148,48,90,28,238,32.4324,31.1111,31.9328,all_flights
ZGGG,2022-09,107,44,65,18,172,41.1215,27.6923,36.0465,all_flights
ZGGG,2022-12,136,42,116,22,252,30.8824,18.9655,25.3968,all_flights
ZSPD,2022-03,414,62,410,158,824,14.9758,38.5366,26.699,all_flights
ZSPD,2022-06,447,140,454,143,901,31.3199,31.4978,31.4095,all_flights
ZSPD,2022-09,349,96,340,101,689,27.5072,29.7059,28.5922,all_flights
ZSPD,2022-12,345,104,336,89,681,30.1449,26.4881,28.3407,all_flights
BIKF,2022-03,426,61,539,95,965,14.3192,17.6252,16.1658,scheduled_duration_under_3h
BIKF,2022-06,602,176,782,232,1384,29.2359,29.6675,29.4798,scheduled_duration_under_3h
BIKF,2022-09,545,105,761,174,1306,19.2661,22.8647,21.3629,scheduled_duration_under_3h
BIKF,2022-12,455,98,680,213,1135,21.5385,31.3235,27.4009,scheduled_duration_under_3h
BKPR,2022-03,540,66,532,36,1072,12.2222,6.7669,9.5149,scheduled_duration_under_3h
BKPR,2022-06,678,207,667,104,1345,30.531,15.5922,23.1227,scheduled_duration_under_3h
BKPR,2022-09,659,127,639,126,1298,19.2716,19.7183,19.4915,scheduled_duration_under_3h
BKPR,2022-12,638,133,605,65,1243,20.8464,10.7438,15.9292,scheduled_duration_under_3h
DAAG,2022-03,275,116,372,67,647,42.1818,18.0108,28.2844,scheduled_duration_under_3h
DAAG,2022-06,668,312,698,228,1366,46.7066,32.6648,39.5315,scheduled_duration_under_3h
DAAG,2022-09,979,266,1043,342,2022,27.1706,32.79,30.0692,scheduled_duration_under_3h
DAAG,2022-12,1138,330,1166,259,2304,28.9982,22.2127,25.5642,scheduled_duration_under_3h
DABC,2022-03,34,21,36,2,70,61.7647,5.5556,32.8571,scheduled_duration_under_3h
DABC,2022-06,70,21,73,15,143,30.0,20.5479,25.1748,scheduled_duration_under_3h
DABC,2022-09,101,45,120,27,221,44.5545,22.5,32.5792,scheduled_duration_under_3h
DABC,2022-12,160,56,194,29,354,35.0,14.9485,24.0113,scheduled_duration_under_3h
DAOO,2022-03,54,31,65,9,119,57.4074,13.8462,33.6134,scheduled_duration_under_3h
DAOO,2022-06,205,83,212,21,417,40.4878,9.9057,24.94,scheduled_duration_under_3h
DAOO,2022-09,255,73,252,30,507,28.6275,11.9048,20.3156,scheduled_duration_under_3h
DAOO,2022-12,317,93,314,24,631,29.3375,7.6433,18.542,scheduled_duration_under_3h
DTMB,2022-03,133,44,125,4,258,33.0827,3.2,18.6047,scheduled_duration_under_3h
DTMB,2022-06,203,74,202,36,405,36.4532,17.8218,27.1605,scheduled_duration_under_3h
DTMB,2022-09,239,67,246,32,485,28.0335,13.0081,20.4124,scheduled_duration_under_3h
DTMB,2022-12,159,59,160,8,319,37.1069,5.0,21.0031,scheduled_duration_under_3h
DTTA,2022-03,1075,236,1135,141,2210,21.9535,12.4229,17.0588,scheduled_duration_under_3h
DTTA,2022-06,1309,384,1330,219,2639,29.3354,16.4662,22.8496,scheduled_duration_under_3h
DTTA,2022-09,1403,388,1462,303,2865,27.655,20.725,24.1187,scheduled_duration_under_3h
DTTA,2022-12,1241,323,1223,172,2464,26.0274,14.0638,20.0893,scheduled_duration_under_3h
DTTJ,2022-03,178,37,178,3,356,20.7865,1.6854,11.236,scheduled_duration_under_3h
DTTJ,2022-06,340,92,314,41,654,27.0588,13.0573,20.3364,scheduled_duration_under_3h
DTTJ,2022-09,391,79,352,43,743,20.2046,12.2159,16.4199,scheduled_duration_under_3h
DTTJ,2022-12,204,55,157,12,361,26.9608,7.6433,18.5596,scheduled_duration_under_3h
EBAW,2022-03,56,0,59,2,115,0.0,3.3898,1.7391,scheduled_duration_under_3h
EBAW,2022-06,121,23,121,17,242,19.0083,14.0496,16.5289,scheduled_duration_under_3h
EBAW,2022-09,76,13,78,15,154,17.1053,19.2308,18.1818,scheduled_duration_under_3h
EBAW,2022-12,54,0,54,4,108,0.0,7.4074,3.7037,scheduled_duration_under_3h
EBBR,2022-03,4193,361,4205,126,8398,8.6096,2.9964,5.799,scheduled_duration_under_3h
EBBR,2022-06,5172,1239,5080,816,10252,23.9559,16.063,20.0449,scheduled_duration_under_3h
EBBR,2022-09,5708,1053,5815,779,11523,18.4478,13.3964,15.8986,scheduled_duration_under_3h
EBBR,2022-12,4642,738,4717,494,9359,15.8983,10.4728,13.1638,scheduled_duration_under_3h
EBCI,2022-03,1717,81,1728,47,3445,4.7175,2.7199,3.7155,scheduled_duration_under_3h
EBCI,2022-06,2044,508,2020,574,4064,24.8532,28.4158,26.624,scheduled_duration_under_3h
EBCI,2022-09,2187,418,2208,469,4395,19.1129,21.2409,20.182,scheduled_duration_under_3h
EBCI,2022-12,1610,144,1658,106,3268,8.9441,6.3932,7.6499,scheduled_duration_under_3h
EBLG,2022-03,739,21,805,47,1544,2.8417,5.8385,4.4041,scheduled_duration_under_3h
EBLG,2022-06,294,31,403,43,697,10.5442,10.67,10.6169,scheduled_duration_under_3h
EBLG,2022-09,323,42,427,41,750,13.0031,9.6019,11.0667,scheduled_duration_under_3h
EBLG,2022-12,315,40,425,56,740,12.6984,13.1765,12.973,scheduled_duration_under_3h
EBOS,2022-03,53,0,49,2,102,0.0,4.0816,1.9608,scheduled_duration_under_3h
EBOS,2022-06,93,10,77,12,170,10.7527,15.5844,12.9412,scheduled_duration_under_3h
EBOS,2022-09,101,8,99,24,200,7.9208,24.2424,16.0,scheduled_duration_under_3h
EBOS,2022-12,64,2,66,0,130,3.125,0.0,1.5385,scheduled_duration_under_3h
EDDB,2022-03,4518,442,4438,560,8956,9.7831,12.6183,11.188,scheduled_duration_under_3h
EDDB,2022-06,5472,1741,5409,2085,10881,31.8165,38.5469,35.1622,scheduled_duration_under_3h
EDDB,2022-09,5756,1685,5772,2367,11528,29.2738,41.0083,35.1492,scheduled_duration_under_3h
EDDB,2022-12,4516,786,4534,1581,9050,17.4048,34.8699,26.1547,scheduled_duration_under_3h
EDDC,2022-03,283,5,281,9,564,1.7668,3.2028,2.4823,scheduled_duration_under_3h
EDDC,2022-06,378,72,412,99,790,19.0476,24.0291,21.6456,scheduled_duration_under_3h
EDDC,2022-09,389,64,423,92,812,16.4524,21.7494,19.2118,scheduled_duration_under_3h
EDDC,2022-12,262,23,264,29,526,8.7786,10.9848,9.8859,scheduled_duration_under_3h
EDDF,2022-03,8399,118,8669,722,17068,1.4049,8.3285,4.9215,scheduled_duration_under_3h
EDDF,2022-06,11461,913,11536,4125,22997,7.9661,35.7576,21.9072,scheduled_duration_under_3h
EDDF,2022-09,10375,592,10893,2983,21268,5.706,27.3846,16.8093,scheduled_duration_under_3h
EDDF,2022-12,9423,527,9545,2685,18968,5.5927,28.1299,16.9338,scheduled_duration_under_3h
EDDG,2022-03,160,3,162,3,322,1.875,1.8519,1.8634,scheduled_duration_under_3h
EDDG,2022-06,258,48,267,59,525,18.6047,22.0974,20.381,scheduled_duration_under_3h
EDDG,2022-09,261,38,262,44,523,14.5594,16.7939,15.6788,scheduled_duration_under_3h
EDDG,2022-12,140,10,144,19,284,7.1429,13.1944,10.2113,scheduled_duration_under_3h
EDDH,2022-03,2552,85,2557,213,5109,3.3307,8.3301,5.8328,scheduled_duration_under_3h
EDDH,2022-06,3285,462,3342,1167,6627,14.0639,34.9192,24.5813,scheduled_duration_under_3h
EDDH,2022-09,3338,361,3495,975,6833,10.8149,27.897,19.5522,scheduled_duration_under_3h
EDDH,2022-12,2568,194,2697,463,5265,7.5545,17.1672,12.4786,scheduled_duration_under_3h
EDDK,2022-03,2533,185,2525,46,5058,7.3036,1.8218,4.567,scheduled_duration_under_3h
EDDK,2022-06,3142,974,3239,920,6381,30.9994,28.4038,29.6819,scheduled_duration_under_3h
EDDK,2022-09,3163,780,3440,632,6603,24.6601,18.3721,21.3842,scheduled_duration_under_3h
EDDK,2022-12,2310,373,2433,149,4743,16.1472,6.1241,11.0057,scheduled_duration_under_3h
EDDL,2022-03,3121,163,3194,177,6315,5.2227,5.5416,5.384,scheduled_duration_under_3h
EDDL,2022-06,4316,1158,4290,1738,8606,26.8304,40.5128,33.6509,scheduled_duration_under_3h
EDDL,2022-09,4590,826,4870,1596,9460,17.9956,32.7721,25.6025,scheduled_duration_under_3h
EDDL,2022-12,3003,381,3152,530,6155,12.6873,16.8147,14.801,scheduled_duration_under_3h
EDDM,2022-03,7324,148,7386,396,14710,2.0208,5.3615,3.6982,scheduled_duration_under_3h
EDDM,2022-06,10497,1399,10325,3383,20822,13.3276,32.7651,22.9661,scheduled_duration_under_3h
EDDM,2022-09,10803,1074,10815,3186,21618,9.9417,29.4591,19.7058,scheduled_duration_under_3h
EDDM,2022-12,8356,669,8173,2086,16529,8.0062,25.5231,16.6677,scheduled_duration_under_3h
EDDN,2022-03,486,42,500,16,986,8.642,3.2,5.8824,scheduled_duration_under_3h
EDDN,2022-06,1022,273,1180,329,2202,26.7123,27.8814,27.3388,scheduled_duration_under_3h
EDDN,2022-09,1069,243,1199,203,2268,22.7315,16.9308,19.6649,scheduled_duration_under_3h
EDDN,2022-12,654,79,682,40,1336,12.0795,5.8651,8.9072,scheduled_duration_under_3h
EDDP,2022-03,2254,84,2253,24,4507,3.7267,1.0652,2.3963,scheduled_duration_under_3h
EDDP,2022-06,2189,337,2270,263,4459,15.3952,11.5859,13.4559,scheduled_duration_under_3h
EDDP,2022-09,2241,223,2345,176,4586,9.9509,7.5053,8.7004,scheduled_duration_under_3h
EDDP,2022-12,2101,213,2052,78,4153,10.138,3.8012,7.007,scheduled_duration_under_3h
EDDR,2022-03,40,3,40,3,80,7.5,7.5,7.5,scheduled_duration_under_3h
EDDR,2022-06,77,18,78,22,155,23.3766,28.2051,25.8065,scheduled_duration_under_3h
EDDR,2022-09,96,11,98,19,194,11.4583,19.3878,15.4639,scheduled_duration_under_3h
EDDR,2022-12,46,5,47,8,93,10.8696,17.0213,13.9785,scheduled_duration_under_3h
EDDS,2022-03,1638,92,1674,93,3312,5.6166,5.5556,5.5857,scheduled_duration_under_3h
EDDS,2022-06,2532,559,2719,662,5251,22.0774,24.3472,23.2527,scheduled_duration_under_3h
EDDS,2022-09,2676,516,2925,593,5601,19.2825,20.2735,19.8,scheduled_duration_under_3h
EDDS,2022-12,1670,252,1734,327,3404,15.0898,18.8581,17.0094,scheduled_duration_under_3h
EDDV,2022-03,752,59,801,45,1553,7.8457,5.618,6.6967,scheduled_duration_under_3h
EDDV,2022-06,1073,246,1149,257,2222,22.9264,22.3673,22.6373,scheduled_duration_under_3h
EDDV,2022-09,1047,202,1219,188,2266,19.2932,15.4225,17.2109,scheduled_duration_under_3h
EDDV,2022-12,739,91,811,64,1550,12.3139,7.8915,10.0,scheduled_duration_under_3h
EDDW,2022-03,365,17,370,22,735,4.6575,5.9459,5.3061,scheduled_duration_under_3h
EDDW,2022-06,549,75,592,111,1141,13.6612,18.75,16.3015,scheduled_duration_under_3h
EDDW,2022-09,533,98,578,102,1111,18.3865,17.6471,18.0018,scheduled_duration_under_3h
EDDW,2022-12,396,58,421,53,817,14.6465,12.5891,13.5863,scheduled_duration_under_3h
EDFH,2022-03,256,19,257,7,513,7.4219,2.7237,5.0682,scheduled_duration_under_3h
EDFH,2022-06,405,127,412,152,817,31.358,36.8932,34.1493,scheduled_duration_under_3h
EDFH,2022-09,413,99,415,111,828,23.9709,26.747,25.3623,scheduled_duration_under_3h
EDFH,2022-12,319,38,309,29,628,11.9122,9.3851,10.6688,scheduled_duration_under_3h
EDHL,2022-03,49,1,49,4,98,2.0408,8.1633,5.102,scheduled_duration_under_3h
EDHL,2022-06,130,24,132,29,262,18.4615,21.9697,20.229,scheduled_duration_under_3h
EDHL,2022-09,109,20,116,19,225,18.3486,16.3793,17.3333,scheduled_duration_under_3h
EDHL,2022-12,48,3,48,3,96,6.25,6.25,6.25,scheduled_duration_under_3h
EDJA,2022-03,361,33,359,12,720,9.1413,3.3426,6.25,scheduled_duration_under_3h
EDJA,2022-06,522,151,524,101,1046,28.9272,19.2748,24.0918,scheduled_duration_under_3h
EDJA,2022-09,562,167,565,122,1127,29.7153,21.5929,25.6433,scheduled_duration_under_3h
EDJA,2022-12,459,68,457,38,916,14.8148,8.3151,11.5721,scheduled_duration_under_3h
EDLP,2022-03,43,0,24,1,67,0.0,4.1667,1.4925,scheduled_duration_under_3h
EDLP,2022-06,102,23,106,23,208,22.549,21.6981,22.1154,scheduled_duration_under_3h
EDLP,2022-09,97,6,109,14,206,6.1856,12.844,9.7087,scheduled_duration_under_3h
EDLP,2022-12,53,4,57,5,110,7.5472,8.7719,8.1818,scheduled_duration_under_3h
EDLV,2022-03,141,3,146,8,287,2.1277,5.4795,3.8328,scheduled_duration_under_3h
EDLV,2022-06,302,72,285,85,587,23.8411,29.8246,26.7462,scheduled_duration_under_3h
EDLV,2022-09,295,48,306,80,601,16.2712,26.1438,21.2978,scheduled_duration_under_3h
EDLV,2022-12,85,7,83,5,168,8.2353,6.0241,7.1429,scheduled_duration_under_3h
EDLW,2022-03,562,40,567,21,1129,7.1174,3.7037,5.403,scheduled_duration_under_3h
EDLW,2022-06,751,209,756,315,1507,27.8296,41.6667,34.7711,scheduled_duration_under_3h
EDLW,2022-09,761,184,788,249,1549,24.1787,31.599,27.9535,scheduled_duration_under_3h
EDLW,2022-12,605,58,621,65,1226,9.5868,10.467,10.0326,scheduled_duration_under_3h
EDNY,2022-03,65,4,66,0,131,6.1538,0.0,3.0534,scheduled_duration_under_3h
EDNY,2022-06,140,14,144,17,284,10.0,11.8056,10.9155,scheduled_duration_under_3h
EDNY,2022-09,119,19,118,17,237,15.9664,14.4068,15.1899,scheduled_duration_under_3h
EDNY,2022-12,77,10,76,6,153,12.987,7.8947,10.4575,scheduled_duration_under_3h
EDSB,2022-03,243,6,230,7,473,2.4691,3.0435,2.7484,scheduled_duration_under_3h
EDSB,2022-06,393,63,381,66,774,16.0305,17.3228,16.6667,scheduled_duration_under_3h
EDSB,2022-09,408,61,387,72,795,14.951,18.6047,16.7296,scheduled_duration_under_3h
EDSB,2022-12,264,24,244,14,508,9.0909,5.7377,7.4803,scheduled_duration_under_3h
EDXW,2022-03,18,1,18,3,36,5.5556,16.6667,11.1111,scheduled_duration_under_3h
EDXW,2022-06,108,13,108,20,216,12.037,18.5185,15.2778,scheduled_duration_under_3h
EDXW,2022-09,116,17,116,9,232,14.6552,7.7586,11.2069,scheduled_duration_under_3h
EDXW,2022-12,15,2,15,1,30,13.3333,6.6667,10.0,scheduled_duration_under_3h
EETN,2022-03,975,28,963,10,1938,2.8718,1.0384,1.9608,scheduled_duration_under_3h
EETN,2022-06,1153,69,1145,66,2298,5.9844,5.7642,5.8747,scheduled_duration_under_3h
EETN,2022-09,1169,72,1146,25,2315,6.1591,2.1815,4.1901,scheduled_duration_under_3h
EETN,2022-12,1009,111,971,32,1980,11.001,3.2956,7.2222,scheduled_duration_under_3h
EFHK,2022-03,3866,159,3826,230,7692,4.1128,6.0115,5.0572,scheduled_duration_under_3h
EFHK,2022-06,4206,468,4202,541,8408,11.127,12.8748,12.0005,scheduled_duration_under_3h
EFHK,2022-09,4368,314,4360,326,8728,7.1886,7.4771,7.3327,scheduled_duration_under_3h
EFHK,2022-12,4410,596,4221,808,8631,13.5147,19.1424,16.2669,scheduled_duration_under_3h
EFIV,2022-03,86,6,85,1,171,6.9767,1.1765,4.0936,scheduled_duration_under_3h
EFIV,2022-06,29,8,29,0,58,27.5862,0.0,13.7931,scheduled_duration_under_3h
EFIV,2022-09,35,4,35,0,70,11.4286,0.0,5.7143,scheduled_duration_under_3h
EFIV,2022-12,126,19,125,3,251,15.0794,2.4,8.7649,scheduled_duration_under_3h
EFKK,2022-03,102,1,101,0,203,0.9804,0.0,0.4926,scheduled_duration_under_3h
EFKK,2022-06,107,3,108,0,215,2.8037,0.0,1.3953,scheduled_duration_under_3h
EFKK,2022-09,41,2,41,0,82,4.878,0.0,2.439,scheduled_duration_under_3h
EFKK,2022-12,95,8,95,0,190,8.4211,0.0,4.2105,scheduled_duration_under_3h
EFKT,2022-03,123,19,120,0,243,15.4472,0.0,7.8189,scheduled_duration_under_3h
EFKT,2022-06,29,0,29,0,58,0.0,0.0,0.0,scheduled_duration_under_3h
EFKT,2022-09,39,1,39,0,78,2.5641,0.0,1.2821,scheduled_duration_under_3h
EFKT,2022-12,172,28,156,2,328,16.2791,1.2821,9.1463,scheduled_duration_under_3h
EFKU,2022-03,97,3,100,2,197,3.0928,2.0,2.5381,scheduled_duration_under_3h
EFKU,2022-06,108,15,108,0,216,13.8889,0.0,6.9444,scheduled_duration_under_3h
EFKU,2022-09,116,3,116,0,232,2.5862,0.0,1.2931,scheduled_duration_under_3h
EFKU,2022-12,107,12,107,3,214,11.215,2.8037,7.0093,scheduled_duration_under_3h
EFMA,2022-03,25,1,25,0,50,4.0,0.0,2.0,scheduled_duration_under_3h
EFMA,2022-06,73,1,73,1,146,1.3699,1.3699,1.3699,scheduled_duration_under_3h
EFMA,2022-09,86,0,86,0,172,0.0,0.0,0.0,scheduled_duration_under_3h
EFMA,2022-12,67,2,68,0,135,2.9851,0.0,1.4815,scheduled_duration_under_3h
EFOU,2022-03,210,7,209,0,419,3.3333,0.0,1.6706,scheduled_duration_under_3h
EFOU,2022-06,254,14,255,1,509,5.5118,0.3922,2.947,scheduled_duration_under_3h
EFOU,2022-09,275,12,275,2,550,4.3636,0.7273,2.5455,scheduled_duration_under_3h
EFOU,2022-12,215,44,215,7,430,20.4651,3.2558,11.8605,scheduled_duration_under_3h
EFRO,2022-03,168,12,167,3,335,7.1429,1.7964,4.4776,scheduled_duration_under_3h
EFRO,2022-06,115,13,115,0,230,11.3043,0.0,5.6522,scheduled_duration_under_3h
EFRO,2022-09,131,5,131,0,262,3.8168,0.0,1.9084,scheduled_duration_under_3h
EFRO,2022-12,294,63,279,19,573,21.4286,6.81,14.3106,scheduled_duration_under_3h
EFTP,2022-03,18,0,17,0,35,0.0,0.0,0.0,scheduled_duration_under_3h
EFTP,2022-06,125,8,120,4,245,6.4,3.3333,4.898,scheduled_duration_under_3h
EFTP,2022-09,123,6,122,1,245,4.878,0.8197,2.8571,scheduled_duration_under_3h
EFTP,2022-12,123,16,121,7,244,13.0081,5.7851,9.4262,scheduled_duration_under_3h
EFTU,2022-03,48,8,49,0,97,16.6667,0.0,8.2474,scheduled_duration_under_3h
EFTU,2022-06,103,7,107,4,210,6.7961,3.7383,5.2381,scheduled_duration_under_3h
EFTU,2022-09,107,2,107,1,214,1.8692,0.9346,1.4019,scheduled_duration_under_3h
EFTU,2022-12,143,29,143,1,286,20.2797,0.6993,10.4895,scheduled_duration_under_3h
EFVA,2022-03,38,1,38,0,76,2.6316,0.0,1.3158,scheduled_duration_under_3h
EFVA,2022-06,84,8,84,0,168,9.5238,0.0,4.7619,scheduled_duration_under_3h
EFVA,2022-09,86,2,86,2,172,2.3256,2.3256,2.3256,scheduled_duration_under_3h
EFVA,2022-12,84,2,84,1,168,2.381,1.1905,1.7857,scheduled_duration_under_3h
EGAA,2022-03,1411,51,1388,11,2799,3.6145,0.7925,2.2151,scheduled_duration_under_3h
EGAA,2022-06,1571,170,1533,89,3104,10.8211,5.8056,8.3441,scheduled_duration_under_3h
EGAA,2022-09,1556,126,1585,87,3141,8.0977,5.489,6.7813,scheduled_duration_under_3h
EGAA,2022-12,1212,70,1217,48,2429,5.7756,3.9441,4.858,scheduled_duration_under_3h
EGAC,2022-03,630,31,631,4,1261,4.9206,0.6339,2.7756,scheduled_duration_under_3h
EGAC,2022-06,1005,85,1011,52,2016,8.4577,5.1434,6.7956,scheduled_duration_under_3h
EGAC,2022-09,1386,128,1384,73,2770,9.2352,5.2746,7.2563,scheduled_duration_under_3h
EGAC,2022-12,1136,79,1137,67,2273,6.9542,5.8927,6.4232,scheduled_duration_under_3h
EGAE,2022-03,121,1,121,2,242,0.8264,1.6529,1.2397,scheduled_duration_under_3h
EGAE,2022-06,151,9,151,9,302,5.9603,5.9603,5.9603,scheduled_duration_under_3h
EGAE,2022-09,139,6,138,9,277,4.3165,6.5217,5.4152,scheduled_duration_under_3h
EGAE,2022-12,147,5,145,8,292,3.4014,5.5172,4.4521,scheduled_duration_under_3h
EGBB,2022-03,1679,75,1683,27,3362,4.4669,1.6043,3.0339,scheduled_duration_under_3h
EGBB,2022-06,2403,390,2442,208,4845,16.2297,8.5176,12.3426,scheduled_duration_under_3h
EGBB,2022-09,2575,392,2635,218,5210,15.2233,8.2732,11.7083,scheduled_duration_under_3h
EGBB,2022-12,2081,232,2127,84,4208,11.1485,3.9492,7.5095,scheduled_duration_under_3h
EGCC,2022-03,3677,413,3654,202,7331,11.232,5.5282,8.389,scheduled_duration_under_3h
EGCC,2022-06,4895,1159,4840,811,9735,23.6772,16.7562,20.2363,scheduled_duration_under_3h
EGCC,2022-09,4611,1145,4672,815,9283,24.8319,17.4443,21.1139,scheduled_duration_under_3h
EGCC,2022-12,3796,712,3820,352,7616,18.7566,9.2147,13.9706,scheduled_duration_under_3h
EGCN,2022-03,89,6,94,2,183,6.7416,2.1277,4.3716,scheduled_duration_under_3h
EGCN,2022-06,153,28,170,15,323,18.3007,8.8235,13.3127,scheduled_duration_under_3h
EGCN,2022-09,149,22,167,21,316,14.7651,12.5749,13.6076,scheduled_duration_under_3h
EGFF,2022-03,121,3,123,3,244,2.4793,2.439,2.459,scheduled_duration_under_3h
EGFF,2022-06,225,25,231,17,456,11.1111,7.3593,9.2105,scheduled_duration_under_3h
EGFF,2022-09,240,41,247,16,487,17.0833,6.4777,11.7043,scheduled_duration_under_3h
EGFF,2022-12,164,21,163,6,327,12.8049,3.681,8.2569,scheduled_duration_under_3h
EGGD,2022-03,1573,131,1574,24,3147,8.328,1.5248,4.9253,scheduled_duration_under_3h
EGGD,2022-06,2201,468,2242,251,4443,21.2631,11.1954,16.1828,scheduled_duration_under_3h
EGGD,2022-09,2056,409,2099,240,4155,19.893,11.434,15.6197,scheduled_duration_under_3h
EGGD,2022-12,1534,236,1547,50,3081,15.3846,3.2321,9.2827,scheduled_duration_under_3h
EGGP,2022-03,880,28,894,26,1774,3.1818,2.9083,3.044,scheduled_duration_under_3h
EGGP,2022-06,1115,148,1158,120,2273,13.2735,10.3627,11.7906,scheduled_duration_under_3h
EGGP,2022-09,1103,125,1159,106,2262,11.3327,9.1458,10.2122,scheduled_duration_under_3h
EGGP,2022-12,802,70,820,59,1622,8.7282,7.1951,7.9531,scheduled_duration_under_3h
EGGW,2022-03,2366,214,2433,114,4799,9.0448,4.6856,6.8348,scheduled_duration_under_3h
EGGW,2022-06,3079,681,3410,697,6489,22.1176,20.4399,21.2359,scheduled_duration_under_3h
EGGW,2022-09,3061,519,3461,599,6522,16.9552,17.3071,17.142,scheduled_duration_under_3h
EGGW,2022-12,2462,331,2898,341,5360,13.4444,11.7667,12.5373,scheduled_duration_under_3h
EGHH,2022-03,117,10,118,10,235,8.547,8.4746,8.5106,scheduled_duration_under_3h
EGHH,2022-06,199,34,202,24,401,17.0854,11.8812,14.4638,scheduled_duration_under_3h
EGHH,2022-09,195,28,208,34,403,14.359,16.3462,15.3846,scheduled_duration_under_3h
EGHH,2022-12,91,13,95,10,186,14.2857,10.5263,12.3656,scheduled_duration_under_3h
EGHI,2022-03,597,32,597,16,1194,5.3601,2.6801,4.0201,scheduled_duration_under_3h
EGHI,2022-06,688,110,684,51,1372,15.9884,7.4561,11.7347,scheduled_duration_under_3h
EGHI,2022-09,728,95,729,40,1457,13.0495,5.487,9.2656,scheduled_duration_under_3h
EGHI,2022-12,633,73,634,35,1267,11.5324,5.5205,8.5241,scheduled_duration_under_3h
EGHQ,2022-03,112,3,110,4,222,2.6786,3.6364,3.1532,scheduled_duration_under_3h
EGHQ,2022-06,196,14,196,20,392,7.1429,10.2041,8.6735,scheduled_duration_under_3h
EGHQ,2022-09,201,13,202,25,403,6.4677,12.3762,9.4293,scheduled_duration_under_3h
EGHQ,2022-12,171,12,173,21,344,7.0175,12.1387,9.593,scheduled_duration_under_3h
EGJA,2022-03,174,2,172,0,346,1.1494,0.0,0.578,scheduled_duration_under_3h
EGJA,2022-06,197,0,197,0,394,0.0,0.0,0.0,scheduled_duration_under_3h
EGJA,2022-09,202,6,203,5,405,2.9703,2.4631,2.716,scheduled_duration_under_3h
EGJA,2022-12,154,4,151,0,305,2.5974,0.0,1.3115,scheduled_duration_under_3h
EGJB,2022-03,600,12,601,2,1201,2.0,0.3328,1.1657,scheduled_duration_under_3h
EGJB,2022-06,773,28,772,17,1545,3.6223,2.2021,2.9126,scheduled_duration_under_3h
EGJB,2022-09,752,30,750,34,1502,3.9894,4.5333,4.261,scheduled_duration_under_3h
EGJB,2022-12,601,20,602,13,1203,3.3278,2.1595,2.7431,scheduled_duration_under_3h
EGJJ,2022-03,616,29,612,12,1228,4.7078,1.9608,3.3388,scheduled_duration_under_3h
EGJJ,2022-06,834,82,840,50,1674,9.8321,5.9524,7.8853,scheduled_duration_under_3h
EGJJ,2022-09,868,73,865,77,1733,8.4101,8.9017,8.6555,scheduled_duration_under_3h
EGJJ,2022-12,573,47,574,24,1147,8.2024,4.1812,6.1901,scheduled_duration_under_3h
EGKK,2022-03,4606,472,4552,94,9158,10.2475,2.065,6.1804,scheduled_duration_under_3h
EGKK,2022-06,7563,3300,7533,889,15096,43.6335,11.8014,27.7491,scheduled_duration_under_3h
EGKK,2022-09,7971,3184,8058,775,16029,39.9448,9.6178,24.699,scheduled_duration_under_3h
EGKK,2022-12,6335,1714,6309,213,12644,27.056,3.3761,15.2404,scheduled_duration_under_3h
EGLC,2022-03,1508,102,1520,76,3028,6.7639,5.0,5.8785,scheduled_duration_under_3h
EGLC,2022-06,2044,390,2051,324,4095,19.0802,15.7972,17.4359,scheduled_duration_under_3h
EGLC,2022-09,2078,364,2098,302,4176,17.5168,14.3947,15.9483,scheduled_duration_under_3h
EGLC,2022-12,1816,299,1825,179,3641,16.4648,9.8082,13.1283,scheduled_duration_under_3h
EGLL,2022-03,8012,1601,7983,305,15995,19.9825,3.8206,11.9162,scheduled_duration_under_3h
EGLL,2022-06,9581,3880,9482,1825,19063,40.4968,19.247,29.9271,scheduled_duration_under_3h
EGLL,2022-09,8735,3814,8815,1383,17550,43.6634,15.6892,29.6125,scheduled_duration_under_3h
EGLL,2022-12,9274,4019,9338,1108,18612,43.3362,11.8655,27.5467,scheduled_duration_under_3h
EGNJ,2022-03,62,1,59,0,121,1.6129,0.0,0.8264,scheduled_duration_under_3h
EGNJ,2022-06,111,19,112,10,223,17.1171,8.9286,13.0045,scheduled_duration_under_3h
EGNJ,2022-09,100,16,102,7,202,16.0,6.8627,11.3861,scheduled_duration_under_3h
EGNJ,2022-12,88,9,87,5,175,10.2273,5.7471,8.0,scheduled_duration_under_3h
EGNM,2022-03,498,45,502,15,1000,9.0361,2.988,6.0,scheduled_duration_under_3h
EGNM,2022-06,1116,198,1091,118,2207,17.7419,10.8158,14.3181,scheduled_duration_under_3h
EGNM,2022-09,1032,172,1074,124,2106,16.6667,11.5456,14.0551,scheduled_duration_under_3h
EGNM,2022-12,547,66,564,28,1111,12.0658,4.9645,8.4608,scheduled_duration_under_3h
EGNS,2022-03,343,14,343,6,686,4.0816,1.7493,2.9155,scheduled_duration_under_3h
EGNS,2022-06,445,38,444,33,889,8.5393,7.4324,7.9865,scheduled_duration_under_3h
EGNS,2022-09,400,23,400,18,800,5.75,4.5,5.125,scheduled_duration_under_3h
EGNS,2022-12,398,26,396,30,794,6.5327,7.5758,7.0529,scheduled_duration_under_3h
EGNT,2022-03,741,57,749,31,1490,7.6923,4.1389,5.906,scheduled_duration_under_3h
EGNT,2022-06,1179,202,1156,162,2335,17.1332,14.0138,15.5889,scheduled_duration_under_3h
EGNT,2022-09,1036,203,1089,164,2125,19.5946,15.0597,17.2706,scheduled_duration_under_3h
EGNT,2022-12,834,148,840,97,1674,17.7458,11.5476,14.6356,scheduled_duration_under_3h
EGNV,2022-03,117,4,117,3,234,3.4188,2.5641,2.9915,scheduled_duration_under_3h
EGNV,2022-06,148,18,147,14,295,12.1622,9.5238,10.8475,scheduled_duration_under_3h
EGNV,2022-09,145,21,147,8,292,14.4828,5.4422,9.9315,scheduled_duration_under_3h
EGNV,2022-12,115,11,115,3,230,9.5652,2.6087,6.087,scheduled_duration_under_3h
EGNX,2022-03,1586,67,1660,27,3246,4.2245,1.6265,2.8959,scheduled_duration_under_3h
EGNX,2022-06,1863,221,1909,137,3772,11.8626,7.1765,9.491,scheduled_duration_under_3h
EGNX,2022-09,1743,197,1813,154,3556,11.3024,8.4942,9.8706,scheduled_duration_under_3h
EGNX,2022-12,1396,122,1420,33,2816,8.7393,2.3239,5.5043,scheduled_duration_under_3h
EGPA,2022-03,277,12,278,6,555,4.3321,2.1583,3.2432,scheduled_duration_under_3h
EGPA,2022-06,260,21,258,19,518,8.0769,7.3643,7.722,scheduled_duration_under_3h
EGPA,2022-09,249,12,247,25,496,4.8193,10.1215,7.4597,scheduled_duration_under_3h
EGPA,2022-12,188,25,188,16,376,13.2979,8.5106,10.9043,scheduled_duration_under_3h
EGPB,2022-03,476,62,473,21,949,13.0252,4.4397,8.746,scheduled_duration_under_3h
EGPB,2022-06,475,59,478,43,953,12.4211,8.9958,10.703,scheduled_duration_under_3h
EGPB,2022-09,466,69,467,39,933,14.8069,8.3512,11.5756,scheduled_duration_under_3h
EGPB,2022-12,338,66,337,42,675,19.5266,12.4629,16.0,scheduled_duration_under_3h
EGPD,2022-03,1346,121,1348,41,2694,8.9896,3.0415,6.0134,scheduled_duration_under_3h
EGPD,2022-06,1425,171,1422,106,2847,12.0,7.4543,9.7295,scheduled_duration_under_3h
EGPD,2022-09,1416,180,1419,118,2835,12.7119,8.3157,10.5115,scheduled_duration_under_3h
EGPD,2022-12,1318,191,1321,115,2639,14.4917,8.7055,11.5953,scheduled_duration_under_3h
EGPE,2022-03,440,10,440,13,880,2.2727,2.9545,2.6136,scheduled_duration_under_3h
EGPE,2022-06,512,43,512,58,1024,8.3984,11.3281,9.8633,scheduled_duration_under_3h
EGPE,2022-09,539,66,544,74,1083,12.2449,13.6029,12.9271,scheduled_duration_under_3h
EGPE,2022-12,427,45,427,70,854,10.5386,16.3934,13.466,scheduled_duration_under_3h
EGPF,2022-03,1776,115,1769,31,3545,6.4752,1.7524,4.1185,scheduled_duration_under_3h
EGPF,2022-06,2280,338,2230,204,4510,14.8246,9.148,12.0177,scheduled_duration_under_3h
EGPF,2022-09,2341,330,2411,208,4752,14.0965,8.6271,11.3215,scheduled_duration_under_3h
EGPF,2022-12,1764,220,1780,96,3544,12.4717,5.3933,8.9165,scheduled_duration_under_3h
EGPH,2022-03,2812,191,2739,138,5551,6.7923,5.0383,5.9269,scheduled_duration_under_3h
EGPH,2022-06,3754,749,3594,656,7348,19.9521,18.2526,19.1208,scheduled_duration_under_3h
EGPH,2022-09,3669,743,3686,612,7355,20.2507,16.6034,18.4228,scheduled_duration_under_3h
EGPH,2022-12,3211,509,3206,497,6417,15.8518,15.5022,15.6771,scheduled_duration_under_3h
EGPK,2022-03,46,4,75,1,121,8.6957,1.3333,4.1322,scheduled_duration_under_3h
EGPK,2022-06,96,11,118,12,214,11.4583,10.1695,10.7477,scheduled_duration_under_3h
EGPK,2022-09,70,18,138,16,208,25.7143,11.5942,16.3462,scheduled_duration_under_3h
EGPK,2022-12,48,5,75,2,123,10.4167,2.6667,5.6911,scheduled_duration_under_3h
EGPL,2022-03,112,2,114,1,226,1.7857,0.8772,1.3274,scheduled_duration_under_3h
EGPL,2022-06,96,3,95,2,191,3.125,2.1053,2.6178,scheduled_duration_under_3h
EGPL,2022-09,98,7,98,9,196,7.1429,9.1837,8.1633,scheduled_duration_under_3h
EGPL,2022-12,84,9,83,7,167,10.7143,8.4337,9.5808,scheduled_duration_under_3h
EGPO,2022-03,257,7,255,6,512,2.7237,2.3529,2.5391,scheduled_duration_under_3h
EGPO,2022-06,224,12,225,14,449,5.3571,6.2222,5.7906,scheduled_duration_under_3h
EGPO,2022-09,226,18,225,14,451,7.9646,6.2222,7.0953,scheduled_duration_under_3h
EGPO,2022-12,188,20,188,32,376,10.6383,17.0213,13.8298,scheduled_duration_under_3h
EGSH,2022-03,83,3,83,1,166,3.6145,1.2048,2.4096,scheduled_duration_under_3h
EGSH,2022-06,124,17,124,10,248,13.7097,8.0645,10.8871,scheduled_duration_under_3h
EGSH,2022-09,155,18,155,5,310,11.6129,3.2258,7.4194,scheduled_duration_under_3h
EGSH,2022-12,130,7,127,7,257,5.3846,5.5118,5.4475,scheduled_duration_under_3h
EGSS,2022-03,4850,672,4847,160,9697,13.8557,3.301,8.58,scheduled_duration_under_3h
EGSS,2022-06,5792,1718,5957,942,11749,29.6616,15.8133,22.6402,scheduled_duration_under_3h
EGSS,2022-09,5813,1636,6091,869,11904,28.1438,14.267,21.0433,scheduled_duration_under_3h
EGSS,2022-12,4987,1249,5285,530,10272,25.0451,10.0284,17.3189,scheduled_duration_under_3h
EGTE,2022-03,159,4,158,2,317,2.5157,1.2658,1.8927,scheduled_duration_under_3h
EGTE,2022-06,251,15,247,11,498,5.9761,4.4534,5.2209,scheduled_duration_under_3h
EGTE,2022-09,235,15,235,14,470,6.383,5.9574,6.1702,scheduled_duration_under_3h
EGTE,2022-12,167,9,170,8,337,5.3892,4.7059,5.0445,scheduled_duration_under_3h
EHAM,2022-03,11330,1049,11495,664,22825,9.2586,5.7764,7.5049,scheduled_duration_under_3h
EHAM,2022-06,13597,4271,13466,3584,27063,31.4113,26.6152,29.0249,scheduled_duration_under_3h
EHAM,2022-09,13466,2923,13543,3281,27009,21.7065,24.2265,22.9701,scheduled_duration_under_3h
EHAM,2022-12,11260,2280,11358,1764,22618,20.2487,15.5309,17.8796,scheduled_duration_under_3h
EHEH,2022-03,1185,51,1209,40,2394,4.3038,3.3085,3.8012,scheduled_duration_under_3h
EHEH,2022-06,1547,297,1539,499,3086,19.1984,32.4237,25.7939,scheduled_duration_under_3h
EHEH,2022-09,1555,268,1603,374,3158,17.2347,23.3313,20.3293,scheduled_duration_under_3h
EHEH,2022-12,1198,267,1228,72,2426,22.2871,5.8632,13.9736,scheduled_duration_under_3h
EHRD,2022-03,345,3,333,4,678,0.8696,1.2012,1.0324,scheduled_duration_under_3h
EHRD,2022-06,612,70,587,55,1199,11.4379,9.3697,10.4254,scheduled_duration_under_3h
EHRD,2022-09,597,69,603,72,1200,11.5578,11.9403,11.75,scheduled_duration_under_3h
EHRD,2022-12,340,27,321,18,661,7.9412,5.6075,6.8079,scheduled_duration_under_3h
EICK,2022-03,521,26,518,24,1039,4.9904,4.6332,4.8123,scheduled_duration_under_3h
EICK,2022-06,805,116,818,84,1623,14.4099,10.2689,12.3229,scheduled_duration_under_3h
EICK,2022-09,767,92,784,78,1551,11.9948,9.949,10.9607,scheduled_duration_under_3h
EICK,2022-12,559,56,580,49,1139,10.0179,8.4483,9.2186,scheduled_duration_under_3h
EIDW,2022-03,6062,364,6059,112,12121,6.0046,1.8485,3.9271,scheduled_duration_under_3h
EIDW,2022-06,7436,1508,7494,974,14930,20.2797,12.9971,16.6242,scheduled_duration_under_3h
EIDW,2022-09,7211,1134,7401,768,14612,15.726,10.377,13.0167,scheduled_duration_under_3h
EIDW,2022-12,6186,855,6520,404,12706,13.8215,6.1963,9.9087,scheduled_duration_under_3h
EIKN,2022-03,164,1,164,1,328,0.6098,0.6098,0.6098,scheduled_duration_under_3h
EIKN,2022-06,256,24,259,8,515,9.375,3.0888,6.2136,scheduled_duration_under_3h
EIKN,2022-09,264,27,266,12,530,10.2273,4.5113,7.3585,scheduled_duration_under_3h
EIKN,2022-12,173,13,176,9,349,7.5145,5.1136,6.3037,scheduled_duration_under_3h
EIKY,2022-03,128,3,128,2,256,2.3438,1.5625,1.9531,scheduled_duration_under_3h
EIKY,2022-06,150,12,150,11,300,8.0,7.3333,7.6667,scheduled_duration_under_3h
EIKY,2022-09,150,15,150,12,300,10.0,8.0,9.0,scheduled_duration_under_3h
EIKY,2022-12,130,7,130,4,260,5.3846,3.0769,4.2308,scheduled_duration_under_3h
EINN,2022-03,397,11,410,3,807,2.7708,0.7317,1.7348,scheduled_duration_under_3h
EINN,2022-06,392,42,421,34,813,10.7143,8.076,9.3481,scheduled_duration_under_3h
EINN,2022-09,380,33,409,29,789,8.6842,7.0905,7.858,scheduled_duration_under_3h
EINN,2022-12,361,39,408,29,769,10.8033,7.1078,8.8427,scheduled_duration_under_3h
EKAH,2022-03,181,3,185,3,366,1.6575,1.6216,1.6393,scheduled_duration_under_3h
EKAH,2022-06,190,12,196,9,386,6.3158,4.5918,5.4404,scheduled_duration_under_3h
EKAH,2022-09,238,14,244,8,482,5.8824,3.2787,4.5643,scheduled_duration_under_3h
EKAH,2022-12,190,14,191,10,381,7.3684,5.2356,6.2992,scheduled_duration_under_3h
EKBI,2022-03,859,47,854,14,1713,5.4715,1.6393,3.561,scheduled_duration_under_3h
EKBI,2022-06,1279,197,1274,122,2553,15.4027,9.5761,12.4951,scheduled_duration_under_3h
EKBI,2022-09,1208,183,1225,78,2433,15.149,6.3673,10.7275,scheduled_duration_under_3h
EKBI,2022-12,919,121,910,53,1829,13.1665,5.8242,9.5134,scheduled_duration_under_3h
EKCH,2022-03,5760,245,5785,268,11545,4.2535,4.6327,4.4435,scheduled_duration_under_3h
EKCH,2022-06,7413,803,7327,1142,14740,10.8323,15.5862,13.1954,scheduled_duration_under_3h
EKCH,2022-09,7734,766,7783,898,15517,9.9043,11.538,10.7237,scheduled_duration_under_3h
EKCH,2022-12,6305,342,6336,684,12641,5.4243,10.7955,8.1164,scheduled_duration_under_3h
EKRN,2022-03,199,7,199,2,398,3.5176,1.005,2.2613,scheduled_duration_under_3h
EKRN,2022-06,302,14,300,2,602,4.6358,0.6667,2.6578,scheduled_duration_under_3h
EKRN,2022-09,240,10,240,1,480,4.1667,0.4167,2.2917,scheduled_duration_under_3h
EKRN,2022-12,185,12,187,2,372,6.4865,1.0695,3.7634,scheduled_duration_under_3h
EKSB,2022-03,72,1,72,1,144,1.3889,1.3889,1.3889,scheduled_duration_under_3h
EKSB,2022-06,101,2,100,0,201,1.9802,0.0,0.995,scheduled_duration_under_3h
EKSB,2022-09,122,2,121,1,243,1.6393,0.8264,1.2346,scheduled_duration_under_3h
EKSB,2022-12,82,2,84,3,166,2.439,3.5714,3.012,scheduled_duration_under_3h
EKVG,2022-03,89,21,87,8,176,23.5955,9.1954,16.4773,scheduled_duration_under_3h
EKVG,2022-06,186,37,188,26,374,19.8925,13.8298,16.8449,scheduled_duration_under_3h
EKVG,2022-09,172,20,174,10,346,11.6279,5.7471,8.6705,scheduled_duration_under_3h
EKVG,2022-12,109,28,105,15,214,25.6881,14.2857,20.0935,scheduled_duration_under_3h
EKYT,2022-03,590,19,594,22,1184,3.2203,3.7037,3.4628,scheduled_duration_under_3h
EKYT,2022-06,645,57,645,41,1290,8.8372,6.3566,7.5969,scheduled_duration_under_3h
EKYT,2022-09,670,50,679,31,1349,7.4627,4.5655,6.0044,scheduled_duration_under_3h
EKYT,2022-12,496,38,501,25,997,7.6613,4.99,6.319,scheduled_duration_under_3h
ELLX,2022-03,1591,72,1537,54,3128,4.5255,3.5133,4.0281,scheduled_duration_under_3h
ELLX,2022-06,2231,427,2242,383,4473,19.1394,17.083,18.1087,scheduled_duration_under_3h
ELLX,2022-09,2205,344,2244,305,4449,15.6009,13.5918,14.5875,scheduled_duration_under_3h
ELLX,2022-12,1802,203,1776,174,3578,11.2653,9.7973,10.5366,scheduled_duration_under_3h
ENAL,2022-03,456,22,456,14,912,4.8246,3.0702,3.9474,scheduled_duration_under_3h
ENAL,2022-06,558,34,555,14,1113,6.0932,2.5225,4.3127,scheduled_duration_under_3h
ENAL,2022-09,634,25,634,14,1268,3.9432,2.2082,3.0757,scheduled_duration_under_3h
ENAL,2022-12,459,49,456,19,915,10.6754,4.1667,7.4317,scheduled_duration_under_3h
ENAN,2022-03,132,1,132,4,264,0.7576,3.0303,1.8939,scheduled_duration_under_3h
ENAN,2022-06,122,1,122,1,244,0.8197,0.8197,0.8197,scheduled_duration_under_3h
ENAN,2022-09,130,0,130,0,260,0.0,0.0,0.0,scheduled_duration_under_3h
ENAN,2022-12,122,2,122,3,244,1.6393,2.459,2.0492,scheduled_duration_under_3h
ENAT,2022-03,270,18,270,4,540,6.6667,1.4815,4.0741,scheduled_duration_under_3h
ENAT,2022-06,233,10,232,7,465,4.2918,3.0172,3.6559,scheduled_duration_under_3h
ENAT,2022-09,253,6,254,6,507,2.3715,2.3622,2.3669,scheduled_duration_under_3h
ENAT,2022-12,226,11,226,14,452,4.8673,6.1947,5.531,scheduled_duration_under_3h
ENBL,2022-03,110,1,110,0,220,0.9091,0.0,0.4545,scheduled_duration_under_3h
ENBL,2022-06,99,0,97,0,196,0.0,0.0,0.0,scheduled_duration_under_3h
ENBL,2022-09,123,0,124,0,247,0.0,0.0,0.0,scheduled_duration_under_3h
ENBL,2022-12,118,0,119,3,237,0.0,2.521,1.2658,scheduled_duration_under_3h
ENBN,2022-03,152,1,153,1,305,0.6579,0.6536,0.6557,scheduled_duration_under_3h
ENBN,2022-06,144,0,145,0,289,0.0,0.0,0.0,scheduled_duration_under_3h
ENBN,2022-09,170,0,170,1,340,0.0,0.5882,0.2941,scheduled_duration_under_3h
ENBN,2022-12,151,3,152,1,303,1.9868,0.6579,1.3201,scheduled_duration_under_3h
ENBO,2022-03,1424,57,1417,60,2841,4.0028,4.2343,4.1183,scheduled_duration_under_3h
ENBO,2022-06,1418,58,1419,53,2837,4.0903,3.735,3.9126,scheduled_duration_under_3h
ENBO,2022-09,1585,29,1593,27,3178,1.8297,1.6949,1.7621,scheduled_duration_under_3h
ENBO,2022-12,1293,70,1305,81,2598,5.4138,6.2069,5.8122,scheduled_duration_under_3h
ENBR,2022-03,2927,35,2926,13,5853,1.1958,0.4443,0.8201,scheduled_duration_under_3h
ENBR,2022-06,3347,119,3341,89,6688,3.5554,2.6639,3.11,scheduled_duration_under_3h
ENBR,2022-09,3711,91,3727,60,7438,2.4522,1.6099,2.0301,scheduled_duration_under_3h
ENBR,2022-12,2859,120,2866,93,5725,4.1973,3.2449,3.7205,scheduled_duration_under_3h
ENBS,2022-03,91,6,91,4,182,6.5934,4.3956,5.4945,scheduled_duration_under_3h
ENBS,2022-06,78,0,78,0,156,0.0,0.0,0.0,scheduled_duration_under_3h
ENBS,2022-09,94,0,93,0,187,0.0,0.0,0.0,scheduled_duration_under_3h
ENBS,2022-12,84,4,84,4,168,4.7619,4.7619,4.7619,scheduled_duration_under_3h
ENBV,2022-03,68,4,68,2,136,5.8824,2.9412,4.4118,scheduled_duration_under_3h
ENBV,2022-06,59,1,59,0,118,1.6949,0.0,0.8475,scheduled_duration_under_3h
ENBV,2022-09,67,0,67,0,134,0.0,0.0,0.0,scheduled_duration_under_3h
ENBV,2022-12,61,8,58,0,119,13.1148,0.0,6.7227,scheduled_duration_under_3h
ENCN,2022-03,379,6,380,0,759,1.5831,0.0,0.7905,scheduled_duration_under_3h
ENCN,2022-06,437,19,437,18,874,4.3478,4.119,4.2334,scheduled_duration_under_3h
ENCN,2022-09,503,14,501,8,1004,2.7833,1.5968,2.1912,scheduled_duration_under_3h
ENCN,2022-12,368,14,370,10,738,3.8043,2.7027,3.252,scheduled_duration_under_3h
ENDU,2022-03,75,10,75,0,150,13.3333,0.0,6.6667,scheduled_duration_under_3h
ENDU,2022-06,77,12,78,0,155,15.5844,0.0,7.7419,scheduled_duration_under_3h
ENDU,2022-09,87,5,86,1,173,5.7471,1.1628,3.4682,scheduled_duration_under_3h
ENDU,2022-12,69,17,70,4,139,24.6377,5.7143,15.1079,scheduled_duration_under_3h
ENEV,2022-03,300,42,299,8,599,14.0,2.6756,8.3472,scheduled_duration_under_3h
ENEV,2022-06,409,48,409,6,818,11.7359,1.467,6.6015,scheduled_duration_under_3h
ENEV,2022-09,433,27,432,5,865,6.2356,1.1574,3.6994,scheduled_duration_under_3h
ENEV,2022-12,344,48,345,21,689,13.9535,6.087,10.0145,scheduled_duration_under_3h
ENFL,2022-03,193,1,193,0,386,0.5181,0.0,0.2591,scheduled_duration_under_3h
ENFL,2022-06,211,1,210,1,421,0.4739,0.4762,0.4751,scheduled_duration_under_3h
ENFL,2022-09,234,4,233,1,467,1.7094,0.4292,1.0707,scheduled_duration_under_3h
ENFL,2022-12,197,8,196,1,393,4.0609,0.5102,2.2901,scheduled_duration_under_3h
ENGM,2022-03,6556,209,6483,206,13039,3.1879,3.1775,3.1828,scheduled_duration_under_3h
ENGM,2022-06,8017,623,8000,780,16017,7.771,9.75,8.7594,scheduled_duration_under_3h
ENGM,2022-09,8599,487,8607,416,17206,5.6634,4.8333,5.2482,scheduled_duration_under_3h
ENGM,2022-12,6824,613,6710,805,13534,8.983,11.997,10.4773,scheduled_duration_under_3h
ENHD,2022-03,278,6,278,3,556,2.1583,1.0791,1.6187,scheduled_duration_under_3h
ENHD,2022-06,276,9,273,6,549,3.2609,2.1978,2.7322,scheduled_duration_under_3h
ENHD,2022-09,299,0,301,4,600,0.0,1.3289,0.6667,scheduled_duration_under_3h
ENHD,2022-12,241,16,243,13,484,6.639,5.3498,5.9917,scheduled_duration_under_3h
ENHF,2022-03,324,19,321,10,645,5.8642,3.1153,4.4961,scheduled_duration_under_3h
ENHF,2022-06,299,3,299,3,598,1.0033,1.0033,1.0033,scheduled_duration_under_3h
ENHF,2022-09,329,6,329,0,658,1.8237,0.0,0.9119,scheduled_duration_under_3h
ENHF,2022-12,267,14,268,10,535,5.2434,3.7313,4.486,scheduled_duration_under_3h
ENHK,2022-03,74,2,75,3,149,2.7027,4.0,3.3557,scheduled_duration_under_3h
ENHK,2022-06,66,2,66,1,132,3.0303,1.5152,2.2727,scheduled_duration_under_3h
ENHK,2022-09,70,0,70,4,140,0.0,5.7143,2.8571,scheduled_duration_under_3h
ENHK,2022-12,65,1,66,7,131,1.5385,10.6061,6.1069,scheduled_duration_under_3h
ENHV,2022-03,71,3,72,0,143,4.2254,0.0,2.0979,scheduled_duration_under_3h
ENHV,2022-06,77,0,77,0,154,0.0,0.0,0.0,scheduled_duration_under_3h
ENHV,2022-09,87,0,87,1,174,0.0,1.1494,0.5747,scheduled_duration_under_3h
ENHV,2022-12,65,3,66,2,131,4.6154,3.0303,3.8168,scheduled_duration_under_3h
ENKB,2022-03,153,1,153,2,306,0.6536,1.3072,0.9804,scheduled_duration_under_3h
ENKB,2022-06,166,3,167,3,333,1.8072,1.7964,1.8018,scheduled_duration_under_3h
ENKB,2022-09,193,6,194,3,387,3.1088,1.5464,2.3256,scheduled_duration_under_3h
ENKB,2022-12,152,6,153,7,305,3.9474,4.5752,4.2623,scheduled_duration_under_3h
ENKR,2022-03,236,11,236,5,472,4.661,2.1186,3.3898,scheduled_duration_under_3h
ENKR,2022-06,225,1,222,3,447,0.4444,1.3514,0.8949,scheduled_duration_under_3h
ENKR,2022-09,247,5,247,6,494,2.0243,2.4291,2.2267,scheduled_duration_under_3h
ENKR,2022-12,203,24,201,17,404,11.8227,8.4577,10.1485,scheduled_duration_under_3h
ENLK,2022-03,161,3,161,4,322,1.8634,2.4845,2.1739,scheduled_duration_under_3h
ENLK,2022-06,154,3,154,1,308,1.9481,0.6494,1.2987,scheduled_duration_under_3h
ENLK,2022-09,187,0,187,1,374,0.0,0.5348,0.2674,scheduled_duration_under_3h
ENLK,2022-12,165,5,165,3,330,3.0303,1.8182,2.4242,scheduled_duration_under_3h
ENMH,2022-03,91,2,91,3,182,2.1978,3.2967,2.7473,scheduled_duration_under_3h
ENMH,2022-06,80,0,81,0,161,0.0,0.0,0.0,scheduled_duration_under_3h
ENMH,2022-09,95,1,95,0,190,1.0526,0.0,0.5263,scheduled_duration_under_3h
ENMH,2022-12,87,4,86,6,173,4.5977,6.9767,5.7803,scheduled_duration_under_3h
ENML,2022-03,188,12,188,4,376,6.383,2.1277,4.2553,scheduled_duration_under_3h
ENML,2022-06,202,8,202,5,404,3.9604,2.4752,3.2178,scheduled_duration_under_3h
ENML,2022-09,219,7,216,4,435,3.1963,1.8519,2.5287,scheduled_duration_under_3h
ENML,2022-12,184,21,190,7,374,11.413,3.6842,7.4866,scheduled_duration_under_3h
ENMS,2022-03,154,1,154,1,308,0.6494,0.6494,0.6494,scheduled_duration_under_3h
ENMS,2022-06,127,4,126,1,253,3.1496,0.7937,1.9763,scheduled_duration_under_3h
ENMS,2022-09,129,1,128,3,257,0.7752,2.3438,1.5564,scheduled_duration_under_3h
ENMS,2022-12,114,3,115,3,229,2.6316,2.6087,2.6201,scheduled_duration_under_3h
ENNA,2022-03,94,3,93,2,187,3.1915,2.1505,2.6738,scheduled_duration_under_3h
ENNA,2022-06,65,3,65,2,130,4.6154,3.0769,3.8462,scheduled_duration_under_3h
ENNA,2022-09,77,0,77,0,154,0.0,0.0,0.0,scheduled_duration_under_3h
ENNA,2022-12,73,15,72,1,145,20.5479,1.3889,11.0345,scheduled_duration_under_3h
ENNM,2022-03,99,1,99,1,198,1.0101,1.0101,1.0101,scheduled_duration_under_3h
ENNM,2022-06,76,1,75,1,151,1.3158,1.3333,1.3245,scheduled_duration_under_3h
ENNM,2022-09,97,0,97,0,194,0.0,0.0,0.0,scheduled_duration_under_3h
ENNM,2022-12,81,0,82,1,163,0.0,1.2195,0.6135,scheduled_duration_under_3h
ENOV,2022-03,158,2,155,0,313,1.2658,0.0,0.639,scheduled_duration_under_3h
ENOV,2022-06,159,1,159,1,318,0.6289,0.6289,0.6289,scheduled_duration_under_3h
ENOV,2022-09,194,0,197,0,391,0.0,0.0,0.0,scheduled_duration_under_3h
ENOV,2022-12,172,7,172,4,344,4.0698,2.3256,3.1977,scheduled_duration_under_3h
ENRA,2022-03,173,4,175,2,348,2.3121,1.1429,1.7241,scheduled_duration_under_3h
ENRA,2022-06,161,1,161,3,322,0.6211,1.8634,1.2422,scheduled_duration_under_3h
ENRA,2022-09,185,1,186,3,371,0.5405,1.6129,1.0782,scheduled_duration_under_3h
ENRA,2022-12,150,5,149,5,299,3.3333,3.3557,3.3445,scheduled_duration_under_3h
ENRM,2022-03,120,1,120,0,240,0.8333,0.0,0.4167,scheduled_duration_under_3h
ENRM,2022-06,84,1,84,2,168,1.1905,2.381,1.7857,scheduled_duration_under_3h
ENRM,2022-09,112,2,112,0,224,1.7857,0.0,0.8929,scheduled_duration_under_3h
ENRM,2022-12,91,1,90,1,181,1.0989,1.1111,1.105,scheduled_duration_under_3h
ENSD,2022-03,82,1,82,1,164,1.2195,1.2195,1.2195,scheduled_duration_under_3h
ENSD,2022-06,82,0,82,0,164,0.0,0.0,0.0,scheduled_duration_under_3h
ENSD,2022-09,108,0,109,0,217,0.0,0.0,0.0,scheduled_duration_under_3h
ENSD,2022-12,92,4,94,2,186,4.3478,2.1277,3.2258,scheduled_duration_under_3h
ENSG,2022-03,204,0,203,0,407,0.0,0.0,0.0,scheduled_duration_under_3h
ENSG,2022-06,186,0,185,0,371,0.0,0.0,0.0,scheduled_duration_under_3h
ENSG,2022-09,219,1,221,0,440,0.4566,0.0,0.2273,scheduled_duration_under_3h
ENSG,2022-12,190,3,189,3,379,1.5789,1.5873,1.5831,scheduled_duration_under_3h
ENSH,2022-03,162,5,162,5,324,3.0864,3.0864,3.0864,scheduled_duration_under_3h
ENSH,2022-06,164,0,163,2,327,0.0,1.227,0.6116,scheduled_duration_under_3h
ENSH,2022-09,169,0,169,1,338,0.0,0.5917,0.2959,scheduled_duration_under_3h
ENSH,2022-12,153,5,152,3,305,3.268,1.9737,2.623,scheduled_duration_under_3h
ENSK,2022-03,205,4,204,6,409,1.9512,2.9412,2.445,scheduled_duration_under_3h
ENSK,2022-06,161,0,162,3,323,0.0,1.8519,0.9288,scheduled_duration_under_3h
ENSK,2022-09,179,0,178,1,357,0.0,0.5618,0.2801,scheduled_duration_under_3h
ENSK,2022-12,169,6,169,7,338,3.5503,4.142,3.8462,scheduled_duration_under_3h
ENSR,2022-03,67,2,67,2,134,2.9851,2.9851,2.9851,scheduled_duration_under_3h
ENSR,2022-06,59,0,59,1,118,0.0,1.6949,0.8475,scheduled_duration_under_3h
ENSR,2022-09,71,0,71,1,142,0.0,1.4085,0.7042,scheduled_duration_under_3h
ENSR,2022-12,61,0,61,2,122,0.0,3.2787,1.6393,scheduled_duration_under_3h
ENSS,2022-03,91,2,90,3,181,2.1978,3.3333,2.7624,scheduled_duration_under_3h
ENSS,2022-06,78,0,79,0,157,0.0,0.0,0.0,scheduled_duration_under_3h
ENSS,2022-09,91,1,91,0,182,1.0989,0.0,0.5495,scheduled_duration_under_3h
ENSS,2022-12,76,3,75,4,151,3.9474,5.3333,4.6358,scheduled_duration_under_3h
ENST,2022-03,128,2,128,1,256,1.5625,0.7812,1.1719,scheduled_duration_under_3h
ENST,2022-06,114,0,113,1,227,0.0,0.885,0.4405,scheduled_duration_under_3h
ENST,2022-09,117,1,116,1,233,0.8547,0.8621,0.8584,scheduled_duration_under_3h
ENST,2022-12,114,3,113,1,227,2.6316,0.885,1.7621,scheduled_duration_under_3h
ENTC,2022-03,1578,164,1583,76,3161,10.3929,4.801,7.5925,scheduled_duration_under_3h
ENTC,2022-06,1380,119,1379,24,2759,8.6232,1.7404,5.183,scheduled_duration_under_3h
ENTC,2022-09,1507,67,1500,37,3007,4.4459,2.4667,3.4586,scheduled_duration_under_3h
ENTC,2022-12,1258,183,1255,88,2513,14.5469,7.012,10.7839,scheduled_duration_under_3h
ENTO,2022-03,589,6,601,5,1190,1.0187,0.8319,0.9244,scheduled_duration_under_3h
ENTO,2022-06,749,30,767,66,1516,4.0053,8.605,6.3325,scheduled_duration_under_3h
ENTO,2022-09,725,12,746,21,1471,1.6552,2.815,2.2434,scheduled_duration_under_3h
ENTO,2022-12,606,34,615,26,1221,5.6106,4.2276,4.914,scheduled_duration_under_3h
ENVA,2022-03,2029,43,2024,18,4053,2.1193,0.8893,1.5051,scheduled_duration_under_3h
ENVA,2022-06,2174,79,2164,57,4338,3.6339,2.634,3.1351,scheduled_duration_under_3h
ENVA,2022-09,2564,56,2560,35,5124,2.1841,1.3672,1.776,scheduled_duration_under_3h
ENVA,2022-12,1858,106,1860,73,3718,5.7051,3.9247,4.8144,scheduled_duration_under_3h
ENVD,2022-03,274,5,273,7,547,1.8248,2.5641,2.1938,scheduled_duration_under_3h
ENVD,2022-06,226,2,226,1,452,0.885,0.4425,0.6637,scheduled_duration_under_3h
ENVD,2022-09,260,0,260,1,520,0.0,0.3846,0.1923,scheduled_duration_under_3h
ENVD,2022-12,247,7,248,7,495,2.834,2.8226,2.8283,scheduled_duration_under_3h
ENZV,2022-03,1423,17,1425,10,2848,1.1947,0.7018,0.948,scheduled_duration_under_3h
ENZV,2022-06,1727,95,1727,82,3454,5.5009,4.7481,5.1245,scheduled_duration_under_3h
ENZV,2022-09,1864,75,1866,54,3730,4.0236,2.8939,3.4584,scheduled_duration_under_3h
ENZV,2022-12,1525,84,1533,79,3058,5.5082,5.1533,5.3303,scheduled_duration_under_3h
EPBY,2022-03,76,2,77,0,153,2.6316,0.0,1.3072,scheduled_duration_under_3h
EPBY,2022-06,85,5,85,5,170,5.8824,5.8824,5.8824,scheduled_duration_under_3h
EPBY,2022-09,90,10,88,1,178,11.1111,1.1364,6.1798,scheduled_duration_under_3h
EPBY,2022-12,97,7,99,7,196,7.2165,7.0707,7.1429,scheduled_duration_under_3h
EPGD,2022-03,1165,14,1163,36,2328,1.2017,3.0954,2.1478,scheduled_duration_under_3h
EPGD,2022-06,1618,84,1665,126,3283,5.1916,7.5676,6.3966,scheduled_duration_under_3h
EPGD,2022-09,1570,116,1611,89,3181,7.3885,5.5245,6.4445,scheduled_duration_under_3h
EPGD,2022-12,1349,191,1349,194,2698,14.1586,14.381,14.2698,scheduled_duration_under_3h
EPKK,2022-03,1793,85,1802,50,3595,4.7407,2.7747,3.7552,scheduled_duration_under_3h
EPKK,2022-06,2207,415,2213,425,4420,18.8038,19.2047,19.0045,scheduled_duration_under_3h
EPKK,2022-09,2106,299,2108,271,4214,14.1975,12.8558,13.5263,scheduled_duration_under_3h
EPKK,2022-12,1903,216,1857,100,3760,11.3505,5.385,8.4043,scheduled_duration_under_3h
EPKT,2022-03,680,25,709,21,1389,3.6765,2.9619,3.3117,scheduled_duration_under_3h
EPKT,2022-06,925,179,972,175,1897,19.3514,18.0041,18.661,scheduled_duration_under_3h
EPKT,2022-09,933,97,928,112,1861,10.3966,12.069,11.2305,scheduled_duration_under_3h
EPKT,2022-12,726,39,718,69,1444,5.3719,9.61,7.4792,scheduled_duration_under_3h
EPLB,2022-03,65,7,66,2,131,10.7692,3.0303,6.8702,scheduled_duration_under_3h
EPLB,2022-06,144,26,137,31,281,18.0556,22.6277,20.2847,scheduled_duration_under_3h
EPLB,2022-09,128,11,127,11,255,8.5938,8.6614,8.6275,scheduled_duration_under_3h
EPLB,2022-12,80,5,73,6,153,6.25,8.2192,7.1895,scheduled_duration_under_3h
EPMO,2022-03,637,33,633,23,1270,5.1805,3.6335,4.4094,scheduled_duration_under_3h
EPMO,2022-06,784,154,774,148,1558,19.6429,19.1214,19.3838,scheduled_duration_under_3h
EPMO,2022-09,799,65,780,65,1579,8.1352,8.3333,8.2331,scheduled_duration_under_3h
EPMO,2022-12,564,45,499,26,1063,7.9787,5.2104,6.6792,scheduled_duration_under_3h
EPPO,2022-03,413,7,421,11,834,1.6949,2.6128,2.1583,scheduled_duration_under_3h
EPPO,2022-06,596,65,604,97,1200,10.906,16.0596,13.5,scheduled_duration_under_3h
EPPO,2022-09,619,44,625,59,1244,7.1082,9.44,8.2797,scheduled_duration_under_3h
EPPO,2022-12,501,31,493,44,994,6.1876,8.9249,7.5453,scheduled_duration_under_3h
EPRZ,2022-03,185,15,187,14,372,8.1081,7.4866,7.7957,scheduled_duration_under_3h
EPRZ,2022-06,274,72,275,39,549,26.2774,14.1818,20.2186,scheduled_duration_under_3h
EPRZ,2022-09,271,19,271,22,542,7.0111,8.1181,7.5646,scheduled_duration_under_3h
EPRZ,2022-12,235,16,228,13,463,6.8085,5.7018,6.2635,scheduled_duration_under_3h
EPSC,2022-03,114,1,114,1,228,0.8772,0.8772,0.8772,scheduled_duration_under_3h
EPSC,2022-06,174,11,174,16,348,6.3218,9.1954,7.7586,scheduled_duration_under_3h
EPSC,2022-09,171,18,169,17,340,10.5263,10.0592,10.2941,scheduled_duration_under_3h
EPSC,2022-12,155,14,154,8,309,9.0323,5.1948,7.1197,scheduled_duration_under_3h
EPWA,2022-03,3355,88,3415,313,6770,2.623,9.1654,5.9232,scheduled_duration_under_3h
EPWA,2022-06,5027,730,5092,1429,10119,14.5216,28.0636,21.3361,scheduled_duration_under_3h
EPWA,2022-09,5063,471,5121,561,10184,9.3028,10.9549,10.1335,scheduled_duration_under_3h
EPWA,2022-12,4473,335,4467,304,8940,7.4894,6.8055,7.1477,scheduled_duration_under_3h
EPWR,2022-03,590,4,601,18,1191,0.678,2.995,1.8472,scheduled_duration_under_3h
EPWR,2022-06,866,124,878,159,1744,14.3187,18.1093,16.2271,scheduled_duration_under_3h
EPWR,2022-09,907,79,916,108,1823,8.71,11.7904,10.2578,scheduled_duration_under_3h
EPWR,2022-12,746,36,744,73,1490,4.8257,9.8118,7.3154,scheduled_duration_under_3h
ESDF,2022-03,93,1,92,0,185,1.0753,0.0,0.5405,scheduled_duration_under_3h
ESDF,2022-06,116,0,117,1,233,0.0,0.8547,0.4292,scheduled_duration_under_3h
ESDF,2022-09,127,0,129,0,256,0.0,0.0,0.0,scheduled_duration_under_3h
ESDF,2022-12,111,0,113,6,224,0.0,5.3097,2.6786,scheduled_duration_under_3h
ESGG,2022-03,1222,58,1226,22,2448,4.7463,1.7945,3.268,scheduled_duration_under_3h
ESGG,2022-06,1672,237,1677,179,3349,14.1746,10.6738,12.4216,scheduled_duration_under_3h
ESGG,2022-09,1673,208,1689,112,3362,12.4328,6.6311,9.5181,scheduled_duration_under_3h
ESGG,2022-12,1425,147,1431,99,2856,10.3158,6.9182,8.6134,scheduled_duration_under_3h
ESKN,2022-03,125,8,131,1,256,6.4,0.7634,3.5156,scheduled_duration_under_3h
ESKN,2022-06,185,39,186,34,371,21.0811,18.2796,19.6765,scheduled_duration_under_3h
ESKN,2022-09,176,25,178,7,354,14.2045,3.9326,9.0395,scheduled_duration_under_3h
ESKN,2022-12,180,16,183,6,363,8.8889,3.2787,6.0606,scheduled_duration_under_3h
ESMQ,2022-03,85,0,85,0,170,0.0,0.0,0.0,scheduled_duration_under_3h
ESMQ,2022-06,96,1,96,5,192,1.0417,5.2083,3.125,scheduled_duration_under_3h
ESMQ,2022-09,113,4,115,0,228,3.5398,0.0,1.7544,scheduled_duration_under_3h
ESMQ,2022-12,107,3,109,1,216,2.8037,0.9174,1.8519,scheduled_duration_under_3h
ESMS,2022-03,586,13,595,6,1181,2.2184,1.0084,1.6088,scheduled_duration_under_3h
ESMS,2022-06,639,51,645,47,1284,7.9812,7.2868,7.6324,scheduled_duration_under_3h
ESMS,2022-09,691,28,691,37,1382,4.0521,5.3546,4.7033,scheduled_duration_under_3h
ESMS,2022-12,566,29,564,20,1130,5.1237,3.5461,4.3363,scheduled_duration_under_3h
ESMT,2022-03,59,0,58,0,117,0.0,0.0,0.0,scheduled_duration_under_3h
ESMT,2022-06,67,1,67,1,134,1.4925,1.4925,1.4925,scheduled_duration_under_3h
ESMT,2022-09,74,0,75,0,149,0.0,0.0,0.0,scheduled_duration_under_3h
ESMT,2022-12,67,2,68,2,135,2.9851,2.9412,2.963,scheduled_duration_under_3h
ESNK,2022-03,68,1,68,0,136,1.4706,0.0,0.7353,scheduled_duration_under_3h
ESNK,2022-06,87,1,87,4,174,1.1494,4.5977,2.8736,scheduled_duration_under_3h
ESNK,2022-09,75,1,76,0,151,1.3333,0.0,0.6623,scheduled_duration_under_3h
ESNK,2022-12,69,1,70,1,139,1.4493,1.4286,1.4388,scheduled_duration_under_3h
ESNL,2022-03,78,1,78,1,156,1.2821,1.2821,1.2821,scheduled_duration_under_3h
ESNL,2022-06,33,0,33,0,66,0.0,0.0,0.0,scheduled_duration_under_3h
ESNL,2022-09,95,2,95,0,190,2.1053,0.0,1.0526,scheduled_duration_under_3h
ESNL,2022-12,94,2,94,4,188,2.1277,4.2553,3.1915,scheduled_duration_under_3h
ESNQ,2022-03,74,5,74,0,148,6.7568,0.0,3.3784,scheduled_duration_under_3h
ESNQ,2022-06,57,3,57,1,114,5.2632,1.7544,3.5088,scheduled_duration_under_3h
ESNQ,2022-09,79,1,80,1,159,1.2658,1.25,1.2579,scheduled_duration_under_3h
ESNQ,2022-12,83,6,82,1,165,7.2289,1.2195,4.2424,scheduled_duration_under_3h
ESNS,2022-03,114,3,114,0,228,2.6316,0.0,1.3158,scheduled_duration_under_3h
ESNS,2022-06,127,3,127,2,254,2.3622,1.5748,1.9685,scheduled_duration_under_3h
ESNS,2022-09,139,7,139,1,278,5.036,0.7194,2.8777,scheduled_duration_under_3h
ESNS,2022-12,106,11,108,3,214,10.3774,2.7778,6.5421,scheduled_duration_under_3h
ESNU,2022-03,279,5,278,2,557,1.7921,0.7194,1.2567,scheduled_duration_under_3h
ESNU,2022-06,299,7,299,9,598,2.3411,3.01,2.6756,scheduled_duration_under_3h
ESNU,2022-09,396,13,396,5,792,3.2828,1.2626,2.2727,scheduled_duration_under_3h
ESNU,2022-12,325,11,326,30,651,3.3846,9.2025,6.298,scheduled_duration_under_3h
ESNX,2022-03,20,0,23,0,43,0.0,0.0,0.0,scheduled_duration_under_3h
ESNX,2022-06,85,0,85,1,170,0.0,1.1765,0.5882,scheduled_duration_under_3h
ESNX,2022-09,97,0,97,0,194,0.0,0.0,0.0,scheduled_duration_under_3h
ESNX,2022-12,92,7,94,1,186,7.6087,1.0638,4.3011,scheduled_duration_under_3h
ESNZ,2022-03,154,1,153,2,307,0.6494,1.3072,0.9772,scheduled_duration_under_3h
ESNZ,2022-06,167,0,168,0,335,0.0,0.0,0.0,scheduled_duration_under_3h
ESNZ,2022-09,217,4,217,0,434,1.8433,0.0,0.9217,scheduled_duration_under_3h
ESNZ,2022-12,148,5,149,1,297,3.3784,0.6711,2.0202,scheduled_duration_under_3h
ESOE,2022-03,66,3,69,1,135,4.5455,1.4493,2.963,scheduled_duration_under_3h
ESOE,2022-06,66,8,66,4,132,12.1212,6.0606,9.0909,scheduled_duration_under_3h
ESOE,2022-09,68,4,70,0,138,5.8824,0.0,2.8986,scheduled_duration_under_3h
ESOE,2022-12,68,12,65,4,133,17.6471,6.1538,12.0301,scheduled_duration_under_3h
ESPA,2022-03,306,7,303,20,609,2.2876,6.6007,4.4335,scheduled_duration_under_3h
ESPA,2022-06,355,16,355,16,710,4.507,4.507,4.507,scheduled_duration_under_3h
ESPA,2022-09,406,15,406,14,812,3.6946,3.4483,3.5714,scheduled_duration_under_3h
ESPA,2022-12,397,31,386,23,783,7.8086,5.9585,6.8966,scheduled_duration_under_3h
ESSA,2022-03,4455,276,4407,53,8862,6.1953,1.2026,3.7125,scheduled_duration_under_3h
ESSA,2022-06,5960,725,5883,484,11843,12.1644,8.2271,10.2086,scheduled_duration_under_3h
ESSA,2022-09,6384,593,6286,307,12670,9.2888,4.8839,7.1034,scheduled_duration_under_3h
ESSA,2022-12,5491,691,5402,296,10893,12.5842,5.4795,9.0609,scheduled_duration_under_3h
ESSB,2022-03,741,7,745,8,1486,0.9447,1.0738,1.0094,scheduled_duration_under_3h
ESSB,2022-06,1011,15,1009,21,2020,1.4837,2.0813,1.7822,scheduled_duration_under_3h
ESSB,2022-09,1260,4,1255,10,2515,0.3175,0.7968,0.5567,scheduled_duration_under_3h
ESSB,2022-12,1111,30,1109,16,2220,2.7003,1.4427,2.0721,scheduled_duration_under_3h
ESSV,2022-03,151,1,150,1,301,0.6623,0.6667,0.6645,scheduled_duration_under_3h
ESSV,2022-06,272,3,273,2,545,1.1029,0.7326,0.9174,scheduled_duration_under_3h
ESSV,2022-09,257,0,257,0,514,0.0,0.0,0.0,scheduled_duration_under_3h
ESSV,2022-12,191,4,190,1,381,2.0942,0.5263,1.3123,scheduled_duration_under_3h
ESTA,2022-03,135,1,136,1,271,0.7407,0.7353,0.738,scheduled_duration_under_3h
ESTA,2022-06,157,0,159,4,316,0.0,2.5157,1.2658,scheduled_duration_under_3h
ESTA,2022-09,205,1,207,2,412,0.4878,0.9662,0.7282,scheduled_duration_under_3h
ESTA,2022-12,178,2,181,3,359,1.1236,1.6575,1.3928,scheduled_duration_under_3h
EVRA,2022-03,1432,58,1441,49,2873,4.0503,3.4004,3.7243,scheduled_duration_under_3h
EVRA,2022-06,1956,242,1931,161,3887,12.3722,8.3376,10.3679,scheduled_duration_under_3h
EVRA,2022-09,1933,206,1925,141,3858,10.657,7.3247,8.9943,scheduled_duration_under_3h
EVRA,2022-12,1817,276,1760,250,3577,15.1899,14.2045,14.7051,scheduled_duration_under_3h
EYKA,2022-03,260,11,266,9,526,4.2308,3.3835,3.8023,scheduled_duration_under_3h
EYKA,2022-06,303,21,301,17,604,6.9307,5.6478,6.2914,scheduled_duration_under_3h
EYKA,2022-09,301,14,311,15,612,4.6512,4.8232,4.7386,scheduled_duration_under_3h
EYKA,2022-12,253,22,237,9,490,8.6957,3.7975,6.3265,scheduled_duration_under_3h
EYPA,2022-03,107,3,106,1,213,2.8037,0.9434,1.8779,scheduled_duration_under_3h
EYPA,2022-06,141,4,143,4,284,2.8369,2.7972,2.8169,scheduled_duration_under_3h
EYPA,2022-09,137,7,138,1,275,5.1095,0.7246,2.9091,scheduled_duration_under_3h
EYPA,2022-12,127,11,126,2,253,8.6614,1.5873,5.1383,scheduled_duration_under_3h
EYVI,2022-03,927,37,944,21,1871,3.9914,2.2246,3.0999,scheduled_duration_under_3h
EYVI,2022-06,1230,168,1243,99,2473,13.6585,7.9646,10.7966,scheduled_duration_under_3h
EYVI,2022-09,1182,135,1187,44,2369,11.4213,3.7068,7.5559,scheduled_duration_under_3h
EYVI,2022-12,993,165,969,41,1962,16.6163,4.2312,10.4995,scheduled_duration_under_3h
GCFV,2022-03,913,27,925,16,1838,2.9573,1.7297,2.3395,scheduled_duration_under_3h
GCFV,2022-06,919,20,925,16,1844,2.1763,1.7297,1.9523,scheduled_duration_under_3h
GCFV,2022-09,1024,38,1031,35,2055,3.7109,3.3948,3.5523,scheduled_duration_under_3h
GCFV,2022-12,911,56,952,60,1863,6.1471,6.3025,6.2265,scheduled_duration_under_3h
GCGM,2022-03,65,0,66,1,131,0.0,1.5152,0.7634,scheduled_duration_under_3h
GCGM,2022-06,67,0,67,0,134,0.0,0.0,0.0,scheduled_duration_under_3h
GCGM,2022-09,109,0,109,0,218,0.0,0.0,0.0,scheduled_duration_under_3h
GCGM,2022-12,117,1,117,1,234,0.8547,0.8547,0.8547,scheduled_duration_under_3h
GCHI,2022-03,206,2,206,0,412,0.9709,0.0,0.4854,scheduled_duration_under_3h
GCHI,2022-06,212,5,210,3,422,2.3585,1.4286,1.8957,scheduled_duration_under_3h
GCHI,2022-09,242,1,241,1,483,0.4132,0.4149,0.4141,scheduled_duration_under_3h
GCHI,2022-12,205,10,205,4,410,4.878,1.9512,3.4146,scheduled_duration_under_3h
GCLA,2022-03,700,10,722,2,1422,1.4286,0.277,0.8439,scheduled_duration_under_3h
GCLA,2022-06,795,24,826,12,1621,3.0189,1.4528,2.2209,scheduled_duration_under_3h
GCLA,2022-09,810,33,836,3,1646,4.0741,0.3589,2.1871,scheduled_duration_under_3h
GCLA,2022-12,803,37,823,17,1626,4.6077,2.0656,3.321,scheduled_duration_under_3h
GCLP,2022-03,2794,141,2867,57,5661,5.0465,1.9881,3.4976,scheduled_duration_under_3h
GCLP,2022-06,2868,159,2985,51,5853,5.5439,1.7085,3.5879,scheduled_duration_under_3h
GCLP,2022-09,2908,248,3035,107,5943,8.5282,3.5255,5.9734,scheduled_duration_under_3h
GCLP,2022-12,3138,327,3266,240,6404,10.4207,7.3484,8.8538,scheduled_duration_under_3h
GCRR,2022-03,1137,37,1216,15,2353,3.2542,1.2336,2.2099,scheduled_duration_under_3h
GCRR,2022-06,1225,24,1324,30,2549,1.9592,2.2659,2.1185,scheduled_duration_under_3h
GCRR,2022-09,1358,42,1469,43,2827,3.0928,2.9272,3.0067,scheduled_duration_under_3h
GCRR,2022-12,1358,142,1389,96,2747,10.4566,6.9114,8.664,scheduled_duration_under_3h
GCTS,2022-03,375,22,355,14,730,5.8667,3.9437,4.9315,scheduled_duration_under_3h
GCTS,2022-06,454,44,506,14,960,9.6916,2.7668,6.0417,scheduled_duration_under_3h
GCTS,2022-09,485,69,537,38,1022,14.2268,7.0764,10.4697,scheduled_duration_under_3h
GCTS,2022-12,536,59,567,51,1103,11.0075,8.9947,9.9728,scheduled_duration_under_3h
GCXO,2022-03,2442,49,2508,58,4950,2.0066,2.3126,2.1616,scheduled_duration_under_3h
GCXO,2022-06,2458,119,2591,67,5049,4.8413,2.5859,3.6839,scheduled_duration_under_3h
GCXO,2022-09,2430,91,2531,48,4961,3.7449,1.8965,2.8019,scheduled_duration_under_3h
GCXO,2022-12,2522,144,2637,150,5159,5.7098,5.6883,5.6988,scheduled_duration_under_3h
GEML,2022-03,296,12,295,1,591,4.0541,0.339,2.1997,scheduled_duration_under_3h
GEML,2022-06,389,52,387,12,776,13.3676,3.1008,8.2474,scheduled_duration_under_3h
GEML,2022-09,404,49,406,8,810,12.1287,1.9704,7.037,scheduled_duration_under_3h
GEML,2022-12,393,35,391,9,784,8.9059,2.3018,5.6122,scheduled_duration_under_3h
GMAD,2022-03,204,12,224,4,428,5.8824,1.7857,3.7383,scheduled_duration_under_3h
GMAD,2022-06,275,33,334,35,609,12.0,10.479,11.1658,scheduled_duration_under_3h
GMAD,2022-09,301,20,343,21,644,6.6445,6.1224,6.3665,scheduled_duration_under_3h
GMAD,2022-12,287,48,318,28,605,16.7247,8.805,12.562,scheduled_duration_under_3h
GMFF,2022-03,396,58,388,27,784,14.6465,6.9588,10.8418,scheduled_duration_under_3h
GMFF,2022-06,400,114,442,46,842,28.5,10.4072,19.0024,scheduled_duration_under_3h
GMFF,2022-09,396,70,419,50,815,17.6768,11.9332,14.7239,scheduled_duration_under_3h
GMFF,2022-12,364,87,366,39,730,23.9011,10.6557,17.2603,scheduled_duration_under_3h
GMFO,2022-03,293,51,276,17,569,17.4061,6.1594,11.9508,scheduled_duration_under_3h
GMFO,2022-06,308,83,326,42,634,26.9481,12.8834,19.7161,scheduled_duration_under_3h
GMFO,2022-09,329,68,339,36,668,20.6687,10.6195,15.5689,scheduled_duration_under_3h
GMFO,2022-12,237,65,226,19,463,27.4262,8.4071,18.1425,scheduled_duration_under_3h
GMME,2022-03,232,25,246,30,478,10.7759,12.1951,11.5063,scheduled_duration_under_3h
GMME,2022-06,223,59,285,48,508,26.4574,16.8421,21.063,scheduled_duration_under_3h
GMME,2022-09,249,51,285,61,534,20.4819,21.4035,20.9738,scheduled_duration_under_3h
GMME,2022-12,253,67,286,36,539,26.4822,12.5874,19.1095,scheduled_duration_under_3h
GMMH,2022-03,76,13,76,1,152,17.1053,1.3158,9.2105,scheduled_duration_under_3h
GMMH,2022-06,79,27,79,1,158,34.1772,1.2658,17.7215,scheduled_duration_under_3h
GMMH,2022-09,78,25,78,1,156,32.0513,1.2821,16.6667,scheduled_duration_under_3h
GMMH,2022-12,67,25,67,0,134,37.3134,0.0,18.6567,scheduled_duration_under_3h
GMML,2022-03,73,9,72,10,145,12.3288,13.8889,13.1034,scheduled_duration_under_3h
GMML,2022-06,75,19,75,13,150,25.3333,17.3333,21.3333,scheduled_duration_under_3h
GMML,2022-09,88,26,89,16,177,29.5455,17.9775,23.7288,scheduled_duration_under_3h
GMML,2022-12,90,20,91,21,181,22.2222,23.0769,22.6519,scheduled_duration_under_3h
GMMN,2022-03,1587,286,1673,165,3260,18.0214,9.8625,13.8344,scheduled_duration_under_3h
GMMN,2022-06,1438,343,1861,346,3299,23.8526,18.5922,20.8851,scheduled_duration_under_3h
GMMN,2022-09,1560,300,1923,343,3483,19.2308,17.8367,18.4611,scheduled_duration_under_3h
GMMN,2022-12,1604,403,1934,479,3538,25.1247,24.7673,24.9293,scheduled_duration_under_3h
GMMW,2022-03,286,46,255,11,541,16.0839,4.3137,10.536,scheduled_duration_under_3h
GMMW,2022-06,256,85,303,59,559,33.2031,19.4719,25.7603,scheduled_duration_under_3h
GMMW,2022-09,259,56,273,47,532,21.6216,17.2161,19.3609,scheduled_duration_under_3h
GMMW,2022-12,165,34,165,14,330,20.6061,8.4848,14.5455,scheduled_duration_under_3h
GMMX,2022-03,628,92,667,38,1295,14.6497,5.6972,10.0386,scheduled_duration_under_3h
GMMX,2022-06,798,170,1005,116,1803,21.3033,11.5423,15.8625,scheduled_duration_under_3h
GMMX,2022-09,858,182,958,117,1816,21.2121,12.2129,16.4648,scheduled_duration_under_3h
GMMX,2022-12,880,213,998,126,1878,24.2045,12.6253,18.0511,scheduled_duration_under_3h
GMTN,2022-03,72,6,71,5,143,8.3333,7.0423,7.6923,scheduled_duration_under_3h
GMTN,2022-06,81,17,82,5,163,20.9877,6.0976,13.4969,scheduled_duration_under_3h
GMTN,2022-09,88,11,89,10,177,12.5,11.236,11.8644,scheduled_duration_under_3h
GMTN,2022-12,73,17,76,5,149,23.2877,6.5789,14.7651,scheduled_duration_under_3h
GMTT,2022-03,492,48,522,31,1014,9.7561,5.9387,7.7909,scheduled_duration_under_3h
GMTT,2022-06,520,116,610,79,1130,22.3077,12.9508,17.2566,scheduled_duration_under_3h
GMTT,2022-09,549,92,585,80,1134,16.7577,13.6752,15.1675,scheduled_duration_under_3h
GMTT,2022-12,428,68,469,39,897,15.8879,8.3156,11.9287,scheduled_duration_under_3h
GQNO,2022-03,71,7,68,22,139,9.8592,32.3529,20.8633,scheduled_duration_under_3h
GQNO,2022-06,62,10,60,15,122,16.129,25.0,20.4918,scheduled_duration_under_3h
GQNO,2022-09,74,17,70,18,144,22.973,25.7143,24.3056,scheduled_duration_under_3h
GQNO,2022-12,71,32,67,17,138,45.0704,25.3731,35.5072,scheduled_duration_under_3h
HECA,2022-03,535,113,444,116,979,21.1215,26.1261,23.3912,scheduled_duration_under_3h
HECA,2022-06,653,147,561,141,1214,22.5115,25.1337,23.7232,scheduled_duration_under_3h
HECA,2022-09,730,151,601,141,1331,20.6849,23.4609,21.9384,scheduled_duration_under_3h
HECA,2022-12,700,148,586,137,1286,21.1429,23.3788,22.1617,scheduled_duration_under_3h
HEGN,2022-03,104,17,96,10,200,16.3462,10.4167,13.5,scheduled_duration_under_3h
HEGN,2022-06,116,28,119,10,235,24.1379,8.4034,16.1702,scheduled_duration_under_3h
HEGN,2022-09,94,25,90,15,184,26.5957,16.6667,21.7391,scheduled_duration_under_3h
HEGN,2022-12,84,24,80,8,164,28.5714,10.0,19.5122,scheduled_duration_under_3h
HESH,2022-03,87,8,80,4,167,9.1954,5.0,7.1856,scheduled_duration_under_3h
HESH,2022-06,112,23,118,5,230,20.5357,4.2373,12.1739,scheduled_duration_under_3h
HESH,2022-09,112,19,106,7,218,16.9643,6.6038,11.9266,scheduled_duration_under_3h
HESH,2022-12,143,25,92,3,235,17.4825,3.2609,11.9149,scheduled_duration_under_3h
HLLB,2022-03,54,22,58,35,112,40.7407,60.3448,50.8929,scheduled_duration_under_3h
HLLB,2022-06,114,29,115,29,229,25.4386,25.2174,25.3275,scheduled_duration_under_3h
HLLB,2022-09,155,40,156,57,311,25.8065,36.5385,31.1897,scheduled_duration_under_3h
HLLB,2022-12,109,33,114,32,223,30.2752,28.0702,29.148,scheduled_duration_under_3h
LATI,2022-03,1018,113,993,18,2011,11.1002,1.8127,6.5142,scheduled_duration_under_3h
LATI,2022-06,1494,361,1464,240,2958,24.1633,16.3934,20.3178,scheduled_duration_under_3h
LATI,2022-09,1591,320,1538,297,3129,20.1131,19.3108,19.7188,scheduled_duration_under_3h
LATI,2022-12,1336,187,1275,51,2611,13.997,4.0,9.1153,scheduled_duration_under_3h
LBBG,2022-03,2,0,8,0,10,0.0,0.0,0.0,scheduled_duration_under_3h
LBBG,2022-06,317,48,314,78,631,15.142,24.8408,19.9683,scheduled_duration_under_3h
LBBG,2022-09,294,33,298,33,592,11.2245,11.0738,11.1486,scheduled_duration_under_3h
LBBG,2022-12,2,1,4,0,6,50.0,0.0,16.6667,scheduled_duration_under_3h
LBSF,2022-03,1176,58,1164,104,2340,4.932,8.9347,6.9231,scheduled_duration_under_3h
LBSF,2022-06,1717,422,1586,362,3303,24.5778,22.8247,23.736,scheduled_duration_under_3h
LBSF,2022-09,1773,375,1583,356,3356,21.1506,22.4889,21.7819,scheduled_duration_under_3h
LBSF,2022-12,1588,194,1391,77,2979,12.2166,5.5356,9.097,scheduled_duration_under_3h
LBWN,2022-03,170,8,167,4,337,4.7059,2.3952,3.5608,scheduled_duration_under_3h
LBWN,2022-06,359,63,355,69,714,17.5487,19.4366,18.4874,scheduled_duration_under_3h
LBWN,2022-09,423,38,415,55,838,8.9835,13.253,11.0979,scheduled_duration_under_3h
LBWN,2022-12,302,20,284,16,586,6.6225,5.6338,6.1433,scheduled_duration_under_3h
LCLK,2022-03,581,37,559,26,1140,6.3683,4.6512,5.5263,scheduled_duration_under_3h
LCLK,2022-06,1023,131,917,79,1940,12.8055,8.615,10.8247,scheduled_duration_under_3h
LCLK,2022-09,1052,124,943,99,1995,11.7871,10.4984,11.1779,scheduled_duration_under_3h
LCLK,2022-12,941,71,905,20,1846,7.5452,2.2099,4.9296,scheduled_duration_under_3h
LCPH,2022-03,254,10,200,13,454,3.937,6.5,5.0661,scheduled_duration_under_3h
LCPH,2022-06,342,29,303,27,645,8.4795,8.9109,8.6822,scheduled_duration_under_3h
LCPH,2022-09,366,49,302,30,668,13.388,9.9338,11.8263,scheduled_duration_under_3h
LCPH,2022-12,200,12,173,2,373,6.0,1.1561,3.7534,scheduled_duration_under_3h
LDDU,2022-03,134,5,131,2,265,3.7313,1.5267,2.6415,scheduled_duration_under_3h
LDDU,2022-06,1048,198,983,215,2031,18.8931,21.8718,20.3348,scheduled_duration_under_3h
LDDU,2022-09,1105,215,1012,167,2117,19.457,16.502,18.0444,scheduled_duration_under_3h
LDDU,2022-12,113,8,113,3,226,7.0796,2.6549,4.8673,scheduled_duration_under_3h
LDPL,2022-03,48,1,48,3,96,2.0833,6.25,4.1667,scheduled_duration_under_3h
LDPL,2022-06,277,62,276,75,553,22.3827,27.1739,24.774,scheduled_duration_under_3h
LDPL,2022-09,266,33,266,60,532,12.406,22.5564,17.4812,scheduled_duration_under_3h
LDPL,2022-12,49,4,48,2,97,8.1633,4.1667,6.1856,scheduled_duration_under_3h
LDRI,2022-03,26,0,26,2,52,0.0,7.6923,3.8462,scheduled_duration_under_3h
LDRI,2022-06,123,52,124,34,247,42.2764,27.4194,34.8178,scheduled_duration_under_3h
LDRI,2022-09,113,26,118,17,231,23.0088,14.4068,18.6147,scheduled_duration_under_3h
LDRI,2022-12,24,3,24,1,48,12.5,4.1667,8.3333,scheduled_duration_under_3h
LDSP,2022-03,277,10,278,4,555,3.6101,1.4388,2.5225,scheduled_duration_under_3h
LDSP,2022-06,1553,405,1562,340,3115,26.0786,21.767,23.9165,scheduled_duration_under_3h
LDSP,2022-09,1553,304,1520,232,3073,19.575,15.2632,17.4422,scheduled_duration_under_3h
LDSP,2022-12,255,32,256,9,511,12.549,3.5156,8.0235,scheduled_duration_under_3h
LDZA,2022-03,1275,81,1282,23,2557,6.3529,1.7941,4.0673,scheduled_duration_under_3h
LDZA,2022-06,1509,345,1505,226,3014,22.8628,15.0166,18.9449,scheduled_duration_under_3h
LDZA,2022-09,1584,316,1575,158,3159,19.9495,10.0317,15.0047,scheduled_duration_under_3h
LDZA,2022-12,1334,224,1318,66,2652,16.7916,5.0076,10.9351,scheduled_duration_under_3h
LDZD,2022-03,59,3,60,1,119,5.0847,1.6667,3.3613,scheduled_duration_under_3h
LDZD,2022-06,664,183,667,150,1331,27.5602,22.4888,25.0188,scheduled_duration_under_3h
LDZD,2022-09,701,158,703,111,1404,22.5392,15.7895,19.1595,scheduled_duration_under_3h
LDZD,2022-12,26,1,25,0,51,3.8462,0.0,1.9608,scheduled_duration_under_3h
LEAL,2022-03,2356,162,2361,47,4717,6.8761,1.9907,4.4308,scheduled_duration_under_3h
LEAL,2022-06,3370,651,3486,409,6856,19.3175,11.7326,15.4609,scheduled_duration_under_3h
LEAL,2022-09,3420,628,3388,414,6808,18.3626,12.2196,15.3055,scheduled_duration_under_3h
LEAL,2022-12,2297,244,2316,140,4613,10.6226,6.0449,8.3243,scheduled_duration_under_3h
LEAM,2022-03,174,3,177,5,351,1.7241,2.8249,2.2792,scheduled_duration_under_3h
LEAM,2022-06,290,23,338,42,628,7.931,12.426,10.3503,scheduled_duration_under_3h
LEAM,2022-09,316,26,340,40,656,8.2278,11.7647,10.061,scheduled_duration_under_3h
LEAM,2022-12,175,15,175,4,350,8.5714,2.2857,5.4286,scheduled_duration_under_3h
LEAS,2022-03,321,16,319,2,640,4.9844,0.627,2.8125,scheduled_duration_under_3h
LEAS,2022-06,494,49,495,15,989,9.919,3.0303,6.4712,scheduled_duration_under_3h
LEAS,2022-09,494,48,494,26,988,9.7166,5.2632,7.4899,scheduled_duration_under_3h
LEAS,2022-12,503,51,498,27,1001,10.1392,5.4217,7.7922,scheduled_duration_under_3h
LEBB,2022-03,1261,67,1255,27,2516,5.3132,2.1514,3.7361,scheduled_duration_under_3h
LEBB,2022-06,2000,174,1944,163,3944,8.7,8.3848,8.5446,scheduled_duration_under_3h
LEBB,2022-09,1994,154,1981,169,3975,7.7232,8.531,8.1258,scheduled_duration_under_3h
LEBB,2022-12,1508,176,1477,93,2985,11.6711,6.2965,9.0117,scheduled_duration_under_3h
LEBL,2022-03,8325,683,8186,643,16511,8.2042,7.8549,8.031,scheduled_duration_under_3h
LEBL,2022-06,10810,2088,10633,2271,21443,19.3154,21.358,20.3283,scheduled_duration_under_3h
LEBL,2022-09,11106,2230,10822,1458,21928,20.0792,13.4726,16.8187,scheduled_duration_under_3h
LEBL,2022-12,9069,1148,8998,1387,18067,12.6585,15.4145,14.0311,scheduled_duration_under_3h
LECO,2022-03,285,29,286,2,571,10.1754,0.6993,5.4291,scheduled_duration_under_3h
LECO,2022-06,253,27,254,10,507,10.6719,3.937,7.2978,scheduled_duration_under_3h
LECO,2022-09,384,48,383,21,767,12.5,5.483,8.9961,scheduled_duration_under_3h
LECO,2022-12,365,50,365,21,730,13.6986,5.7534,9.726,scheduled_duration_under_3h
LEGE,2022-03,108,2,108,0,216,1.8519,0.0,0.9259,scheduled_duration_under_3h
LEGE,2022-06,548,78,553,75,1101,14.2336,13.5624,13.8965,scheduled_duration_under_3h
LEGE,2022-09,550,84,552,63,1102,15.2727,11.413,13.3394,scheduled_duration_under_3h
LEGE,2022-12,43,2,42,2,85,4.6512,4.7619,4.7059,scheduled_duration_under_3h
LEGR,2022-03,265,27,266,6,531,10.1887,2.2556,6.2147,scheduled_duration_under_3h
LEGR,2022-06,317,113,316,32,633,35.6467,10.1266,22.9068,scheduled_duration_under_3h
LEGR,2022-09,317,83,317,26,634,26.183,8.2019,17.1924,scheduled_duration_under_3h
LEGR,2022-12,303,69,302,14,605,22.7723,4.6358,13.719,scheduled_duration_under_3h
LEIB,2022-03,1180,21,1182,21,2362,1.7797,1.7766,1.7782,scheduled_duration_under_3h
LEIB,2022-06,3623,418,3720,559,7343,11.5374,15.0269,13.3052,scheduled_duration_under_3h
LEIB,2022-09,3677,360,3745,497,7422,9.7906,13.271,11.5468,scheduled_duration_under_3h
LEIB,2022-12,1072,28,1072,22,2144,2.6119,2.0522,2.3321,scheduled_duration_under_3h
LEJR,2022-03,159,13,156,1,315,8.1761,0.641,4.4444,scheduled_duration_under_3h
LEJR,2022-06,286,52,329,27,615,18.1818,8.2067,12.8455,scheduled_duration_under_3h
LEJR,2022-09,346,64,354,32,700,18.4971,9.0395,13.7143,scheduled_duration_under_3h
LEJR,2022-12,160,29,164,12,324,18.125,7.3171,12.6543,scheduled_duration_under_3h
LEMD,2022-03,9841,735,9888,374,19729,7.4688,3.7824,5.6212,scheduled_duration_under_3h
LEMD,2022-06,10938,1997,11124,1549,22062,18.2575,13.9248,16.0729,scheduled_duration_under_3h
LEMD,2022-09,11370,2101,11497,1359,22867,18.4785,11.8205,15.131,scheduled_duration_under_3h
LEMD,2022-12,11392,1902,11501,1254,22893,16.6959,10.9034,13.7859,scheduled_duration_under_3h
LEMG,2022-03,3074,307,3085,234,6159,9.987,7.5851,8.7839,scheduled_duration_under_3h
LEMG,2022-06,4297,929,4733,850,9030,21.6197,17.959,19.701,scheduled_duration_under_3h
LEMG,2022-09,4449,824,4450,678,8899,18.521,15.236,16.8783,scheduled_duration_under_3h
LEMG,2022-12,3068,500,3174,270,6242,16.2973,8.5066,12.3358,scheduled_duration_under_3h
LEMH,2022-03,617,16,625,4,1242,2.5932,0.64,1.6103,scheduled_duration_under_3h
LEMH,2022-06,1966,259,1971,362,3937,13.174,18.3663,15.7734,scheduled_duration_under_3h
LEMH,2022-09,1958,178,1960,276,3918,9.0909,14.0816,11.5875,scheduled_duration_under_3h
LEMH,2022-12,532,17,533,10,1065,3.1955,1.8762,2.5352,scheduled_duration_under_3h
LEMI,2022-03,119,2,123,0,242,1.6807,0.0,0.8264,scheduled_duration_under_3h
LEMI,2022-06,324,17,344,28,668,5.2469,8.1395,6.7365,scheduled_duration_under_3h
LEMI,2022-09,315,21,319,29,634,6.6667,9.0909,7.8864,scheduled_duration_under_3h
LEMI,2022-12,95,1,95,3,190,1.0526,3.1579,2.1053,scheduled_duration_under_3h
LEPA,2022-03,4504,207,4478,263,8982,4.5959,5.8732,5.2327,scheduled_duration_under_3h
LEPA,2022-06,10365,1888,10180,3124,20545,18.2151,30.6876,24.3952,scheduled_duration_under_3h
LEPA,2022-09,10592,2122,10257,2208,20849,20.034,21.5268,20.7684,scheduled_duration_under_3h
LEPA,2022-12,3663,197,3640,341,7303,5.3781,9.3681,7.3668,scheduled_duration_under_3h
LEPP,2022-03,73,11,73,1,146,15.0685,1.3699,8.2192,scheduled_duration_under_3h
LEPP,2022-06,87,12,80,1,167,13.7931,1.25,7.7844,scheduled_duration_under_3h
LEPP,2022-09,99,4,93,2,192,4.0404,2.1505,3.125,scheduled_duration_under_3h
LEPP,2022-12,98,15,92,1,190,15.3061,1.087,8.4211,scheduled_duration_under_3h
LERS,2022-03,28,1,27,0,55,3.5714,0.0,1.8182,scheduled_duration_under_3h
LERS,2022-06,408,69,404,34,812,16.9118,8.4158,12.6847,scheduled_duration_under_3h
LERS,2022-09,388,65,391,38,779,16.7526,9.7187,13.2221,scheduled_duration_under_3h
LERS,2022-12,1,0,0,0,1,0.0,,0.0,scheduled_duration_under_3h
LESO,2022-03,97,11,97,1,194,11.3402,1.0309,6.1856,scheduled_duration_under_3h
LESO,2022-06,164,32,156,6,320,19.5122,3.8462,11.875,scheduled_duration_under_3h
LESO,2022-09,178,18,172,8,350,10.1124,4.6512,7.4286,scheduled_duration_under_3h
LESO,2022-12,154,18,148,6,302,11.6883,4.0541,7.947,scheduled_duration_under_3h
LEST,2022-03,745,32,745,10,1490,4.2953,1.3423,2.8188,scheduled_duration_under_3h
LEST,2022-06,1087,126,1092,47,2179,11.5915,4.304,7.9394,scheduled_duration_under_3h
LEST,2022-09,1109,91,1110,74,2219,8.2056,6.6667,7.4358,scheduled_duration_under_3h
LEST,2022-12,800,92,802,52,1602,11.5,6.4838,8.9888,scheduled_duration_under_3h
LEVC,2022-03,2117,106,2122,24,4239,5.0071,1.131,3.0668,scheduled_duration_under_3h
LEVC,2022-06,2767,379,2823,290,5590,13.6971,10.2728,11.9678,scheduled_duration_under_3h
LEVC,2022-09,2807,336,2852,242,5659,11.9701,8.4853,10.2138,scheduled_duration_under_3h
LEVC,2022-12,2209,211,2235,127,4444,9.5518,5.6823,7.6058,scheduled_duration_under_3h
LEVT,2022-03,406,21,400,2,806,5.1724,0.5,2.8536,scheduled_duration_under_3h
LEVT,2022-06,413,46,410,35,823,11.138,8.5366,9.842,scheduled_duration_under_3h
LEVT,2022-09,402,36,396,41,798,8.9552,10.3535,9.6491,scheduled_duration_under_3h
LEVT,2022-12,405,54,404,29,809,13.3333,7.1782,10.2596,scheduled_duration_under_3h
LEVX,2022-03,285,30,285,2,570,10.5263,0.7018,5.614,scheduled_duration_under_3h
LEVX,2022-06,342,60,341,5,683,17.5439,1.4663,9.5168,scheduled_duration_under_3h
LEVX,2022-09,414,60,414,21,828,14.4928,5.0725,9.7826,scheduled_duration_under_3h
LEVX,2022-12,322,76,322,16,644,23.6025,4.9689,14.2857,scheduled_duration_under_3h
LEXJ,2022-03,267,10,264,4,531,3.7453,1.5152,2.6365,scheduled_duration_under_3h
LEXJ,2022-06,392,44,384,21,776,11.2245,5.4688,8.3763,scheduled_duration_under_3h
LEXJ,2022-09,393,30,390,22,783,7.6336,5.641,6.6411,scheduled_duration_under_3h
LEXJ,2022-12,275,28,275,9,550,10.1818,3.2727,6.7273,scheduled_duration_under_3h
LEZG,2022-03,189,12,145,4,334,6.3492,2.7586,4.7904,scheduled_duration_under_3h
LEZG,2022-06,236,32,198,17,434,13.5593,8.5859,11.2903,scheduled_duration_under_3h
LEZG,2022-09,236,31,185,23,421,13.1356,12.4324,12.8266,scheduled_duration_under_3h
LEZG,2022-12,191,18,141,3,332,9.4241,2.1277,6.3253,scheduled_duration_under_3h
LEZL,2022-03,1900,128,1916,12,3816,6.7368,0.6263,3.6688,scheduled_duration_under_3h
LEZL,2022-06,2017,277,2085,92,4102,13.7333,4.4125,8.9956,scheduled_duration_under_3h
LEZL,2022-09,2036,254,2067,110,4103,12.4754,5.3217,8.8716,scheduled_duration_under_3h
LEZL,2022-12,1848,263,1922,81,3770,14.2316,4.2144,9.1247,scheduled_duration_under_3h
LFBD,2022-03,1529,136,1522,58,3051,8.8947,3.8108,6.3586,scheduled_duration_under_3h
LFBD,2022-06,2107,432,2123,281,4230,20.5031,13.236,16.8558,scheduled_duration_under_3h
LFBD,2022-09,2060,343,2092,268,4152,16.6505,12.8107,14.7158,scheduled_duration_under_3h
LFBD,2022-12,1542,259,1540,149,3082,16.7964,9.6753,13.2382,scheduled_duration_under_3h
LFBE,2022-03,25,2,25,1,50,8.0,4.0,6.0,scheduled_duration_under_3h
LFBE,2022-06,125,17,125,23,250,13.6,18.4,16.0,scheduled_duration_under_3h
LFBE,2022-09,105,15,105,16,210,14.2857,15.2381,14.7619,scheduled_duration_under_3h
LFBE,2022-12,24,3,24,1,48,12.5,4.1667,8.3333,scheduled_duration_under_3h
LFBL,2022-03,116,5,114,7,230,4.3103,6.1404,5.2174,scheduled_duration_under_3h
LFBL,2022-06,160,13,159,24,319,8.125,15.0943,11.5987,scheduled_duration_under_3h
LFBL,2022-09,133,22,136,21,269,16.5414,15.4412,15.9851,scheduled_duration_under_3h
LFBL,2022-12,47,5,49,1,96,10.6383,2.0408,6.25,scheduled_duration_under_3h
LFBO,2022-03,2498,141,2494,247,4992,5.6445,9.9038,7.7724,scheduled_duration_under_3h
LFBO,2022-06,2799,413,2814,602,5613,14.7553,21.393,18.083,scheduled_duration_under_3h
LFBO,2022-09,2692,403,2724,538,5416,14.9703,19.7504,17.3744,scheduled_duration_under_3h
LFBO,2022-12,2650,228,2657,567,5307,8.6038,21.3399,14.9802,scheduled_duration_under_3h
LFBP,2022-03,206,20,206,7,412,9.7087,3.3981,6.5534,scheduled_duration_under_3h
LFBP,2022-06,205,67,206,19,411,32.6829,9.2233,20.9246,scheduled_duration_under_3h
LFBP,2022-09,199,46,198,12,397,23.1156,6.0606,14.6096,scheduled_duration_under_3h
LFBP,2022-12,179,55,184,12,363,30.7263,6.5217,18.4573,scheduled_duration_under_3h
LFBT,2022-03,141,8,139,8,280,5.6738,5.7554,5.7143,scheduled_duration_under_3h
LFBT,2022-06,65,9,66,9,131,13.8462,13.6364,13.7405,scheduled_duration_under_3h
LFBT,2022-09,155,17,155,25,310,10.9677,16.129,13.5484,scheduled_duration_under_3h
LFBT,2022-12,116,10,116,8,232,8.6207,6.8966,7.7586,scheduled_duration_under_3h
LFBZ,2022-03,265,36,265,13,530,13.5849,4.9057,9.2453,scheduled_duration_under_3h
LFBZ,2022-06,427,107,428,53,855,25.0585,12.3832,18.7135,scheduled_duration_under_3h
LFBZ,2022-09,360,78,361,33,721,21.6667,9.1413,15.3953,scheduled_duration_under_3h
LFBZ,2022-12,230,78,228,16,458,33.913,7.0175,20.524,scheduled_duration_under_3h
LFJL,2022-03,54,0,54,2,108,0.0,3.7037,1.8519,scheduled_duration_under_3h
LFJL,2022-06,58,5,57,6,115,8.6207,10.5263,9.5652,scheduled_duration_under_3h
LFJL,2022-09,77,8,76,17,153,10.3896,22.3684,16.3399,scheduled_duration_under_3h
LFJL,2022-12,67,7,66,6,133,10.4478,9.0909,9.7744,scheduled_duration_under_3h
LFKB,2022-03,313,16,310,10,623,5.1118,3.2258,4.1734,scheduled_duration_under_3h
LFKB,2022-06,685,130,683,116,1368,18.9781,16.9839,17.9825,scheduled_duration_under_3h
LFKB,2022-09,661,91,662,70,1323,13.767,10.574,12.1693,scheduled_duration_under_3h
LFKB,2022-12,388,55,387,28,775,14.1753,7.2351,10.7097,scheduled_duration_under_3h
LFKC,2022-03,94,1,96,1,190,1.0638,1.0417,1.0526,scheduled_duration_under_3h
LFKC,2022-06,202,25,203,21,405,12.3762,10.3448,11.358,scheduled_duration_under_3h
LFKC,2022-09,186,24,187,13,373,12.9032,6.9519,9.9196,scheduled_duration_under_3h
LFKC,2022-12,89,6,87,1,176,6.7416,1.1494,3.9773,scheduled_duration_under_3h
LFKF,2022-03,137,3,137,4,274,2.1898,2.9197,2.5547,scheduled_duration_under_3h
LFKF,2022-06,472,87,474,83,946,18.4322,17.5105,17.9704,scheduled_duration_under_3h
LFKF,2022-09,411,64,412,60,823,15.5718,14.5631,15.0668,scheduled_duration_under_3h
LFKF,2022-12,117,15,118,5,235,12.8205,4.2373,8.5106,scheduled_duration_under_3h
LFKJ,2022-03,333,4,327,19,660,1.2012,5.8104,3.4848,scheduled_duration_under_3h
LFKJ,2022-06,779,92,774,112,1553,11.81,14.4703,13.1359,scheduled_duration_under_3h
LFKJ,2022-09,726,70,720,75,1446,9.6419,10.4167,10.0277,scheduled_duration_under_3h
LFKJ,2022-12,383,32,384,38,767,8.3551,9.8958,9.1265,scheduled_duration_under_3h
LFLC,2022-03,126,17,129,10,255,13.4921,7.7519,10.5882,scheduled_duration_under_3h
LFLC,2022-06,99,35,99,20,198,35.3535,20.202,27.7778,scheduled_duration_under_3h
LFLC,2022-09,95,34,96,12,191,35.7895,12.5,24.0838,scheduled_duration_under_3h
LFLC,2022-12,102,35,104,8,206,34.3137,7.6923,20.8738,scheduled_duration_under_3h
LFLL,2022-03,2805,181,2829,201,5634,6.4528,7.105,6.7803,scheduled_duration_under_3h
LFLL,2022-06,3297,577,3405,723,6702,17.5008,21.2335,19.3972,scheduled_duration_under_3h
LFLL,2022-09,3259,488,3355,554,6614,14.9739,16.5127,15.7545,scheduled_duration_under_3h
LFLL,2022-12,2967,472,3042,612,6009,15.9083,20.1183,18.0396,scheduled_duration_under_3h
LFMK,2022-03,50,1,50,2,100,2.0,4.0,3.0,scheduled_duration_under_3h
LFMK,2022-06,116,25,116,20,232,21.5517,17.2414,19.3966,scheduled_duration_under_3h
LFMK,2022-09,107,25,107,19,214,23.3645,17.757,20.5607,scheduled_duration_under_3h
LFMK,2022-12,39,4,39,5,78,10.2564,12.8205,11.5385,scheduled_duration_under_3h
LFML,2022-03,2698,255,2765,323,5463,9.4514,11.6817,10.5803,scheduled_duration_under_3h
LFML,2022-06,3495,796,3590,967,7085,22.7754,26.9359,24.8836,scheduled_duration_under_3h
LFML,2022-09,3516,782,3631,875,7147,22.2412,24.098,23.1846,scheduled_duration_under_3h
LFML,2022-12,3092,582,3183,790,6275,18.8228,24.8194,21.8645,scheduled_duration_under_3h
LFMN,2022-03,3079,171,3113,298,6192,5.5538,9.5728,7.5743,scheduled_duration_under_3h
LFMN,2022-06,4417,949,4510,1757,8927,21.4852,38.9579,30.3125,scheduled_duration_under_3h
LFMN,2022-09,4133,680,4196,1293,8329,16.4529,30.8151,23.6883,scheduled_duration_under_3h
LFMN,2022-12,3205,380,3237,628,6442,11.8565,19.4007,15.6473,scheduled_duration_under_3h
LFMP,2022-03,117,6,117,6,234,5.1282,5.1282,5.1282,scheduled_duration_under_3h
LFMP,2022-06,149,27,149,25,298,18.1208,16.7785,17.4497,scheduled_duration_under_3h
LFMP,2022-09,131,27,132,15,263,20.6107,11.3636,15.9696,scheduled_duration_under_3h
LFMP,2022-12,102,21,102,10,204,20.5882,9.8039,15.1961,scheduled_duration_under_3h
LFMT,2022-03,570,35,570,24,1140,6.1404,4.2105,5.1754,scheduled_duration_under_3h
LFMT,2022-06,640,101,655,110,1295,15.7812,16.7939,16.2934,scheduled_duration_under_3h
LFMT,2022-09,570,74,581,83,1151,12.9825,14.2857,13.6403,scheduled_duration_under_3h
LFMT,2022-12,573,73,575,57,1148,12.74,9.913,11.324,scheduled_duration_under_3h
LFOB,2022-03,978,63,996,36,1974,6.4417,3.6145,5.0152,scheduled_duration_under_3h
LFOB,2022-06,1162,270,1182,332,2344,23.2358,28.088,25.6826,scheduled_duration_under_3h
LFOB,2022-09,1144,241,1199,256,2343,21.0664,21.3511,21.2121,scheduled_duration_under_3h
LFOB,2022-12,1011,117,1100,108,2111,11.5727,9.8182,10.6585,scheduled_duration_under_3h
LFPG,2022-03,10233,955,10280,1302,20513,9.3326,12.6654,11.0028,scheduled_duration_under_3h
LFPG,2022-06,12712,3057,12677,4282,25389,24.0481,33.7777,28.9062,scheduled_duration_under_3h
LFPG,2022-09,12635,2879,12667,3610,25302,22.7859,28.4993,25.6462,scheduled_duration_under_3h
LFPG,2022-12,11553,2148,11734,2783,23287,18.5926,23.7174,21.1749,scheduled_duration_under_3h
LFPO,2022-03,6211,525,6179,517,12390,8.4527,8.367,8.41,scheduled_duration_under_3h
LFPO,2022-06,7574,1403,7559,1539,15133,18.5239,20.3598,19.441,scheduled_duration_under_3h
LFPO,2022-09,7697,1461,7735,1374,15432,18.9814,17.7634,18.3709,scheduled_duration_under_3h
LFPO,2022-12,6827,1176,6726,1303,13553,17.2257,19.3726,18.2912,scheduled_duration_under_3h
LFQQ,2022-03,446,13,444,12,890,2.9148,2.7027,2.809,scheduled_duration_under_3h
LFQQ,2022-06,615,101,621,231,1236,16.4228,37.1981,26.8608,scheduled_duration_under_3h
LFQQ,2022-09,585,83,609,138,1194,14.188,22.6601,18.5092,scheduled_duration_under_3h
LFQQ,2022-12,429,48,438,39,867,11.1888,8.9041,10.0346,scheduled_duration_under_3h
LFRB,2022-03,371,27,371,16,742,7.2776,4.3127,5.7951,scheduled_duration_under_3h
LFRB,2022-06,394,74,388,40,782,18.7817,10.3093,14.578,scheduled_duration_under_3h
LFRB,2022-09,377,63,372,39,749,16.7109,10.4839,13.6182,scheduled_duration_under_3h
LFRB,2022-12,348,88,350,43,698,25.2874,12.2857,18.7679,scheduled_duration_under_3h
LFRK,2022-03,81,15,83,5,164,18.5185,6.0241,12.1951,scheduled_duration_under_3h
LFRK,2022-06,153,59,152,20,305,38.5621,13.1579,25.9016,scheduled_duration_under_3h
LFRK,2022-09,130,34,130,22,260,26.1538,16.9231,21.5385,scheduled_duration_under_3h
LFRK,2022-12,104,39,105,11,209,37.5,10.4762,23.9234,scheduled_duration_under_3h
LFRN,2022-03,309,24,313,9,622,7.767,2.8754,5.3055,scheduled_duration_under_3h
LFRN,2022-06,331,69,336,46,667,20.8459,13.6905,17.2414,scheduled_duration_under_3h
LFRN,2022-09,308,56,310,29,618,18.1818,9.3548,13.754,scheduled_duration_under_3h
LFRN,2022-12,331,66,331,29,662,19.9396,8.7613,14.3505,scheduled_duration_under_3h
LFRS,2022-03,1381,131,1384,30,2765,9.4859,2.1676,5.8228,scheduled_duration_under_3h
LFRS,2022-06,1938,339,1940,223,3878,17.4923,11.4948,14.492,scheduled_duration_under_3h
LFRS,2022-09,1881,286,1892,181,3773,15.2047,9.5666,12.3774,scheduled_duration_under_3h
LFRS,2022-12,1580,257,1565,132,3145,16.2658,8.4345,12.3688,scheduled_duration_under_3h
LFSB,2022-03,1702,73,1757,70,3459,4.2891,3.9841,4.1341,scheduled_duration_under_3h
LFSB,2022-06,2249,405,2378,517,4627,18.008,21.741,19.9265,scheduled_duration_under_3h
LFSB,2022-09,2255,382,2460,503,4715,16.9401,20.4472,18.7699,scheduled_duration_under_3h
LFSB,2022-12,1793,227,1912,284,3705,12.6603,14.8536,13.7922,scheduled_duration_under_3h
LFSL,2022-03,61,5,63,3,124,8.1967,4.7619,6.4516,scheduled_duration_under_3h
LFSL,2022-06,77,14,77,7,154,18.1818,9.0909,13.6364,scheduled_duration_under_3h
LFSL,2022-09,80,10,80,7,160,12.5,8.75,10.625,scheduled_duration_under_3h
LFSL,2022-12,58,11,59,9,117,18.9655,15.2542,17.094,scheduled_duration_under_3h
LFST,2022-03,257,7,269,10,526,2.7237,3.7175,3.2319,scheduled_duration_under_3h
LFST,2022-06,425,92,430,62,855,21.6471,14.4186,18.0117,scheduled_duration_under_3h
LFST,2022-09,391,72,402,64,793,18.4143,15.9204,17.1501,scheduled_duration_under_3h
LFST,2022-12,434,58,447,51,881,13.3641,11.4094,12.3723,scheduled_duration_under_3h
LFTH,2022-03,138,11,139,4,277,7.971,2.8777,5.4152,scheduled_duration_under_3h
LFTH,2022-06,151,40,152,27,303,26.4901,17.7632,22.1122,scheduled_duration_under_3h
LFTH,2022-09,182,37,181,40,363,20.3297,22.0994,21.2121,scheduled_duration_under_3h
LFTH,2022-12,79,23,79,13,158,29.1139,16.4557,22.7848,scheduled_duration_under_3h
LGAL,2022-03,152,0,153,3,305,0.0,1.9608,0.9836,scheduled_duration_under_3h
LGAL,2022-06,130,3,130,15,260,2.3077,11.5385,6.9231,scheduled_duration_under_3h
LGAL,2022-09,136,3,135,10,271,2.2059,7.4074,4.797,scheduled_duration_under_3h
LGAL,2022-12,167,0,167,0,334,0.0,0.0,0.0,scheduled_duration_under_3h
LGAV,2022-03,4841,229,4505,30,9346,4.7304,0.6659,2.7712,scheduled_duration_under_3h
LGAV,2022-06,7942,1428,7186,323,15128,17.9804,4.4949,11.5746,scheduled_duration_under_3h
LGAV,2022-09,8181,1160,7276,317,15457,14.1792,4.3568,9.5555,scheduled_duration_under_3h
LGAV,2022-12,5797,379,5303,49,11100,6.5379,0.924,3.8559,scheduled_duration_under_3h
LGHI,2022-03,175,0,175,2,350,0.0,1.1429,0.5714,scheduled_duration_under_3h
LGHI,2022-06,212,5,212,18,424,2.3585,8.4906,5.4245,scheduled_duration_under_3h
LGHI,2022-09,211,7,212,14,423,3.3175,6.6038,4.9645,scheduled_duration_under_3h
LGHI,2022-12,199,2,200,4,399,1.005,2.0,1.5038,scheduled_duration_under_3h
LGIK,2022-03,39,0,39,0,78,0.0,0.0,0.0,scheduled_duration_under_3h
LGIK,2022-06,86,0,86,2,172,0.0,2.3256,1.1628,scheduled_duration_under_3h
LGIK,2022-09,84,0,83,2,167,0.0,2.4096,1.1976,scheduled_duration_under_3h
LGIK,2022-12,43,0,43,0,86,0.0,0.0,0.0,scheduled_duration_under_3h
LGIR,2022-03,393,1,385,3,778,0.2545,0.7792,0.5141,scheduled_duration_under_3h
LGIR,2022-06,1447,202,1137,178,2584,13.9599,15.6552,14.7059,scheduled_duration_under_3h
LGIR,2022-09,1609,191,1177,174,2786,11.8707,14.7833,13.1012,scheduled_duration_under_3h
LGIR,2022-12,394,0,397,2,791,0.0,0.5038,0.2528,scheduled_duration_under_3h
LGKF,2022-03,49,3,45,0,94,6.1224,0.0,3.1915,scheduled_duration_under_3h
LGKF,2022-06,236,70,212,35,448,29.661,16.5094,23.4375,scheduled_duration_under_3h
LGKF,2022-09,231,49,199,23,430,21.2121,11.5578,16.7442,scheduled_duration_under_3h
LGKF,2022-12,50,0,49,0,99,0.0,0.0,0.0,scheduled_duration_under_3h
LGKL,2022-03,30,2,30,2,60,6.6667,6.6667,6.6667,scheduled_duration_under_3h
LGKL,2022-06,128,32,110,11,238,25.0,10.0,18.0672,scheduled_duration_under_3h
LGKL,2022-09,145,48,106,16,251,33.1034,15.0943,25.498,scheduled_duration_under_3h
LGKL,2022-12,16,1,15,0,31,6.25,0.0,3.2258,scheduled_duration_under_3h
LGKO,2022-03,173,1,173,0,346,0.578,0.0,0.289,scheduled_duration_under_3h
LGKO,2022-06,577,102,399,84,976,17.6776,21.0526,19.0574,scheduled_duration_under_3h
LGKO,2022-09,651,98,427,90,1078,15.0538,21.0773,17.4397,scheduled_duration_under_3h
LGKO,2022-12,163,1,164,6,327,0.6135,3.6585,2.1407,scheduled_duration_under_3h
LGKP,2022-03,56,0,58,1,114,0.0,1.7241,0.8772,scheduled_duration_under_3h
LGKP,2022-06,168,9,181,12,349,5.3571,6.6298,6.0172,scheduled_duration_under_3h
LGKP,2022-09,176,9,183,14,359,5.1136,7.6503,6.4067,scheduled_duration_under_3h
LGKP,2022-12,60,0,62,1,122,0.0,1.6129,0.8197,scheduled_duration_under_3h
LGKR,2022-03,183,4,183,0,366,2.1858,0.0,1.0929,scheduled_duration_under_3h
LGKR,2022-06,1297,338,1211,321,2508,26.0601,26.507,26.2759,scheduled_duration_under_3h
LGKR,2022-09,1350,293,1179,200,2529,21.7037,16.9635,19.4939,scheduled_duration_under_3h
LGKR,2022-12,169,0,171,1,340,0.0,0.5848,0.2941,scheduled_duration_under_3h
LGKV,2022-03,31,0,31,3,62,0.0,9.6774,4.8387,scheduled_duration_under_3h
LGKV,2022-06,107,31,115,34,222,28.972,29.5652,29.2793,scheduled_duration_under_3h
LGKV,2022-09,116,33,113,36,229,28.4483,31.8584,30.131,scheduled_duration_under_3h
LGKV,2022-12,33,1,33,3,66,3.0303,9.0909,6.0606,scheduled_duration_under_3h
LGLM,2022-03,82,1,82,1,164,1.2195,1.2195,1.2195,scheduled_duration_under_3h
LGLM,2022-06,136,9,136,10,272,6.6176,7.3529,6.9853,scheduled_duration_under_3h
LGLM,2022-09,139,2,140,6,279,1.4388,4.2857,2.8674,scheduled_duration_under_3h
LGLM,2022-12,92,0,92,2,184,0.0,2.1739,1.087,scheduled_duration_under_3h
LGMK,2022-03,90,1,84,0,174,1.1111,0.0,0.5747,scheduled_duration_under_3h
LGMK,2022-06,752,137,702,25,1454,18.2181,3.5613,11.1417,scheduled_duration_under_3h
LGMK,2022-09,775,104,702,37,1477,13.4194,5.2707,9.5464,scheduled_duration_under_3h
LGMK,2022-12,91,0,91,0,182,0.0,0.0,0.0,scheduled_duration_under_3h
LGML,2022-03,39,0,39,3,78,0.0,7.6923,3.8462,scheduled_duration_under_3h
LGML,2022-06,167,1,168,16,335,0.5988,9.5238,5.0746,scheduled_duration_under_3h
LGML,2022-09,167,3,166,8,333,1.7964,4.8193,3.3033,scheduled_duration_under_3h
LGML,2022-12,33,0,33,1,66,0.0,3.0303,1.5152,scheduled_duration_under_3h
LGMT,2022-03,207,1,207,4,414,0.4831,1.9324,1.2077,scheduled_duration_under_3h
LGMT,2022-06,254,4,236,29,490,1.5748,12.2881,6.7347,scheduled_duration_under_3h
LGMT,2022-09,244,6,224,19,468,2.459,8.4821,5.3419,scheduled_duration_under_3h
LGMT,2022-12,232,1,233,18,465,0.431,7.7253,4.086,scheduled_duration_under_3h
LGNX,2022-03,46,0,47,0,93,0.0,0.0,0.0,scheduled_duration_under_3h
LGNX,2022-06,194,0,195,16,389,0.0,8.2051,4.1131,scheduled_duration_under_3h
LGNX,2022-09,242,0,244,5,486,0.0,2.0492,1.0288,scheduled_duration_under_3h
LGNX,2022-12,50,0,50,0,100,0.0,0.0,0.0,scheduled_duration_under_3h
LGPA,2022-03,77,1,77,3,154,1.2987,3.8961,2.5974,scheduled_duration_under_3h
LGPA,2022-06,381,3,381,55,762,0.7874,14.4357,7.6115,scheduled_duration_under_3h
LGPA,2022-09,316,1,315,28,631,0.3165,8.8889,4.5959,scheduled_duration_under_3h
LGPA,2022-12,80,0,80,0,160,0.0,0.0,0.0,scheduled_duration_under_3h
LGPZ,2022-03,29,2,30,0,59,6.8966,0.0,3.3898,scheduled_duration_under_3h
LGPZ,2022-06,226,48,211,54,437,21.2389,25.5924,23.341,scheduled_duration_under_3h
LGPZ,2022-09,251,66,231,36,482,26.2948,15.5844,21.1618,scheduled_duration_under_3h
LGPZ,2022-12,27,0,28,0,55,0.0,0.0,0.0,scheduled_duration_under_3h
LGRP,2022-03,259,1,254,2,513,0.3861,0.7874,0.5848,scheduled_duration_under_3h
LGRP,2022-06,977,98,750,86,1727,10.0307,11.4667,10.6543,scheduled_duration_under_3h
LGRP,2022-09,1079,89,794,66,1873,8.2484,8.3123,8.2755,scheduled_duration_under_3h
LGRP,2022-12,275,4,274,3,549,1.4545,1.0949,1.275,scheduled_duration_under_3h
LGSA,2022-03,257,5,250,2,507,1.9455,0.8,1.3807,scheduled_duration_under_3h
LGSA,2022-06,639,142,533,54,1172,22.2222,10.1313,16.7235,scheduled_duration_under_3h
LGSA,2022-09,654,152,522,41,1176,23.2416,7.8544,16.4116,scheduled_duration_under_3h
LGSA,2022-12,266,2,263,0,529,0.7519,0.0,0.3781,scheduled_duration_under_3h
LGSK,2022-03,20,0,20,1,40,0.0,5.0,2.5,scheduled_duration_under_3h
LGSK,2022-06,149,19,136,20,285,12.7517,14.7059,13.6842,scheduled_duration_under_3h
LGSK,2022-09,183,27,183,19,366,14.7541,10.3825,12.5683,scheduled_duration_under_3h
LGSK,2022-12,22,0,21,0,43,0.0,0.0,0.0,scheduled_duration_under_3h
LGSM,2022-03,124,0,123,4,247,0.0,3.252,1.6194,scheduled_duration_under_3h
LGSM,2022-06,204,8,208,27,412,3.9216,12.9808,8.4951,scheduled_duration_under_3h
LGSM,2022-09,213,9,199,11,412,4.2254,5.5276,4.8544,scheduled_duration_under_3h
LGSM,2022-12,125,1,124,6,249,0.8,4.8387,2.8112,scheduled_duration_under_3h
LGSR,2022-03,205,3,201,0,406,1.4634,0.0,0.7389,scheduled_duration_under_3h
LGSR,2022-06,1157,129,1050,49,2207,11.1495,4.6667,8.0652,scheduled_duration_under_3h
LGSR,2022-09,1208,117,1062,43,2270,9.6854,4.049,7.0485,scheduled_duration_under_3h
LGSR,2022-12,216,0,216,0,432,0.0,0.0,0.0,scheduled_duration_under_3h
LGTS,2022-03,1285,31,1266,29,2551,2.4125,2.2907,2.352,scheduled_duration_under_3h
LGTS,2022-06,2102,305,2016,331,4118,14.51,16.4187,15.4444,scheduled_duration_under_3h
LGTS,2022-09,2134,243,2018,271,4152,11.3871,13.4291,12.3796,scheduled_duration_under_3h
LGTS,2022-12,1458,88,1387,63,2845,6.0357,4.5422,5.3076,scheduled_duration_under_3h
LGZA,2022-03,46,0,49,1,95,0.0,2.0408,1.0526,scheduled_duration_under_3h
LGZA,2022-06,427,117,339,51,766,27.4005,15.0442,21.9321,scheduled_duration_under_3h
LGZA,2022-09,463,115,387,62,850,24.838,16.0207,20.8235,scheduled_duration_under_3h
LGZA,2022-12,50,0,51,0,101,0.0,0.0,0.0,scheduled_duration_under_3h
LHBP,2022-03,2590,166,2722,108,5312,6.4093,3.9677,5.1581,scheduled_duration_under_3h
LHBP,2022-06,3492,976,3573,1071,7065,27.9496,29.9748,28.9738,scheduled_duration_under_3h
LHBP,2022-09,3439,715,3535,820,6974,20.7909,23.1966,22.0103,scheduled_duration_under_3h
LHBP,2022-12,2893,349,2988,290,5881,12.0636,9.7055,10.8655,scheduled_duration_under_3h
LHDC,2022-03,31,0,33,0,64,0.0,0.0,0.0,scheduled_duration_under_3h
LHDC,2022-06,98,23,108,32,206,23.4694,29.6296,26.699,scheduled_duration_under_3h
LHDC,2022-09,91,7,100,18,191,7.6923,18.0,13.089,scheduled_duration_under_3h
LHDC,2022-12,59,2,72,8,131,3.3898,11.1111,7.6336,scheduled_duration_under_3h
LIBD,2022-03,1560,50,1558,32,3118,3.2051,2.0539,2.6299,scheduled_duration_under_3h
LIBD,2022-06,2137,359,2135,291,4272,16.7993,13.63,15.2154,scheduled_duration_under_3h
LIBD,2022-09,2220,325,2208,266,4428,14.6396,12.0471,13.3469,scheduled_duration_under_3h
LIBD,2022-12,1509,123,1504,60,3013,8.1511,3.9894,6.0737,scheduled_duration_under_3h
LIBP,2022-03,184,2,185,5,369,1.087,2.7027,1.897,scheduled_duration_under_3h
LIBP,2022-06,282,35,283,51,565,12.4113,18.0212,15.2212,scheduled_duration_under_3h
LIBP,2022-09,276,27,277,32,553,9.7826,11.5523,10.6691,scheduled_duration_under_3h
LIBP,2022-12,168,9,172,5,340,5.3571,2.907,4.1176,scheduled_duration_under_3h
LIBR,2022-03,701,33,700,8,1401,4.7076,1.1429,2.9265,scheduled_duration_under_3h
LIBR,2022-06,1121,206,1118,79,2239,18.3764,7.0662,12.7289,scheduled_duration_under_3h
LIBR,2022-09,1167,165,1159,88,2326,14.1388,7.5928,10.877,scheduled_duration_under_3h
LIBR,2022-12,614,88,607,11,1221,14.3322,1.8122,8.1081,scheduled_duration_under_3h
LICA,2022-03,665,36,667,9,1332,5.4135,1.3493,3.3784,scheduled_duration_under_3h
LICA,2022-06,853,162,861,64,1714,18.9918,7.4332,13.1855,scheduled_duration_under_3h
LICA,2022-09,933,118,935,63,1868,12.6474,6.738,9.6895,scheduled_duration_under_3h
LICA,2022-12,690,80,687,19,1377,11.5942,2.7656,7.1895,scheduled_duration_under_3h
LICB,2022-03,102,11,100,1,202,10.7843,1.0,5.9406,scheduled_duration_under_3h
LICB,2022-06,124,23,125,7,249,18.5484,5.6,12.0482,scheduled_duration_under_3h
LICB,2022-09,121,20,122,10,243,16.5289,8.1967,12.3457,scheduled_duration_under_3h
LICB,2022-12,59,15,57,1,116,25.4237,1.7544,13.7931,scheduled_duration_under_3h
LICC,2022-03,2205,202,2177,40,4382,9.161,1.8374,5.5226,scheduled_duration_under_3h
LICC,2022-06,3138,341,3144,267,6282,10.8668,8.4924,9.6784,scheduled_duration_under_3h
LICC,2022-09,3301,472,3285,333,6586,14.2987,10.137,12.2229,scheduled_duration_under_3h
LICC,2022-12,2299,351,2307,69,4606,15.2675,2.9909,9.1185,scheduled_duration_under_3h
LICD,2022-03,93,0,94,1,187,0.0,1.0638,0.5348,scheduled_duration_under_3h
LICD,2022-06,255,15,257,25,512,5.8824,9.7276,7.8125,scheduled_duration_under_3h
LICD,2022-09,276,24,274,29,550,8.6957,10.5839,9.6364,scheduled_duration_under_3h
LICD,2022-12,89,0,90,4,179,0.0,4.4444,2.2346,scheduled_duration_under_3h
LICG,2022-03,119,5,118,0,237,4.2017,0.0,2.1097,scheduled_duration_under_3h
LICG,2022-06,193,1,194,2,387,0.5181,1.0309,0.7752,scheduled_duration_under_3h
LICG,2022-09,192,4,193,1,385,2.0833,0.5181,1.2987,scheduled_duration_under_3h
LICG,2022-12,127,0,127,0,254,0.0,0.0,0.0,scheduled_duration_under_3h
LICJ,2022-03,1864,50,1867,14,3731,2.6824,0.7499,1.7154,scheduled_duration_under_3h
LICJ,2022-06,2438,347,2439,166,4877,14.233,6.8061,10.5188,scheduled_duration_under_3h
LICJ,2022-09,2540,294,2541,160,5081,11.5748,6.2967,8.9352,scheduled_duration_under_3h
LICJ,2022-12,1590,138,1581,29,3171,8.6792,1.8343,5.2665,scheduled_duration_under_3h
LICR,2022-03,80,5,81,0,161,6.25,0.0,3.1056,scheduled_duration_under_3h
LICR,2022-06,89,10,89,3,178,11.236,3.3708,7.3034,scheduled_duration_under_3h
LICR,2022-09,92,2,91,6,183,2.1739,6.5934,4.3716,scheduled_duration_under_3h
LICR,2022-12,123,4,123,0,246,3.252,0.0,1.626,scheduled_duration_under_3h
LICT,2022-03,253,12,249,5,502,4.7431,2.008,3.3865,scheduled_duration_under_3h
LICT,2022-06,349,47,348,25,697,13.467,7.1839,10.33,scheduled_duration_under_3h
LICT,2022-09,401,39,393,25,794,9.7257,6.3613,8.0605,scheduled_duration_under_3h
LICT,2022-12,215,14,216,4,431,6.5116,1.8519,4.1763,scheduled_duration_under_3h
LIEA,2022-03,345,7,345,2,690,2.029,0.5797,1.3043,scheduled_duration_under_3h
LIEA,2022-06,579,68,581,50,1160,11.7444,8.6059,10.1724,scheduled_duration_under_3h
LIEA,2022-09,638,52,638,37,1276,8.1505,5.7994,6.9749,scheduled_duration_under_3h
LIEA,2022-12,287,19,288,3,575,6.6202,1.0417,3.8261,scheduled_duration_under_3h
LIEE,2022-03,919,18,917,21,1836,1.9587,2.2901,2.1242,scheduled_duration_under_3h
LIEE,2022-06,1764,206,1766,155,3530,11.678,8.7769,10.2266,scheduled_duration_under_3h
LIEE,2022-09,1754,190,1758,128,3512,10.8324,7.281,9.0547,scheduled_duration_under_3h
LIEE,2022-12,861,83,861,18,1722,9.64,2.0906,5.8653,scheduled_duration_under_3h
LIEO,2022-03,290,0,291,0,581,0.0,0.0,0.0,scheduled_duration_under_3h
LIEO,2022-06,1532,95,1553,189,3085,6.201,12.17,9.2058,scheduled_duration_under_3h
LIEO,2022-09,1611,68,1617,134,3228,4.221,8.287,6.2577,scheduled_duration_under_3h
LIEO,2022-12,236,7,236,3,472,2.9661,1.2712,2.1186,scheduled_duration_under_3h
LIMC,2022-03,5448,27,5464,280,10912,0.4956,5.1245,2.8134,scheduled_duration_under_3h
LIMC,2022-06,6552,516,6484,1566,13036,7.8755,24.1518,15.9712,scheduled_duration_under_3h
LIMC,2022-09,6959,369,7008,1499,13967,5.3025,21.3898,13.3744,scheduled_duration_under_3h
LIMC,2022-12,5285,155,5320,857,10605,2.9328,16.109,9.5427,scheduled_duration_under_3h
LIME,2022-03,3084,53,3107,134,6191,1.7185,4.3128,3.0205,scheduled_duration_under_3h
LIME,2022-06,3513,481,3424,875,6937,13.692,25.5549,19.5474,scheduled_duration_under_3h
LIME,2022-09,3417,384,3388,748,6805,11.2379,22.0779,16.6348,scheduled_duration_under_3h
LIME,2022-12,3228,209,3254,517,6482,6.4746,15.8881,11.2002,scheduled_duration_under_3h
LIMF,2022-03,1164,76,1161,36,2325,6.5292,3.1008,4.8172,scheduled_duration_under_3h
LIMF,2022-06,1485,231,1470,165,2955,15.5556,11.2245,13.401,scheduled_duration_under_3h
LIMF,2022-09,1503,263,1493,162,2996,17.4983,10.8506,14.1856,scheduled_duration_under_3h
LIMF,2022-12,1335,137,1331,57,2666,10.2622,4.2825,7.2768,scheduled_duration_under_3h
LIMJ,2022-03,199,8,199,7,398,4.0201,3.5176,3.7688,scheduled_duration_under_3h
LIMJ,2022-06,486,63,484,44,970,12.963,9.0909,11.0309,scheduled_duration_under_3h
LIMJ,2022-09,505,65,504,76,1009,12.8713,15.0794,13.9742,scheduled_duration_under_3h
LIMJ,2022-12,381,44,383,16,764,11.5486,4.1775,7.8534,scheduled_duration_under_3h
LIML,2022-03,2876,141,2879,106,5755,4.9026,3.6818,4.2919,scheduled_duration_under_3h
LIML,2022-06,3308,547,3307,745,6615,16.5357,22.528,19.5314,scheduled_duration_under_3h
LIML,2022-09,3420,568,3423,684,6843,16.6082,19.9825,18.2961,scheduled_duration_under_3h
LIML,2022-12,3462,352,3466,511,6928,10.1675,14.7432,12.4567,scheduled_duration_under_3h
LIPB,2022-03,39,1,39,1,78,2.5641,2.5641,2.5641,scheduled_duration_under_3h
LIPB,2022-06,93,17,94,8,187,18.2796,8.5106,13.369,scheduled_duration_under_3h
LIPB,2022-09,89,11,91,3,180,12.3596,3.2967,7.7778,scheduled_duration_under_3h
LIPB,2022-12,43,4,46,0,89,9.3023,0.0,4.4944,scheduled_duration_under_3h
LIPE,2022-03,2107,127,2069,44,4176,6.0275,2.1266,4.0948,scheduled_duration_under_3h
LIPE,2022-06,2967,577,2894,463,5861,19.4473,15.9986,17.7444,scheduled_duration_under_3h
LIPE,2022-09,3092,575,3027,419,6119,18.5964,13.8421,16.2445,scheduled_duration_under_3h
LIPE,2022-12,2110,235,2045,126,4155,11.1374,6.1614,8.6883,scheduled_duration_under_3h
LIPH,2022-03,644,14,648,15,1292,2.1739,2.3148,2.2446,scheduled_duration_under_3h
LIPH,2022-06,700,134,709,184,1409,19.1429,25.952,22.5692,scheduled_duration_under_3h
LIPH,2022-09,724,98,732,110,1456,13.5359,15.0273,14.2857,scheduled_duration_under_3h
LIPH,2022-12,627,43,624,24,1251,6.8581,3.8462,5.3557,scheduled_duration_under_3h
LIPO,2022-03,192,3,194,2,386,1.5625,1.0309,1.2953,scheduled_duration_under_3h
LIPO,2022-06,191,12,184,13,375,6.2827,7.0652,6.6667,scheduled_duration_under_3h
LIPO,2022-09,195,5,194,5,389,2.5641,2.5773,2.5707,scheduled_duration_under_3h
LIPO,2022-12,197,6,200,8,397,3.0457,4.0,3.5264,scheduled_duration_under_3h
LIPQ,2022-03,163,3,163,8,326,1.8405,4.908,3.3742,scheduled_duration_under_3h
LIPQ,2022-06,282,38,280,26,562,13.4752,9.2857,11.3879,scheduled_duration_under_3h
LIPQ,2022-09,284,33,282,12,566,11.6197,4.2553,7.9505,scheduled_duration_under_3h
LIPQ,2022-12,222,23,224,11,446,10.3604,4.9107,7.6233,scheduled_duration_under_3h
LIPX,2022-03,471,16,466,26,937,3.397,5.5794,4.4824,scheduled_duration_under_3h
LIPX,2022-06,1096,156,1097,175,2193,14.2336,15.9526,15.0935,scheduled_duration_under_3h
LIPX,2022-09,1132,130,1126,135,2258,11.4841,11.9893,11.736,scheduled_duration_under_3h
LIPX,2022-12,652,41,654,29,1306,6.2883,4.4343,5.3599,scheduled_duration_under_3h
LIPY,2022-03,151,13,151,1,302,8.6093,0.6623,4.6358,scheduled_duration_under_3h
LIPY,2022-06,241,36,237,30,478,14.9378,12.6582,13.8075,scheduled_duration_under_3h
LIPY,2022-09,254,30,252,23,506,11.811,9.127,10.4743,scheduled_duration_under_3h
LIPY,2022-12,151,16,158,4,309,10.596,2.5316,6.4725,scheduled_duration_under_3h
LIPZ,2022-03,1945,39,1946,114,3891,2.0051,5.8582,3.9322,scheduled_duration_under_3h
LIPZ,2022-06,3351,326,3269,862,6620,9.7284,26.3689,17.9456,scheduled_duration_under_3h
LIPZ,2022-09,3432,271,3388,767,6820,7.8963,22.6387,15.2199,scheduled_duration_under_3h
LIPZ,2022-12,2477,88,2470,239,4947,3.5527,9.6761,6.6101,scheduled_duration_under_3h
LIRA,2022-03,885,48,879,25,1764,5.4237,2.8441,4.1383,scheduled_duration_under_3h
LIRA,2022-06,893,226,889,185,1782,25.308,20.8099,23.064,scheduled_duration_under_3h
LIRA,2022-09,919,188,888,176,1807,20.457,19.8198,20.1439,scheduled_duration_under_3h
LIRA,2022-12,849,76,811,55,1660,8.9517,6.7818,7.8916,scheduled_duration_under_3h
LIRF,2022-03,5814,105,5872,218,11686,1.806,3.7125,2.764,scheduled_duration_under_3h
LIRF,2022-06,8326,762,8212,1697,16538,9.1521,20.6649,14.8688,scheduled_duration_under_3h
LIRF,2022-09,8802,582,8723,1719,17525,6.6121,19.7065,13.1298,scheduled_duration_under_3h
LIRF,2022-12,7268,262,7263,1105,14531,3.6048,15.2141,9.4075,scheduled_duration_under_3h
LIRN,2022-03,2181,143,2220,150,4401,6.5566,6.7568,6.6576,scheduled_duration_under_3h
LIRN,2022-06,3466,479,3427,830,6893,13.82,24.2194,18.9903,scheduled_duration_under_3h
LIRN,2022-09,3609,488,3526,872,7135,13.5218,24.7306,19.061,scheduled_duration_under_3h
LIRN,2022-12,2204,145,2244,199,4448,6.5789,8.8681,7.7338,scheduled_duration_under_3h
LIRP,2022-03,943,52,951,28,1894,5.5143,2.9443,4.2239,scheduled_duration_under_3h
LIRP,2022-06,1595,290,1610,408,3205,18.1818,25.3416,21.7785,scheduled_duration_under_3h
LIRP,2022-09,1529,328,1533,367,3062,21.4519,23.94,22.6976,scheduled_duration_under_3h
LIRP,2022-12,948,85,963,78,1911,8.9662,8.0997,8.5296,scheduled_duration_under_3h
LIRQ,2022-03,540,65,536,32,1076,12.037,5.9701,9.0149,scheduled_duration_under_3h
LIRQ,2022-06,1135,291,1137,328,2272,25.6388,28.8478,27.2447,scheduled_duration_under_3h
LIRQ,2022-09,1236,238,1222,268,2458,19.2557,21.9313,20.5858,scheduled_duration_under_3h
LIRQ,2022-12,814,145,797,62,1611,17.8133,7.7792,12.8492,scheduled_duration_under_3h
LIRZ,2022-03,66,1,66,5,132,1.5152,7.5758,4.5455,scheduled_duration_under_3h
LIRZ,2022-06,143,28,141,28,284,19.5804,19.8582,19.7183,scheduled_duration_under_3h
LIRZ,2022-09,164,29,163,25,327,17.6829,15.3374,16.5138,scheduled_duration_under_3h
LIRZ,2022-12,60,4,59,1,119,6.6667,1.6949,4.2017,scheduled_duration_under_3h
LJLJ,2022-03,347,31,353,16,700,8.9337,4.5326,6.7143,scheduled_duration_under_3h
LJLJ,2022-06,503,157,511,103,1014,31.2127,20.1566,25.641,scheduled_duration_under_3h
LJLJ,2022-09,524,147,527,101,1051,28.0534,19.1651,23.5966,scheduled_duration_under_3h
LJLJ,2022-12,434,74,439,34,873,17.0507,7.7449,12.3711,scheduled_duration_under_3h
LKMT,2022-03,40,0,37,1,77,0.0,2.7027,1.2987,scheduled_duration_under_3h
LKMT,2022-06,111,13,126,25,237,11.7117,19.8413,16.0338,scheduled_duration_under_3h
LKMT,2022-09,118,16,115,13,233,13.5593,11.3043,12.4464,scheduled_duration_under_3h
LKMT,2022-12,58,7,57,2,115,12.069,3.5088,7.8261,scheduled_duration_under_3h
LKPR,2022-03,2065,79,2048,158,4113,3.8257,7.7148,5.7622,scheduled_duration_under_3h
LKPR,2022-06,2935,875,2928,1090,5863,29.8126,37.2268,33.5153,scheduled_duration_under_3h
LKPR,2022-09,2996,538,3017,744,6013,17.9573,24.6603,21.3205,scheduled_duration_under_3h
LKPR,2022-12,2511,292,2476,577,4987,11.6288,23.3037,17.4253,scheduled_duration_under_3h
LKTB,2022-03,69,1,69,0,138,1.4493,0.0,0.7246,scheduled_duration_under_3h
LKTB,2022-06,99,23,109,28,208,23.2323,25.6881,24.5192,scheduled_duration_under_3h
LKTB,2022-09,128,16,120,19,248,12.5,15.8333,14.1129,scheduled_duration_under_3h
LKTB,2022-12,58,4,59,5,117,6.8966,8.4746,7.6923,scheduled_duration_under_3h
LLBG,2022-03,1335,263,1327,179,2662,19.7004,13.4891,16.6041,scheduled_duration_under_3h
LLBG,2022-06,1931,403,1844,226,3775,20.87,12.256,16.6623,scheduled_duration_under_3h
LLBG,2022-09,2229,521,2142,261,4371,23.3737,12.1849,17.8906,scheduled_duration_under_3h
LLBG,2022-12,2115,266,2186,251,4301,12.5768,11.4822,12.0205,scheduled_duration_under_3h
LLER,2022-03,243,39,243,34,486,16.0494,13.9918,15.0206,scheduled_duration_under_3h
LLER,2022-06,197,39,195,28,392,19.797,14.359,17.0918,scheduled_duration_under_3h
LLER,2022-09,175,29,177,23,352,16.5714,12.9944,14.7727,scheduled_duration_under_3h
LLER,2022-12,282,49,280,35,562,17.3759,12.5,14.9466,scheduled_duration_under_3h
LMML,2022-03,1050,70,1061,27,2111,6.6667,2.5448,4.595,scheduled_duration_under_3h
LMML,2022-06,1586,271,1633,212,3219,17.087,12.9822,15.0047,scheduled_duration_under_3h
LMML,2022-09,1635,318,1631,178,3266,19.4495,10.9135,15.1868,scheduled_duration_under_3h
LMML,2022-12,1108,198,1069,43,2177,17.87,4.0225,11.0703,scheduled_duration_under_3h
LOWG,2022-03,208,11,209,0,417,5.2885,0.0,2.6379,scheduled_duration_under_3h
LOWG,2022-06,319,56,319,41,638,17.5549,12.8527,15.2038,scheduled_duration_under_3h
LOWG,2022-09,340,47,341,18,681,13.8235,5.2786,9.5448,scheduled_duration_under_3h
LOWG,2022-12,272,44,283,8,555,16.1765,2.8269,9.3694,scheduled_duration_under_3h
LOWI,2022-03,506,40,505,27,1011,7.9051,5.3465,6.6271,scheduled_duration_under_3h
LOWI,2022-06,190,40,191,36,381,21.0526,18.8482,19.9475,scheduled_duration_under_3h
LOWI,2022-09,187,37,186,25,373,19.7861,13.4409,16.622,scheduled_duration_under_3h
LOWI,2022-12,439,94,439,74,878,21.4123,16.8565,19.1344,scheduled_duration_under_3h
LOWL,2022-03,83,3,80,0,163,3.6145,0.0,1.8405,scheduled_duration_under_3h
LOWL,2022-06,130,22,130,21,260,16.9231,16.1538,16.5385,scheduled_duration_under_3h
LOWL,2022-09,144,33,146,15,290,22.9167,10.274,16.5517,scheduled_duration_under_3h
LOWL,2022-12,127,14,125,11,252,11.0236,8.8,9.9206,scheduled_duration_under_3h
LOWS,2022-03,585,24,590,43,1175,4.1026,7.2881,5.7021,scheduled_duration_under_3h
LOWS,2022-06,399,58,393,100,792,14.5363,25.4453,19.9495,scheduled_duration_under_3h
LOWS,2022-09,399,47,388,74,787,11.7794,19.0722,15.3748,scheduled_duration_under_3h
LOWS,2022-12,527,46,526,80,1053,8.7287,15.2091,11.9658,scheduled_duration_under_3h
LOWW,2022-03,4893,429,5040,121,9933,8.7676,2.4008,5.5371,scheduled_duration_under_3h
LOWW,2022-06,7870,1992,7912,2087,15782,25.3113,26.3777,25.8459,scheduled_duration_under_3h
LOWW,2022-09,8405,2014,8483,1885,16888,23.9619,22.2209,23.0874,scheduled_duration_under_3h
LOWW,2022-12,6290,1230,6318,1225,12608,19.5548,19.389,19.4718,scheduled_duration_under_3h
LPAZ,2022-03,53,3,54,2,107,5.6604,3.7037,4.6729,scheduled_duration_under_3h
LPAZ,2022-06,85,11,86,6,171,12.9412,6.9767,9.9415,scheduled_duration_under_3h
LPAZ,2022-09,121,6,121,9,242,4.9587,7.438,6.1983,scheduled_duration_under_3h
LPAZ,2022-12,58,9,59,7,117,15.5172,11.8644,13.6752,scheduled_duration_under_3h
LPCS,2022-03,51,1,51,0,102,1.9608,0.0,0.9804,scheduled_duration_under_3h
LPCS,2022-06,96,3,94,2,190,3.125,2.1277,2.6316,scheduled_duration_under_3h
LPCS,2022-09,93,8,94,2,187,8.6022,2.1277,5.3476,scheduled_duration_under_3h
LPCS,2022-12,43,2,44,0,87,4.6512,0.0,2.2989,scheduled_duration_under_3h
LPFL,2022-03,56,3,56,0,112,5.3571,0.0,2.6786,scheduled_duration_under_3h
LPFL,2022-06,106,10,106,5,212,9.434,4.717,7.0755,scheduled_duration_under_3h
LPFL,2022-09,122,9,120,5,242,7.377,4.1667,5.7851,scheduled_duration_under_3h
LPFL,2022-12,46,5,45,0,91,10.8696,0.0,5.4945,scheduled_duration_under_3h
LPFR,2022-03,1092,58,1121,28,2213,5.3114,2.4978,3.8861,scheduled_duration_under_3h
LPFR,2022-06,2161,273,2624,269,4785,12.633,10.2515,11.3271,scheduled_duration_under_3h
LPFR,2022-09,2387,328,2469,253,4856,13.7411,10.2471,11.9646,scheduled_duration_under_3h
LPFR,2022-12,819,95,944,73,1763,11.5995,7.7331,9.5292,scheduled_duration_under_3h
LPGR,2022-03,52,7,52,0,104,13.4615,0.0,6.7308,scheduled_duration_under_3h
LPGR,2022-06,66,14,65,5,131,21.2121,7.6923,14.5038,scheduled_duration_under_3h
LPGR,2022-09,90,8,90,1,180,8.8889,1.1111,5.0,scheduled_duration_under_3h
LPGR,2022-12,51,5,51,0,102,9.8039,0.0,4.902,scheduled_duration_under_3h
LPHR,2022-03,155,8,157,12,312,5.1613,7.6433,6.4103,scheduled_duration_under_3h
LPHR,2022-06,251,31,245,26,496,12.3506,10.6122,11.4919,scheduled_duration_under_3h
LPHR,2022-09,290,23,295,17,585,7.931,5.7627,6.8376,scheduled_duration_under_3h
LPHR,2022-12,143,25,147,12,290,17.4825,8.1633,12.7586,scheduled_duration_under_3h
LPLA,2022-03,418,19,418,37,836,4.5455,8.8517,6.6986,scheduled_duration_under_3h
LPLA,2022-06,540,75,544,80,1084,13.8889,14.7059,14.2989,scheduled_duration_under_3h
LPLA,2022-09,593,56,599,60,1192,9.4435,10.0167,9.7315,scheduled_duration_under_3h
LPLA,2022-12,431,66,432,75,863,15.3132,17.3611,16.3384,scheduled_duration_under_3h
LPMA,2022-03,494,75,491,7,985,15.1822,1.4257,8.3249,scheduled_duration_under_3h
LPMA,2022-06,658,240,662,49,1320,36.4742,7.4018,21.8939,scheduled_duration_under_3h
LPMA,2022-09,719,193,712,59,1431,26.8428,8.2865,17.6101,scheduled_duration_under_3h
LPMA,2022-12,673,187,658,99,1331,27.786,15.0456,21.4876,scheduled_duration_under_3h
LPPD,2022-03,592,47,582,47,1174,7.9392,8.0756,8.0068,scheduled_duration_under_3h
LPPD,2022-06,965,168,964,187,1929,17.4093,19.3983,18.4033,scheduled_duration_under_3h
LPPD,2022-09,1074,133,1081,146,2155,12.3836,13.506,12.9466,scheduled_duration_under_3h
LPPD,2022-12,625,144,623,145,1248,23.04,23.2745,23.1571,scheduled_duration_under_3h
LPPI,2022-03,66,9,63,2,129,13.6364,3.1746,8.5271,scheduled_duration_under_3h
LPPI,2022-06,146,28,151,6,297,19.1781,3.9735,11.4478,scheduled_duration_under_3h
LPPI,2022-09,192,20,188,11,380,10.4167,5.8511,8.1579,scheduled_duration_under_3h
LPPI,2022-12,61,15,55,6,116,24.5902,10.9091,18.1034,scheduled_duration_under_3h
LPPR,2022-03,2947,284,2947,48,5894,9.6369,1.6288,5.6328,scheduled_duration_under_3h
LPPR,2022-06,3707,765,3826,394,7533,20.6366,10.298,15.3856,scheduled_duration_under_3h
LPPR,2022-09,3896,777,3942,438,7838,19.9435,11.1111,15.5014,scheduled_duration_under_3h
LPPR,2022-12,3255,792,3339,272,6594,24.3318,8.1462,16.1359,scheduled_duration_under_3h
LPPS,2022-03,61,2,63,0,124,3.2787,0.0,1.6129,scheduled_duration_under_3h
LPPS,2022-06,113,28,113,7,226,24.7788,6.1947,15.4867,scheduled_duration_under_3h
LPPS,2022-09,114,23,114,8,228,20.1754,7.0175,13.5965,scheduled_duration_under_3h
LPPS,2022-12,70,3,75,4,145,4.2857,5.3333,4.8276,scheduled_duration_under_3h
LPPT,2022-03,5374,726,5445,464,10819,13.5095,8.5216,10.9992,scheduled_duration_under_3h
LPPT,2022-06,6118,1881,6725,2004,12843,30.7453,29.7993,30.2499,scheduled_duration_under_3h
LPPT,2022-09,6346,2034,6640,1928,12986,32.0517,29.0361,30.5098,scheduled_duration_under_3h
LPPT,2022-12,5894,2171,6289,1877,12183,36.8341,29.8458,33.2266,scheduled_duration_under_3h
LPSJ,2022-03,49,1,49,0,98,2.0408,0.0,1.0204,scheduled_duration_under_3h
LPSJ,2022-06,87,16,87,0,174,18.3908,0.0,9.1954,scheduled_duration_under_3h
LPSJ,2022-09,116,16,117,3,233,13.7931,2.5641,8.1545,scheduled_duration_under_3h
LPSJ,2022-12,52,9,51,0,103,17.3077,0.0,8.7379,scheduled_duration_under_3h
LQBK,2022-03,80,1,80,3,160,1.25,3.75,2.5,scheduled_duration_under_3h
LQBK,2022-06,117,26,117,18,234,22.2222,15.3846,18.8034,scheduled_duration_under_3h
LQBK,2022-09,118,20,118,30,236,16.9492,25.4237,21.1864,scheduled_duration_under_3h
LQBK,2022-12,106,28,106,9,212,26.4151,8.4906,17.4528,scheduled_duration_under_3h
LQSA,2022-03,366,22,361,8,727,6.0109,2.2161,4.1265,scheduled_duration_under_3h
LQSA,2022-06,564,136,570,92,1134,24.1135,16.1404,20.1058,scheduled_duration_under_3h
LQSA,2022-09,514,146,521,80,1035,28.4047,15.3551,21.8357,scheduled_duration_under_3h
LQSA,2022-12,288,64,288,8,576,22.2222,2.7778,12.5,scheduled_duration_under_3h
LQTZ,2022-03,83,7,82,2,165,8.4337,2.439,5.4545,scheduled_duration_under_3h
LQTZ,2022-06,148,43,148,37,296,29.0541,25.0,27.027,scheduled_duration_under_3h
LQTZ,2022-09,149,34,148,39,297,22.8188,26.3514,24.5791,scheduled_duration_under_3h
LQTZ,2022-12,178,40,182,7,360,22.4719,3.8462,13.0556,scheduled_duration_under_3h
LRBC,2022-03,59,13,55,1,114,22.0339,1.8182,12.2807,scheduled_duration_under_3h
LRBC,2022-06,155,63,106,17,261,40.6452,16.0377,30.6513,scheduled_duration_under_3h
LRBC,2022-09,107,29,70,16,177,27.1028,22.8571,25.4237,scheduled_duration_under_3h
LRBC,2022-12,96,26,60,0,156,27.0833,0.0,16.6667,scheduled_duration_under_3h
LRCL,2022-03,544,19,542,10,1086,3.4926,1.845,2.6703,scheduled_duration_under_3h
LRCL,2022-06,873,218,849,145,1722,24.9714,17.0789,21.0801,scheduled_duration_under_3h
LRCL,2022-09,887,190,860,155,1747,21.4205,18.0233,19.7481,scheduled_duration_under_3h
LRCL,2022-12,744,105,698,20,1442,14.1129,2.8653,8.6685,scheduled_duration_under_3h
LRCV,2022-03,54,9,42,0,96,16.6667,0.0,9.375,scheduled_duration_under_3h
LRCV,2022-06,132,61,118,25,250,46.2121,21.1864,34.4,scheduled_duration_under_3h
LRCV,2022-09,147,49,113,25,260,33.3333,22.1239,28.4615,scheduled_duration_under_3h
LRCV,2022-12,133,26,98,4,231,19.5489,4.0816,12.987,scheduled_duration_under_3h
LRIA,2022-03,286,33,282,7,568,11.5385,2.4823,7.0423,scheduled_duration_under_3h
LRIA,2022-06,418,106,355,46,773,25.3589,12.9577,19.6636,scheduled_duration_under_3h
LRIA,2022-09,414,89,341,26,755,21.4976,7.6246,15.2318,scheduled_duration_under_3h
LRIA,2022-12,378,45,326,11,704,11.9048,3.3742,7.9545,scheduled_duration_under_3h
LROD,2022-03,98,9,97,1,195,9.1837,1.0309,5.1282,scheduled_duration_under_3h
LROD,2022-06,101,42,102,12,203,41.5842,11.7647,26.601,scheduled_duration_under_3h
LROD,2022-09,98,27,97,6,195,27.551,6.1856,16.9231,scheduled_duration_under_3h
LROD,2022-12,75,3,75,0,150,4.0,0.0,2.0,scheduled_duration_under_3h
LROP,2022-03,2413,90,2459,53,4872,3.7298,2.1553,2.9351,scheduled_duration_under_3h
LROP,2022-06,3479,504,3388,489,6867,14.4869,14.4333,14.4605,scheduled_duration_under_3h
LROP,2022-09,3419,390,3169,392,6588,11.4068,12.3698,11.8701,scheduled_duration_under_3h
LROP,2022-12,3119,231,2812,61,5931,7.4062,2.1693,4.9233,scheduled_duration_under_3h
LRSB,2022-03,166,14,153,3,319,8.4337,1.9608,5.3292,scheduled_duration_under_3h
LRSB,2022-06,239,76,227,50,466,31.7992,22.0264,27.0386,scheduled_duration_under_3h
LRSB,2022-09,225,52,214,31,439,23.1111,14.486,18.9066,scheduled_duration_under_3h
LRSB,2022-12,167,24,152,7,319,14.3713,4.6053,9.7179,scheduled_duration_under_3h
LRSV,2022-03,167,20,169,4,336,11.976,2.3669,7.1429,scheduled_duration_under_3h
LRSV,2022-06,210,54,199,26,409,25.7143,13.0653,19.5599,scheduled_duration_under_3h
LRSV,2022-09,225,49,213,26,438,21.7778,12.2066,17.1233,scheduled_duration_under_3h
LRSV,2022-12,247,50,191,6,438,20.2429,3.1414,12.7854,scheduled_duration_under_3h
LRTR,2022-03,384,18,384,1,768,4.6875,0.2604,2.474,scheduled_duration_under_3h
LRTR,2022-06,498,104,496,75,994,20.8835,15.121,18.008,scheduled_duration_under_3h
LRTR,2022-09,514,104,507,75,1021,20.2335,14.7929,17.5318,scheduled_duration_under_3h
LRTR,2022-12,438,48,429,8,867,10.9589,1.8648,6.4591,scheduled_duration_under_3h
LSGG,2022-03,4647,327,4690,535,9337,7.0368,11.4072,9.2321,scheduled_duration_under_3h
LSGG,2022-06,4278,696,4348,902,8626,16.2693,20.7452,18.5254,scheduled_duration_under_3h
LSGG,2022-09,4327,614,4492,781,8819,14.19,17.3865,15.8181,scheduled_duration_under_3h
LSGG,2022-12,4700,601,4775,895,9475,12.7872,18.7435,15.7889,scheduled_duration_under_3h
LSZH,2022-03,4557,284,4605,284,9162,6.2322,6.1672,6.1995,scheduled_duration_under_3h
LSZH,2022-06,6623,1332,6756,1817,13379,20.1117,26.8946,23.5369,scheduled_duration_under_3h
LSZH,2022-09,6882,1230,7181,1817,14063,17.8727,25.3029,21.6668,scheduled_duration_under_3h
LSZH,2022-12,5946,754,6009,1566,11955,12.6808,26.0609,19.4061,scheduled_duration_under_3h
LTAC,2022-03,2070,402,2050,349,4120,19.4203,17.0244,18.2282,scheduled_duration_under_3h
LTAC,2022-06,2155,502,2117,345,4272,23.2947,16.2966,19.8268,scheduled_duration_under_3h
LTAC,2022-09,2124,485,2081,199,4205,22.8343,9.5627,16.2663,scheduled_duration_under_3h
LTAC,2022-12,2282,447,2234,147,4516,19.5881,6.5801,13.1532,scheduled_duration_under_3h
LTAF,2022-03,804,77,803,110,1607,9.5771,13.6986,11.6366,scheduled_duration_under_3h
LTAF,2022-06,960,160,958,151,1918,16.6667,15.762,16.2148,scheduled_duration_under_3h
LTAF,2022-09,867,99,868,136,1735,11.4187,15.6682,13.5447,scheduled_duration_under_3h
LTAF,2022-12,860,135,861,155,1721,15.6977,18.0023,16.8507,scheduled_duration_under_3h
LTAI,2022-03,1536,193,1425,119,2961,12.5651,8.3509,10.537,scheduled_duration_under_3h
LTAI,2022-06,3135,800,2588,351,5723,25.5183,13.5626,20.1118,scheduled_duration_under_3h
LTAI,2022-09,3286,807,2596,376,5882,24.5587,14.4838,20.1122,scheduled_duration_under_3h
LTAI,2022-12,1808,254,1640,72,3448,14.0487,4.3902,9.4548,scheduled_duration_under_3h
LTAJ,2022-03,502,62,500,177,1002,12.3506,35.4,23.8523,scheduled_duration_under_3h
LTAJ,2022-06,544,115,546,176,1090,21.1397,32.2344,26.6972,scheduled_duration_under_3h
LTAJ,2022-09,521,70,524,140,1045,13.4357,26.7176,20.0957,scheduled_duration_under_3h
LTAJ,2022-12,547,109,548,111,1095,19.9269,20.2555,20.0913,scheduled_duration_under_3h
LTAN,2022-03,164,27,164,34,328,16.4634,20.7317,18.5976,scheduled_duration_under_3h
LTAN,2022-06,252,82,250,60,502,32.5397,24.0,28.2869,scheduled_duration_under_3h
LTAN,2022-09,200,45,199,38,399,22.5,19.0955,20.802,scheduled_duration_under_3h
LTAN,2022-12,209,71,211,52,420,33.9713,24.6445,29.2857,scheduled_duration_under_3h
LTAR,2022-03,92,15,92,17,184,16.3043,18.4783,17.3913,scheduled_duration_under_3h
LTAR,2022-06,105,26,105,30,210,24.7619,28.5714,26.6667,scheduled_duration_under_3h
LTAR,2022-09,102,13,102,11,204,12.7451,10.7843,11.7647,scheduled_duration_under_3h
LTAR,2022-12,92,23,91,13,183,25.0,14.2857,19.6721,scheduled_duration_under_3h
LTAT,2022-03,148,30,148,39,296,20.2703,26.3514,23.3108,scheduled_duration_under_3h
LTAT,2022-06,210,64,211,49,421,30.4762,23.2227,26.8409,scheduled_duration_under_3h
LTAT,2022-09,183,48,181,49,364,26.2295,27.0718,26.6484,scheduled_duration_under_3h
LTAT,2022-12,181,56,181,31,362,30.9392,17.1271,24.0331,scheduled_duration_under_3h
LTAU,2022-03,385,44,382,66,767,11.4286,17.2775,14.3416,scheduled_duration_under_3h
LTAU,2022-06,557,120,550,138,1107,21.544,25.0909,23.3062,scheduled_duration_under_3h
LTAU,2022-09,547,93,533,117,1080,17.0018,21.9512,19.4444,scheduled_duration_under_3h
LTAU,2022-12,486,116,483,72,969,23.8683,14.9068,19.4014,scheduled_duration_under_3h
LTAY,2022-03,111,12,127,20,238,10.8108,15.748,13.4454,scheduled_duration_under_3h
LTAY,2022-06,127,23,138,24,265,18.1102,17.3913,17.7358,scheduled_duration_under_3h
LTAY,2022-09,90,12,108,33,198,13.3333,30.5556,22.7273,scheduled_duration_under_3h
LTAY,2022-12,123,20,123,14,246,16.2602,11.3821,13.8211,scheduled_duration_under_3h
LTAZ,2022-03,99,9,98,16,197,9.0909,16.3265,12.6904,scheduled_duration_under_3h
LTAZ,2022-06,115,24,115,44,230,20.8696,38.2609,29.5652,scheduled_duration_under_3h
LTAZ,2022-09,120,27,121,25,241,22.5,20.6612,21.5768,scheduled_duration_under_3h
LTAZ,2022-12,133,31,131,8,264,23.3083,6.1069,14.7727,scheduled_duration_under_3h
LTBJ,2022-03,1575,183,1549,135,3124,11.619,8.7153,10.1793,scheduled_duration_under_3h
LTBJ,2022-06,2268,407,2165,293,4433,17.9453,13.5335,15.7907,scheduled_duration_under_3h
LTBJ,2022-09,2159,313,1954,237,4113,14.4975,12.129,13.3722,scheduled_duration_under_3h
LTBJ,2022-12,1853,295,1718,138,3571,15.9201,8.0326,12.1255,scheduled_duration_under_3h
LTBS,2022-03,219,34,222,26,441,15.5251,11.7117,13.6054,scheduled_duration_under_3h
LTBS,2022-06,718,179,693,177,1411,24.9304,25.5411,25.2303,scheduled_duration_under_3h
LTBS,2022-09,706,127,684,138,1390,17.9887,20.1754,19.0647,scheduled_duration_under_3h
LTBS,2022-12,233,47,238,20,471,20.1717,8.4034,14.2251,scheduled_duration_under_3h
LTCA,2022-03,144,27,143,24,287,18.75,16.7832,17.77,scheduled_duration_under_3h
LTCA,2022-06,177,64,175,29,352,36.1582,16.5714,26.4205,scheduled_duration_under_3h
LTCA,2022-09,159,38,159,28,318,23.8994,17.6101,20.7547,scheduled_duration_under_3h
LTCA,2022-12,178,53,178,20,356,29.7753,11.236,20.5056,scheduled_duration_under_3h
LTCB,2022-03,183,31,182,20,365,16.9399,10.989,13.9726,scheduled_duration_under_3h
LTCB,2022-06,253,58,253,27,506,22.9249,10.6719,16.7984,scheduled_duration_under_3h
LTCB,2022-09,243,37,248,43,491,15.2263,17.3387,16.2933,scheduled_duration_under_3h
LTCB,2022-12,210,58,210,22,420,27.619,10.4762,19.0476,scheduled_duration_under_3h
LTCC,2022-03,344,49,345,128,689,14.2442,37.1014,25.6894,scheduled_duration_under_3h
LTCC,2022-06,423,109,423,181,846,25.7683,42.7896,34.279,scheduled_duration_under_3h
LTCC,2022-09,399,61,400,164,799,15.2882,41.0,28.1602,scheduled_duration_under_3h
LTCC,2022-12,401,94,398,119,799,23.4414,29.8995,26.6583,scheduled_duration_under_3h
LTCD,2022-03,68,25,66,12,134,36.7647,18.1818,27.6119,scheduled_duration_under_3h
LTCD,2022-06,103,61,101,31,204,59.2233,30.6931,45.098,scheduled_duration_under_3h
LTCD,2022-09,83,35,82,26,165,42.1687,31.7073,36.9697,scheduled_duration_under_3h
LTCD,2022-12,78,35,81,13,159,44.8718,16.0494,30.1887,scheduled_duration_under_3h
LTCE,2022-03,216,39,219,63,435,18.0556,28.7671,23.4483,scheduled_duration_under_3h
LTCE,2022-06,205,56,205,51,410,27.3171,24.878,26.0976,scheduled_duration_under_3h
LTCE,2022-09,237,35,237,31,474,14.7679,13.0802,13.9241,scheduled_duration_under_3h
LTCE,2022-12,251,25,252,39,503,9.9602,15.4762,12.7237,scheduled_duration_under_3h
LTCF,2022-03,125,32,125,44,250,25.6,35.2,30.4,scheduled_duration_under_3h
LTCF,2022-06,107,41,106,42,213,38.3178,39.6226,38.9671,scheduled_duration_under_3h
LTCF,2022-09,99,24,99,27,198,24.2424,27.2727,25.7576,scheduled_duration_under_3h
LTCF,2022-12,127,28,127,27,254,22.0472,21.2598,21.6535,scheduled_duration_under_3h
LTCG,2022-03,561,97,563,100,1124,17.2906,17.762,17.5267,scheduled_duration_under_3h
LTCG,2022-06,811,224,823,203,1634,27.6202,24.6659,26.1322,scheduled_duration_under_3h
LTCG,2022-09,899,219,910,268,1809,24.3604,29.4505,26.921,scheduled_duration_under_3h
LTCG,2022-12,655,149,666,74,1321,22.7481,11.1111,16.8812,scheduled_duration_under_3h
LTCI,2022-03,325,73,327,82,652,22.4615,25.0765,23.773,scheduled_duration_under_3h
LTCI,2022-06,291,87,290,81,581,29.8969,27.931,28.9157,scheduled_duration_under_3h
LTCI,2022-09,363,82,363,86,726,22.5895,23.6915,23.1405,scheduled_duration_under_3h
LTCI,2022-12,381,66,382,60,763,17.3228,15.7068,16.5138,scheduled_duration_under_3h
LTCJ,2022-03,103,16,102,21,205,15.534,20.5882,18.0488,scheduled_duration_under_3h
LTCJ,2022-06,110,12,110,32,220,10.9091,29.0909,20.0,scheduled_duration_under_3h
LTCJ,2022-09,101,9,101,16,202,8.9109,15.8416,12.3762,scheduled_duration_under_3h
LTCJ,2022-12,120,19,120,24,240,15.8333,20.0,17.9167,scheduled_duration_under_3h
LTCK,2022-03,79,32,79,25,158,40.5063,31.6456,36.0759,scheduled_duration_under_3h
LTCK,2022-06,117,29,117,30,234,24.7863,25.641,25.2137,scheduled_duration_under_3h
LTCK,2022-09,84,22,85,28,169,26.1905,32.9412,29.5858,scheduled_duration_under_3h
LTCK,2022-12,83,29,83,11,166,34.9398,13.253,24.0964,scheduled_duration_under_3h
LTCR,2022-03,148,17,148,34,296,11.4865,22.973,17.2297,scheduled_duration_under_3h
LTCR,2022-06,172,46,175,44,347,26.7442,25.1429,25.9366,scheduled_duration_under_3h
LTCR,2022-09,141,29,141,31,282,20.5674,21.9858,21.2766,scheduled_duration_under_3h
LTCR,2022-12,153,32,153,19,306,20.915,12.4183,16.6667,scheduled_duration_under_3h
LTCS,2022-03,152,26,153,46,305,17.1053,30.0654,23.6066,scheduled_duration_under_3h
LTCS,2022-06,191,38,191,39,382,19.8953,20.4188,20.1571,scheduled_duration_under_3h
LTCS,2022-09,188,32,188,31,376,17.0213,16.4894,16.7553,scheduled_duration_under_3h
LTCS,2022-12,197,41,193,42,390,20.8122,21.7617,21.2821,scheduled_duration_under_3h
LTCV,2022-03,71,8,73,13,144,11.2676,17.8082,14.5833,scheduled_duration_under_3h
LTCV,2022-06,84,16,84,21,168,19.0476,25.0,22.0238,scheduled_duration_under_3h
LTCV,2022-09,69,7,70,6,139,10.1449,8.5714,9.3525,scheduled_duration_under_3h
LTCV,2022-12,70,1,70,9,140,1.4286,12.8571,7.1429,scheduled_duration_under_3h
LTDA,2022-03,220,39,217,51,437,17.7273,23.5023,20.595,scheduled_duration_under_3h
LTDA,2022-06,269,57,279,56,548,21.1896,20.0717,20.6204,scheduled_duration_under_3h
LTDA,2022-09,239,33,254,61,493,13.8075,24.0157,19.0669,scheduled_duration_under_3h
LTDA,2022-12,250,67,256,52,506,26.8,20.3125,23.5178,scheduled_duration_under_3h
LTFD,2022-03,45,4,45,2,90,8.8889,4.4444,6.6667,scheduled_duration_under_3h
LTFD,2022-06,85,24,85,18,170,28.2353,21.1765,24.7059,scheduled_duration_under_3h
LTFD,2022-09,84,19,82,9,166,22.619,10.9756,16.8675,scheduled_duration_under_3h
LTFD,2022-12,38,6,39,5,77,15.7895,12.8205,14.2857,scheduled_duration_under_3h
LTFE,2022-03,265,22,265,12,530,8.3019,4.5283,6.4151,scheduled_duration_under_3h
LTFE,2022-06,916,169,916,84,1832,18.4498,9.1703,13.81,scheduled_duration_under_3h
LTFE,2022-09,833,154,820,66,1653,18.4874,8.0488,13.3091,scheduled_duration_under_3h
LTFE,2022-12,299,51,298,9,597,17.0569,3.0201,10.0503,scheduled_duration_under_3h
LTFG,2022-03,88,7,87,16,175,7.9545,18.3908,13.1429,scheduled_duration_under_3h
LTFG,2022-06,197,29,194,60,391,14.7208,30.9278,22.7621,scheduled_duration_under_3h
LTFG,2022-09,150,29,148,39,298,19.3333,26.3514,22.8188,scheduled_duration_under_3h
LTFG,2022-12,114,14,114,7,228,12.2807,6.1404,9.2105,scheduled_duration_under_3h
LTFH,2022-03,285,40,282,36,567,14.0351,12.766,13.4039,scheduled_duration_under_3h
LTFH,2022-06,316,70,310,42,626,22.1519,13.5484,17.8914,scheduled_duration_under_3h
LTFH,2022-09,279,34,270,41,549,12.1864,15.1852,13.6612,scheduled_duration_under_3h
LTFH,2022-12,321,51,320,26,641,15.8879,8.125,12.0125,scheduled_duration_under_3h
LTFJ,2022-03,5257,751,5027,759,10284,14.2857,15.0985,14.683,scheduled_duration_under_3h
LTFJ,2022-06,6123,838,5850,908,11973,13.6861,15.5214,14.5828,scheduled_duration_under_3h
LTFJ,2022-09,6088,792,5685,802,11773,13.0092,14.1073,13.5395,scheduled_duration_under_3h
LTFJ,2022-12,6034,766,5490,1185,11524,12.6947,21.5847,16.9299,scheduled_duration_under_3h
LTFM,2022-03,7691,1147,7426,385,15117,14.9135,5.1845,10.1343,scheduled_duration_under_3h
LTFM,2022-06,11010,1914,11014,1457,22024,17.3842,13.2286,15.306,scheduled_duration_under_3h
LTFM,2022-09,11353,1798,10799,1392,22152,15.8372,12.8901,14.4005,scheduled_duration_under_3h
LTFM,2022-12,9747,1163,9207,815,18954,11.9319,8.852,10.4358,scheduled_duration_under_3h
LTFO,2022-06,204,58,205,81,409,28.4314,39.5122,33.9853,scheduled_duration_under_3h
LTFO,2022-09,238,36,238,50,476,15.1261,21.0084,18.0672,scheduled_duration_under_3h
LTFO,2022-12,264,37,265,52,529,14.0152,19.6226,16.8242,scheduled_duration_under_3h
LUKK,2022-03,43,1,48,8,91,2.3256,16.6667,9.8901,scheduled_duration_under_3h
LUKK,2022-06,610,85,592,65,1202,13.9344,10.9797,12.4792,scheduled_duration_under_3h
LUKK,2022-09,915,168,844,86,1759,18.3607,10.1896,14.44,scheduled_duration_under_3h
LUKK,2022-12,757,67,678,30,1435,8.8507,4.4248,6.7596,scheduled_duration_under_3h
LWSK,2022-03,446,45,435,23,881,10.0897,5.2874,7.7185,scheduled_duration_under_3h
LWSK,2022-06,781,271,757,152,1538,34.6991,20.0793,27.5033,scheduled_duration_under_3h
LWSK,2022-09,801,250,783,141,1584,31.211,18.0077,24.6843,scheduled_duration_under_3h
LWSK,2022-12,634,76,608,42,1242,11.9874,6.9079,9.5008,scheduled_duration_under_3h
LXGB,2022-03,88,15,94,9,182,17.0455,9.5745,13.1868,scheduled_duration_under_3h
LXGB,2022-06,119,20,142,36,261,16.8067,25.3521,21.4559,scheduled_duration_under_3h
LXGB,2022-09,139,21,151,42,290,15.1079,27.8146,21.7241,scheduled_duration_under_3h
LXGB,2022-12,56,10,61,12,117,17.8571,19.6721,18.8034,scheduled_duration_under_3h
LYBE,2022-03,1451,131,1442,37,2893,9.0283,2.5659,5.8071,scheduled_duration_under_3h
LYBE,2022-06,2263,440,2277,422,4540,19.4432,18.5332,18.9868,scheduled_duration_under_3h
LYBE,2022-09,2402,474,2424,549,4826,19.7336,22.6485,21.1977,scheduled_duration_under_3h
LYBE,2022-12,2120,321,2149,104,4269,15.1415,4.8395,9.9555,scheduled_duration_under_3h
LYNI,2022-03,123,6,121,2,244,4.878,1.6529,3.2787,scheduled_duration_under_3h
LYNI,2022-06,151,33,152,24,303,21.8543,15.7895,18.8119,scheduled_duration_under_3h
LYNI,2022-09,156,44,154,29,310,28.2051,18.8312,23.5484,scheduled_duration_under_3h
LYNI,2022-12,139,21,137,1,276,15.1079,0.7299,7.971,scheduled_duration_under_3h
LYPG,2022-03,297,9,299,12,596,3.0303,4.0134,3.5235,scheduled_duration_under_3h
LYPG,2022-06,511,99,517,101,1028,19.3738,19.5358,19.4553,scheduled_duration_under_3h
LYPG,2022-09,542,106,534,94,1076,19.5572,17.603,18.5874,scheduled_duration_under_3h
LYPG,2022-12,377,38,365,8,742,10.0796,2.1918,6.1995,scheduled_duration_under_3h
LYTV,2022-03,94,2,93,1,187,2.1277,1.0753,1.6043,scheduled_duration_under_3h
LYTV,2022-06,325,31,325,36,650,9.5385,11.0769,10.3077,scheduled_duration_under_3h
LYTV,2022-09,335,48,326,36,661,14.3284,11.0429,12.708,scheduled_duration_under_3h
LYTV,2022-12,116,2,116,0,232,1.7241,0.0,0.8621,scheduled_duration_under_3h
LZIB,2022-03,229,4,231,3,460,1.7467,1.2987,1.5217,scheduled_duration_under_3h
LZIB,2022-06,342,86,361,58,703,25.1462,16.0665,20.4836,scheduled_duration_under_3h
LZIB,2022-09,385,74,395,35,780,19.2208,8.8608,13.9744,scheduled_duration_under_3h
LZIB,2022-12,199,21,197,15,396,10.5528,7.6142,9.0909,scheduled_duration_under_3h
LZKZ,2022-03,110,5,111,2,221,4.5455,1.8018,3.1674,scheduled_duration_under_3h
LZKZ,2022-06,183,40,191,28,374,21.8579,14.6597,18.1818,scheduled_duration_under_3h
LZKZ,2022-09,179,24,176,16,355,13.4078,9.0909,11.2676,scheduled_duration_under_3h
LZKZ,2022-12,106,14,101,9,207,13.2075,8.9109,11.1111,scheduled_duration_under_3h
OIIE,2022-03,653,162,161,29,814,24.8086,18.0124,23.4644,scheduled_duration_under_3h
OIIE,2022-06,673,217,178,38,851,32.2437,21.3483,29.9647,scheduled_duration_under_3h
OIIE,2022-09,775,214,241,60,1016,27.6129,24.8963,26.9685,scheduled_duration_under_3h
OIIE,2022-12,542,170,121,17,663,31.3653,14.0496,28.2051,scheduled_duration_under_3h
OITT,2022-03,91,32,87,14,178,35.1648,16.092,25.8427,scheduled_duration_under_3h
OITT,2022-06,66,31,62,7,128,46.9697,11.2903,29.6875,scheduled_duration_under_3h
OITT,2022-09,111,37,106,21,217,33.3333,19.8113,26.7281,scheduled_duration_under_3h
OITT,2022-12,67,26,66,2,133,38.806,3.0303,21.0526,scheduled_duration_under_3h
OJAI,2022-03,280,30,243,32,523,10.7143,13.1687,11.8547,scheduled_duration_under_3h
OJAI,2022-06,486,90,463,84,949,18.5185,18.1425,18.3351,scheduled_duration_under_3h
OJAI,2022-09,482,90,459,61,941,18.6722,13.2898,16.0468,scheduled_duration_under_3h
OJAI,2022-12,321,39,299,40,620,12.1495,13.3779,12.7419,scheduled_duration_under_3h
OKBK,2022-03,99,23,46,8,145,23.2323,17.3913,21.3793,scheduled_duration_under_3h
OKBK,2022-06,186,43,153,51,339,23.1183,33.3333,27.7286,scheduled_duration_under_3h
OKBK,2022-09,204,25,164,44,368,12.2549,26.8293,18.75,scheduled_duration_under_3h
OKBK,2022-12,90,14,60,26,150,15.5556,43.3333,26.6667,scheduled_duration_under_3h
OLBA,2022-03,480,87,529,58,1009,18.125,10.9641,14.3707,scheduled_duration_under_3h
OLBA,2022-06,662,167,668,41,1330,25.2266,6.1377,15.6391,scheduled_duration_under_3h
OLBA,2022-09,731,129,741,76,1472,17.6471,10.2564,13.9266,scheduled_duration_under_3h
OLBA,2022-12,570,124,621,50,1191,21.7544,8.0515,14.6096,scheduled_duration_under_3h
OMDB,2022-03,352,143,157,67,509,40.625,42.6752,41.2574,scheduled_duration_under_3h
OMDB,2022-06,209,65,153,67,362,31.1005,43.7908,36.4641,scheduled_duration_under_3h
OMDB,2022-09,280,126,189,91,469,45.0,48.1481,46.2687,scheduled_duration_under_3h
OMDB,2022-12,550,225,169,90,719,40.9091,53.2544,43.8108,scheduled_duration_under_3h
OMSJ,2022-03,48,9,41,9,89,18.75,21.9512,20.2247,scheduled_duration_under_3h
OMSJ,2022-06,76,12,69,7,145,15.7895,10.1449,13.1034,scheduled_duration_under_3h
OMSJ,2022-09,75,17,83,28,158,22.6667,33.7349,28.481,scheduled_duration_under_3h
OMSJ,2022-12,102,21,72,28,174,20.5882,38.8889,28.1609,scheduled_duration_under_3h
ORBI,2022-03,202,37,213,73,415,18.3168,34.2723,26.506,scheduled_duration_under_3h
ORBI,2022-06,292,44,291,106,583,15.0685,36.4261,25.729,scheduled_duration_under_3h
ORBI,2022-09,347,71,352,149,699,20.4611,42.3295,31.4735,scheduled_duration_under_3h
ORBI,2022-12,235,61,233,113,468,25.9574,48.4979,37.1795,scheduled_duration_under_3h
ORER,2022-03,168,64,170,78,338,38.0952,45.8824,42.0118,scheduled_duration_under_3h
ORER,2022-06,207,70,204,87,411,33.8164,42.6471,38.1995,scheduled_duration_under_3h
ORER,2022-09,230,85,226,107,456,36.9565,47.3451,42.1053,scheduled_duration_under_3h
ORER,2022-12,175,77,175,44,350,44.0,25.1429,34.5714,scheduled_duration_under_3h
OTHH,2022-03,95,12,75,20,170,12.6316,26.6667,18.8235,scheduled_duration_under_3h
OTHH,2022-06,130,15,123,43,253,11.5385,34.9593,22.9249,scheduled_duration_under_3h
OTHH,2022-09,95,29,90,10,185,30.5263,11.1111,21.0811,scheduled_duration_under_3h
OTHH,2022-12,85,13,68,14,153,15.2941,20.5882,17.6471,scheduled_duration_under_3h
UATE,2022-03,81,17,80,22,161,20.9877,27.5,24.2236,scheduled_duration_under_3h
UATE,2022-06,100,18,86,25,186,18.0,29.0698,23.1183,scheduled_duration_under_3h
UATE,2022-09,111,20,90,24,201,18.018,26.6667,21.8905,scheduled_duration_under_3h
UATE,2022-12,81,16,80,34,161,19.7531,42.5,31.0559,scheduled_duration_under_3h
UBBB,2022-03,903,151,844,74,1747,16.722,8.7678,12.8792,scheduled_duration_under_3h
UBBB,2022-06,1282,199,1265,90,2547,15.5226,7.1146,11.3467,scheduled_duration_under_3h
UBBB,2022-09,1300,223,1213,129,2513,17.1538,10.6348,14.0072,scheduled_duration_under_3h
UBBB,2022-12,1216,271,1134,122,2350,22.2862,10.7584,16.7234,scheduled_duration_under_3h
UBBN,2022-03,261,16,260,28,521,6.1303,10.7692,8.4453,scheduled_duration_under_3h
UBBN,2022-06,367,19,367,41,734,5.1771,11.1717,8.1744,scheduled_duration_under_3h
UBBN,2022-09,204,3,204,10,408,1.4706,4.902,3.1863,scheduled_duration_under_3h
UBBN,2022-12,161,9,161,24,322,5.5901,14.9068,10.2484,scheduled_duration_under_3h
UDYZ,2022-03,227,83,238,48,465,36.5639,20.1681,28.172,scheduled_duration_under_3h
UDYZ,2022-06,558,188,526,84,1084,33.6918,15.9696,25.0923,scheduled_duration_under_3h
UDYZ,2022-09,693,231,681,171,1374,33.3333,25.1101,29.2576,scheduled_duration_under_3h
UDYZ,2022-12,611,177,625,120,1236,28.9689,19.2,24.0291,scheduled_duration_under_3h
UGKO,2022-03,37,10,33,1,70,27.027,3.0303,15.7143,scheduled_duration_under_3h
UGKO,2022-06,74,9,59,2,133,12.1622,3.3898,8.2707,scheduled_duration_under_3h
UGKO,2022-09,100,9,73,1,173,9.0,1.3699,5.7803,scheduled_duration_under_3h
UGKO,2022-12,72,8,52,0,124,11.1111,0.0,6.4516,scheduled_duration_under_3h
UGSB,2022-03,76,4,77,15,153,5.2632,19.4805,12.4183,scheduled_duration_under_3h
UGSB,2022-06,105,3,104,14,209,2.8571,13.4615,8.134,scheduled_duration_under_3h
UGSB,2022-09,165,8,163,14,328,4.8485,8.589,6.7073,scheduled_duration_under_3h
UGSB,2022-12,77,5,88,4,165,6.4935,4.5455,5.4545,scheduled_duration_under_3h
UGTB,2022-03,466,94,545,32,1011,20.1717,5.8716,12.4629,scheduled_duration_under_3h
UGTB,2022-06,607,125,631,14,1238,20.5931,2.2187,11.2278,scheduled_duration_under_3h
UGTB,2022-09,716,155,744,31,1460,21.648,4.1667,12.7397,scheduled_duration_under_3h
UGTB,2022-12,653,157,754,26,1407,24.0429,3.4483,13.0064,scheduled_duration_under_3h
ULLI,2022-03,212,25,204,17,416,11.7925,8.3333,10.0962,scheduled_duration_under_3h
ULLI,2022-06,446,84,448,49,894,18.8341,10.9375,14.877,scheduled_duration_under_3h
ULLI,2022-09,474,109,469,72,943,22.9958,15.3518,19.1941,scheduled_duration_under_3h
ULLI,2022-12,271,94,269,109,540,34.6863,40.5204,37.5926,scheduled_duration_under_3h
UMKK,2022-03,527,118,574,39,1101,22.3909,6.7944,14.2598,scheduled_duration_under_3h
UMKK,2022-06,1149,261,1141,62,2290,22.7154,5.4338,14.1048,scheduled_duration_under_3h
UMKK,2022-09,1283,359,1284,98,2567,27.9813,7.6324,17.8029,scheduled_duration_under_3h
UMKK,2022-12,762,354,762,127,1524,46.4567,16.6667,31.5617,scheduled_duration_under_3h
URMM,2022-03,15,4,13,7,28,26.6667,53.8462,39.2857,scheduled_duration_under_3h
URMM,2022-06,234,43,230,73,464,18.3761,31.7391,25.0,scheduled_duration_under_3h
URMM,2022-09,231,66,212,88,443,28.5714,41.5094,34.763,scheduled_duration_under_3h
URMM,2022-12,213,95,203,80,416,44.6009,39.4089,42.0673,scheduled_duration_under_3h
URSS,2022-03,5,0,10,1,15,0.0,10.0,6.6667,scheduled_duration_under_3h
URSS,2022-06,468,72,469,130,937,15.3846,27.7186,21.5582,scheduled_duration_under_3h
URSS,2022-09,600,118,604,272,1204,19.6667,45.0331,32.392,scheduled_duration_under_3h
URSS,2022-12,437,87,441,124,878,19.9085,28.1179,24.0319,scheduled_duration_under_3h
UUDD,2022-03,116,27,118,13,234,23.2759,11.0169,17.094,scheduled_duration_under_3h
UUDD,2022-06,218,56,211,44,429,25.6881,20.8531,23.31,scheduled_duration_under_3h
UUDD,2022-09,250,83,248,89,498,33.2,35.8871,34.5382,scheduled_duration_under_3h
UUDD,2022-12,202,101,218,124,420,50.0,56.8807,53.5714,scheduled_duration_under_3h
UUEE,2022-03,160,22,145,23,305,13.75,15.8621,14.7541,scheduled_duration_under_3h
UUEE,2022-06,406,99,342,17,748,24.3842,4.9708,15.508,scheduled_duration_under_3h
UUEE,2022-09,409,61,399,23,808,14.9144,5.7644,10.396,scheduled_duration_under_3h
UUEE,2022-12,317,97,281,93,598,30.5994,33.0961,31.7726,scheduled_duration_under_3h
UUWW,2022-03,113,27,112,55,225,23.8938,49.1071,36.4444,scheduled_duration_under_3h
UUWW,2022-06,157,47,135,51,292,29.9363,37.7778,33.5616,scheduled_duration_under_3h
UUWW,2022-09,178,44,197,98,375,24.7191,49.7462,37.8667,scheduled_duration_under_3h
UUWW,2022-12,17,6,42,29,59,35.2941,69.0476,59.322,scheduled_duration_under_3h
BIKF,2022-03,519,97,397,55,916,18.6898,13.8539,16.5939,scheduled_duration_3h_or_more
BIKF,2022-06,1025,307,837,239,1862,29.9512,28.5544,29.3233,scheduled_duration_3h_or_more
BIKF,2022-09,1019,258,795,179,1814,25.3189,22.5157,24.0904,scheduled_duration_3h_or_more
BIKF,2022-12,745,240,511,157,1256,32.2148,30.7241,31.6083,scheduled_duration_3h_or_more
CYHZ,2022-03,0,0,42,19,42,,45.2381,45.2381,scheduled_duration_3h_or_more
CYHZ,2022-06,108,36,166,130,274,33.3333,78.3133,60.5839,scheduled_duration_3h_or_more
CYHZ,2022-09,80,29,119,62,199,36.25,52.1008,45.7286,scheduled_duration_3h_or_more
CYHZ,2022-12,48,11,53,35,101,22.9167,66.0377,45.5446,scheduled_duration_3h_or_more
CYUL,2022-03,475,141,473,372,948,29.6842,78.6469,54.1139,scheduled_duration_3h_or_more
CYUL,2022-06,1094,458,1089,1024,2183,41.8647,94.0312,67.8882,scheduled_duration_3h_or_more
CYUL,2022-09,1186,450,1191,1084,2377,37.9427,91.016,64.5351,scheduled_duration_3h_or_more
CYUL,2022-12,622,259,626,583,1248,41.6399,93.131,67.4679,scheduled_duration_3h_or_more
CYVR,2022-03,132,41,175,124,307,31.0606,70.8571,53.7459,scheduled_duration_3h_or_more
CYVR,2022-06,316,131,333,306,649,41.4557,91.8919,67.3344,scheduled_duration_3h_or_more
CYVR,2022-09,305,111,328,261,633,36.3934,79.5732,58.7678,scheduled_duration_3h_or_more
CYVR,2022-12,122,66,143,125,265,54.0984,87.4126,72.0755,scheduled_duration_3h_or_more
CYYC,2022-03,77,20,70,44,147,25.974,62.8571,43.5374,scheduled_duration_3h_or_more
CYYC,2022-06,168,61,164,144,332,36.3095,87.8049,61.747,scheduled_duration_3h_or_more
CYYC,2022-09,189,58,192,116,381,30.6878,60.4167,45.6693,scheduled_duration_3h_or_more
CYYC,2022-12,136,51,140,134,276,37.5,95.7143,67.029,scheduled_duration_3h_or_more
CYYZ,2022-03,799,281,832,585,1631,35.169,70.3125,53.0963,scheduled_duration_3h_or_more
CYYZ,2022-06,1477,578,1458,1338,2935,39.1334,91.7695,65.2811,scheduled_duration_3h_or_more
CYYZ,2022-09,1599,526,1582,1343,3181,32.8956,84.8925,58.7551,scheduled_duration_3h_or_more
CYYZ,2022-12,994,402,983,886,1977,40.4427,90.1322,65.1492,scheduled_duration_3h_or_more
DAAG,2022-03,132,64,87,17,219,48.4848,19.5402,36.9863,scheduled_duration_3h_or_more
DAAG,2022-06,251,132,193,39,444,52.5896,20.2073,38.5135,scheduled_duration_3h_or_more
DAAG,2022-09,332,154,255,61,587,46.3855,23.9216,36.6269,scheduled_duration_3h_or_more
DAAG,2022-12,422,172,330,78,752,40.7583,23.6364,33.2447,scheduled_duration_3h_or_more
DFFD,2022-03,64,16,54,12,118,25.0,22.2222,23.7288,scheduled_duration_3h_or_more
DFFD,2022-06,72,33,61,28,133,45.8333,45.9016,45.8647,scheduled_duration_3h_or_more
DFFD,2022-09,67,19,64,32,131,28.3582,50.0,38.9313,scheduled_duration_3h_or_more
DFFD,2022-12,81,20,68,22,149,24.6914,32.3529,28.1879,scheduled_duration_3h_or_more
DGAA,2022-03,209,50,202,67,411,23.9234,33.1683,28.4672,scheduled_duration_3h_or_more
DGAA,2022-06,205,91,215,61,420,44.3902,28.3721,36.1905,scheduled_duration_3h_or_more
DGAA,2022-09,197,54,209,89,406,27.4112,42.5837,35.2217,scheduled_duration_3h_or_more
DGAA,2022-12,216,80,214,62,430,37.037,28.972,33.0233,scheduled_duration_3h_or_more
DIAP,2022-03,144,38,148,53,292,26.3889,35.8108,31.1644,scheduled_duration_3h_or_more
DIAP,2022-06,153,55,170,83,323,35.9477,48.8235,42.7245,scheduled_duration_3h_or_more
DIAP,2022-09,152,48,157,79,309,31.5789,50.3185,41.1003,scheduled_duration_3h_or_more
DIAP,2022-12,141,62,164,80,305,43.9716,48.7805,46.5574,scheduled_duration_3h_or_more
DNAA,2022-03,87,17,84,28,171,19.5402,33.3333,26.3158,scheduled_duration_3h_or_more
DNAA,2022-06,82,17,82,28,164,20.7317,34.1463,27.439,scheduled_duration_3h_or_more
DNAA,2022-09,82,22,83,37,165,26.8293,44.5783,35.7576,scheduled_duration_3h_or_more
DNAA,2022-12,82,32,80,37,162,39.0244,46.25,42.5926,scheduled_duration_3h_or_more
DNMM,2022-03,287,73,252,67,539,25.4355,26.5873,25.974,scheduled_duration_3h_or_more
DNMM,2022-06,284,76,275,107,559,26.7606,38.9091,32.737,scheduled_duration_3h_or_more
DNMM,2022-09,289,69,274,96,563,23.8754,35.0365,29.3073,scheduled_duration_3h_or_more
DNMM,2022-12,300,118,281,113,581,39.3333,40.2135,39.759,scheduled_duration_3h_or_more
DTTA,2022-03,185,119,137,21,322,64.3243,15.3285,43.4783,scheduled_duration_3h_or_more
DTTA,2022-06,154,104,128,21,282,67.5325,16.4062,44.3262,scheduled_duration_3h_or_more
DTTA,2022-09,172,87,142,39,314,50.5814,27.4648,40.1274,scheduled_duration_3h_or_more
DTTA,2022-12,195,135,202,28,397,69.2308,13.8614,41.0579,scheduled_duration_3h_or_more
EBBR,2022-03,1327,408,1318,83,2645,30.746,6.2974,18.5633,scheduled_duration_3h_or_more
EBBR,2022-06,1631,745,1710,591,3341,45.6775,34.5614,39.988,scheduled_duration_3h_or_more
EBBR,2022-09,1829,724,1770,466,3599,39.5845,26.3277,33.0647,scheduled_duration_3h_or_more
EBBR,2022-12,1499,568,1444,304,2943,37.8919,21.0526,29.6296,scheduled_duration_3h_or_more
EBCI,2022-03,271,34,261,15,532,12.5461,5.7471,9.2105,scheduled_duration_3h_or_more
EBCI,2022-06,253,87,274,102,527,34.3874,37.2263,35.8634,scheduled_duration_3h_or_more
EBCI,2022-09,276,71,262,72,538,25.7246,27.4809,26.5799,scheduled_duration_3h_or_more
EBCI,2022-12,353,47,293,23,646,13.3144,7.8498,10.8359,scheduled_duration_3h_or_more
EBLG,2022-03,713,301,670,51,1383,42.216,7.6119,25.4519,scheduled_duration_3h_or_more
EBLG,2022-06,630,277,547,126,1177,43.9683,23.0347,34.2396,scheduled_duration_3h_or_more
EBLG,2022-09,632,231,561,134,1193,36.5506,23.8859,30.5951,scheduled_duration_3h_or_more
EBLG,2022-12,567,254,492,90,1059,44.7972,18.2927,32.4835,scheduled_duration_3h_or_more
EBOS,2022-03,61,18,65,3,126,29.5082,4.6154,16.6667,scheduled_duration_3h_or_more
EBOS,2022-06,69,22,84,31,153,31.8841,36.9048,34.6405,scheduled_duration_3h_or_more
EBOS,2022-09,79,19,77,25,156,24.0506,32.4675,28.2051,scheduled_duration_3h_or_more
EBOS,2022-12,142,41,140,28,282,28.8732,20.0,24.4681,scheduled_duration_3h_or_more
EDDB,2022-03,786,151,717,230,1503,19.2112,32.0781,25.3493,scheduled_duration_3h_or_more
EDDB,2022-06,892,355,958,594,1850,39.7982,62.0042,51.2973,scheduled_duration_3h_or_more
EDDB,2022-09,972,342,959,653,1931,35.1852,68.0918,51.5277,scheduled_duration_3h_or_more
EDDB,2022-12,851,202,838,434,1689,23.7368,51.79,37.6554,scheduled_duration_3h_or_more
EDDF,2022-03,4373,1043,4063,1135,8436,23.8509,27.935,25.8179,scheduled_duration_3h_or_more
EDDF,2022-06,5642,1830,5537,3391,11179,32.4353,61.2426,46.7036,scheduled_duration_3h_or_more
EDDF,2022-09,5849,1545,5308,2829,11157,26.4148,53.2969,39.2041,scheduled_duration_3h_or_more
EDDF,2022-12,5133,1626,4973,2788,10106,31.6774,56.0627,43.677,scheduled_duration_3h_or_more
EDDH,2022-03,562,58,463,125,1025,10.3203,26.9978,17.8537,scheduled_duration_3h_or_more
EDDH,2022-06,766,199,706,469,1472,25.9791,66.4306,45.3804,scheduled_duration_3h_or_more
EDDH,2022-09,859,186,689,405,1548,21.6531,58.7808,38.1783,scheduled_duration_3h_or_more
EDDH,2022-12,635,93,503,194,1138,14.6457,38.5686,25.2197,scheduled_duration_3h_or_more
EDDK,2022-03,832,235,763,26,1595,28.2452,3.4076,16.3636,scheduled_duration_3h_or_more
EDDK,2022-06,1318,598,1175,291,2493,45.3718,24.766,35.6598,scheduled_duration_3h_or_more
EDDK,2022-09,1362,532,1065,199,2427,39.0602,18.6854,30.1195,scheduled_duration_3h_or_more
EDDK,2022-12,898,289,750,38,1648,32.1826,5.0667,19.8422,scheduled_duration_3h_or_more
EDDL,2022-03,1004,146,883,202,1887,14.5418,22.8766,18.442,scheduled_duration_3h_or_more
EDDL,2022-06,1779,686,1828,1233,3607,38.561,67.4508,53.2021,scheduled_duration_3h_or_more
EDDL,2022-09,1853,508,1573,897,3426,27.415,57.0248,41.0099,scheduled_duration_3h_or_more
EDDL,2022-12,1185,245,1043,371,2228,20.6751,35.5705,27.6481,scheduled_duration_3h_or_more
EDDM,2022-03,1163,326,1191,245,2354,28.031,20.5709,24.2566,scheduled_duration_3h_or_more
EDDM,2022-06,1753,776,1940,1087,3693,44.267,56.0309,50.4468,scheduled_duration_3h_or_more
EDDM,2022-09,1863,682,1859,1002,3722,36.6076,53.8999,45.2445,scheduled_duration_3h_or_more
EDDM,2022-12,1660,643,1813,968,3473,38.7349,53.3922,46.3864,scheduled_duration_3h_or_more
EDDN,2022-03,61,4,51,1,112,6.5574,1.9608,4.4643,scheduled_duration_3h_or_more
EDDN,2022-06,207,71,69,36,276,34.2995,52.1739,38.7681,scheduled_duration_3h_or_more
EDDN,2022-09,201,44,62,9,263,21.8905,14.5161,20.1521,scheduled_duration_3h_or_more
EDDN,2022-12,98,12,64,8,162,12.2449,12.5,12.3457,scheduled_duration_3h_or_more
EDDP,2022-03,520,118,525,13,1045,22.6923,2.4762,12.5359,scheduled_duration_3h_or_more
EDDP,2022-06,659,126,598,136,1257,19.1199,22.7425,20.8433,scheduled_duration_3h_or_more
EDDP,2022-09,714,110,598,124,1312,15.4062,20.7358,17.8354,scheduled_duration_3h_or_more
EDDP,2022-12,593,144,641,33,1234,24.2833,5.1482,14.3436,scheduled_duration_3h_or_more
EDDS,2022-03,236,22,193,40,429,9.322,20.7254,14.4522,scheduled_duration_3h_or_more
EDDS,2022-06,463,97,287,112,750,20.9503,39.0244,27.8667,scheduled_duration_3h_or_more
EDDS,2022-09,534,111,290,111,824,20.7865,38.2759,26.9417,scheduled_duration_3h_or_more
EDDS,2022-12,305,49,245,78,550,16.0656,31.8367,23.0909,scheduled_duration_3h_or_more
EDDV,2022-03,283,21,207,16,490,7.4205,7.7295,7.551,scheduled_duration_3h_or_more
EDDV,2022-06,474,160,351,110,825,33.7553,31.339,32.7273,scheduled_duration_3h_or_more
EDDV,2022-09,537,163,352,73,889,30.3538,20.7386,26.5467,scheduled_duration_3h_or_more
EDDV,2022-12,296,56,215,27,511,18.9189,12.5581,16.2427,scheduled_duration_3h_or_more
EDDW,2022-03,56,5,44,8,100,8.9286,18.1818,13.0,scheduled_duration_3h_or_more
EDDW,2022-06,116,42,78,33,194,36.2069,42.3077,38.6598,scheduled_duration_3h_or_more
EDDW,2022-09,133,39,88,35,221,29.3233,39.7727,33.4842,scheduled_duration_3h_or_more
EDDW,2022-12,69,10,53,7,122,14.4928,13.2075,13.9344,scheduled_duration_3h_or_more
EDFH,2022-03,125,46,121,5,246,36.8,4.1322,20.7317,scheduled_duration_3h_or_more
EDFH,2022-06,88,33,83,19,171,37.5,22.8916,30.4094,scheduled_duration_3h_or_more
EDFH,2022-09,104,41,104,23,208,39.4231,22.1154,30.7692,scheduled_duration_3h_or_more
EDFH,2022-12,151,53,161,15,312,35.0993,9.3168,21.7949,scheduled_duration_3h_or_more
EETN,2022-03,77,3,87,8,164,3.8961,9.1954,6.7073,scheduled_duration_3h_or_more
EETN,2022-06,130,39,137,33,267,30.0,24.0876,26.9663,scheduled_duration_3h_or_more
EETN,2022-09,121,15,142,13,263,12.3967,9.1549,10.6464,scheduled_duration_3h_or_more
EETN,2022-12,91,7,130,7,221,7.6923,5.3846,6.3348,scheduled_duration_3h_or_more
EFHK,2022-03,733,142,771,73,1504,19.3724,9.4682,14.2952,scheduled_duration_3h_or_more
EFHK,2022-06,1193,350,1195,213,2388,29.3378,17.8243,23.5762,scheduled_duration_3h_or_more
EFHK,2022-09,1138,249,1145,143,2283,21.8805,12.4891,17.1704,scheduled_duration_3h_or_more
EFHK,2022-12,1042,313,1222,357,2264,30.0384,29.2144,29.5936,scheduled_duration_3h_or_more
EGAA,2022-03,108,16,98,9,206,14.8148,9.1837,12.1359,scheduled_duration_3h_or_more
EGAA,2022-06,142,35,153,47,295,24.6479,30.719,27.7966,scheduled_duration_3h_or_more
EGAA,2022-09,192,42,130,28,322,21.875,21.5385,21.7391,scheduled_duration_3h_or_more
EGAA,2022-12,105,16,95,17,200,15.2381,17.8947,16.5,scheduled_duration_3h_or_more
EGBB,2022-03,512,73,501,18,1013,14.2578,3.5928,8.9832,scheduled_duration_3h_or_more
EGBB,2022-06,1155,405,1120,447,2275,35.0649,39.9107,37.4505,scheduled_duration_3h_or_more
EGBB,2022-09,1180,324,1115,341,2295,27.4576,30.583,28.976,scheduled_duration_3h_or_more
EGBB,2022-12,602,148,547,71,1149,24.5847,12.9799,19.0601,scheduled_duration_3h_or_more
EGCC,2022-03,1449,349,1455,138,2904,24.0856,9.4845,16.77,scheduled_duration_3h_or_more
EGCC,2022-06,2573,1166,2620,1068,5193,45.3168,40.7634,43.0194,scheduled_duration_3h_or_more
EGCC,2022-09,2865,1036,2795,1004,5660,36.1606,35.9213,36.0424,scheduled_duration_3h_or_more
EGCC,2022-12,1719,470,1687,275,3406,27.3415,16.3011,21.8732,scheduled_duration_3h_or_more
EGCN,2022-03,86,14,82,0,168,16.2791,0.0,8.3333,scheduled_duration_3h_or_more
EGCN,2022-06,166,58,152,53,318,34.9398,34.8684,34.9057,scheduled_duration_3h_or_more
EGCN,2022-09,163,38,146,43,309,23.3129,29.4521,26.2136,scheduled_duration_3h_or_more
EGFF,2022-03,29,1,28,2,57,3.4483,7.1429,5.2632,scheduled_duration_3h_or_more
EGFF,2022-06,119,31,114,35,233,26.0504,30.7018,28.3262,scheduled_duration_3h_or_more
EGFF,2022-09,102,32,94,32,196,31.3725,34.0426,32.6531,scheduled_duration_3h_or_more
EGFF,2022-12,34,3,30,3,64,8.8235,10.0,9.375,scheduled_duration_3h_or_more
EGGD,2022-03,300,32,303,12,603,10.6667,3.9604,7.2968,scheduled_duration_3h_or_more
EGGD,2022-06,784,311,748,341,1532,39.6684,45.5882,42.5587,scheduled_duration_3h_or_more
EGGD,2022-09,786,272,739,276,1525,34.6056,37.3478,35.9344,scheduled_duration_3h_or_more
EGGD,2022-12,329,42,314,41,643,12.766,13.0573,12.9082,scheduled_duration_3h_or_more
EGGP,2022-03,117,4,100,3,217,3.4188,3.0,3.2258,scheduled_duration_3h_or_more
EGGP,2022-06,153,50,112,38,265,32.6797,33.9286,33.2075,scheduled_duration_3h_or_more
EGGP,2022-09,166,40,111,29,277,24.0964,26.1261,24.9097,scheduled_duration_3h_or_more
EGGP,2022-12,162,13,136,14,298,8.0247,10.2941,9.0604,scheduled_duration_3h_or_more
EGGW,2022-03,643,73,573,62,1216,11.353,10.8202,11.102,scheduled_duration_3h_or_more
EGGW,2022-06,1192,545,850,361,2042,45.7215,42.4706,44.3683,scheduled_duration_3h_or_more
EGGW,2022-09,1244,400,844,331,2088,32.1543,39.218,35.0096,scheduled_duration_3h_or_more
EGGW,2022-12,1109,141,683,130,1792,12.7142,19.0337,15.1228,scheduled_duration_3h_or_more
EGKK,2022-03,1348,322,1398,45,2746,23.8872,3.2189,13.3649,scheduled_duration_3h_or_more
EGKK,2022-06,2930,1609,2947,1103,5877,54.9147,37.4279,46.146,scheduled_duration_3h_or_more
EGKK,2022-09,3111,1624,3040,713,6151,52.2019,23.4539,37.9938,scheduled_duration_3h_or_more
EGKK,2022-12,2111,704,2156,150,4267,33.3491,6.9573,20.0141,scheduled_duration_3h_or_more
EGLL,2022-03,5736,3024,5720,613,11456,52.7197,10.7168,31.7476,scheduled_duration_3h_or_more
EGLL,2022-06,7715,4990,7748,2685,15463,64.6792,34.6541,49.6346,scheduled_duration_3h_or_more
EGLL,2022-09,7798,4509,7723,1800,15521,57.8225,23.307,40.6482,scheduled_duration_3h_or_more
EGLL,2022-12,7739,4958,7715,1861,15454,64.0651,24.1218,44.1245,scheduled_duration_3h_or_more
EGNM,2022-03,160,7,160,6,320,4.375,3.75,4.0625,scheduled_duration_3h_or_more
EGNM,2022-06,393,148,421,166,814,37.659,39.4299,38.5749,scheduled_duration_3h_or_more
EGNM,2022-09,427,129,396,117,823,30.2108,29.5455,29.8906,scheduled_duration_3h_or_more
EGNM,2022-12,175,28,169,24,344,16.0,14.2012,15.1163,scheduled_duration_3h_or_more
EGNT,2022-03,186,25,179,9,365,13.4409,5.0279,9.3151,scheduled_duration_3h_or_more
EGNT,2022-06,537,192,559,232,1096,35.7542,41.5027,38.6861,scheduled_duration_3h_or_more
EGNT,2022-09,591,196,533,169,1124,33.1641,31.7073,32.4733,scheduled_duration_3h_or_more
EGNT,2022-12,247,56,238,40,485,22.6721,16.8067,19.7938,scheduled_duration_3h_or_more
EGNX,2022-03,386,67,365,9,751,17.3575,2.4658,10.1198,scheduled_duration_3h_or_more
EGNX,2022-06,542,186,518,134,1060,34.3173,25.8687,30.1887,scheduled_duration_3h_or_more
EGNX,2022-09,549,163,512,122,1061,29.6903,23.8281,26.8615,scheduled_duration_3h_or_more
EGNX,2022-12,370,102,331,34,701,27.5676,10.2719,19.4009,scheduled_duration_3h_or_more
EGPF,2022-03,284,35,295,6,579,12.3239,2.0339,7.0812,scheduled_duration_3h_or_more
EGPF,2022-06,528,204,583,191,1111,38.6364,32.7616,35.5536,scheduled_duration_3h_or_more
EGPF,2022-09,577,168,499,130,1076,29.1161,26.0521,27.6952,scheduled_duration_3h_or_more
EGPF,2022-12,305,61,285,36,590,20.0,12.6316,16.4407,scheduled_duration_3h_or_more
EGPH,2022-03,378,53,429,23,807,14.0212,5.3613,9.4176,scheduled_duration_3h_or_more
EGPH,2022-06,764,328,913,250,1677,42.9319,27.3823,34.4663,scheduled_duration_3h_or_more
EGPH,2022-09,863,288,838,201,1701,33.372,23.9857,28.7478,scheduled_duration_3h_or_more
EGPH,2022-12,495,94,488,83,983,18.9899,17.0082,18.0061,scheduled_duration_3h_or_more
EGPK,2022-03,74,18,43,2,117,24.3243,4.6512,17.094,scheduled_duration_3h_or_more
EGPK,2022-06,103,26,80,5,183,25.2427,6.25,16.9399,scheduled_duration_3h_or_more
EGPK,2022-09,131,22,60,8,191,16.7939,13.3333,15.7068,scheduled_duration_3h_or_more
EGPK,2022-12,75,17,48,1,123,22.6667,2.0833,14.6341,scheduled_duration_3h_or_more
EGSS,2022-03,942,220,953,53,1895,23.3546,5.5614,14.4063,scheduled_duration_3h_or_more
EGSS,2022-06,1505,704,1323,424,2828,46.7774,32.0484,39.8868,scheduled_duration_3h_or_more
EGSS,2022-09,1668,705,1376,382,3044,42.2662,27.7616,35.7096,scheduled_duration_3h_or_more
EGSS,2022-12,1266,376,980,132,2246,29.6998,13.4694,22.618,scheduled_duration_3h_or_more
EHAM,2022-03,3579,1378,3449,519,7028,38.5024,15.0478,26.992,scheduled_duration_3h_or_more
EHAM,2022-06,4375,2393,4519,1871,8894,54.6971,41.403,47.9424,scheduled_duration_3h_or_more
EHAM,2022-09,4522,2087,4426,1637,8948,46.1521,36.986,41.6182,scheduled_duration_3h_or_more
EHAM,2022-12,3865,1913,3797,967,7662,49.4955,25.4675,37.5881,scheduled_duration_3h_or_more
EHBK,2022-03,78,24,60,6,138,30.7692,10.0,21.7391,scheduled_duration_3h_or_more
EHBK,2022-06,79,29,47,13,126,36.7089,27.6596,33.3333,scheduled_duration_3h_or_more
EHBK,2022-09,79,27,53,9,132,34.1772,16.9811,27.2727,scheduled_duration_3h_or_more
EHBK,2022-12,66,19,40,2,106,28.7879,5.0,19.8113,scheduled_duration_3h_or_more
EHEH,2022-03,116,7,93,5,209,6.0345,5.3763,5.7416,scheduled_duration_3h_or_more
EHEH,2022-06,234,45,250,81,484,19.2308,32.4,26.0331,scheduled_duration_3h_or_more
EHEH,2022-09,268,36,222,55,490,13.4328,24.7748,18.5714,scheduled_duration_3h_or_more
EHEH,2022-12,193,32,166,17,359,16.5803,10.241,13.649,scheduled_duration_3h_or_more
EHRD,2022-03,51,4,62,5,113,7.8431,8.0645,7.9646,scheduled_duration_3h_or_more
EHRD,2022-06,69,5,97,18,166,7.2464,18.5567,13.8554,scheduled_duration_3h_or_more
EHRD,2022-09,100,14,99,22,199,14.0,22.2222,18.0905,scheduled_duration_3h_or_more
EHRD,2022-12,96,15,116,9,212,15.625,7.7586,11.3208,scheduled_duration_3h_or_more
EIDW,2022-03,1174,244,1228,55,2402,20.7836,4.4788,12.448,scheduled_duration_3h_or_more
EIDW,2022-06,2040,930,1980,367,4020,45.5882,18.5354,32.2637,scheduled_duration_3h_or_more
EIDW,2022-09,2157,785,1971,242,4128,36.3931,12.278,24.8789,scheduled_duration_3h_or_more
EIDW,2022-12,1839,466,1501,100,3340,25.3399,6.6622,16.9461,scheduled_duration_3h_or_more
EINN,2022-03,99,11,86,1,185,11.1111,1.1628,6.4865,scheduled_duration_3h_or_more
EINN,2022-06,160,43,132,6,292,26.875,4.5455,16.7808,scheduled_duration_3h_or_more
EINN,2022-09,170,26,144,8,314,15.2941,5.5556,10.828,scheduled_duration_3h_or_more
EINN,2022-12,156,26,108,7,264,16.6667,6.4815,12.5,scheduled_duration_3h_or_more
EKBI,2022-03,82,5,87,4,169,6.0976,4.5977,5.3254,scheduled_duration_3h_or_more
EKBI,2022-06,170,39,184,47,354,22.9412,25.5435,24.2938,scheduled_duration_3h_or_more
EKBI,2022-09,210,42,192,29,402,20.0,15.1042,17.6617,scheduled_duration_3h_or_more
EKBI,2022-12,85,4,99,7,184,4.7059,7.0707,5.9783,scheduled_duration_3h_or_more
EKCH,2022-03,975,153,939,121,1914,15.6923,12.886,14.3156,scheduled_duration_3h_or_more
EKCH,2022-06,1405,411,1492,539,2897,29.2527,36.126,32.7925,scheduled_duration_3h_or_more
EKCH,2022-09,1392,341,1328,334,2720,24.4971,25.1506,24.8162,scheduled_duration_3h_or_more
EKCH,2022-12,1142,232,1095,220,2237,20.3152,20.0913,20.2056,scheduled_duration_3h_or_more
ELLX,2022-03,598,235,655,53,1253,39.2977,8.0916,22.9848,scheduled_duration_3h_or_more
ELLX,2022-06,622,242,613,226,1235,38.9068,36.8679,37.8947,scheduled_duration_3h_or_more
ELLX,2022-09,639,239,602,149,1241,37.4022,24.7508,31.2651,scheduled_duration_3h_or_more
ELLX,2022-12,602,245,630,84,1232,40.6977,13.3333,26.7045,scheduled_duration_3h_or_more
ENBR,2022-03,44,1,44,1,88,2.2727,2.2727,2.2727,scheduled_duration_3h_or_more
ENBR,2022-06,131,25,146,28,277,19.084,19.1781,19.1336,scheduled_duration_3h_or_more
ENBR,2022-09,118,14,103,18,221,11.8644,17.4757,14.4796,scheduled_duration_3h_or_more
ENBR,2022-12,48,7,47,10,95,14.5833,21.2766,17.8947,scheduled_duration_3h_or_more
ENGM,2022-03,545,66,612,59,1157,12.1101,9.6405,10.8038,scheduled_duration_3h_or_more
ENGM,2022-06,1186,222,1198,262,2384,18.7184,21.8698,20.302,scheduled_duration_3h_or_more
ENGM,2022-09,1049,166,1036,160,2085,15.8246,15.444,15.6355,scheduled_duration_3h_or_more
ENGM,2022-12,620,112,712,182,1332,18.0645,25.5618,22.0721,scheduled_duration_3h_or_more
EPGD,2022-03,57,2,56,2,113,3.5088,3.5714,3.5398,scheduled_duration_3h_or_more
EPGD,2022-06,118,27,70,25,188,22.8814,35.7143,27.6596,scheduled_duration_3h_or_more
EPGD,2022-09,114,12,81,13,195,10.5263,16.0494,12.8205,scheduled_duration_3h_or_more
EPGD,2022-12,70,4,75,13,145,5.7143,17.3333,11.7241,scheduled_duration_3h_or_more
EPKK,2022-03,153,28,145,4,298,18.3007,2.7586,10.7383,scheduled_duration_3h_or_more
EPKK,2022-06,174,79,172,55,346,45.4023,31.9767,38.7283,scheduled_duration_3h_or_more
EPKK,2022-09,183,46,185,42,368,25.1366,22.7027,23.913,scheduled_duration_3h_or_more
EPKK,2022-12,196,52,243,19,439,26.5306,7.8189,16.1731,scheduled_duration_3h_or_more
EPKT,2022-03,63,12,71,1,134,19.0476,1.4085,9.7015,scheduled_duration_3h_or_more
EPKT,2022-06,112,29,97,18,209,25.8929,18.5567,22.488,scheduled_duration_3h_or_more
EPKT,2022-09,100,17,99,9,199,17.0,9.0909,13.0653,scheduled_duration_3h_or_more
EPKT,2022-12,94,13,106,12,200,13.8298,11.3208,12.5,scheduled_duration_3h_or_more
EPMO,2022-03,126,4,132,10,258,3.1746,7.5758,5.4264,scheduled_duration_3h_or_more
EPMO,2022-06,138,48,148,61,286,34.7826,41.2162,38.1119,scheduled_duration_3h_or_more
EPMO,2022-09,132,21,149,24,281,15.9091,16.1074,16.0142,scheduled_duration_3h_or_more
EPMO,2022-12,105,12,164,7,269,11.4286,4.2683,7.0632,scheduled_duration_3h_or_more
EPWA,2022-03,589,131,531,122,1120,22.2411,22.9755,22.5893,scheduled_duration_3h_or_more
EPWA,2022-06,855,381,806,408,1661,44.5614,50.6203,47.5015,scheduled_duration_3h_or_more
EPWA,2022-09,821,266,771,164,1592,32.3995,21.2711,27.0101,scheduled_duration_3h_or_more
EPWA,2022-12,737,186,737,64,1474,25.2374,8.6839,16.9607,scheduled_duration_3h_or_more
ESGG,2022-03,149,8,143,9,292,5.3691,6.2937,5.8219,scheduled_duration_3h_or_more
ESGG,2022-06,334,88,327,55,661,26.3473,16.8196,21.6339,scheduled_duration_3h_or_more
ESGG,2022-09,313,46,294,44,607,14.6965,14.966,14.827,scheduled_duration_3h_or_more
ESGG,2022-12,191,34,187,25,378,17.801,13.369,15.6085,scheduled_duration_3h_or_more
ESSA,2022-03,818,168,861,55,1679,20.5379,6.3879,13.2817,scheduled_duration_3h_or_more
ESSA,2022-06,1586,466,1637,423,3223,29.3821,25.84,27.583,scheduled_duration_3h_or_more
ESSA,2022-09,1409,349,1506,214,2915,24.7693,14.2098,19.3139,scheduled_duration_3h_or_more
ESSA,2022-12,933,230,1001,105,1934,24.6517,10.4895,17.3216,scheduled_duration_3h_or_more
EVRA,2022-03,211,16,208,17,419,7.5829,8.1731,7.8759,scheduled_duration_3h_or_more
EVRA,2022-06,247,69,280,64,527,27.9352,22.8571,25.2372,scheduled_duration_3h_or_more
EVRA,2022-09,265,56,274,40,539,21.1321,14.5985,17.8108,scheduled_duration_3h_or_more
EVRA,2022-12,236,41,291,62,527,17.3729,21.3058,19.5446,scheduled_duration_3h_or_more
EYVI,2022-03,112,7,96,5,208,6.25,5.2083,5.7692,scheduled_duration_3h_or_more
EYVI,2022-06,130,25,119,31,249,19.2308,26.0504,22.49,scheduled_duration_3h_or_more
EYVI,2022-09,111,13,107,13,218,11.7117,12.1495,11.9266,scheduled_duration_3h_or_more
EYVI,2022-12,78,7,101,3,179,8.9744,2.9703,5.5866,scheduled_duration_3h_or_more
FACT,2022-03,165,25,159,60,324,15.1515,37.7358,26.2346,scheduled_duration_3h_or_more
FACT,2022-06,91,22,93,9,184,24.1758,9.6774,16.8478,scheduled_duration_3h_or_more
FACT,2022-09,109,27,106,17,215,24.7706,16.0377,20.4651,scheduled_duration_3h_or_more
FACT,2022-12,272,74,259,64,531,27.2059,24.7104,25.9887,scheduled_duration_3h_or_more
FAOR,2022-03,285,45,222,90,507,15.7895,40.5405,26.6272,scheduled_duration_3h_or_more
FAOR,2022-06,285,78,240,80,525,27.3684,33.3333,30.0952,scheduled_duration_3h_or_more
FAOR,2022-09,335,88,273,82,608,26.2687,30.0366,27.9605,scheduled_duration_3h_or_more
FAOR,2022-12,373,125,289,111,662,33.5121,38.4083,35.6495,scheduled_duration_3h_or_more
FIMP,2022-03,165,19,165,27,330,11.5152,16.3636,13.9394,scheduled_duration_3h_or_more
FIMP,2022-06,116,45,118,23,234,38.7931,19.4915,29.0598,scheduled_duration_3h_or_more
FIMP,2022-09,129,38,129,33,258,29.4574,25.5814,27.5194,scheduled_duration_3h_or_more
FIMP,2022-12,207,54,208,68,415,26.087,32.6923,29.3976,scheduled_duration_3h_or_more
FKKD,2022-03,66,8,46,15,112,12.1212,32.6087,20.5357,scheduled_duration_3h_or_more
FKKD,2022-06,89,35,51,15,140,39.3258,29.4118,35.7143,scheduled_duration_3h_or_more
FKKD,2022-09,85,26,54,26,139,30.5882,48.1481,37.4101,scheduled_duration_3h_or_more
FKKD,2022-12,95,31,65,19,160,32.6316,29.2308,31.25,scheduled_duration_3h_or_more
FMEE,2022-03,148,28,147,35,295,18.9189,23.8095,21.3559,scheduled_duration_3h_or_more
FMEE,2022-06,152,60,149,42,301,39.4737,28.1879,33.887,scheduled_duration_3h_or_more
FMEE,2022-09,158,63,159,57,317,39.8734,35.8491,37.8549,scheduled_duration_3h_or_more
FMEE,2022-12,220,85,217,84,437,38.6364,38.7097,38.6728,scheduled_duration_3h_or_more
FNLU,2022-03,93,4,79,25,172,4.3011,31.6456,16.8605,scheduled_duration_3h_or_more
FNLU,2022-06,119,35,106,36,225,29.4118,33.9623,31.5556,scheduled_duration_3h_or_more
FNLU,2022-09,134,43,118,31,252,32.0896,26.2712,29.3651,scheduled_duration_3h_or_more
FNLU,2022-12,162,49,147,51,309,30.2469,34.6939,32.3625,scheduled_duration_3h_or_more
FZAA,2022-03,63,10,63,24,126,15.873,38.0952,26.9841,scheduled_duration_3h_or_more
FZAA,2022-06,54,19,69,49,123,35.1852,71.0145,55.2846,scheduled_duration_3h_or_more
FZAA,2022-09,65,13,66,43,131,20.0,65.1515,42.7481,scheduled_duration_3h_or_more
FZAA,2022-12,61,16,71,51,132,26.2295,71.831,50.7576,scheduled_duration_3h_or_more
GABS,2022-03,95,19,67,30,162,20.0,44.7761,30.2469,scheduled_duration_3h_or_more
GABS,2022-06,98,32,100,46,198,32.6531,46.0,39.3939,scheduled_duration_3h_or_more
GABS,2022-09,84,20,89,53,173,23.8095,59.5506,42.1965,scheduled_duration_3h_or_more
GABS,2022-12,82,31,85,43,167,37.8049,50.5882,44.3114,scheduled_duration_3h_or_more
GBYD,2022-03,70,10,76,23,146,14.2857,30.2632,22.6027,scheduled_duration_3h_or_more
GBYD,2022-06,61,29,66,17,127,47.541,25.7576,36.2205,scheduled_duration_3h_or_more
GBYD,2022-09,54,14,64,13,118,25.9259,20.3125,22.8814,scheduled_duration_3h_or_more
GBYD,2022-12,105,28,93,29,198,26.6667,31.1828,28.7879,scheduled_duration_3h_or_more
GCFV,2022-03,1044,49,1030,71,2074,4.6935,6.8932,5.7859,scheduled_duration_3h_or_more
GCFV,2022-06,771,81,765,126,1536,10.5058,16.4706,13.4766,scheduled_duration_3h_or_more
GCFV,2022-09,804,98,792,113,1596,12.1891,14.2677,13.2206,scheduled_duration_3h_or_more
GCFV,2022-12,1164,141,1122,211,2286,12.1134,18.8057,15.3981,scheduled_duration_3h_or_more
GCLP,2022-03,1728,244,1658,113,3386,14.1204,6.8154,10.5434,scheduled_duration_3h_or_more
GCLP,2022-06,1229,337,1110,164,2339,27.4207,14.7748,21.4194,scheduled_duration_3h_or_more
GCLP,2022-09,1239,427,1131,161,2370,34.4633,14.2352,24.8101,scheduled_duration_3h_or_more
GCLP,2022-12,2117,584,1975,403,4092,27.5862,20.4051,24.1202,scheduled_duration_3h_or_more
GCRR,2022-03,1355,87,1278,107,2633,6.4207,8.3725,7.368,scheduled_duration_3h_or_more
GCRR,2022-06,1115,111,1016,111,2131,9.9552,10.9252,10.4176,scheduled_duration_3h_or_more
GCRR,2022-09,1150,160,1038,147,2188,13.913,14.1618,14.0311,scheduled_duration_3h_or_more
GCRR,2022-12,1445,240,1411,234,2856,16.609,16.584,16.5966,scheduled_duration_3h_or_more
GCTS,2022-03,2598,127,2613,161,5211,4.8884,6.1615,5.5268,scheduled_duration_3h_or_more
GCTS,2022-06,1908,250,1846,252,3754,13.1027,13.6511,13.3724,scheduled_duration_3h_or_more
GCTS,2022-09,2000,314,1922,271,3922,15.7,14.0999,14.9159,scheduled_duration_3h_or_more
GCTS,2022-12,2967,448,2914,471,5881,15.0994,16.1633,15.6266,scheduled_duration_3h_or_more
GCXO,2022-03,181,7,119,3,300,3.8674,2.521,3.3333,scheduled_duration_3h_or_more
GCXO,2022-06,214,33,94,1,308,15.4206,1.0638,11.039,scheduled_duration_3h_or_more
GCXO,2022-09,184,16,92,2,276,8.6957,2.1739,6.5217,scheduled_duration_3h_or_more
GCXO,2022-12,249,28,138,10,387,11.245,7.2464,9.8191,scheduled_duration_3h_or_more
GMAD,2022-03,224,12,197,21,421,5.3571,10.6599,7.8385,scheduled_duration_3h_or_more
GMAD,2022-06,377,64,319,56,696,16.9761,17.5549,17.2414,scheduled_duration_3h_or_more
GMAD,2022-09,402,48,362,64,764,11.9403,17.6796,14.6597,scheduled_duration_3h_or_more
GMAD,2022-12,439,60,408,45,847,13.6674,11.0294,12.3967,scheduled_duration_3h_or_more
GMFF,2022-03,56,6,63,5,119,10.7143,7.9365,9.2437,scheduled_duration_3h_or_more
GMFF,2022-06,74,29,34,4,108,39.1892,11.7647,30.5556,scheduled_duration_3h_or_more
GMFF,2022-09,87,22,60,10,147,25.2874,16.6667,21.7687,scheduled_duration_3h_or_more
GMFF,2022-12,71,7,71,7,142,9.8592,9.8592,9.8592,scheduled_duration_3h_or_more
GMMN,2022-03,927,284,853,93,1780,30.6365,10.9027,21.1798,scheduled_duration_3h_or_more
GMMN,2022-06,1424,565,990,231,2414,39.677,23.3333,32.9743,scheduled_duration_3h_or_more
GMMN,2022-09,1387,491,1050,196,2437,35.4001,18.6667,28.1904,scheduled_duration_3h_or_more
GMMN,2022-12,1581,672,1232,350,2813,42.5047,28.4091,36.3313,scheduled_duration_3h_or_more
GMMX,2022-03,595,51,552,62,1147,8.5714,11.2319,9.8518,scheduled_duration_3h_or_more
GMMX,2022-06,815,195,601,115,1416,23.9264,19.1348,21.8927,scheduled_duration_3h_or_more
GMMX,2022-09,811,173,712,160,1523,21.3317,22.4719,21.8647,scheduled_duration_3h_or_more
GMMX,2022-12,1156,217,1024,147,2180,18.7716,14.3555,16.6972,scheduled_duration_3h_or_more
GOBD,2022-03,304,82,281,125,585,26.9737,44.484,35.3846,scheduled_duration_3h_or_more
GOBD,2022-06,340,152,320,129,660,44.7059,40.3125,42.5758,scheduled_duration_3h_or_more
GOBD,2022-09,338,115,313,172,651,34.0237,54.9521,44.086,scheduled_duration_3h_or_more
GOBD,2022-12,359,156,353,166,712,43.454,47.0255,45.2247,scheduled_duration_3h_or_more
GVAC,2022-03,110,35,158,20,268,31.8182,12.6582,20.5224,scheduled_duration_3h_or_more
GVAC,2022-06,95,31,139,17,234,32.6316,12.2302,20.5128,scheduled_duration_3h_or_more
GVAC,2022-09,115,41,154,20,269,35.6522,12.987,22.6766,scheduled_duration_3h_or_more
GVAC,2022-12,145,64,220,44,365,44.1379,20.0,29.589,scheduled_duration_3h_or_more
GVBA,2022-03,103,42,40,4,143,40.7767,10.0,32.1678,scheduled_duration_3h_or_more
GVBA,2022-06,75,33,28,4,103,44.0,14.2857,35.9223,scheduled_duration_3h_or_more
GVBA,2022-09,80,30,36,11,116,37.5,30.5556,35.3448,scheduled_duration_3h_or_more
GVBA,2022-12,129,26,59,5,188,20.155,8.4746,16.4894,scheduled_duration_3h_or_more
GVNP,2022-03,73,13,69,9,142,17.8082,13.0435,15.493,scheduled_duration_3h_or_more
GVNP,2022-06,88,59,84,19,172,67.0455,22.619,45.3488,scheduled_duration_3h_or_more
GVNP,2022-09,95,42,90,27,185,44.2105,30.0,37.2973,scheduled_duration_3h_or_more
GVNP,2022-12,89,36,89,15,178,40.4494,16.8539,28.6517,scheduled_duration_3h_or_more
HAAB,2022-03,402,62,456,106,858,15.4229,23.2456,19.5804,scheduled_duration_3h_or_more
HAAB,2022-06,434,162,490,238,924,37.3272,48.5714,43.29,scheduled_duration_3h_or_more
HAAB,2022-09,465,119,505,299,970,25.5914,59.2079,43.0928,scheduled_duration_3h_or_more
HAAB,2022-12,513,166,547,286,1060,32.3587,52.2852,42.6415,scheduled_duration_3h_or_more
HECA,2022-03,799,300,887,259,1686,37.5469,29.1995,33.1554,scheduled_duration_3h_or_more
HECA,2022-06,1033,541,1139,354,2172,52.3717,31.0799,41.2063,scheduled_duration_3h_or_more
HECA,2022-09,1070,479,1211,515,2281,44.7664,42.5268,43.5774,scheduled_duration_3h_or_more
HECA,2022-12,1216,558,1372,508,2588,45.8882,37.0262,41.1901,scheduled_duration_3h_or_more
HEGN,2022-03,623,133,658,88,1281,21.3483,13.3739,17.2521,scheduled_duration_3h_or_more
HEGN,2022-06,690,252,715,117,1405,36.5217,16.3636,26.2633,scheduled_duration_3h_or_more
HEGN,2022-09,773,259,801,121,1574,33.5058,15.1061,24.1423,scheduled_duration_3h_or_more
HEGN,2022-12,976,288,1013,114,1989,29.5082,11.2537,20.2112,scheduled_duration_3h_or_more
HEMA,2022-03,127,26,100,16,227,20.4724,16.0,18.5022,scheduled_duration_3h_or_more
HEMA,2022-06,173,53,134,18,307,30.6358,13.4328,23.127,scheduled_duration_3h_or_more
HEMA,2022-09,193,43,165,14,358,22.2798,8.4848,15.9218,scheduled_duration_3h_or_more
HEMA,2022-12,160,9,124,8,284,5.625,6.4516,5.9859,scheduled_duration_3h_or_more
HESH,2022-03,284,53,296,17,580,18.662,5.7432,12.069,scheduled_duration_3h_or_more
HESH,2022-06,256,98,273,47,529,38.2812,17.2161,27.4102,scheduled_duration_3h_or_more
HESH,2022-09,338,99,355,58,693,29.2899,16.338,22.6551,scheduled_duration_3h_or_more
HESH,2022-12,496,138,556,28,1052,27.8226,5.036,15.7795,scheduled_duration_3h_or_more
HKJK,2022-03,226,62,375,124,601,27.4336,33.0667,30.9484,scheduled_duration_3h_or_more
HKJK,2022-06,236,111,354,165,590,47.0339,46.6102,46.7797,scheduled_duration_3h_or_more
HKJK,2022-09,234,83,352,139,586,35.4701,39.4886,37.884,scheduled_duration_3h_or_more
HKJK,2022-12,252,115,426,205,678,45.6349,48.1221,47.1976,scheduled_duration_3h_or_more
HLLM,2022-03,123,23,44,30,167,18.6992,68.1818,31.7365,scheduled_duration_3h_or_more
HLLM,2022-06,146,25,67,21,213,17.1233,31.3433,21.5962,scheduled_duration_3h_or_more
HLLM,2022-09,151,39,57,23,208,25.8278,40.3509,29.8077,scheduled_duration_3h_or_more
HLLM,2022-12,122,45,111,71,233,36.8852,63.964,49.7854,scheduled_duration_3h_or_more
KATL,2022-03,629,145,626,303,1255,23.0525,48.4026,35.6972,scheduled_duration_3h_or_more
KATL,2022-06,866,289,851,543,1717,33.3718,63.8073,48.4566,scheduled_duration_3h_or_more
KATL,2022-09,858,258,864,409,1722,30.0699,47.338,38.734,scheduled_duration_3h_or_more
KATL,2022-12,658,218,669,398,1327,33.1307,59.4918,46.4205,scheduled_duration_3h_or_more
KBOS,2022-03,550,144,552,100,1102,26.1818,18.1159,22.1416,scheduled_duration_3h_or_more
KBOS,2022-06,980,313,977,457,1957,31.9388,46.7758,39.3459,scheduled_duration_3h_or_more
KBOS,2022-09,1023,303,1019,267,2042,29.6188,26.2022,27.9138,scheduled_duration_3h_or_more
KBOS,2022-12,794,204,795,244,1589,25.6927,30.6918,28.1938,scheduled_duration_3h_or_more
KCLT,2022-03,125,12,127,26,252,9.6,20.4724,15.0794,scheduled_duration_3h_or_more
KCLT,2022-06,213,53,211,87,424,24.8826,41.2322,33.0189,scheduled_duration_3h_or_more
KCLT,2022-09,232,47,231,77,463,20.2586,33.3333,26.7819,scheduled_duration_3h_or_more
KCLT,2022-12,139,21,139,46,278,15.1079,33.0935,24.1007,scheduled_duration_3h_or_more
KCVG,2022-03,207,21,254,93,461,10.1449,36.6142,24.7289,scheduled_duration_3h_or_more
KCVG,2022-06,184,40,233,75,417,21.7391,32.1888,27.5779,scheduled_duration_3h_or_more
KCVG,2022-09,192,39,244,93,436,20.3125,38.1148,30.2752,scheduled_duration_3h_or_more
KCVG,2022-12,182,20,236,107,418,10.989,45.339,30.3828,scheduled_duration_3h_or_more
KDEN,2022-03,112,13,113,51,225,11.6071,45.1327,28.4444,scheduled_duration_3h_or_more
KDEN,2022-06,225,79,224,173,449,35.1111,77.2321,56.1247,scheduled_duration_3h_or_more
KDEN,2022-09,223,68,223,137,446,30.4933,61.435,45.9641,scheduled_duration_3h_or_more
KDEN,2022-12,171,77,173,114,344,45.0292,65.896,55.5233,scheduled_duration_3h_or_more
KDFW,2022-03,338,115,396,173,734,34.0237,43.6869,39.2371,scheduled_duration_3h_or_more
KDFW,2022-06,523,202,561,305,1084,38.6233,54.3672,46.7712,scheduled_duration_3h_or_more
KDFW,2022-09,511,175,552,213,1063,34.2466,38.587,36.5005,scheduled_duration_3h_or_more
KDFW,2022-12,382,157,442,227,824,41.0995,51.3575,46.6019,scheduled_duration_3h_or_more
KDTW,2022-03,143,30,144,20,287,20.979,13.8889,17.4216,scheduled_duration_3h_or_more
KDTW,2022-06,297,112,301,86,598,37.7104,28.5714,33.1104,scheduled_duration_3h_or_more
KDTW,2022-09,266,117,274,38,540,43.985,13.8686,28.7037,scheduled_duration_3h_or_more
KDTW,2022-12,238,83,236,63,474,34.8739,26.6949,30.8017,scheduled_duration_3h_or_more
KEWR,2022-03,1104,177,1122,444,2226,16.0326,39.5722,27.8976,scheduled_duration_3h_or_more
KEWR,2022-06,1753,467,1748,1022,3501,26.64,58.4668,42.5307,scheduled_duration_3h_or_more
KEWR,2022-09,1703,405,1705,640,3408,23.7816,37.5367,30.6631,scheduled_duration_3h_or_more
KEWR,2022-12,1412,356,1437,610,2849,25.2125,42.4495,33.9066,scheduled_duration_3h_or_more
KIAD,2022-03,812,223,831,217,1643,27.4631,26.1131,26.7803,scheduled_duration_3h_or_more
KIAD,2022-06,1217,425,1227,637,2444,34.9219,51.9152,43.4534,scheduled_duration_3h_or_more
KIAD,2022-09,1155,372,1159,362,2314,32.2078,31.2338,31.72,scheduled_duration_3h_or_more
KIAD,2022-12,924,331,929,342,1853,35.8225,36.8138,36.3195,scheduled_duration_3h_or_more
KIAH,2022-03,278,79,333,174,611,28.4173,52.2523,41.4075,scheduled_duration_3h_or_more
KIAH,2022-06,381,155,438,265,819,40.6824,60.5023,51.2821,scheduled_duration_3h_or_more
KIAH,2022-09,376,140,432,218,808,37.234,50.463,44.3069,scheduled_duration_3h_or_more
KIAH,2022-12,378,156,439,302,817,41.2698,68.7927,56.0588,scheduled_duration_3h_or_more
KIND,2022-03,97,14,109,68,206,14.433,62.3853,39.8058,scheduled_duration_3h_or_more
KIND,2022-06,83,13,94,54,177,15.6627,57.4468,37.8531,scheduled_duration_3h_or_more
KIND,2022-09,71,11,76,36,147,15.493,47.3684,31.9728,scheduled_duration_3h_or_more
KIND,2022-12,80,9,103,67,183,11.25,65.0485,41.5301,scheduled_duration_3h_or_more
KJFK,2022-03,2383,613,2441,488,4824,25.7239,19.9918,22.8234,scheduled_duration_3h_or_more
KJFK,2022-06,3424,1038,3443,1385,6867,30.3154,40.2265,35.2847,scheduled_duration_3h_or_more
KJFK,2022-09,3415,1020,3421,944,6836,29.8682,27.5943,28.7303,scheduled_duration_3h_or_more
KJFK,2022-12,3065,896,3113,1025,6178,29.2333,32.9264,31.0942,scheduled_duration_3h_or_more
KLAS,2022-03,87,13,87,59,174,14.9425,67.8161,41.3793,scheduled_duration_3h_or_more
KLAS,2022-06,134,41,135,108,269,30.597,80.0,55.3903,scheduled_duration_3h_or_more
KLAS,2022-09,139,44,137,91,276,31.6547,66.4234,48.913,scheduled_duration_3h_or_more
KLAS,2022-12,76,15,76,44,152,19.7368,57.8947,38.8158,scheduled_duration_3h_or_more
KLAX,2022-03,592,124,703,278,1295,20.9459,39.5448,31.0425,scheduled_duration_3h_or_more
KLAX,2022-06,1008,340,1084,700,2092,33.7302,64.5756,49.7132,scheduled_duration_3h_or_more
KLAX,2022-09,999,285,1070,468,2069,28.5285,43.7383,36.3944,scheduled_duration_3h_or_more
KLAX,2022-12,730,237,809,392,1539,32.4658,48.4549,40.8707,scheduled_duration_3h_or_more
KMCO,2022-03,189,39,188,129,377,20.6349,68.617,44.5623,scheduled_duration_3h_or_more
KMCO,2022-06,296,62,295,176,591,20.9459,59.661,40.2707,scheduled_duration_3h_or_more
KMCO,2022-09,282,47,284,188,566,16.6667,66.1972,41.5194,scheduled_duration_3h_or_more
KMCO,2022-12,232,66,232,144,464,28.4483,62.069,45.2586,scheduled_duration_3h_or_more
KMEM,2022-03,158,21,126,101,284,13.2911,80.1587,42.9577,scheduled_duration_3h_or_more
KMEM,2022-06,149,31,118,87,267,20.8054,73.7288,44.1948,scheduled_duration_3h_or_more
KMEM,2022-09,150,26,124,72,274,17.3333,58.0645,35.7664,scheduled_duration_3h_or_more
KMEM,2022-12,155,29,123,105,278,18.7097,85.3659,48.2014,scheduled_duration_3h_or_more
KMIA,2022-03,714,174,789,448,1503,24.3697,56.7807,41.3839,scheduled_duration_3h_or_more
KMIA,2022-06,643,240,729,390,1372,37.325,53.4979,45.9184,scheduled_duration_3h_or_more
KMIA,2022-09,638,197,727,371,1365,30.8777,51.0316,41.6117,scheduled_duration_3h_or_more
KMIA,2022-12,911,278,1013,555,1924,30.5159,54.7878,43.2952,scheduled_duration_3h_or_more
KMSP,2022-03,72,19,73,19,145,26.3889,26.0274,26.2069,scheduled_duration_3h_or_more
KMSP,2022-06,184,86,188,78,372,46.7391,41.4894,44.086,scheduled_duration_3h_or_more
KMSP,2022-09,175,63,183,44,358,36.0,24.0437,29.8883,scheduled_duration_3h_or_more
KMSP,2022-12,137,44,137,88,274,32.1168,64.2336,48.1752,scheduled_duration_3h_or_more
KORD,2022-03,1167,287,1233,267,2400,24.593,21.6545,23.0833,scheduled_duration_3h_or_more
KORD,2022-06,1669,558,1713,543,3382,33.4332,31.6988,32.5547,scheduled_duration_3h_or_more
KORD,2022-09,1629,450,1655,308,3284,27.6243,18.6103,23.0816,scheduled_duration_3h_or_more
KORD,2022-12,1200,408,1218,475,2418,34.0,38.9984,36.5178,scheduled_duration_3h_or_more
KPHL,2022-03,265,50,318,29,583,18.8679,9.1195,13.5506,scheduled_duration_3h_or_more
KPHL,2022-06,508,116,553,90,1061,22.8346,16.2749,19.4156,scheduled_duration_3h_or_more
KPHL,2022-09,481,95,517,37,998,19.7505,7.1567,13.2265,scheduled_duration_3h_or_more
KPHL,2022-12,363,80,401,45,764,22.0386,11.2219,16.3613,scheduled_duration_3h_or_more
KSDF,2022-03,91,2,90,43,181,2.1978,47.7778,24.8619,scheduled_duration_3h_or_more
KSDF,2022-06,106,7,107,56,213,6.6038,52.3364,29.5775,scheduled_duration_3h_or_more
KSDF,2022-09,108,10,108,43,216,9.2593,39.8148,24.537,scheduled_duration_3h_or_more
KSDF,2022-12,121,5,120,57,241,4.1322,47.5,25.7261,scheduled_duration_3h_or_more
KSEA,2022-03,206,46,249,71,455,22.3301,28.5141,25.7143,scheduled_duration_3h_or_more
KSEA,2022-06,352,154,362,163,714,43.75,45.0276,44.3978,scheduled_duration_3h_or_more
KSEA,2022-09,369,124,390,149,759,33.6043,38.2051,35.9684,scheduled_duration_3h_or_more
KSEA,2022-12,265,78,292,174,557,29.434,59.589,45.2424,scheduled_duration_3h_or_more
KSFO,2022-03,465,81,540,247,1005,17.4194,45.7407,32.6368,scheduled_duration_3h_or_more
KSFO,2022-06,811,299,854,659,1665,36.8681,77.1663,57.5375,scheduled_duration_3h_or_more
KSFO,2022-09,820,250,872,504,1692,30.4878,57.7982,44.5626,scheduled_duration_3h_or_more
KSFO,2022-12,593,173,661,432,1254,29.1737,65.3555,48.2456,scheduled_duration_3h_or_more
KSLC,2022-03,47,12,47,29,94,25.5319,61.7021,43.617,scheduled_duration_3h_or_more
KSLC,2022-06,116,51,110,62,226,43.9655,56.3636,50.0,scheduled_duration_3h_or_more
KSLC,2022-09,115,35,100,49,215,30.4348,49.0,39.0698,scheduled_duration_3h_or_more
KSLC,2022-12,82,26,81,48,163,31.7073,59.2593,45.3988,scheduled_duration_3h_or_more
LATI,2022-03,52,23,76,3,128,44.2308,3.9474,20.3125,scheduled_duration_3h_or_more
LATI,2022-06,86,38,118,27,204,44.186,22.8814,31.8627,scheduled_duration_3h_or_more
LATI,2022-09,76,36,128,23,204,47.3684,17.9688,28.9216,scheduled_duration_3h_or_more
LATI,2022-12,39,20,108,6,147,51.2821,5.5556,17.6871,scheduled_duration_3h_or_more
LBBG,2022-03,11,3,6,0,17,27.2727,0.0,17.6471,scheduled_duration_3h_or_more
LBBG,2022-06,193,60,181,62,374,31.0881,34.2541,32.6203,scheduled_duration_3h_or_more
LBBG,2022-09,206,33,206,40,412,16.0194,19.4175,17.7184,scheduled_duration_3h_or_more
LBBG,2022-12,15,2,13,1,28,13.3333,7.6923,10.7143,scheduled_duration_3h_or_more
LBSF,2022-03,281,38,292,28,573,13.5231,9.589,11.5183,scheduled_duration_3h_or_more
LBSF,2022-06,217,67,337,133,554,30.8756,39.4659,36.1011,scheduled_duration_3h_or_more
LBSF,2022-09,201,59,387,126,588,29.3532,32.5581,31.4626,scheduled_duration_3h_or_more
LBSF,2022-12,234,52,436,50,670,22.2222,11.4679,15.2239,scheduled_duration_3h_or_more
LCLK,2022-03,386,85,401,8,787,22.0207,1.995,11.817,scheduled_duration_3h_or_more
LCLK,2022-06,966,473,1066,399,2032,48.9648,37.4296,42.9134,scheduled_duration_3h_or_more
LCLK,2022-09,1024,335,1132,313,2156,32.7148,27.6502,30.0557,scheduled_duration_3h_or_more
LCLK,2022-12,474,110,507,29,981,23.2068,5.7199,14.1692,scheduled_duration_3h_or_more
LCPH,2022-03,382,25,438,16,820,6.5445,3.653,5.0,scheduled_duration_3h_or_more
LCPH,2022-06,644,365,681,332,1325,56.677,48.7518,52.6038,scheduled_duration_3h_or_more
LCPH,2022-09,662,255,723,266,1385,38.5196,36.7911,37.6173,scheduled_duration_3h_or_more
LCPH,2022-12,276,23,303,25,579,8.3333,8.2508,8.2902,scheduled_duration_3h_or_more
LDDU,2022-03,8,1,10,0,18,12.5,0.0,5.5556,scheduled_duration_3h_or_more
LDDU,2022-06,108,39,175,61,283,36.1111,34.8571,35.3357,scheduled_duration_3h_or_more
LDDU,2022-09,89,41,182,66,271,46.0674,36.2637,39.4834,scheduled_duration_3h_or_more
LEAL,2022-03,457,52,454,8,911,11.3786,1.7621,6.5862,scheduled_duration_3h_or_more
LEAL,2022-06,863,242,753,116,1616,28.0417,15.405,22.1535,scheduled_duration_3h_or_more
LEAL,2022-09,761,152,791,136,1552,19.9737,17.1934,18.5567,scheduled_duration_3h_or_more
LEAL,2022-12,575,76,554,21,1129,13.2174,3.7906,8.5917,scheduled_duration_3h_or_more
LEBL,2022-03,1014,232,1172,183,2186,22.8797,15.6143,18.9844,scheduled_duration_3h_or_more
LEBL,2022-06,1576,495,1760,521,3336,31.4086,29.6023,30.4556,scheduled_duration_3h_or_more
LEBL,2022-09,1647,533,1932,405,3579,32.3619,20.9627,26.2084,scheduled_duration_3h_or_more
LEBL,2022-12,1404,382,1479,344,2883,27.208,23.259,25.1821,scheduled_duration_3h_or_more
LEMD,2022-03,2432,704,2390,191,4822,28.9474,7.9916,18.5608,scheduled_duration_3h_or_more
LEMD,2022-06,3134,1086,2972,609,6106,34.6522,20.4913,27.7596,scheduled_duration_3h_or_more
LEMD,2022-09,3224,1039,3114,439,6338,32.227,14.0976,23.3197,scheduled_duration_3h_or_more
LEMD,2022-12,3245,967,3109,525,6354,29.7997,16.8865,23.4813,scheduled_duration_3h_or_more
LEMG,2022-03,915,95,893,85,1808,10.3825,9.5185,9.9558,scheduled_duration_3h_or_more
LEMG,2022-06,1636,467,1203,236,2839,28.5452,19.6176,24.7622,scheduled_duration_3h_or_more
LEMG,2022-09,1382,303,1374,235,2756,21.9247,17.1033,19.521,scheduled_duration_3h_or_more
LEMG,2022-12,1088,169,965,114,2053,15.5331,11.8135,13.7847,scheduled_duration_3h_or_more
LEPA,2022-03,74,6,103,22,177,8.1081,21.3592,15.8192,scheduled_duration_3h_or_more
LEPA,2022-06,603,173,788,543,1391,28.6899,68.9086,51.4738,scheduled_duration_3h_or_more
LEPA,2022-09,426,113,766,458,1192,26.5258,59.7911,47.9027,scheduled_duration_3h_or_more
LEPA,2022-12,47,6,76,30,123,12.766,39.4737,29.2683,scheduled_duration_3h_or_more
LEVC,2022-03,79,4,77,6,156,5.0633,7.7922,6.4103,scheduled_duration_3h_or_more
LEVC,2022-06,163,43,108,17,271,26.3804,15.7407,22.1402,scheduled_duration_3h_or_more
LEVC,2022-09,139,38,92,19,231,27.3381,20.6522,24.6753,scheduled_duration_3h_or_more
LEVC,2022-12,126,25,105,9,231,19.8413,8.5714,14.7186,scheduled_duration_3h_or_more
LEZG,2022-03,97,38,139,3,236,39.1753,2.1583,17.3729,scheduled_duration_3h_or_more
LEZG,2022-06,57,17,96,1,153,29.8246,1.0417,11.7647,scheduled_duration_3h_or_more
LEZG,2022-09,69,28,116,10,185,40.5797,8.6207,20.5405,scheduled_duration_3h_or_more
LEZG,2022-12,71,23,116,6,187,32.3944,5.1724,15.508,scheduled_duration_3h_or_more
LFBD,2022-03,36,5,38,1,74,13.8889,2.6316,8.1081,scheduled_duration_3h_or_more
LFBD,2022-06,97,27,81,9,178,27.8351,11.1111,20.2247,scheduled_duration_3h_or_more
LFBD,2022-09,103,33,77,9,180,32.0388,11.6883,23.3333,scheduled_duration_3h_or_more
LFBD,2022-12,67,8,69,18,136,11.9403,26.087,19.1176,scheduled_duration_3h_or_more
LFBO,2022-03,34,2,37,8,71,5.8824,21.6216,14.0845,scheduled_duration_3h_or_more
LFBO,2022-06,103,18,82,28,185,17.4757,34.1463,24.8649,scheduled_duration_3h_or_more
LFBO,2022-09,98,22,73,35,171,22.449,47.9452,33.3333,scheduled_duration_3h_or_more
LFBO,2022-12,68,9,62,20,130,13.2353,32.2581,22.3077,scheduled_duration_3h_or_more
LFLL,2022-03,201,51,168,34,369,25.3731,20.2381,23.0352,scheduled_duration_3h_or_more
LFLL,2022-06,286,85,176,70,462,29.7203,39.7727,33.5498,scheduled_duration_3h_or_more
LFLL,2022-09,302,111,201,86,503,36.755,42.7861,39.165,scheduled_duration_3h_or_more
LFLL,2022-12,286,109,216,68,502,38.1119,31.4815,35.259,scheduled_duration_3h_or_more
LFML,2022-03,130,39,73,27,203,30.0,36.9863,32.5123,scheduled_duration_3h_or_more
LFML,2022-06,187,80,107,32,294,42.7807,29.9065,38.0952,scheduled_duration_3h_or_more
LFML,2022-09,228,90,92,27,320,39.4737,29.3478,36.5625,scheduled_duration_3h_or_more
LFML,2022-12,196,75,110,39,306,38.2653,35.4545,37.2549,scheduled_duration_3h_or_more
LFMN,2022-03,98,22,61,9,159,22.449,14.7541,19.4969,scheduled_duration_3h_or_more
LFMN,2022-06,352,112,263,153,615,31.8182,58.1749,43.0894,scheduled_duration_3h_or_more
LFMN,2022-09,273,83,209,112,482,30.4029,53.5885,40.4564,scheduled_duration_3h_or_more
LFMN,2022-12,114,36,66,30,180,31.5789,45.4545,36.6667,scheduled_duration_3h_or_more
LFOB,2022-03,81,7,64,1,145,8.642,1.5625,5.5172,scheduled_duration_3h_or_more
LFOB,2022-06,104,29,85,14,189,27.8846,16.4706,22.7513,scheduled_duration_3h_or_more
LFOB,2022-09,132,30,77,13,209,22.7273,16.8831,20.5742,scheduled_duration_3h_or_more
LFOB,2022-12,182,19,96,8,278,10.4396,8.3333,9.7122,scheduled_duration_3h_or_more
LFPG,2022-03,4260,1821,4209,1226,8469,42.7465,29.1281,35.9783,scheduled_duration_3h_or_more
LFPG,2022-06,5346,2780,5368,2748,10714,52.0015,51.1923,51.596,scheduled_duration_3h_or_more
LFPG,2022-09,5335,2626,5257,2557,10592,49.2221,48.6399,48.9332,scheduled_duration_3h_or_more
LFPG,2022-12,5636,2952,5456,2271,11092,52.3776,41.6239,47.088,scheduled_duration_3h_or_more
LFPO,2022-03,981,255,1001,213,1982,25.9939,21.2787,23.6125,scheduled_duration_3h_or_more
LFPO,2022-06,1235,369,1303,416,2538,29.8785,31.9263,30.9299,scheduled_duration_3h_or_more
LFPO,2022-09,1336,416,1279,357,2615,31.1377,27.9124,29.5602,scheduled_duration_3h_or_more
LFPO,2022-12,1235,464,1389,468,2624,37.5709,33.6933,35.5183,scheduled_duration_3h_or_more
LFRS,2022-03,68,13,67,9,135,19.1176,13.4328,16.2963,scheduled_duration_3h_or_more
LFRS,2022-06,177,32,179,27,356,18.0791,15.0838,16.573,scheduled_duration_3h_or_more
LFRS,2022-09,178,31,167,20,345,17.4157,11.976,14.7826,scheduled_duration_3h_or_more
LFRS,2022-12,79,13,93,12,172,16.4557,12.9032,14.5349,scheduled_duration_3h_or_more
LFSB,2022-03,189,12,140,7,329,6.3492,5.0,5.7751,scheduled_duration_3h_or_more
LFSB,2022-06,305,80,179,51,484,26.2295,28.4916,27.0661,scheduled_duration_3h_or_more
LFSB,2022-09,361,90,159,37,520,24.9307,23.2704,24.4231,scheduled_duration_3h_or_more
LFSB,2022-12,249,44,150,34,399,17.6707,22.6667,19.5489,scheduled_duration_3h_or_more
LGAV,2022-03,851,108,1186,18,2037,12.691,1.5177,6.1856,scheduled_duration_3h_or_more
LGAV,2022-06,1690,687,2431,596,4121,40.6509,24.5167,31.1332,scheduled_duration_3h_or_more
LGAV,2022-09,1676,532,2578,509,4254,31.7422,19.744,24.4711,scheduled_duration_3h_or_more
LGAV,2022-12,885,145,1390,71,2275,16.3842,5.1079,9.4945,scheduled_duration_3h_or_more
LGIR,2022-03,35,5,44,1,79,14.2857,2.2727,7.5949,scheduled_duration_3h_or_more
LGIR,2022-06,1321,445,1626,572,2947,33.6866,35.1784,34.5097,scheduled_duration_3h_or_more
LGIR,2022-09,1316,343,1745,453,3061,26.0638,25.9599,26.0046,scheduled_duration_3h_or_more
LGIR,2022-12,8,2,7,0,15,25.0,0.0,13.3333,scheduled_duration_3h_or_more
LGKF,2022-03,6,1,6,1,12,16.6667,16.6667,16.6667,scheduled_duration_3h_or_more
LGKF,2022-06,244,144,270,124,514,59.0164,45.9259,52.1401,scheduled_duration_3h_or_more
LGKF,2022-09,248,89,281,113,529,35.8871,40.2135,38.1853,scheduled_duration_3h_or_more
LGKO,2022-03,7,0,10,0,17,0.0,0.0,0.0,scheduled_duration_3h_or_more
LGKO,2022-06,586,259,758,417,1344,44.198,55.0132,50.2976,scheduled_duration_3h_or_more
LGKO,2022-09,544,195,775,350,1319,35.8456,45.1613,41.3192,scheduled_duration_3h_or_more
LGKR,2022-03,21,2,21,0,42,9.5238,0.0,4.7619,scheduled_duration_3h_or_more
LGKR,2022-06,496,244,585,292,1081,49.1935,49.9145,49.5837,scheduled_duration_3h_or_more
LGKR,2022-09,481,159,656,255,1137,33.0561,38.872,36.4116,scheduled_duration_3h_or_more
LGMK,2022-03,5,0,11,0,16,0.0,0.0,0.0,scheduled_duration_3h_or_more
LGMK,2022-06,285,136,338,120,623,47.7193,35.503,41.0915,scheduled_duration_3h_or_more
LGMK,2022-09,241,105,313,80,554,43.5685,25.5591,33.3935,scheduled_duration_3h_or_more
LGPZ,2022-03,6,0,6,0,12,0.0,0.0,0.0,scheduled_duration_3h_or_more
LGPZ,2022-06,132,64,146,66,278,48.4848,45.2055,46.7626,scheduled_duration_3h_or_more
LGPZ,2022-09,114,36,138,52,252,31.5789,37.6812,34.9206,scheduled_duration_3h_or_more
LGRP,2022-03,27,2,33,0,60,7.4074,0.0,3.3333,scheduled_duration_3h_or_more
LGRP,2022-06,1148,448,1368,504,2516,39.0244,36.8421,37.8378,scheduled_duration_3h_or_more
LGRP,2022-09,1065,323,1350,398,2415,30.3286,29.4815,29.8551,scheduled_duration_3h_or_more
LGSA,2022-03,23,1,32,1,55,4.3478,3.125,3.6364,scheduled_duration_3h_or_more
LGSA,2022-06,589,287,697,245,1286,48.7267,35.1506,41.3686,scheduled_duration_3h_or_more
LGSA,2022-09,575,259,708,176,1283,45.0435,24.8588,33.9049,scheduled_duration_3h_or_more
LGSA,2022-12,0,0,1,0,1,,0.0,0.0,scheduled_duration_3h_or_more
LGSR,2022-03,10,4,15,1,25,40.0,6.6667,20.0,scheduled_duration_3h_or_more
LGSR,2022-06,430,174,535,193,965,40.4651,36.0748,38.0311,scheduled_duration_3h_or_more
LGSR,2022-09,404,121,555,133,959,29.9505,23.964,26.4859,scheduled_duration_3h_or_more
LGTS,2022-03,74,5,98,3,172,6.7568,3.0612,4.6512,scheduled_duration_3h_or_more
LGTS,2022-06,229,120,310,162,539,52.4017,52.2581,52.3191,scheduled_duration_3h_or_more
LGTS,2022-09,188,79,302,119,490,42.0213,39.404,40.4082,scheduled_duration_3h_or_more
LGTS,2022-12,62,2,125,19,187,3.2258,15.2,11.2299,scheduled_duration_3h_or_more
LGZA,2022-03,4,1,4,0,8,25.0,0.0,12.5,scheduled_duration_3h_or_more
LGZA,2022-06,329,157,411,182,740,47.7204,44.2822,45.8108,scheduled_duration_3h_or_more
LGZA,2022-09,347,141,432,154,779,40.634,35.6481,37.8691,scheduled_duration_3h_or_more
LHBP,2022-03,444,94,316,14,760,21.1712,4.4304,14.2105,scheduled_duration_3h_or_more
LHBP,2022-06,461,138,379,74,840,29.9349,19.5251,25.2381,scheduled_duration_3h_or_more
LHBP,2022-09,463,110,360,74,823,23.7581,20.5556,22.3572,scheduled_duration_3h_or_more
LHBP,2022-12,616,148,532,48,1148,24.026,9.0226,17.0732,scheduled_duration_3h_or_more
LICC,2022-03,44,9,64,0,108,20.4545,0.0,8.3333,scheduled_duration_3h_or_more
LICC,2022-06,198,42,190,61,388,21.2121,32.1053,26.5464,scheduled_duration_3h_or_more
LICC,2022-09,186,38,205,55,391,20.4301,26.8293,23.7852,scheduled_duration_3h_or_more
LICC,2022-12,113,20,103,4,216,17.6991,3.8835,11.1111,scheduled_duration_3h_or_more
LIMC,2022-03,1074,153,1064,87,2138,14.2458,8.1767,11.2254,scheduled_duration_3h_or_more
LIMC,2022-06,1347,275,1429,493,2776,20.4157,34.4997,27.6657,scheduled_duration_3h_or_more
LIMC,2022-09,1546,281,1494,429,3040,18.1759,28.7149,23.3553,scheduled_duration_3h_or_more
LIMC,2022-12,1551,247,1511,284,3062,15.9252,18.7955,17.3416,scheduled_duration_3h_or_more
LIME,2022-03,204,16,189,12,393,7.8431,6.3492,7.1247,scheduled_duration_3h_or_more
LIME,2022-06,250,47,333,178,583,18.8,53.4535,38.5935,scheduled_duration_3h_or_more
LIME,2022-09,266,31,296,134,562,11.6541,45.2703,29.3594,scheduled_duration_3h_or_more
LIME,2022-12,314,42,301,72,615,13.3758,23.9203,18.5366,scheduled_duration_3h_or_more
LIPE,2022-03,116,26,143,3,259,22.4138,2.0979,11.1969,scheduled_duration_3h_or_more
LIPE,2022-06,134,26,209,32,343,19.403,15.311,16.9096,scheduled_duration_3h_or_more
LIPE,2022-09,143,34,206,37,349,23.7762,17.9612,20.3438,scheduled_duration_3h_or_more
LIPE,2022-12,116,24,181,19,297,20.6897,10.4972,14.4781,scheduled_duration_3h_or_more
LIPZ,2022-03,67,6,56,3,123,8.9552,5.3571,7.3171,scheduled_duration_3h_or_more
LIPZ,2022-06,252,79,318,159,570,31.3492,50.0,41.7544,scheduled_duration_3h_or_more
LIPZ,2022-09,270,70,311,141,581,25.9259,45.3376,36.3167,scheduled_duration_3h_or_more
LIPZ,2022-12,123,20,131,34,254,16.2602,25.9542,21.2598,scheduled_duration_3h_or_more
LIRF,2022-03,719,155,665,43,1384,21.5577,6.4662,14.3064,scheduled_duration_3h_or_more
LIRF,2022-06,1567,517,1689,488,3256,32.993,28.8928,30.8661,scheduled_duration_3h_or_more
LIRF,2022-09,1763,421,1831,486,3594,23.8798,26.5429,25.2365,scheduled_duration_3h_or_more
LIRF,2022-12,1446,243,1436,243,2882,16.805,16.922,16.8633,scheduled_duration_3h_or_more
LIRN,2022-03,156,23,119,12,275,14.7436,10.084,12.7273,scheduled_duration_3h_or_more
LIRN,2022-06,344,79,383,209,727,22.9651,54.5692,39.6149,scheduled_duration_3h_or_more
LIRN,2022-09,310,61,404,220,714,19.6774,54.4554,39.3557,scheduled_duration_3h_or_more
LIRN,2022-12,165,23,130,31,295,13.9394,23.8462,18.3051,scheduled_duration_3h_or_more
LKPR,2022-03,364,82,386,59,750,22.5275,15.285,18.8,scheduled_duration_3h_or_more
LKPR,2022-06,524,173,549,298,1073,33.0153,54.2805,43.8956,scheduled_duration_3h_or_more
LKPR,2022-09,510,115,464,168,974,22.549,36.2069,29.0554,scheduled_duration_3h_or_more
LKPR,2022-12,379,90,425,111,804,23.7467,26.1176,25.0,scheduled_duration_3h_or_more
LLBG,2022-03,2532,790,2540,212,5072,31.2006,8.3465,19.7555,scheduled_duration_3h_or_more
LLBG,2022-06,2942,1092,3022,666,5964,37.1176,22.0384,29.4769,scheduled_duration_3h_or_more
LLBG,2022-09,3063,1009,3157,680,6220,32.9416,21.5394,27.1543,scheduled_duration_3h_or_more
LLBG,2022-12,3500,993,3426,322,6926,28.3714,9.3987,18.9864,scheduled_duration_3h_or_more
LMML,2022-03,283,18,270,11,553,6.3604,4.0741,5.2441,scheduled_duration_3h_or_more
LMML,2022-06,400,81,349,114,749,20.25,32.6648,26.0347,scheduled_duration_3h_or_more
LMML,2022-09,387,66,392,98,779,17.0543,25.0,21.0526,scheduled_duration_3h_or_more
LMML,2022-12,336,38,383,36,719,11.3095,9.3995,10.2921,scheduled_duration_3h_or_more
LOWW,2022-03,863,289,779,50,1642,33.4878,6.4185,20.6456,scheduled_duration_3h_or_more
LOWW,2022-06,1088,484,1054,423,2142,44.4853,40.1328,42.3436,scheduled_duration_3h_or_more
LOWW,2022-09,1234,499,1155,439,2389,40.4376,38.0087,39.2633,scheduled_duration_3h_or_more
LOWW,2022-12,1168,483,1112,355,2280,41.3527,31.9245,36.7544,scheduled_duration_3h_or_more
LPFR,2022-03,238,31,213,3,451,13.0252,1.4085,7.5388,scheduled_duration_3h_or_more
LPFR,2022-06,713,145,252,46,965,20.3366,18.254,19.7927,scheduled_duration_3h_or_more
LPFR,2022-09,509,89,426,40,935,17.4853,9.3897,13.7968,scheduled_duration_3h_or_more
LPFR,2022-12,314,43,180,9,494,13.6943,5.0,10.5263,scheduled_duration_3h_or_more
LPMA,2022-03,378,64,381,7,759,16.9312,1.8373,9.3544,scheduled_duration_3h_or_more
LPMA,2022-06,502,164,498,95,1000,32.6693,19.0763,25.9,scheduled_duration_3h_or_more
LPMA,2022-09,507,114,515,75,1022,22.4852,14.5631,18.4932,scheduled_duration_3h_or_more
LPMA,2022-12,521,114,533,53,1054,21.881,9.9437,15.8444,scheduled_duration_3h_or_more
LPPD,2022-03,42,20,48,8,90,47.619,16.6667,31.1111,scheduled_duration_3h_or_more
LPPD,2022-06,159,85,156,35,315,53.4591,22.4359,38.0952,scheduled_duration_3h_or_more
LPPD,2022-09,162,60,162,39,324,37.037,24.0741,30.5556,scheduled_duration_3h_or_more
LPPD,2022-12,80,46,74,32,154,57.5,43.2432,50.6494,scheduled_duration_3h_or_more
LPPR,2022-03,140,24,139,7,279,17.1429,5.036,11.1111,scheduled_duration_3h_or_more
LPPR,2022-06,322,126,208,27,530,39.1304,12.9808,28.8679,scheduled_duration_3h_or_more
LPPR,2022-09,291,117,250,40,541,40.2062,16.0,29.0203,scheduled_duration_3h_or_more
LPPR,2022-12,263,70,177,16,440,26.616,9.0395,19.5455,scheduled_duration_3h_or_more
LPPT,2022-03,1631,398,1593,150,3224,24.4022,9.4162,16.9975,scheduled_duration_3h_or_more
LPPT,2022-06,2692,1236,2112,835,4804,45.9138,39.536,43.1099,scheduled_duration_3h_or_more
LPPT,2022-09,2626,1173,2351,878,4977,44.6687,37.3458,41.2096,scheduled_duration_3h_or_more
LPPT,2022-12,2272,969,1920,700,4192,42.6496,36.4583,39.8139,scheduled_duration_3h_or_more
LQSA,2022-03,33,23,37,1,70,69.697,2.7027,34.2857,scheduled_duration_3h_or_more
LQSA,2022-06,129,83,127,17,256,64.3411,13.3858,39.0625,scheduled_duration_3h_or_more
LQSA,2022-09,101,55,97,20,198,54.4554,20.6186,37.8788,scheduled_duration_3h_or_more
LQSA,2022-12,39,33,42,2,81,84.6154,4.7619,43.2099,scheduled_duration_3h_or_more
LRCL,2022-03,60,6,57,0,117,10.0,0.0,5.1282,scheduled_duration_3h_or_more
LRCL,2022-06,78,31,97,23,175,39.7436,23.7113,30.8571,scheduled_duration_3h_or_more
LRCL,2022-09,68,9,96,26,164,13.2353,27.0833,21.3415,scheduled_duration_3h_or_more
LRCL,2022-12,63,8,110,6,173,12.6984,5.4545,8.0925,scheduled_duration_3h_or_more
LRIA,2022-03,61,16,67,5,128,26.2295,7.4627,16.4062,scheduled_duration_3h_or_more
LRIA,2022-06,41,17,110,37,151,41.4634,33.6364,35.7616,scheduled_duration_3h_or_more
LRIA,2022-09,33,11,107,25,140,33.3333,23.3645,25.7143,scheduled_duration_3h_or_more
LRIA,2022-12,41,10,95,6,136,24.3902,6.3158,11.7647,scheduled_duration_3h_or_more
LROP,2022-03,678,103,645,10,1323,15.1917,1.5504,8.5412,scheduled_duration_3h_or_more
LROP,2022-06,749,252,858,242,1607,33.6449,28.2051,30.7405,scheduled_duration_3h_or_more
LROP,2022-09,579,143,828,210,1407,24.6978,25.3623,25.0888,scheduled_duration_3h_or_more
LROP,2022-12,610,116,918,52,1528,19.0164,5.6645,10.9948,scheduled_duration_3h_or_more
LSGG,2022-03,429,117,372,90,801,27.2727,24.1935,25.8427,scheduled_duration_3h_or_more
LSGG,2022-06,569,183,501,168,1070,32.1617,33.5329,32.8037,scheduled_duration_3h_or_more
LSGG,2022-09,681,223,518,160,1199,32.746,30.888,31.9433,scheduled_duration_3h_or_more
LSGG,2022-12,600,199,515,176,1115,33.1667,34.1748,33.6323,scheduled_duration_3h_or_more
LSZH,2022-03,1130,375,1092,115,2222,33.1858,10.5311,22.0522,scheduled_duration_3h_or_more
LSZH,2022-06,1525,587,1404,539,2929,38.4918,38.3903,38.4432,scheduled_duration_3h_or_more
LSZH,2022-09,1779,594,1503,538,3282,33.3895,35.7951,34.4912,scheduled_duration_3h_or_more
LSZH,2022-12,1570,600,1540,447,3110,38.2166,29.026,33.6656,scheduled_duration_3h_or_more
LTAC,2022-03,151,49,164,26,315,32.4503,15.8537,23.8095,scheduled_duration_3h_or_more
LTAC,2022-06,298,128,326,71,624,42.953,21.7791,31.891,scheduled_duration_3h_or_more
LTAC,2022-09,229,78,292,55,521,34.0611,18.8356,25.5278,scheduled_duration_3h_or_more
LTAC,2022-12,204,88,253,37,457,43.1373,14.6245,27.3523,scheduled_duration_3h_or_more
LTAI,2022-03,677,114,793,46,1470,16.839,5.8008,10.8844,scheduled_duration_3h_or_more
LTAI,2022-06,4376,2043,4884,1579,9260,46.6865,32.3301,39.1145,scheduled_duration_3h_or_more
LTAI,2022-09,4857,2003,5590,1228,10447,41.2394,21.9678,30.9275,scheduled_duration_3h_or_more
LTAI,2022-12,1098,389,1269,95,2367,35.4281,7.4862,20.4478,scheduled_duration_3h_or_more
LTAU,2022-03,47,10,48,8,95,21.2766,16.6667,18.9474,scheduled_duration_3h_or_more
LTAU,2022-06,104,40,104,26,208,38.4615,25.0,31.7308,scheduled_duration_3h_or_more
LTAU,2022-09,94,26,102,23,196,27.6596,22.549,25.0,scheduled_duration_3h_or_more
LTAU,2022-12,59,15,64,17,123,25.4237,26.5625,26.0163,scheduled_duration_3h_or_more
LTBJ,2022-03,182,29,214,22,396,15.9341,10.2804,12.8788,scheduled_duration_3h_or_more
LTBJ,2022-06,597,263,704,257,1301,44.0536,36.5057,39.9693,scheduled_duration_3h_or_more
LTBJ,2022-09,604,179,817,208,1421,29.6358,25.459,27.2343,scheduled_duration_3h_or_more
LTBJ,2022-12,202,54,329,45,531,26.7327,13.6778,18.6441,scheduled_duration_3h_or_more
LTBS,2022-03,42,7,37,4,79,16.6667,10.8108,13.9241,scheduled_duration_3h_or_more
LTBS,2022-06,1045,622,1059,549,2104,59.5215,51.8414,55.6559,scheduled_duration_3h_or_more
LTBS,2022-09,1167,520,1180,533,2347,44.5587,45.1695,44.8658,scheduled_duration_3h_or_more
LTBS,2022-12,36,1,31,2,67,2.7778,6.4516,4.4776,scheduled_duration_3h_or_more
LTCG,2022-03,17,6,12,2,29,35.2941,16.6667,27.5862,scheduled_duration_3h_or_more
LTCG,2022-06,134,79,124,23,258,58.9552,18.5484,39.5349,scheduled_duration_3h_or_more
LTCG,2022-09,131,59,128,18,259,45.0382,14.0625,29.7297,scheduled_duration_3h_or_more
LTCG,2022-12,52,17,42,8,94,32.6923,19.0476,26.5957,scheduled_duration_3h_or_more
LTFE,2022-03,14,0,14,0,28,0.0,0.0,0.0,scheduled_duration_3h_or_more
LTFE,2022-06,531,256,531,205,1062,48.2109,38.6064,43.4087,scheduled_duration_3h_or_more
LTFE,2022-09,554,239,567,171,1121,43.1408,30.1587,36.5745,scheduled_duration_3h_or_more
LTFE,2022-12,10,1,9,2,19,10.0,22.2222,15.7895,scheduled_duration_3h_or_more
LTFJ,2022-03,1626,362,1874,358,3500,22.2632,19.1035,20.5714,scheduled_duration_3h_or_more
LTFJ,2022-06,1890,566,2186,509,4076,29.9471,23.2845,26.3739,scheduled_duration_3h_or_more
LTFJ,2022-09,2142,543,2542,647,4684,25.3501,25.4524,25.4056,scheduled_duration_3h_or_more
LTFJ,2022-12,2003,510,2549,741,4552,25.4618,29.0702,27.4824,scheduled_duration_3h_or_more
LTFM,2022-03,6000,1524,6292,595,12292,25.4,9.4565,17.2389,scheduled_duration_3h_or_more
LTFM,2022-06,7507,2407,7577,1558,15084,32.0634,20.5622,26.2861,scheduled_duration_3h_or_more
LTFM,2022-09,7697,2119,8248,1650,15945,27.5302,20.0048,23.6375,scheduled_duration_3h_or_more
LTFM,2022-12,7875,2239,8433,1439,16308,28.4317,17.0639,22.5533,scheduled_duration_3h_or_more
LUKK,2022-03,9,0,5,0,14,0.0,0.0,0.0,scheduled_duration_3h_or_more
LUKK,2022-06,76,31,99,30,175,40.7895,30.303,34.8571,scheduled_duration_3h_or_more
LUKK,2022-09,91,17,161,29,252,18.6813,18.0124,18.254,scheduled_duration_3h_or_more
LUKK,2022-12,94,15,172,15,266,15.9574,8.7209,11.2782,scheduled_duration_3h_or_more
LYBE,2022-03,107,68,113,7,220,63.5514,6.1947,34.0909,scheduled_duration_3h_or_more
LYBE,2022-06,166,88,140,21,306,53.012,15.0,35.6209,scheduled_duration_3h_or_more
LYBE,2022-09,181,92,161,28,342,50.8287,17.3913,35.0877,scheduled_duration_3h_or_more
LYBE,2022-12,215,97,174,18,389,45.1163,10.3448,29.563,scheduled_duration_3h_or_more
MDPC,2022-03,278,76,269,109,547,27.3381,40.5204,33.8208,scheduled_duration_3h_or_more
MDPC,2022-06,213,70,180,49,393,32.8638,27.2222,30.2799,scheduled_duration_3h_or_more
MDPC,2022-09,206,62,183,65,389,30.0971,35.5191,32.6478,scheduled_duration_3h_or_more
MDPC,2022-12,231,79,201,88,432,34.1991,43.7811,38.6574,scheduled_duration_3h_or_more
MDSD,2022-03,101,11,113,29,214,10.8911,25.6637,18.6916,scheduled_duration_3h_or_more
MDSD,2022-06,70,21,85,23,155,30.0,27.0588,28.3871,scheduled_duration_3h_or_more
MDSD,2022-09,84,14,103,52,187,16.6667,50.4854,35.2941,scheduled_duration_3h_or_more
MDSD,2022-12,80,33,101,41,181,41.25,40.5941,40.884,scheduled_duration_3h_or_more
MKJS,2022-03,85,7,73,27,158,8.2353,36.9863,21.519,scheduled_duration_3h_or_more
MKJS,2022-06,47,9,65,20,112,19.1489,30.7692,25.8929,scheduled_duration_3h_or_more
MKJS,2022-09,47,11,65,29,112,23.4043,44.6154,35.7143,scheduled_duration_3h_or_more
MKJS,2022-12,76,23,84,35,160,30.2632,41.6667,36.25,scheduled_duration_3h_or_more
MMMX,2022-03,479,93,373,289,852,19.4154,77.4799,44.8357,scheduled_duration_3h_or_more
MMMX,2022-06,517,126,412,323,929,24.3714,78.3981,48.3315,scheduled_duration_3h_or_more
MMMX,2022-09,528,137,420,256,948,25.947,60.9524,41.4557,scheduled_duration_3h_or_more
MMMX,2022-12,561,155,451,256,1012,27.6292,56.7627,40.6126,scheduled_duration_3h_or_more
MMUN,2022-03,271,49,330,203,601,18.0812,61.5152,41.9301,scheduled_duration_3h_or_more
MMUN,2022-06,275,75,331,146,606,27.2727,44.1088,36.4686,scheduled_duration_3h_or_more
MMUN,2022-09,291,71,333,126,624,24.3986,37.8378,31.5705,scheduled_duration_3h_or_more
MMUN,2022-12,298,105,357,201,655,35.2349,56.3025,46.7176,scheduled_duration_3h_or_more
MPTO,2022-03,95,15,150,69,245,15.7895,46.0,34.2857,scheduled_duration_3h_or_more
MPTO,2022-06,94,36,155,80,249,38.2979,51.6129,46.5863,scheduled_duration_3h_or_more
MPTO,2022-09,100,45,163,100,263,45.0,61.3497,55.1331,scheduled_duration_3h_or_more
MPTO,2022-12,124,44,177,87,301,35.4839,49.1525,43.5216,scheduled_duration_3h_or_more
MROC,2022-03,100,17,77,42,177,17.0,54.5455,33.3333,scheduled_duration_3h_or_more
MROC,2022-06,65,20,62,41,127,30.7692,66.129,48.0315,scheduled_duration_3h_or_more
MROC,2022-09,71,18,67,30,138,25.3521,44.7761,34.7826,scheduled_duration_3h_or_more
MROC,2022-12,116,37,87,53,203,31.8966,60.9195,44.335,scheduled_duration_3h_or_more
MUHA,2022-03,104,24,80,25,184,23.0769,31.25,26.6304,scheduled_duration_3h_or_more
MUHA,2022-06,133,44,100,41,233,33.0827,41.0,36.4807,scheduled_duration_3h_or_more
MUHA,2022-09,121,39,97,51,218,32.2314,52.5773,41.2844,scheduled_duration_3h_or_more
MUHA,2022-12,131,54,105,45,236,41.2214,42.8571,41.9492,scheduled_duration_3h_or_more
OBBI,2022-03,426,108,446,118,872,25.3521,26.4574,25.9174,scheduled_duration_3h_or_more
OBBI,2022-06,540,194,565,133,1105,35.9259,23.5398,29.5928,scheduled_duration_3h_or_more
OBBI,2022-09,531,199,590,137,1121,37.4765,23.2203,29.9732,scheduled_duration_3h_or_more
OBBI,2022-12,554,221,642,168,1196,39.8917,26.1682,32.5251,scheduled_duration_3h_or_more
OEDF,2022-03,39,6,19,5,58,15.3846,26.3158,18.9655,scheduled_duration_3h_or_more
OEDF,2022-06,70,22,51,14,121,31.4286,27.451,29.7521,scheduled_duration_3h_or_more
OEDF,2022-09,134,30,115,32,249,22.3881,27.8261,24.8996,scheduled_duration_3h_or_more
OEDF,2022-12,108,29,109,47,217,26.8519,43.1193,35.023,scheduled_duration_3h_or_more
OEJN,2022-03,312,144,333,262,645,46.1538,78.6787,62.9457,scheduled_duration_3h_or_more
OEJN,2022-06,555,252,584,357,1139,45.4054,61.1301,53.468,scheduled_duration_3h_or_more
OEJN,2022-09,685,311,698,449,1383,45.4015,64.3266,54.953,scheduled_duration_3h_or_more
OEJN,2022-12,814,428,886,609,1700,52.5799,68.7359,61.0,scheduled_duration_3h_or_more
OEMA,2022-03,13,5,3,1,16,38.4615,33.3333,37.5,scheduled_duration_3h_or_more
OEMA,2022-06,110,42,66,23,176,38.1818,34.8485,36.9318,scheduled_duration_3h_or_more
OEMA,2022-09,79,31,57,13,136,39.2405,22.807,32.3529,scheduled_duration_3h_or_more
OEMA,2022-12,184,63,182,57,366,34.2391,31.3187,32.7869,scheduled_duration_3h_or_more
OERK,2022-03,337,102,304,137,641,30.2671,45.0658,37.2855,scheduled_duration_3h_or_more
OERK,2022-06,557,222,522,323,1079,39.8564,61.8774,50.5097,scheduled_duration_3h_or_more
OERK,2022-09,696,250,655,406,1351,35.9195,61.9847,48.5566,scheduled_duration_3h_or_more
OERK,2022-12,606,238,572,285,1178,39.2739,49.8252,44.3973,scheduled_duration_3h_or_more
OIIE,2022-03,175,51,671,128,846,29.1429,19.076,21.1584,scheduled_duration_3h_or_more
OIIE,2022-06,144,74,636,109,780,51.3889,17.1384,23.4615,scheduled_duration_3h_or_more
OIIE,2022-09,171,90,733,112,904,52.6316,15.2797,22.3451,scheduled_duration_3h_or_more
OIIE,2022-12,190,66,616,80,806,34.7368,12.987,18.1141,scheduled_duration_3h_or_more
OJAI,2022-03,394,98,408,73,802,24.8731,17.8922,21.3217,scheduled_duration_3h_or_more
OJAI,2022-06,525,214,527,147,1052,40.7619,27.8937,34.3156,scheduled_duration_3h_or_more
OJAI,2022-09,478,160,479,124,957,33.4728,25.8873,29.6761,scheduled_duration_3h_or_more
OJAI,2022-12,543,166,540,144,1083,30.5709,26.6667,28.6242,scheduled_duration_3h_or_more
OKBK,2022-03,419,117,427,90,846,27.9236,21.0773,24.4681,scheduled_duration_3h_or_more
OKBK,2022-06,702,222,704,201,1406,31.6239,28.5511,30.0853,scheduled_duration_3h_or_more
OKBK,2022-09,752,252,771,189,1523,33.5106,24.5136,28.956,scheduled_duration_3h_or_more
OKBK,2022-12,569,195,581,168,1150,34.2707,28.9157,31.5652,scheduled_duration_3h_or_more
OLBA,2022-03,615,142,564,72,1179,23.0894,12.766,18.151,scheduled_duration_3h_or_more
OLBA,2022-06,818,343,812,159,1630,41.9315,19.5813,30.7975,scheduled_duration_3h_or_more
OLBA,2022-09,835,225,829,180,1664,26.9461,21.7129,24.3389,scheduled_duration_3h_or_more
OLBA,2022-12,822,259,773,85,1595,31.5085,10.9961,21.5674,scheduled_duration_3h_or_more
OMAA,2022-03,813,179,839,187,1652,22.0172,22.2884,22.155,scheduled_duration_3h_or_more
OMAA,2022-06,976,320,992,223,1968,32.7869,22.4798,27.5915,scheduled_duration_3h_or_more
OMAA,2022-09,1025,256,1050,171,2075,24.9756,16.2857,20.5783,scheduled_duration_3h_or_more
OMAA,2022-12,1218,254,1253,294,2471,20.8539,23.4637,22.1773,scheduled_duration_3h_or_more
OMDB,2022-03,3865,1535,3904,2184,7769,39.7154,55.9426,47.8697,scheduled_duration_3h_or_more
OMDB,2022-06,3017,1646,3045,1441,6062,54.5575,47.3235,50.9238,scheduled_duration_3h_or_more
OMDB,2022-09,3756,1883,3862,2039,7618,50.1331,52.7965,51.4833,scheduled_duration_3h_or_more
OMDB,2022-12,4452,2471,4560,2744,9012,55.5031,60.1754,57.8673,scheduled_duration_3h_or_more
OMDW,2022-03,113,16,180,45,293,14.1593,25.0,20.8191,scheduled_duration_3h_or_more
OMDW,2022-06,261,130,425,94,686,49.8084,22.1176,32.6531,scheduled_duration_3h_or_more
OMDW,2022-09,179,61,296,81,475,34.0782,27.3649,29.8947,scheduled_duration_3h_or_more
OMDW,2022-12,254,87,404,118,658,34.252,29.2079,31.155,scheduled_duration_3h_or_more
OMSJ,2022-03,190,52,196,43,386,27.3684,21.9388,24.6114,scheduled_duration_3h_or_more
OMSJ,2022-06,288,107,299,36,587,37.1528,12.0401,24.3612,scheduled_duration_3h_or_more
OMSJ,2022-09,334,127,323,56,657,38.024,17.3375,27.8539,scheduled_duration_3h_or_more
OMSJ,2022-12,383,163,419,104,802,42.5587,24.821,33.2918,scheduled_duration_3h_or_more
OOMS,2022-03,164,20,165,28,329,12.1951,16.9697,14.5897,scheduled_duration_3h_or_more
OOMS,2022-06,267,72,261,59,528,26.9663,22.6054,24.8106,scheduled_duration_3h_or_more
OOMS,2022-09,289,57,284,73,573,19.7232,25.7042,22.6876,scheduled_duration_3h_or_more
OOMS,2022-12,296,95,278,67,574,32.0946,24.1007,28.223,scheduled_duration_3h_or_more
OPIS,2022-03,78,9,76,42,154,11.5385,55.2632,33.1169,scheduled_duration_3h_or_more
OPIS,2022-06,73,21,73,17,146,28.7671,23.2877,26.0274,scheduled_duration_3h_or_more
OPIS,2022-09,73,17,75,14,148,23.2877,18.6667,20.9459,scheduled_duration_3h_or_more
OPIS,2022-12,79,18,80,22,159,22.7848,27.5,25.1572,scheduled_duration_3h_or_more
OTHH,2022-03,2777,868,2684,1553,5461,31.2568,57.8614,44.3325,scheduled_duration_3h_or_more
OTHH,2022-06,2912,1222,2843,1787,5755,41.9643,62.8561,52.285,scheduled_duration_3h_or_more
OTHH,2022-09,2767,1187,2700,1251,5467,42.8984,46.3333,44.5948,scheduled_duration_3h_or_more
OTHH,2022-12,3077,1124,3045,879,6122,36.5291,28.867,32.7181,scheduled_duration_3h_or_more
RCTP,2022-03,208,42,184,29,392,20.1923,15.7609,18.1122,scheduled_duration_3h_or_more
RCTP,2022-06,176,87,150,35,326,49.4318,23.3333,37.4233,scheduled_duration_3h_or_more
RCTP,2022-09,145,57,124,27,269,39.3103,21.7742,31.2268,scheduled_duration_3h_or_more
RCTP,2022-12,195,105,185,96,380,53.8462,51.8919,52.8947,scheduled_duration_3h_or_more
RJAA,2022-03,208,33,119,21,327,15.8654,17.6471,16.5138,scheduled_duration_3h_or_more
RJAA,2022-06,213,66,142,32,355,30.9859,22.5352,27.6056,scheduled_duration_3h_or_more
RJAA,2022-09,218,51,147,21,365,23.3945,14.2857,19.726,scheduled_duration_3h_or_more
RJAA,2022-12,204,39,136,47,340,19.1176,34.5588,25.2941,scheduled_duration_3h_or_more
RJTT,2022-03,137,27,138,42,275,19.708,30.4348,25.0909,scheduled_duration_3h_or_more
RJTT,2022-06,178,63,180,85,358,35.3933,47.2222,41.3408,scheduled_duration_3h_or_more
RJTT,2022-09,255,61,253,132,508,23.9216,52.1739,37.9921,scheduled_duration_3h_or_more
RJTT,2022-12,375,82,376,203,751,21.8667,53.9894,37.9494,scheduled_duration_3h_or_more
RKSI,2022-03,498,80,494,117,992,16.0643,23.6842,19.8589,scheduled_duration_3h_or_more
RKSI,2022-06,606,234,542,159,1148,38.6139,29.3358,34.2334,scheduled_duration_3h_or_more
RKSI,2022-09,789,218,741,199,1530,27.6299,26.8556,27.2549,scheduled_duration_3h_or_more
RKSI,2022-12,803,222,741,329,1544,27.6463,44.3995,35.6865,scheduled_duration_3h_or_more
SAEZ,2022-03,199,26,203,20,402,13.0653,9.8522,11.4428,scheduled_duration_3h_or_more
SAEZ,2022-06,240,61,236,41,476,25.4167,17.3729,21.4286,scheduled_duration_3h_or_more
SAEZ,2022-09,258,48,264,18,522,18.6047,6.8182,12.6437,scheduled_duration_3h_or_more
SAEZ,2022-12,307,71,309,71,616,23.127,22.9773,23.0519,scheduled_duration_3h_or_more
SBGL,2022-03,132,19,121,44,253,14.3939,36.3636,24.9012,scheduled_duration_3h_or_more
SBGL,2022-06,157,56,148,47,305,35.6688,31.7568,33.7705,scheduled_duration_3h_or_more
SBGL,2022-09,155,55,149,69,304,35.4839,46.3087,40.7895,scheduled_duration_3h_or_more
SBGL,2022-12,170,64,173,73,343,37.6471,42.1965,39.9417,scheduled_duration_3h_or_more
SBGR,2022-03,491,67,465,163,956,13.6456,35.0538,24.0586,scheduled_duration_3h_or_more
SBGR,2022-06,549,138,528,105,1077,25.1366,19.8864,22.5627,scheduled_duration_3h_or_more
SBGR,2022-09,592,146,581,194,1173,24.6622,33.3907,28.9855,scheduled_duration_3h_or_more
SBGR,2022-12,623,162,602,215,1225,26.0032,35.7143,30.7755,scheduled_duration_3h_or_more
SBKP,2022-03,112,15,93,32,205,13.3929,34.4086,22.9268,scheduled_duration_3h_or_more
SBKP,2022-06,107,49,96,30,203,45.7944,31.25,38.9163,scheduled_duration_3h_or_more
SBKP,2022-09,107,47,81,40,188,43.9252,49.3827,46.2766,scheduled_duration_3h_or_more
SBKP,2022-12,108,46,82,32,190,42.5926,39.0244,41.0526,scheduled_duration_3h_or_more
SCEL,2022-03,104,20,106,48,210,19.2308,45.283,32.381,scheduled_duration_3h_or_more
SCEL,2022-06,95,15,91,23,186,15.7895,25.2747,20.4301,scheduled_duration_3h_or_more
SCEL,2022-09,99,14,99,24,198,14.1414,24.2424,19.1919,scheduled_duration_3h_or_more
SCEL,2022-12,123,14,123,44,246,11.3821,35.7724,23.5772,scheduled_duration_3h_or_more
SKBO,2022-03,290,36,234,124,524,12.4138,52.9915,30.5344,scheduled_duration_3h_or_more
SKBO,2022-06,349,81,291,129,640,23.2092,44.3299,32.8125,scheduled_duration_3h_or_more
SKBO,2022-09,361,71,289,133,650,19.6676,46.0208,31.3846,scheduled_duration_3h_or_more
SKBO,2022-12,383,100,304,129,687,26.1097,42.4342,33.3333,scheduled_duration_3h_or_more
SPJC,2022-03,140,27,141,50,281,19.2857,35.461,27.4021,scheduled_duration_3h_or_more
SPJC,2022-06,153,54,152,34,305,35.2941,22.3684,28.8525,scheduled_duration_3h_or_more
SPJC,2022-09,159,31,159,50,318,19.4969,31.4465,25.4717,scheduled_duration_3h_or_more
SPJC,2022-12,168,39,169,76,337,23.2143,44.9704,34.1246,scheduled_duration_3h_or_more
TBPB,2022-03,202,19,184,72,386,9.4059,39.1304,23.5751,scheduled_duration_3h_or_more
TBPB,2022-06,60,13,62,17,122,21.6667,27.4194,24.5902,scheduled_duration_3h_or_more
TBPB,2022-09,60,11,62,17,122,18.3333,27.4194,22.9508,scheduled_duration_3h_or_more
TBPB,2022-12,210,39,204,122,414,18.5714,59.8039,38.8889,scheduled_duration_3h_or_more
TFFF,2022-03,170,66,161,65,331,38.8235,40.3727,39.577,scheduled_duration_3h_or_more
TFFF,2022-06,107,51,101,27,208,47.6636,26.7327,37.5,scheduled_duration_3h_or_more
TFFF,2022-09,96,40,97,33,193,41.6667,34.0206,37.8238,scheduled_duration_3h_or_more
TFFF,2022-12,159,79,153,104,312,49.6855,67.9739,58.6538,scheduled_duration_3h_or_more
TFFR,2022-03,164,64,180,60,344,39.0244,33.3333,36.0465,scheduled_duration_3h_or_more
TFFR,2022-06,110,57,116,50,226,51.8182,43.1034,47.3451,scheduled_duration_3h_or_more
TFFR,2022-09,95,36,101,46,196,37.8947,45.5446,41.8367,scheduled_duration_3h_or_more
TFFR,2022-12,181,107,185,97,366,59.116,52.4324,55.7377,scheduled_duration_3h_or_more
TNCC,2022-03,94,17,94,22,188,18.0851,23.4043,20.7447,scheduled_duration_3h_or_more
TNCC,2022-06,68,24,64,15,132,35.2941,23.4375,29.5455,scheduled_duration_3h_or_more
TNCC,2022-09,72,26,66,19,138,36.1111,28.7879,32.6087,scheduled_duration_3h_or_more
TNCC,2022-12,83,23,85,25,168,27.7108,29.4118,28.5714,scheduled_duration_3h_or_more
UAAA,2022-03,200,22,226,117,426,11.0,51.7699,32.6291,scheduled_duration_3h_or_more
UAAA,2022-06,469,68,520,332,989,14.4989,63.8462,40.4449,scheduled_duration_3h_or_more
UAAA,2022-09,354,47,384,227,738,13.2768,59.1146,37.1274,scheduled_duration_3h_or_more
UAAA,2022-12,345,46,375,250,720,13.3333,66.6667,41.1111,scheduled_duration_3h_or_more
UACC,2022-03,95,27,105,67,200,28.4211,63.8095,47.0,scheduled_duration_3h_or_more
UACC,2022-06,253,55,253,145,506,21.7391,57.3123,39.5257,scheduled_duration_3h_or_more
UACC,2022-09,265,44,302,154,567,16.6038,50.9934,34.9206,scheduled_duration_3h_or_more
UACC,2022-12,196,58,235,156,431,29.5918,66.383,49.652,scheduled_duration_3h_or_more
UBBB,2022-03,528,162,589,89,1117,30.6818,15.1104,22.4709,scheduled_duration_3h_or_more
UBBB,2022-06,738,228,745,105,1483,30.8943,14.094,22.4545,scheduled_duration_3h_or_more
UBBB,2022-09,786,184,882,143,1668,23.4097,16.2132,19.6043,scheduled_duration_3h_or_more
UBBB,2022-12,783,228,874,117,1657,29.1188,13.3867,20.8208,scheduled_duration_3h_or_more
UCFM,2022-03,138,10,143,65,281,7.2464,45.4545,26.6904,scheduled_duration_3h_or_more
UCFM,2022-06,175,34,195,105,370,19.4286,53.8462,37.5676,scheduled_duration_3h_or_more
UCFM,2022-09,185,23,217,113,402,12.4324,52.0737,33.8308,scheduled_duration_3h_or_more
UCFM,2022-12,124,18,147,83,271,14.5161,56.4626,37.2694,scheduled_duration_3h_or_more
UDYZ,2022-03,225,56,208,39,433,24.8889,18.75,21.94,scheduled_duration_3h_or_more
UDYZ,2022-06,738,308,762,159,1500,41.7344,20.8661,31.1333,scheduled_duration_3h_or_more
UDYZ,2022-09,820,264,817,164,1637,32.1951,20.0734,26.1454,scheduled_duration_3h_or_more
UDYZ,2022-12,862,322,852,163,1714,37.355,19.1315,28.2964,scheduled_duration_3h_or_more
UGKO,2022-03,138,25,137,1,275,18.1159,0.7299,9.4545,scheduled_duration_3h_or_more
UGKO,2022-06,176,53,188,29,364,30.1136,15.4255,22.5275,scheduled_duration_3h_or_more
UGKO,2022-09,225,53,243,21,468,23.5556,8.642,15.812,scheduled_duration_3h_or_more
UGKO,2022-12,221,43,239,4,460,19.457,1.6736,10.2174,scheduled_duration_3h_or_more
UGTB,2022-03,311,116,235,5,546,37.299,2.1277,22.1612,scheduled_duration_3h_or_more
UGTB,2022-06,303,118,274,32,577,38.9439,11.6788,25.9965,scheduled_duration_3h_or_more
UGTB,2022-09,326,91,295,29,621,27.9141,9.8305,19.3237,scheduled_duration_3h_or_more
UGTB,2022-12,383,156,279,18,662,40.7311,6.4516,26.284,scheduled_duration_3h_or_more
ULLI,2022-03,117,19,134,32,251,16.2393,23.8806,20.3187,scheduled_duration_3h_or_more
ULLI,2022-06,306,109,311,110,617,35.6209,35.3698,35.4943,scheduled_duration_3h_or_more
ULLI,2022-09,380,123,382,116,762,32.3684,30.3665,31.3648,scheduled_duration_3h_or_more
ULLI,2022-12,249,75,278,134,527,30.1205,48.2014,39.6584,scheduled_duration_3h_or_more
UMMS,2022-03,174,24,175,19,349,13.7931,10.8571,12.3209,scheduled_duration_3h_or_more
UMMS,2022-06,176,10,176,10,352,5.6818,5.6818,5.6818,scheduled_duration_3h_or_more
UMMS,2022-09,195,24,196,19,391,12.3077,9.6939,10.9974,scheduled_duration_3h_or_more
UMMS,2022-12,246,41,244,75,490,16.6667,30.7377,23.6735,scheduled_duration_3h_or_more
USSS,2022-03,32,10,36,14,68,31.25,38.8889,35.2941,scheduled_duration_3h_or_more
USSS,2022-06,117,11,120,28,237,9.4017,23.3333,16.4557,scheduled_duration_3h_or_more
USSS,2022-09,150,22,153,57,303,14.6667,37.2549,26.0726,scheduled_duration_3h_or_more
USSS,2022-12,111,15,107,55,218,13.5135,51.4019,32.1101,scheduled_duration_3h_or_more
UTTT,2022-03,172,36,172,50,344,20.9302,29.0698,25.0,scheduled_duration_3h_or_more
UTTT,2022-06,226,56,216,73,442,24.7788,33.7963,29.1855,scheduled_duration_3h_or_more
UTTT,2022-09,246,64,235,76,481,26.0163,32.3404,29.106,scheduled_duration_3h_or_more
UTTT,2022-12,216,54,227,64,443,25.0,28.1938,26.6366,scheduled_duration_3h_or_more
UUBW,2022-03,2,1,3,2,5,50.0,66.6667,60.0,scheduled_duration_3h_or_more
UUBW,2022-06,72,17,70,22,142,23.6111,31.4286,27.4648,scheduled_duration_3h_or_more
UUBW,2022-09,153,10,161,72,314,6.5359,44.7205,26.1146,scheduled_duration_3h_or_more
UUBW,2022-12,70,5,70,27,140,7.1429,38.5714,22.8571,scheduled_duration_3h_or_more
UUDD,2022-03,174,40,223,92,397,22.9885,41.2556,33.2494,scheduled_duration_3h_or_more
UUDD,2022-06,590,212,611,182,1201,35.9322,29.7872,32.806,scheduled_duration_3h_or_more
UUDD,2022-09,805,291,827,337,1632,36.1491,40.7497,38.4804,scheduled_duration_3h_or_more
UUDD,2022-12,639,176,706,435,1345,27.543,61.6147,45.4275,scheduled_duration_3h_or_more
UUEE,2022-03,260,95,288,85,548,36.5385,29.5139,32.8467,scheduled_duration_3h_or_more
UUEE,2022-06,472,185,542,69,1014,39.1949,12.7306,25.0493,scheduled_duration_3h_or_more
UUEE,2022-09,770,129,793,98,1563,16.7532,12.3581,14.5234,scheduled_duration_3h_or_more
UUEE,2022-12,855,241,945,472,1800,28.1871,49.9471,39.6111,scheduled_duration_3h_or_more
UUWW,2022-03,437,142,431,306,868,32.4943,70.9977,51.6129,scheduled_duration_3h_or_more
UUWW,2022-06,1129,407,1153,711,2282,36.0496,61.6652,48.9921,scheduled_duration_3h_or_more
UUWW,2022-09,1335,455,1307,989,2642,34.0824,75.6695,54.6556,scheduled_duration_3h_or_more
UUWW,2022-12,984,279,964,724,1948,28.3537,75.1037,51.4887,scheduled_duration_3h_or_more
UWKD,2022-03,49,9,50,31,99,18.3673,62.0,40.404,scheduled_duration_3h_or_more
UWKD,2022-06,170,31,173,117,343,18.2353,67.6301,43.1487,scheduled_duration_3h_or_more
UWKD,2022-09,209,44,208,128,417,21.0526,61.5385,41.247,scheduled_duration_3h_or_more
UWKD,2022-12,135,37,134,94,269,27.4074,70.1493,48.6989,scheduled_duration_3h_or_more
VABB,2022-03,203,46,196,66,399,22.6601,33.6735,28.0702,scheduled_duration_3h_or_more
VABB,2022-06,336,159,323,154,659,47.3214,47.678,47.4962,scheduled_duration_3h_or_more
VABB,2022-09,348,102,339,127,687,29.3103,37.4631,33.3333,scheduled_duration_3h_or_more
VABB,2022-12,475,144,452,180,927,30.3158,39.823,34.9515,scheduled_duration_3h_or_more
VCBI,2022-03,76,24,96,25,172,31.5789,26.0417,28.4884,scheduled_duration_3h_or_more
VCBI,2022-06,52,36,52,18,104,69.2308,34.6154,51.9231,scheduled_duration_3h_or_more
VCBI,2022-09,54,26,58,23,112,48.1481,39.6552,43.75,scheduled_duration_3h_or_more
VCBI,2022-12,59,26,87,26,146,44.0678,29.8851,35.6164,scheduled_duration_3h_or_more
VGHS,2022-03,65,4,86,60,151,6.1538,69.7674,42.3841,scheduled_duration_3h_or_more
VGHS,2022-06,61,2,83,38,144,3.2787,45.7831,27.7778,scheduled_duration_3h_or_more
VGHS,2022-09,65,9,80,44,145,13.8462,55.0,36.5517,scheduled_duration_3h_or_more
VGHS,2022-12,34,4,36,23,70,11.7647,63.8889,38.5714,scheduled_duration_3h_or_more
VHHH,2022-03,190,22,206,55,396,11.5789,26.699,19.4444,scheduled_duration_3h_or_more
VHHH,2022-06,332,124,306,86,638,37.3494,28.1046,32.9154,scheduled_duration_3h_or_more
VHHH,2022-09,342,116,301,117,643,33.9181,38.8704,36.2364,scheduled_duration_3h_or_more
VHHH,2022-12,497,146,461,182,958,29.3763,39.4794,34.238,scheduled_duration_3h_or_more
VIDP,2022-03,662,250,486,213,1148,37.7644,43.8272,40.331,scheduled_duration_3h_or_more
VIDP,2022-06,860,401,829,446,1689,46.6279,53.7998,50.148,scheduled_duration_3h_or_more
VIDP,2022-09,903,342,900,383,1803,37.8738,42.5556,40.2108,scheduled_duration_3h_or_more
VIDP,2022-12,1032,375,1041,603,2073,36.3372,57.9251,47.178,scheduled_duration_3h_or_more
VOBL,2022-03,74,22,109,42,183,29.7297,38.5321,34.9727,scheduled_duration_3h_or_more
VOBL,2022-06,110,49,137,56,247,44.5455,40.8759,42.5101,scheduled_duration_3h_or_more
VOBL,2022-09,117,57,157,69,274,48.7179,43.949,45.9854,scheduled_duration_3h_or_more
VOBL,2022-12,141,50,167,109,308,35.461,65.2695,51.6234,scheduled_duration_3h_or_more
VRMM,2022-03,156,25,155,64,311,16.0256,41.2903,28.6174,scheduled_duration_3h_or_more
VRMM,2022-06,70,3,69,12,139,4.2857,17.3913,10.7914,scheduled_duration_3h_or_more
VRMM,2022-09,81,8,83,33,164,9.8765,39.759,25.0,scheduled_duration_3h_or_more
VRMM,2022-12,219,72,197,88,416,32.8767,44.6701,38.4615,scheduled_duration_3h_or_more
VTBS,2022-03,481,58,386,218,867,12.0582,56.4767,31.8339,scheduled_duration_3h_or_more
VTBS,2022-06,481,201,458,334,939,41.7879,72.9258,56.9755,scheduled_duration_3h_or_more
VTBS,2022-09,616,170,526,410,1142,27.5974,77.9468,50.7881,scheduled_duration_3h_or_more
VTBS,2022-12,747,176,673,578,1420,23.5609,85.8841,53.0986,scheduled_duration_3h_or_more
VVNB,2022-03,57,9,71,20,128,15.7895,28.169,22.6562,scheduled_duration_3h_or_more
VVNB,2022-06,75,42,87,26,162,56.0,29.8851,41.9753,scheduled_duration_3h_or_more
VVNB,2022-09,57,23,56,12,113,40.3509,21.4286,30.9735,scheduled_duration_3h_or_more
VVNB,2022-12,123,60,119,23,242,48.7805,19.3277,34.2975,scheduled_duration_3h_or_more
WMKK,2022-03,88,9,63,9,151,10.2273,14.2857,11.9205,scheduled_duration_3h_or_more
WMKK,2022-06,96,38,77,33,173,39.5833,42.8571,41.0405,scheduled_duration_3h_or_more
WMKK,2022-09,114,18,90,34,204,15.7895,37.7778,25.4902,scheduled_duration_3h_or_more
WMKK,2022-12,146,29,125,73,271,19.863,58.4,37.6384,scheduled_duration_3h_or_more
WSSS,2022-03,650,89,541,199,1191,13.6923,36.7837,24.1814,scheduled_duration_3h_or_more
WSSS,2022-06,778,287,666,471,1444,36.8895,70.7207,52.4931,scheduled_duration_3h_or_more
WSSS,2022-09,821,250,694,435,1515,30.4507,62.6801,45.2145,scheduled_duration_3h_or_more
WSSS,2022-12,914,294,794,590,1708,32.1663,74.3073,51.7564,scheduled_duration_3h_or_more
ZBAA,2022-03,230,37,260,42,490,16.087,16.1538,16.1224,scheduled_duration_3h_or_more
ZBAA,2022-06,227,60,256,23,483,26.4317,8.9844,17.1843,scheduled_duration_3h_or_more
ZBAA,2022-09,195,42,224,37,419,21.5385,16.5179,18.8544,scheduled_duration_3h_or_more
ZBAA,2022-12,129,31,137,29,266,24.031,21.1679,22.5564,scheduled_duration_3h_or_more
ZGGG,2022-03,151,38,124,41,275,25.1656,33.0645,28.7273,scheduled_duration_3h_or_more
ZGGG,2022-06,148,48,90,28,238,32.4324,31.1111,31.9328,scheduled_duration_3h_or_more
ZGGG,2022-09,107,44,65,18,172,41.1215,27.6923,36.0465,scheduled_duration_3h_or_more
ZGGG,2022-12,136,42,116,22,252,30.8824,18.9655,25.3968,scheduled_duration_3h_or_more
ZSPD,2022-03,414,62,410,158,824,14.9758,38.5366,26.699,scheduled_duration_3h_or_more
ZSPD,2022-06,447,140,454,143,901,31.3199,31.4978,31.4095,scheduled_duration_3h_or_more
ZSPD,2022-09,349,96,340,101,689,27.5072,29.7059,28.5922,scheduled_duration_3h_or_more
ZSPD,2022-12,345,104,336,89,681,30.1449,26.4881,28.3407,scheduled_duration_3h_or_more
