airport_code,arrival_flight_count,arrival_delayed_over_15_count,median_arrival_delay_min,arrival_periods_active,departure_flight_count,departure_delayed_over_15_count,median_departure_delay_min,departure_periods_active,flight_count,delayed_over_15_count,arrival_delay_over_15_pct,departure_delay_over_15_pct,combined_delay_over_15_pct,periods_active,scope_id,scope_label,airport_name,city,country,latitude,longitude,executive_eligible
AFIL,0,0,,0,13,0,0.0,4,13,0,,0.0,0.0,4,all_flights,All scheduled flights,,,,,,False
BGBW,5,2,11.7333,2,5,0,-2.0,2,10,2,40.0,0.0,20.0,2,all_flights,All scheduled flights,Narsarsuaq Airport,Narsarsuaq,Greenland,61.1608,-45.4256,False
BGSF,97,17,4.6333,4,101,62,18.0,4,198,79,17.5258,61.3861,39.899,4,all_flights,All scheduled flights,Kangerlussuaq Airport,Kangerlussuaq,Greenland,67.0169,-50.6894,False
BGTL,4,1,10.6917,4,4,2,15.5,4,8,3,25.0,50.0,37.5,4,all_flights,All scheduled flights,Pituffik Space Base,Pituffik,Greenland,76.5311,-68.703,False
BIAR,4,4,45.8,2,2,1,21.5,2,6,5,100.0,50.0,83.3333,2,all_flights,All scheduled flights,Akureyri Airport,Akureyri,Iceland,65.6567,-18.0719,False
BIEG,1,1,28.5167,1,0,0,,0,1,1,100.0,,100.0,1,all_flights,All scheduled flights,Egilsstaðir Airport,Egilsstaðir,Iceland,65.2833,-14.4014,False
BIKF,5336,1342,7.75,4,5302,1344,7.0,4,10638,2686,25.1499,25.3489,25.2491,4,all_flights,All scheduled flights,Keflavik International Airport,Reykjavík,Iceland,63.985,-22.6056,True
BIRK,5,0,-32.9167,3,8,2,7.5,4,13,2,0.0,25.0,15.3846,4,all_flights,All scheduled flights,Reykjavík Domestic Airport,Reykjavík,Iceland,64.13,-21.9406,False
BKPR,2609,558,5.9667,4,2590,357,2.2583,4,5199,915,21.3875,13.7838,17.5995,4,all_flights,All scheduled flights,Priština Adem Jashari International Airport,Prishtina,Kosovo,42.5742,21.0358,True
CYEG,41,13,7.7333,4,50,43,26.5,4,91,56,31.7073,86.0,61.5385,4,all_flights,All scheduled flights,Edmonton International Airport,Edmonton,Canada,53.31,-113.5794,False
CYHM,174,24,1.9083,4,36,26,28.0,4,210,50,13.7931,72.2222,23.8095,4,all_flights,All scheduled flights,John C. Munro Hamilton International Airport,Hamilton,Canada,43.1736,-79.935,False
CYHZ,236,76,9.2833,3,380,246,22.5,4,616,322,32.2034,64.7368,52.2727,4,all_flights,All scheduled flights,Halifax / Stanfield International Airport,Halifax,Canada,44.8797,-63.5103,True
CYMX,9,2,3.2,2,56,25,10.0,3,65,27,22.2222,44.6429,41.5385,3,all_flights,All scheduled flights,Montreal International (Mirabel) Airport,Montréal,Canada,45.6797,-74.0386,False
CYOW,0,0,,0,1,1,18.0,1,1,1,,100.0,100.0,1,all_flights,All scheduled flights,Ottawa Macdonald-Cartier International Airport,Ottawa,Canada,45.3225,-75.6672,False
CYQB,65,22,8.1167,3,65,24,12.0,3,130,46,33.8462,36.9231,35.3846,3,all_flights,All scheduled flights,Quebec Jean Lesage International Airport,Quebec,Canada,46.7911,-71.3933,False
CYQM,0,0,,0,1,0,-73.9,1,1,0,,0.0,0.0,1,all_flights,All scheduled flights,Greater Moncton Roméo LeBlanc International Airport,Moncton,Canada,46.1161,-64.6786,False
CYQX,14,8,29.5417,2,3,3,72.0,2,17,11,57.1429,100.0,64.7059,2,all_flights,All scheduled flights,Gander International Airport / CFB Gander,Gander,Canada,48.9369,-54.5681,False
CYUL,3377,1308,11.2667,4,3379,3063,42.0,4,6756,4371,38.7326,90.6481,64.698,4,all_flights,All scheduled flights,Montreal / Pierre Elliott Trudeau International Airport,Montréal,Canada,45.4706,-73.7408,True
CYVR,875,349,11.3167,4,979,816,28.0,4,1854,1165,39.8857,83.3504,62.8371,4,all_flights,All scheduled flights,Vancouver International Airport,Vancouver,Canada,49.1947,-123.1839,True
CYWG,0,0,,0,1,1,114.0,1,1,1,,100.0,100.0,1,all_flights,All scheduled flights,Winnipeg / James Armstrong Richardson International Airport,Winnipeg,Canada,49.91,-97.24,False
CYXY,6,4,18.0333,2,6,6,60.5,2,12,10,66.6667,100.0,83.3333,2,all_flights,All scheduled flights,Whitehorse / Erik Nielsen International Airport,Whitehorse,Canada,60.7094,-135.0672,False
CYYC,570,190,9.1667,4,566,438,26.0,4,1136,628,33.3333,77.3852,55.2817,4,all_flights,All scheduled flights,Calgary International Airport,Calgary,Canada,51.1225,-114.0133,True
CYYT,26,6,-2.2583,4,26,21,38.5,4,52,27,23.0769,80.7692,51.9231,4,all_flights,All scheduled flights,St. John's International Airport,St. John's,Canada,47.6186,-52.7525,False
CYYZ,4869,1787,10.2833,4,4855,4152,34.0,4,9724,5939,36.7016,85.5201,61.0757,4,all_flights,All scheduled flights,Toronto Lester B. Pearson International Airport,Toronto,Canada,43.6761,-79.6306,True
DAAE,171,69,9.9667,3,169,27,4.0,4,340,96,40.3509,15.9763,28.2353,4,all_flights,All scheduled flights,Soummam–Abane Ramdane Airport,Béjaïa,Algeria,36.7119,5.0694,False
DAAG,4197,1546,9.95,4,4144,1091,8.0,4,8341,2637,36.8358,26.3272,31.6149,4,all_flights,All scheduled flights,Houari Boumediene Airport,Algiers,Algeria,36.6944,3.2169,True
DAAJ,3,0,8.6333,1,2,0,-6.3833,1,5,0,0.0,0.0,0.0,1,all_flights,All scheduled flights,Djanet Inedbirene Airport,Djanet,Algeria,24.2931,9.4519,False
DAAK,2,0,-36.3083,1,0,0,,0,2,0,0.0,,0.0,1,all_flights,All scheduled flights,,,,36.5458,2.8761,False
DAAS,107,43,12.3,3,106,10,2.825,3,213,53,40.1869,9.434,24.8826,3,all_flights,All scheduled flights,Ain Arnat Airport,Sétif,Algeria,36.1786,5.33,False
DAAT,0,0,,0,2,0,2.0,2,2,0,,0.0,0.0,2,all_flights,All scheduled flights,Aguenar – Hadj Bey Akhamok Airport,Tamanrasset,Algeria,22.8111,5.4508,False
DABB,125,32,5.7167,4,122,18,6.0,3,247,50,25.6,14.7541,20.2429,4,all_flights,All scheduled flights,Annaba Rabah Bitat Airport,Annaba,Algeria,36.8222,7.8094,False
DABC,464,194,12.1083,4,448,76,7.0,4,912,270,41.8103,16.9643,29.6053,4,all_flights,All scheduled flights,Mohamed Boudiaf International Airport,Constantine,Algeria,36.2853,6.6192,True
DABT,16,3,7.25,1,16,1,3.0,1,32,4,18.75,6.25,12.5,1,all_flights,All scheduled flights,Batna Mostefa Ben Boulaid Airport,Batna,Algeria,35.7592,6.3225,False
DAOF,3,1,8.6,2,1,0,-7.0,1,4,1,33.3333,0.0,25.0,2,all_flights,All scheduled flights,Tindouf Airport,Tindouf,Algeria,27.6997,-8.1639,False
DAOI,10,4,11.7833,1,11,0,1.0,2,21,4,40.0,0.0,19.0476,2,all_flights,All scheduled flights,Chlef Aboubakr Belkaid International Airport,Chlef,Algeria,36.2169,1.34,False
DAON,75,34,13.2,3,76,9,3.5,3,151,43,45.3333,11.8421,28.4768,3,all_flights,All scheduled flights,Zenata – Messali El Hadj Airport,Zenata,Algeria,35.0153,-1.4508,False
DAOO,999,346,8.7,4,987,94,4.0,4,1986,440,34.6346,9.5238,22.1551,4,all_flights,All scheduled flights,Oran Es-Sénia (Ahmed Ben Bella) International Airport,Es-Sénia,Algeria,35.6272,-0.6114,True
DAUB,16,11,27.2583,1,16,6,13.2083,1,32,17,68.75,37.5,53.125,1,all_flights,All scheduled flights,Biskra - Mohamed Khider Airport,Biskra,Algeria,34.8017,5.7417,False
DAUE,0,0,,0,1,1,19.3833,1,1,1,,100.0,100.0,1,all_flights,All scheduled flights,El Golea Airport,El Menia,Algeria,30.5689,2.8647,False
DAUG,2,2,31.975,1,2,0,-1.5,1,4,2,100.0,0.0,50.0,1,all_flights,All scheduled flights,Noumérat - Moufdi Zakaria Airport,El Atteuf,Algeria,32.3817,3.7994,False
DAUH,18,3,2.0417,4,0,0,,0,18,3,16.6667,,16.6667,4,all_flights,All scheduled flights,Hassi Messaoud-Oued Irara Krim Belkacem Airport,Hassi Messaoud,Algeria,31.6739,6.1406,False
DAUO,6,5,19.7,1,8,1,-0.5,1,14,6,83.3333,12.5,42.8571,1,all_flights,All scheduled flights,Guemar Airport - مطار قمار بالوادي,Guemar,Algeria,33.5131,6.7825,False
DAUU,9,7,20.2,2,6,0,-9.5,1,15,7,77.7778,0.0,46.6667,2,all_flights,All scheduled flights,Ain Beida Airport,Ouargla,Algeria,31.9314,5.4136,False
DBBB,225,67,8.3833,4,186,64,8.6,4,411,131,29.7778,34.4086,31.8735,4,all_flights,All scheduled flights,Cadjehoun Airport,Cotonou,Benin,6.3564,2.3833,False
DFFD,284,88,8.875,4,247,94,9.9333,4,531,182,30.9859,38.0567,34.275,4,all_flights,All scheduled flights,Ouagadougou Airport,Ouagadougou,Burkina Faso,12.3536,-1.5119,True
DGAA,827,275,7.6667,4,840,279,7.9167,4,1667,554,33.2527,33.2143,33.2334,4,all_flights,All scheduled flights,Kotoka International Airport,Accra,Ghana,5.6044,-0.1675,True
DIAP,590,203,8.8833,4,639,295,13.0,4,1229,498,34.4068,46.1659,40.5207,4,all_flights,All scheduled flights,Félix-Houphouët-Boigny International Airport,Abidjan,Ivory Coast,5.2544,-3.9286,True
DNAA,333,88,6.7,4,329,130,11.15,4,662,218,26.4264,39.5137,32.9305,4,all_flights,All scheduled flights,Nnamdi Azikiwe International Airport,Abuja,Nigeria,9.005,7.265,True
DNMM,1160,336,6.6083,4,1082,383,8.6583,4,2242,719,28.9655,35.3974,32.0696,4,all_flights,All scheduled flights,Murtala Muhammed International Airport,Lagos,Nigeria,6.575,3.3217,True
DNPO,2,0,-10.9333,2,2,1,66.0833,2,4,1,0.0,50.0,25.0,2,all_flights,All scheduled flights,Port Harcourt International Airport,Port Harcourt,Nigeria,5.015,6.9467,False
DRRN,173,64,10.3167,4,162,58,8.2833,4,335,122,36.9942,35.8025,36.4179,4,all_flights,All scheduled flights,Diori Hamani International Airport,Niamey,Niger,13.4817,2.1703,False
DTKA,1,1,16.3,1,0,0,,0,1,1,100.0,,100.0,1,all_flights,All scheduled flights,Tabarka-Aïn Draham International Airport,Tabarka,Tunisia,36.98,8.8769,False
DTMB,786,270,9.6167,4,771,89,-2.0,4,1557,359,34.3511,11.5435,23.0572,4,all_flights,All scheduled flights,Monastir Habib Bourguiba International Airport,Monastir,Tunisia,35.7581,10.7547,True
DTNH,267,42,1.6333,4,292,89,8.0,4,559,131,15.7303,30.4795,23.4347,4,all_flights,All scheduled flights,Enfidha - Hammamet International Airport,Enfidha,Tunisia,36.0758,10.4386,True
DTTA,5734,1776,8.4833,4,5759,944,5.0,4,11493,2720,30.9731,16.3917,23.6666,4,all_flights,All scheduled flights,Tunis Carthage International Airport,Tunis,Tunisia,36.8511,10.2269,True
DTTJ,1155,276,7.0833,4,1150,106,-3.0,4,2305,382,23.8961,9.2174,16.5727,4,all_flights,All scheduled flights,Djerba Zarzis International Airport,Mellita,Tunisia,33.8756,10.7772,True
DTTX,63,22,11.15,4,66,7,-0.5,4,129,29,34.9206,10.6061,22.4806,4,all_flights,All scheduled flights,Sfax Thyna International Airport,Sfax,Tunisia,34.7206,10.6886,False
DXXX,227,114,15.55,4,226,88,10.7167,4,453,202,50.2203,38.9381,44.5916,4,all_flights,All scheduled flights,Lomé–Tokoin International Airport,Lomé,Togo,6.1658,1.2542,False
EBAW,322,36,-1.875,4,325,40,3.0,4,647,76,11.1801,12.3077,11.7465,4,all_flights,All scheduled flights,Antwerp International Airport (Deurne),Antwerp,Belgium,51.189,4.46,True
EBBL,1,1,23.7833,1,0,0,,0,1,1,100.0,,100.0,1,all_flights,All scheduled flights,,,,51.1683,5.47,False
EBBR,26001,5836,5.0667,4,26059,3659,4.0,4,52060,9495,22.4453,14.0412,18.2386,4,all_flights,All scheduled flights,Brussels Airport,Zaventem,Belgium,50.9014,4.4844,True
EBCI,8711,1390,1.9667,4,8704,1408,3.7,4,17415,2798,15.9568,16.1765,16.0666,4,all_flights,All scheduled flights,Brussels South Charleroi Airport,Charleroi,Belgium,50.46,4.4528,True
EBKT,2,0,1.1833,1,2,0,1.0,1,4,0,0.0,0.0,0.0,1,all_flights,All scheduled flights,Flanders International Airport Kortrijk-Wevelgem,Wevelgem,Belgium,50.8186,3.2092,False
EBLG,4213,1197,3.35,4,4330,588,1.0,4,8543,1785,28.4121,13.5797,20.8943,4,all_flights,All scheduled flights,Liège Airport,Grâce-Hollogne,Belgium,50.6364,5.4428,True
EBMB,7,5,19.8667,4,6,2,-1.0,4,13,7,71.4286,33.3333,53.8462,4,all_flights,All scheduled flights,,,,50.9012,4.4842,False
EBOS,662,120,-0.0333,4,657,125,3.0,4,1319,245,18.1269,19.0259,18.5747,4,all_flights,All scheduled flights,Oostende-Brugge International Airport,Oostende,Belgium,51.1989,2.8622,True
EDAH,46,8,-0.2833,2,42,5,-1.7083,2,88,13,17.3913,11.9048,14.7727,2,all_flights,All scheduled flights,Heringsdorf Airport,Zirchow,Germany,53.8786,14.1522,False
EDBN,1,1,48.2667,1,0,0,,0,1,1,100.0,,100.0,1,all_flights,All scheduled flights,Neubrandenburg Trollenhagen Airport,Trollenhagen,Germany,53.6022,13.3061,False
EDDB,23763,5704,6.25,4,23625,8504,10.0,4,47388,14208,24.0037,35.9958,29.9823,4,all_flights,All scheduled flights,Berlin Brandenburg Airport,Berlin,Germany,52.3622,13.5006,True
EDDC,1438,196,1.3917,4,1438,250,5.0,4,2876,446,13.63,17.3853,15.5076,4,all_flights,All scheduled flights,Dresden Airport,Dresden,Germany,51.1344,13.7681,True
EDDE,43,4,-6.5833,4,47,6,-4.0,4,90,10,9.3023,12.766,11.1111,4,all_flights,All scheduled flights,Erfurt-Weimar Airport,Erfurt,Germany,50.9797,10.9581,False
EDDF,60655,8194,-4.1833,4,60525,20658,9.0,4,121180,28852,13.5092,34.1314,23.8092,4,all_flights,All scheduled flights,Frankfurt Airport,Frankfurt am Main,Germany,50.0333,8.5706,True
EDDG,1049,175,2.8167,4,1039,194,4.0,4,2088,369,16.6826,18.6718,17.6724,4,all_flights,All scheduled flights,Münster Osnabrück Airport,Greven,Germany,52.1347,7.6847,True
EDDH,14565,1638,-2.6667,4,14452,4011,6.0,4,29017,5649,11.2461,27.7539,19.4679,4,all_flights,All scheduled flights,Hamburg Helmut Schmidt Airport,Hamburg,Germany,53.6303,9.9883,True
EDDK,15558,3966,5.1333,4,15390,2301,1.0,4,30948,6267,25.4917,14.9513,20.2501,4,all_flights,All scheduled flights,Cologne Bonn Airport,Köln (Cologne),Germany,50.8658,7.1428,True
EDDL,20851,4113,4.0833,4,20833,6744,8.0,4,41684,10857,19.7257,32.3717,26.046,4,all_flights,All scheduled flights,Düsseldorf Airport,Düsseldorf,Germany,51.2808,6.7572,True
EDDM,43419,5717,-0.2667,4,43502,12353,7.0,4,86921,18070,13.167,28.3964,20.789,4,all_flights,All scheduled flights,Munich Airport,Munich,Germany,48.3539,11.7861,True
EDDN,3798,768,2.875,4,3807,642,4.0,4,7605,1410,20.2212,16.8637,18.5404,4,all_flights,All scheduled flights,Nuremberg Airport,Nuremberg,Germany,49.4986,11.0781,True
EDDP,11271,1355,-1.6667,4,11282,847,-4.0,4,22553,2202,12.022,7.5075,9.7637,4,all_flights,All scheduled flights,Leipzig/Halle Airport,Schkeuditz,Germany,51.4239,12.2364,True
EDDR,316,49,3.325,4,316,78,7.5,4,632,127,15.5063,24.6835,20.0949,4,all_flights,All scheduled flights,Saarbrücken Airport,Saarbrücken,Germany,49.2144,7.1094,True
EDDS,10054,1698,3.0083,4,10067,2016,5.0,4,20121,3714,16.8888,20.0258,18.4583,4,all_flights,All scheduled flights,Stuttgart Airport,Stuttgart,Germany,48.69,9.2219,True
EDDV,5201,998,3.9833,4,5105,780,4.4,4,10306,1778,19.1886,15.2791,17.2521,4,all_flights,All scheduled flights,Hannover Airport,Hannover,Germany,52.4603,9.6836,True
EDDW,2217,344,3.6333,4,2224,371,5.0,4,4441,715,15.5165,16.6817,16.1,4,all_flights,All scheduled flights,Bremen Airport,Bremen,Germany,53.0475,8.7867,True
EDFH,1861,456,4.4833,4,1862,361,5.0,4,3723,817,24.503,19.3878,21.9447,4,all_flights,All scheduled flights,Frankfurt-Hahn Airport,Frankfurt am Main (Lautzenhausen),Germany,49.9458,7.2611,True
EDFM,27,1,-7.5833,2,25,0,-2.0,2,52,1,3.7037,0.0,1.9231,2,all_flights,All scheduled flights,Mannheim-City Airport,Mannheim,Germany,49.4728,8.5142,False
EDHI,0,0,,0,2,0,1.0,1,2,0,,0.0,0.0,1,all_flights,All scheduled flights,Hamburg-Finkenwerder Airport,Hamburg,Germany,53.5339,9.8322,False
EDHL,365,54,-4.6167,4,369,62,2.0,4,734,116,14.7945,16.8022,15.8038,4,all_flights,All scheduled flights,Lübeck Blankensee Airport,Lübeck,Germany,53.8053,10.7192,True
EDJA,2060,463,5.525,4,2070,292,3.0,4,4130,755,22.4757,14.1063,18.2809,4,all_flights,All scheduled flights,Memmingen Allgau Airport,Memmingen,Germany,47.9889,10.2394,True
EDLN,1,0,10.4333,1,4,0,-4.5,2,5,0,0.0,0.0,0.0,2,all_flights,All scheduled flights,Mönchengladbach Airport,Mönchengladbach,Germany,51.2303,6.5044,False
EDLP,446,75,1.75,4,441,75,3.9833,4,887,150,16.8161,17.0068,16.9109,4,all_flights,All scheduled flights,Paderborn Lippstadt Airport,Büren,Germany,51.6142,8.6164,True
EDLV,1068,174,2.0333,4,1071,219,3.7,4,2139,393,16.2921,20.4482,18.3731,4,all_flights,All scheduled flights,Weeze Airport,Weeze,Germany,51.6025,6.1422,True
EDLW,2829,529,4.2667,4,2842,692,6.0,4,5671,1221,18.6992,24.349,21.5306,4,all_flights,All scheduled flights,Dortmund Airport,Dortmund,Germany,51.5183,7.6122,True
EDNY,401,47,3.0,4,404,40,0.0,4,805,87,11.7207,9.901,10.8075,4,all_flights,All scheduled flights,Friedrichshafen Airport,Friedrichshafen,Germany,47.6714,9.5114,True
EDQA,1,0,-2.7667,1,0,0,,0,1,0,0.0,,0.0,1,all_flights,All scheduled flights,,,,49.9206,10.9144,False
EDRY,1,0,11.95,1,1,0,9.0,1,2,0,0.0,0.0,0.0,1,all_flights,All scheduled flights,,,,49.302,8.452,False
EDSB,1468,180,0.225,4,1474,181,-0.5083,4,2942,361,12.2616,12.2795,12.2706,4,all_flights,All scheduled flights,Karlsruhe Baden-Baden Airport,Rheinmünster,Germany,48.7794,8.0806,True
EDVE,7,2,8.7333,1,7,0,-0.1833,1,14,2,28.5714,0.0,14.2857,1,all_flights,All scheduled flights,Braunschweig-Wolfsburg Airport,Braunschweig,Germany,52.3194,10.5589,False
EDVK,139,28,3.6167,4,141,23,6.2667,4,280,51,20.1439,16.3121,18.2143,4,all_flights,All scheduled flights,Kassel Airport,Calden,Germany,51.4208,9.3922,False
EDXW,257,33,1.9,4,257,33,3.75,4,514,66,12.8405,12.8405,12.8405,4,all_flights,All scheduled flights,Westerland Sylt Airport,Sylt,Germany,54.9117,8.3425,True
EEEI,1,0,-18.0833,1,1,0,-2.0,1,2,0,0.0,0.0,0.0,1,all_flights,All scheduled flights,,,,59.262,24.219,False
EEKA,197,1,-6.1167,4,198,6,-3.0,4,395,7,0.5076,3.0303,1.7722,4,all_flights,All scheduled flights,Kärdla Airport,Kärdla,Estonia,58.9908,22.8308,False
EEKE,209,9,-0.2333,4,209,1,-11.0,4,418,10,4.3062,0.4785,2.3923,4,all_flights,All scheduled flights,Kuressaare Airport,Kuressaare,Estonia,58.23,22.5094,False
EEPU,10,0,-7.025,1,10,0,-8.0,1,20,0,0.0,0.0,0.0,1,all_flights,All scheduled flights,Pärnu Airport,Pärnu,Estonia,58.4189,24.4728,False
EETN,4725,344,-0.4333,4,4721,194,-3.0,4,9446,538,7.2804,4.1093,5.6955,4,all_flights,All scheduled flights,Lennart Meri Tallinn Airport,Tallinn,Estonia,59.4133,24.8325,True
EETU,44,0,-4.6,3,44,0,-6.5,3,88,0,0.0,0.0,0.0,3,all_flights,All scheduled flights,Tartu Airport,Reola,Estonia,58.3075,26.6869,False
EFET,4,1,5.8667,1,4,0,-5.5,1,8,1,25.0,0.0,12.5,1,all_flights,All scheduled flights,Enontekio Airport,Enontekio,Finland,68.3644,23.4275,False
EFHK,20956,2591,1.6,4,20942,2691,4.0,4,41898,5282,12.364,12.8498,12.6068,4,all_flights,All scheduled flights,Helsinki Vantaa Airport,Helsinki (Vantaa),Finland,60.3172,24.9633,True
EFIV,301,39,3.7667,4,301,5,-1.0,4,602,44,12.9568,1.6611,7.309,4,all_flights,All scheduled flights,Ivalo Airport,Ivalo,Finland,68.6108,27.4139,True
EFJO,156,6,-1.0333,3,156,0,-10.0,3,312,6,3.8462,0.0,1.9231,3,all_flights,All scheduled flights,Joensuu Airport,Joensuu,Finland,62.6589,29.6244,False
EFJY,120,5,1.2167,3,120,1,-6.5,3,240,6,4.1667,0.8333,2.5,3,all_flights,All scheduled flights,Jyväskylä Airport,Jyväskylän Maalaiskunta,Finland,62.4008,25.6728,False
EFKE,192,5,-7.0833,3,194,0,-7.5,3,386,5,2.6042,0.0,1.2953,3,all_flights,All scheduled flights,Kemi-Tornio Airport,Kemi / Tornio,Finland,65.7792,24.5847,False
EFKI,161,15,5.1667,3,163,0,-1.0,3,324,15,9.3168,0.0,4.6296,3,all_flights,All scheduled flights,Kajaani Airport,Kajaani,Finland,64.2842,27.6875,False
EFKK,345,14,-3.5667,4,345,0,-7.2167,4,690,14,4.058,0.0,2.029,4,all_flights,All scheduled flights,Kokkola-Pietarsaari Airport,Kokkola / Kruunupyy,Finland,63.7203,23.1392,True
EFKS,254,19,1.6083,4,254,4,1.0,4,508,23,7.4803,1.5748,4.5276,4,all_flights,All scheduled flights,Kuusamo Airport,Kuusamo,Finland,65.9903,29.2319,True
EFKT,480,56,5.175,4,479,6,0.0,4,959,62,11.6667,1.2526,6.4651,4,all_flights,All scheduled flights,Kittilä Airport,Kittilä,Finland,67.6986,24.8481,True
EFKU,429,33,1.5167,4,431,5,-2.0,4,860,38,7.6923,1.1601,4.4186,4,all_flights,All scheduled flights,Kuopio Airport,Kuopio / Siilinjärvi,Finland,63.0086,27.7944,True
EFLP,65,14,3.9,4,66,10,5.5,4,131,24,21.5385,15.1515,18.3206,4,all_flights,All scheduled flights,Lappeenranta Airport,Lappeenranta,Finland,61.0458,28.1486,False
EFMA,251,4,-8.4,4,252,1,-9.0,4,503,5,1.5936,0.3968,0.994,4,all_flights,All scheduled flights,Mariehamn Airport,Mariehamn,Åland Islands,60.1219,19.8964,True
EFOU,954,77,1.7167,4,954,10,-3.0,4,1908,87,8.0713,1.0482,4.5597,4,all_flights,All scheduled flights,Oulu Airport,Oulu / Oulunsalo,Finland,64.9292,25.3556,True
EFPO,234,6,1.5,4,234,0,-12.0,4,468,6,2.5641,0.0,1.2821,4,all_flights,All scheduled flights,Pori Airport,Pori,Finland,61.4614,21.7978,False
EFRO,869,119,4.0,4,871,38,-1.0,4,1740,157,13.6939,4.3628,9.023,4,all_flights,All scheduled flights,Rovaniemi Airport,Rovaniemi,Finland,66.5617,25.8308,True
EFSA,98,7,-2.2,4,99,0,-3.3,4,197,7,7.1429,0.0,3.5533,4,all_flights,All scheduled flights,Savonlinna Airport,Savonlinna,Finland,61.9428,28.945,False
EFTP,432,43,2.3917,4,423,16,-2.0,4,855,59,9.9537,3.7825,6.9006,4,all_flights,All scheduled flights,Tampere-Pirkkala Airport,Tampere / Pirkkala,Finland,61.4153,23.5878,True
EFTU,420,50,1.0667,4,420,8,-5.0,4,840,58,11.9048,1.9048,6.9048,4,all_flights,All scheduled flights,Turku Airport,Turku,Finland,60.5147,22.2617,True
EFVA,292,13,-2.875,4,292,3,-1.0,4,584,16,4.4521,1.0274,2.7397,4,all_flights,All scheduled flights,Vaasa Airport,Vaasa,Finland,63.0453,21.7642,True
EGAA,6297,526,-1.4667,4,6199,336,-2.0,4,12496,862,8.3532,5.4202,6.8982,4,all_flights,All scheduled flights,Belfast International Airport,Belfast,United Kingdom,54.6575,-6.2158,True
EGAC,4163,323,-0.85,4,4163,196,-1.0,4,8326,519,7.7588,4.7081,6.2335,4,all_flights,All scheduled flights,George Best Belfast City Airport,Belfast,United Kingdom,54.6181,-5.8725,True
EGAE,558,21,-5.5833,4,555,28,0.0,4,1113,49,3.7634,5.045,4.4025,4,all_flights,All scheduled flights,City of Derry Airport,Derry,United Kingdom,55.0428,-7.1619,True
EGBB,12187,2039,2.0167,4,12170,1414,1.0,4,24357,3453,16.7309,11.6187,14.1766,4,all_flights,All scheduled flights,Birmingham Airport,"Birmingham, West Midlands",United Kingdom,52.4539,-1.7481,True
EGBP,1,1,33.95,1,0,0,,0,1,1,100.0,,100.0,1,all_flights,All scheduled flights,Cotswold Airport,"Cirencester, Gloucestershire",United Kingdom,51.6681,-2.0569,False
EGCC,25585,6450,6.0333,4,25543,4665,5.0,4,51128,11115,25.2101,18.2633,21.7396,4,all_flights,All scheduled flights,Manchester Airport,"Manchester, Greater Manchester",United Kingdom,53.3539,-2.275,True
EGCN,806,166,4.35,3,811,134,2.6167,3,1617,300,20.5955,16.5228,18.5529,3,all_flights,All scheduled flights,,,,53.4753,-1.0042,True
EGEC,179,13,0.0,4,174,11,-4.0,4,353,24,7.2626,6.3218,6.7989,4,all_flights,All scheduled flights,Campbeltown Airport,Campbeltown,United Kingdom,55.4375,-5.6881,False
EGFF,1034,157,1.3083,4,1030,114,2.5,4,2064,271,15.1838,11.068,13.1298,4,all_flights,All scheduled flights,Cardiff International Airport,Cardiff,United Kingdom,51.3967,-3.3433,True
EGGD,9563,1901,3.65,4,9566,1235,3.0,4,19129,3136,19.8787,12.9103,16.394,4,all_flights,All scheduled flights,Bristol Airport,Bristol,United Kingdom,51.3828,-2.7192,True
EGGP,4498,478,-0.1333,4,4490,395,-2.0,4,8988,873,10.6269,8.7973,9.713,4,all_flights,All scheduled flights,Liverpool John Lennon Airport,Liverpool,United Kingdom,53.3336,-2.8497,True
EGGW,15156,2904,2.0167,4,15152,2635,5.0,4,30308,5539,19.1607,17.3904,18.2757,4,all_flights,All scheduled flights,London Luton Airport,"Luton, Bedfordshire",United Kingdom,51.8747,-0.3683,True
EGHF,0,0,,0,1,0,8.0,1,1,0,,0.0,0.0,1,all_flights,All scheduled flights,,,,50.8156,-1.2067,False
EGHH,782,111,1.275,4,779,104,2.0,4,1561,215,14.1944,13.3504,13.7732,4,all_flights,All scheduled flights,Bournemouth Airport,Bournemouth,United Kingdom,50.78,-1.8425,True
EGHI,2655,315,1.3833,4,2652,147,-2.0,4,5307,462,11.8644,5.543,8.7055,4,all_flights,All scheduled flights,Southampton Airport,Southampton,United Kingdom,50.9503,-1.3567,True
EGHQ,680,42,-3.8083,4,681,70,0.0,4,1361,112,6.1765,10.279,8.2292,4,all_flights,All scheduled flights,Cornwall Airport Newquay,Newquay,United Kingdom,50.441,-4.995,True
EGJA,727,12,-6.8167,4,723,5,-13.0,4,1450,17,1.6506,0.6916,1.1724,4,all_flights,All scheduled flights,Alderney Airport,Saint Anne,Guernsey,49.7067,-2.2144,True
EGJB,2729,90,-2.8167,4,2728,66,-5.0,4,5457,156,3.2979,2.4194,2.8587,4,all_flights,All scheduled flights,Guernsey Airport,Saint Peter Port,Guernsey,49.435,-2.6028,True
EGJJ,2894,231,-0.2917,4,2895,163,0.0,4,5789,394,7.982,5.6304,6.806,4,all_flights,All scheduled flights,Jersey Airport,St. Peter,Jersey,49.2081,-2.1956,True
EGKA,2,0,1.5,1,6,0,0.0,2,8,0,0.0,0.0,0.0,2,all_flights,All scheduled flights,Brighton City Airport,"Brighton, East Sussex",United Kingdom,50.8356,-0.2972,False
EGKB,8,0,-11.2333,4,6,0,1.0,3,14,0,0.0,0.0,0.0,4,all_flights,All scheduled flights,London Biggin Hill Airport,London,United Kingdom,51.3308,0.0325,False
EGKK,35975,12929,9.3333,4,35993,3982,0.0,4,71968,16911,35.9388,11.0633,23.4979,4,all_flights,All scheduled flights,London Gatwick Airport,London,United Kingdom,51.1481,-0.1903,True
EGLC,7505,1187,1.55,4,7540,900,4.0,4,15045,2087,15.8161,11.9363,13.8717,4,all_flights,All scheduled flights,London City Airport,London,United Kingdom,51.5053,0.0553,True
EGLF,55,5,2.3,4,56,1,-0.5,4,111,6,9.0909,1.7857,5.4054,4,all_flights,All scheduled flights,Farnborough Airport,"Farnborough, Hampshire",United Kingdom,51.2753,-0.7775,False
EGLL,64590,30795,14.1667,4,64524,11580,4.0,4,129114,42375,47.6777,17.9468,32.8198,4,all_flights,All scheduled flights,London Heathrow Airport,London,United Kingdom,51.4775,-0.4614,True
EGMC,161,29,-0.6333,3,159,7,-2.0,3,320,36,18.0124,4.4025,11.25,3,all_flights,All scheduled flights,London Southend Airport,"Southend-on-Sea, Essex",United Kingdom,51.5703,0.6933,False
EGMD,2,0,2.5,1,0,0,,0,2,0,0.0,,0.0,1,all_flights,All scheduled flights,Lydd London Ashford Airport,"Romney Marsh, Kent",United Kingdom,50.9561,0.9389,False
EGNH,2,0,1.6833,2,2,0,-22.5,2,4,0,0.0,0.0,0.0,2,all_flights,All scheduled flights,Blackpool Airport,Blackpool,United Kingdom,53.7717,-3.0286,False
EGNJ,363,46,-1.15,4,360,22,1.0,4,723,68,12.6722,6.1111,9.4053,4,all_flights,All scheduled flights,Humberside Airport,"Grimsby, Lincolnshire",United Kingdom,53.5733,-0.3514,True
EGNM,4348,793,3.8167,4,4377,598,3.0,4,8725,1391,18.2383,13.6623,15.9427,4,all_flights,All scheduled flights,Leeds Bradford Airport,"Leeds, West Yorkshire",United Kingdom,53.8661,-1.6608,True
EGNO,127,14,2.0833,4,121,3,-3.0,4,248,17,11.0236,2.4793,6.8548,4,all_flights,All scheduled flights,Warton Aerodrome,Warton,United Kingdom,53.745,-2.8833,False
EGNS,1589,102,-3.7667,4,1583,87,-2.0,4,3172,189,6.4191,5.4959,5.9584,4,all_flights,All scheduled flights,Isle of Man Airport,Castletown,Isle of Man,54.0833,-4.6233,True
EGNT,5351,1079,3.75,4,5343,904,4.0,4,10694,1983,20.1645,16.9193,18.5431,4,all_flights,All scheduled flights,Newcastle International Airport,"Newcastle upon Tyne, Tyne and Wear",United Kingdom,55.0381,-1.6897,True
EGNV,545,57,-0.6833,4,545,32,-1.2167,4,1090,89,10.4587,5.8716,8.1651,4,all_flights,All scheduled flights,Teesside International Airport,"Darlington, Durham",United Kingdom,54.509,-1.429,True
EGNX,8435,1125,0.6,4,8528,650,2.0,4,16963,1775,13.3373,7.622,10.464,4,all_flights,All scheduled flights,East Midlands Airport,Nottingham,United Kingdom,52.8311,-1.3278,True
EGPA,974,70,-0.2167,4,971,66,-6.0,4,1945,136,7.1869,6.7971,6.9923,4,all_flights,All scheduled flights,Kirkwall Airport,Orkney Islands,United Kingdom,58.9581,-2.9006,True
EGPB,1755,256,3.75,4,1755,145,-2.0,4,3510,401,14.5869,8.2621,11.4245,4,all_flights,All scheduled flights,Sumburgh Airport,"Lerwick, Shetland",United Kingdom,59.8814,-1.2939,True
EGPC,144,13,3.1333,4,146,4,-3.0,4,290,17,9.0278,2.7397,5.8621,4,all_flights,All scheduled flights,Wick John O'Groats Airport,Wick,United Kingdom,58.4589,-3.0931,False
EGPD,5593,671,0.1167,4,5596,392,0.0,4,11189,1063,11.9971,7.005,9.5004,4,all_flights,All scheduled flights,Aberdeen International Airport,Aberdeen,United Kingdom,57.2025,-2.1981,True
EGPE,1918,164,-4.0167,4,1925,216,1.0,4,3843,380,8.5506,11.2208,9.8881,4,all_flights,All scheduled flights,Inverness Airport,Inverness,United Kingdom,57.5425,-4.0475,True
EGPF,9855,1471,0.4833,4,9852,902,1.0,4,19707,2373,14.9264,9.1555,12.0414,4,all_flights,All scheduled flights,Glasgow Airport,Glasgow,United Kingdom,55.8719,-4.4331,True
EGPH,15946,2955,4.0833,4,15893,2460,3.0,4,31839,5415,18.5313,15.4785,17.0074,4,all_flights,All scheduled flights,Edinburgh Airport,Edinburgh,United Kingdom,55.95,-3.3725,True
EGPI,201,24,2.85,4,200,33,0.0,4,401,57,11.9403,16.5,14.2145,4,all_flights,All scheduled flights,Islay Airport,"Isle of Islay, Argyll and Bute",United Kingdom,55.6833,-6.2597,False
EGPK,643,121,0.4333,4,637,47,-1.0,4,1280,168,18.818,7.3783,13.125,4,all_flights,All scheduled flights,Glasgow Prestwick Airport,"Prestwick, South Ayrshire",United Kingdom,55.5094,-4.5944,True
EGPL,390,21,0.0,4,390,19,0.0,4,780,40,5.3846,4.8718,5.1282,4,all_flights,All scheduled flights,Benbecula Airport,Balivanich,United Kingdom,57.4806,-7.3639,True
EGPN,237,16,-1.2667,4,236,20,0.0,4,473,36,6.7511,8.4746,7.611,4,all_flights,All scheduled flights,Dundee Airport,Dundee,United Kingdom,56.4525,-3.0258,False
EGPO,895,57,0.0,4,893,66,-3.0,4,1788,123,6.3687,7.3908,6.8792,4,all_flights,All scheduled flights,Stornoway Airport,"Stornoway, Western Isles",United Kingdom,58.2156,-6.3311,True
EGPR,216,24,-0.55,4,208,42,0.0,4,424,66,11.1111,20.1923,15.566,4,all_flights,All scheduled flights,Barra Airport,Eoligarry,United Kingdom,57.0236,-7.4417,False
EGPU,216,24,0.85,4,219,22,-4.0,4,435,46,11.1111,10.0457,10.5747,4,all_flights,All scheduled flights,Tiree Airport,Balemartine,United Kingdom,56.4992,-6.8692,False
EGQS,14,6,10.6333,4,13,0,-7.0,4,27,6,42.8571,0.0,22.2222,4,all_flights,All scheduled flights,RAF Lossiemouth,Lossiemouth,United Kingdom,57.705,-3.3392,False
EGSC,64,4,-1.8417,4,65,2,-8.0,4,129,6,6.25,3.0769,4.6512,4,all_flights,All scheduled flights,Cambridge City Airport,"Cambridge, Cambridgeshire",United Kingdom,52.205,0.175,False
EGSH,511,45,0.5833,4,507,24,0.0,4,1018,69,8.8063,4.7337,6.778,4,all_flights,All scheduled flights,Norwich Airport,"Norwich, Norfolk",United Kingdom,52.6758,1.2828,True
EGSS,26823,7280,7.3167,4,26812,3492,4.0,4,53635,10772,27.1409,13.024,20.0839,4,all_flights,All scheduled flights,London Stansted Airport,London,United Kingdom,51.885,0.235,True
EGSY,2,0,4.875,1,3,0,-7.45,2,5,0,0.0,0.0,0.0,2,all_flights,All scheduled flights,,,,51.4047,-3.4358,False
EGTB,0,0,,0,1,0,-8.0,1,1,0,,0.0,0.0,1,all_flights,All scheduled flights,Wycombe Air Park,"Marlow, Buckinghamshire",United Kingdom,51.6117,-0.8083,False
EGTC,1,0,-6.15,1,2,0,-9.0,2,3,0,0.0,0.0,0.0,2,all_flights,All scheduled flights,,,,52.072,-0.617,False
EGTE,942,78,-1.4167,4,939,70,-1.0,4,1881,148,8.2803,7.4547,7.8682,4,all_flights,All scheduled flights,Exeter International Airport,"Exeter, Devon",United Kingdom,50.7342,-3.4139,True
EGTK,0,0,,0,1,1,29.0,1,1,1,,100.0,100.0,1,all_flights,All scheduled flights,London Oxford Airport,"Kidlington, Oxfordshire",United Kingdom,51.8369,-1.32,False
EGUL,1,1,29.0333,1,7,2,-10.3333,3,8,3,100.0,28.5714,37.5,3,all_flights,All scheduled flights,RAF Lakenheath,"Brandon, Suffolk",United Kingdom,52.4092,0.5608,False
EGUN,5,5,50.2,2,6,1,-3.0,3,11,6,100.0,16.6667,54.5455,3,all_flights,All scheduled flights,RAF Mildenhall,"Bury Saint Edmunds, Suffolk",United Kingdom,52.3619,0.4864,False
EGVA,8,1,-26.4167,2,6,0,-14.5,1,14,1,12.5,0.0,7.1429,2,all_flights,All scheduled flights,RAF Fairford,"Fairford, Gloucestershire",United Kingdom,51.6836,-1.79,False
EGVN,3,2,38.2333,2,5,1,1.0,3,8,3,66.6667,20.0,37.5,3,all_flights,All scheduled flights,RAF Brize Norton,"Carterton, Oxfordshire",United Kingdom,51.75,-1.5831,False
EGWU,1,1,33.1167,1,1,0,4.0,1,2,1,100.0,0.0,50.0,1,all_flights,All scheduled flights,RAF Northolt,London,United Kingdom,51.5528,-0.4197,False
EGXC,74,9,4.7667,4,73,3,-0.8667,4,147,12,12.1622,4.1096,8.1633,4,all_flights,All scheduled flights,RAF Coningsby,"Lincoln, Lincolnshire",United Kingdom,53.0931,-0.1661,False
EHAM,65994,18294,7.7667,4,66053,14287,6.0,4,132047,32581,27.7207,21.6296,24.6738,4,all_flights,All scheduled flights,Amsterdam Airport Schiphol,Amsterdam,Netherlands,52.3081,4.7642,True
EHBK,491,126,3.0333,4,488,86,3.3,4,979,212,25.6619,17.623,21.6547,4,all_flights,All scheduled flights,Maastricht Aachen Airport,Maastricht,Netherlands,50.9158,5.7769,True
EHDS,1,0,-10.9,1,12,3,-5.0917,4,13,3,0.0,25.0,23.0769,4,all_flights,All scheduled flights,,,,54.4058,2.8167,False
EHDT,0,0,,0,6,0,-20.7667,2,6,0,,0.0,0.0,2,all_flights,All scheduled flights,,,,54.3422,2.8644,False
EHDV,0,0,,0,1,0,-9.55,1,1,0,,0.0,0.0,1,all_flights,All scheduled flights,,,,54.3247,2.9342,False
EHEH,6296,1003,1.5667,4,6310,1143,6.0,4,12606,2146,15.9307,18.1141,17.0236,4,all_flights,All scheduled flights,Eindhoven Airport,Eindhoven,Netherlands,51.45,5.3744,True
EHFB,0,0,,0,1,0,-8.0167,1,1,0,,0.0,0.0,1,all_flights,All scheduled flights,,,,54.9444,4.5725,False
EHGG,72,9,3.675,4,70,6,0.8167,4,142,15,12.5,8.5714,10.5634,4,all_flights,All scheduled flights,Groningen Airport Eelde,Groningen,Netherlands,53.125,6.5833,False
EHKD,113,18,-2.5,4,87,5,-10.8,4,200,23,15.9292,5.7471,11.5,4,all_flights,All scheduled flights,De Kooy Airfield / Den Helder Naval Air Station,Den Helder,Netherlands,52.9236,4.7806,False
EHLE,5,1,-1.5167,1,5,1,2.0,1,10,2,20.0,20.0,20.0,1,all_flights,All scheduled flights,Lelystad Airport,Lelystad,Netherlands,52.4533,5.5139,False
EHLS,10,0,-8.0667,2,9,2,-1.0,3,19,2,0.0,22.2222,10.5263,3,all_flights,All scheduled flights,,,,53.7042,4.6022,False
EHLT,37,12,3.2667,4,32,5,-1.0,4,69,17,32.4324,15.625,24.6377,4,all_flights,All scheduled flights,,,,53.6606,4.5394,False
EHLU,0,0,,0,1,0,-1.0,1,1,0,,0.0,0.0,1,all_flights,All scheduled flights,,,,53.64,4.5625,False
EHMF,2,0,-14.075,1,2,0,-3.0833,1,4,0,0.0,0.0,0.0,1,all_flights,All scheduled flights,,,,53.6958,4.6453,False
EHQH,0,0,,0,1,0,-13.2667,1,1,0,,0.0,0.0,1,all_flights,All scheduled flights,,,,52.8256,4.2833,False
EHRD,2210,207,0.1583,4,2218,203,2.0,4,4428,410,9.3665,9.1524,9.2593,4,all_flights,All scheduled flights,Rotterdam The Hague Airport,Rotterdam,Netherlands,51.9569,4.4372,True
EHTE,0,0,,0,1,1,102.5333,1,1,1,,100.0,100.0,1,all_flights,All scheduled flights,,,,52.245,6.047,False
EHTW,1,0,-21.0333,1,0,0,,0,1,0,0.0,,0.0,1,all_flights,All scheduled flights,Twente Airport,Enschede,Netherlands,52.2758,6.8892,False
EICK,2866,316,0.8083,4,2859,250,1.0,4,5725,566,11.0258,8.7443,9.8865,4,all_flights,All scheduled flights,Cork Airport,Cork,Ireland,51.8414,-8.4911,True
EIDL,232,16,-0.2,4,233,6,-4.0,4,465,22,6.8966,2.5751,4.7312,4,all_flights,All scheduled flights,Donegal Airport,Donegal,Ireland,55.0442,-8.3411,False
EIDW,34105,6286,1.8833,4,34154,3022,-1.0,4,68259,9308,18.4313,8.8482,13.6363,4,all_flights,All scheduled flights,Dublin Airport,Dublin,Ireland,53.4214,-6.27,True
EIKN,865,68,-1.8333,4,866,30,1.0,4,1731,98,7.8613,3.4642,5.6615,4,all_flights,All scheduled flights,Ireland West Knock Airport,Charlestown,Ireland,53.9103,-8.8186,True
EIKY,558,37,-5.1,4,558,29,0.0,4,1116,66,6.6308,5.1971,5.914,4,all_flights,All scheduled flights,Kerry Airport,Farranfore,Ireland,52.1808,-9.5239,True
EIME,1,0,4.3,1,0,0,,0,1,0,0.0,,0.0,1,all_flights,All scheduled flights,,,,53.3031,-6.4553,False
EINN,2115,231,-1.4333,4,2118,117,-3.0,4,4233,348,10.922,5.5241,8.2211,4,all_flights,All scheduled flights,Shannon Airport,Shannon,Ireland,52.7019,-8.9247,True
EKAC,3,0,-8.0,2,4,0,-3.0,2,7,0,0.0,0.0,0.0,2,all_flights,All scheduled flights,,,,56.143,10.256,False
EKAF,29,3,-5.7833,4,31,4,1.0,4,60,7,10.3448,12.9032,11.6667,4,all_flights,All scheduled flights,,,,55.7906,3.9925,False
EKAH,851,50,-0.35,4,853,37,-2.45,4,1704,87,5.8754,4.3376,5.1056,4,all_flights,All scheduled flights,Aarhus Airport,Aarhus,Denmark,56.3,10.6189,True
EKAT,1,1,32.3,1,0,0,,0,1,1,100.0,,100.0,1,all_flights,All scheduled flights,,,,56.6989,11.5558,False
EKBI,4812,638,2.375,4,4825,354,0.7167,4,9637,992,13.2585,7.3368,10.2937,4,all_flights,All scheduled flights,Billund Airport,Billund,Denmark,55.7403,9.1517,True
EKCC,5,0,-11.0,2,3,0,-2.3,2,8,0,0.0,0.0,0.0,2,all_flights,All scheduled flights,,,,55.708,12.628,False
EKCH,32126,3293,-0.6167,4,32085,4206,3.0,4,64211,7499,10.2503,13.1089,11.6787,4,all_flights,All scheduled flights,Copenhagen Kastrup Airport,Copenhagen,Denmark,55.6181,12.6561,True
EKDF,3,0,-11.0833,2,2,0,-9.7583,1,5,0,0.0,0.0,0.0,2,all_flights,All scheduled flights,,,,55.4781,5.1056,False
EKEB,150,8,-3.5333,4,154,14,-1.0,4,304,22,5.3333,9.0909,7.2368,4,all_flights,All scheduled flights,Esbjerg Airport,Esbjerg,Denmark,55.5258,8.5533,False
EKGC,1,0,-29.1333,1,0,0,,0,1,0,0.0,,0.0,1,all_flights,All scheduled flights,,,,55.58,4.7589,False
EKHA,0,0,,0,1,0,-1.85,1,1,0,,0.0,0.0,1,all_flights,All scheduled flights,,,,55.5308,5.0042,False
EKHB,0,0,,0,1,0,-6.0,1,1,0,,0.0,0.0,1,all_flights,All scheduled flights,,,,55.5386,5.0333,False
EKKA,217,2,-2.9667,4,219,0,-1.0,4,436,2,0.9217,0.0,0.4587,4,all_flights,All scheduled flights,Midtjyllands Airport / Air Base Karup,Karup,Denmark,56.2975,9.1247,False
EKOD,18,4,7.6333,3,18,2,0.0,3,36,6,22.2222,11.1111,16.6667,3,all_flights,All scheduled flights,Odense Hans Christian Andersen Airport,Odense,Denmark,55.4767,10.3308,False
EKRK,2,1,5.925,1,3,1,-9.0,2,5,2,50.0,33.3333,40.0,2,all_flights,All scheduled flights,Copenhagen Roskilde Airport,Roskilde,Denmark,55.5856,12.1314,False
EKRN,926,43,0.2333,4,926,7,-2.0,4,1852,50,4.6436,0.7559,2.6998,4,all_flights,All scheduled flights,Bornholm Airport,Rønne,Denmark,55.0633,14.7594,True
EKSB,385,8,-4.9167,4,386,7,-1.0,4,771,15,2.0779,1.8135,1.9455,4,all_flights,All scheduled flights,Sønderborg Airport,Sønderborg,Denmark,54.9644,9.7917,True
EKTS,1,0,8.8333,1,0,0,,0,1,0,0.0,,0.0,1,all_flights,All scheduled flights,Thisted Airport,Thisted,Denmark,57.0689,8.7053,False
EKTW,1,0,4.3833,1,1,0,1.0,1,2,0,0.0,0.0,0.0,1,all_flights,All scheduled flights,,,,55.7164,4.7503,False
EKVG,572,110,5.1833,4,569,60,2.0,4,1141,170,19.2308,10.5448,14.8992,4,all_flights,All scheduled flights,Vágar Airport,Vágar,Faroe Islands,62.0636,-7.2772,True
EKYT,2494,183,1.3917,4,2506,132,1.0,4,5000,315,7.3376,5.2674,6.3,4,all_flights,All scheduled flights,Aalborg Airport,Aalborg,Denmark,57.0928,9.8492,True
ELLX,10291,2008,1.9333,4,10299,1428,3.0,4,20590,3436,19.5122,13.8654,16.6877,4,all_flights,All scheduled flights,Luxembourg-Findel International Airport,Luxembourg,Luxembourg,49.6233,6.2044,True
ENAL,2128,137,-1.1667,4,2122,69,0.0,4,4250,206,6.438,3.2516,4.8471,4,all_flights,All scheduled flights,"Ålesund Airport, Vigra",Ålesund,Norway,62.5625,6.1197,True
ENAN,506,4,-9.4833,4,506,8,-3.0,4,1012,12,0.7905,1.581,1.1858,4,all_flights,All scheduled flights,"Andøya Airport, Andenes",Andenes,Norway,69.2925,16.1442,True
ENAT,982,45,-6.9917,4,982,31,-3.0,4,1964,76,4.5825,3.1568,3.8697,4,all_flights,All scheduled flights,Alta Airport,Alta,Norway,69.9761,23.3717,True
ENBL,450,1,-16.3333,4,450,3,-2.0,4,900,4,0.2222,0.6667,0.4444,4,all_flights,All scheduled flights,"Førde Airport, Bringeland",Førde,Norway,61.3911,5.7569,True
ENBN,617,4,-13.9667,4,620,3,-1.0083,4,1237,7,0.6483,0.4839,0.5659,4,all_flights,All scheduled flights,"Brønnøysund Airport, Brønnøy",Brønnøy,Norway,65.4611,12.2175,True
ENBO,5731,218,-8.0167,4,5745,224,-0.6333,4,11476,442,3.8039,3.899,3.8515,4,all_flights,All scheduled flights,Bodø Airport,Bodø,Norway,67.2692,14.3653,True
ENBR,13185,412,-6.5667,4,13200,312,-5.7833,4,26385,724,3.1248,2.3636,2.744,4,all_flights,All scheduled flights,"Bergen Airport, Flesland",Bergen,Norway,60.2936,5.2181,True
ENBS,347,10,-6.2833,4,346,8,-6.0,4,693,18,2.8818,2.3121,2.5974,4,all_flights,All scheduled flights,Båtsfjord Airport,Båtsfjord,Norway,70.6003,29.6925,True
ENBV,255,13,-11.3167,4,252,2,-8.0,4,507,15,5.098,0.7937,2.9586,4,all_flights,All scheduled flights,Berlevåg Airport,Berlevåg,Norway,70.8714,29.0342,True
ENCN,1721,60,-5.5667,4,1722,51,-2.95,4,3443,111,3.4863,2.9617,3.2239,4,all_flights,All scheduled flights,"Kristiansand Airport, Kjevik",Kjevik,Norway,58.2039,8.085,True
ENDU,308,44,7.2333,4,309,5,-1.0,4,617,49,14.2857,1.6181,7.9417,4,all_flights,All scheduled flights,Bardufoss Airport,Målselv,Norway,69.0558,18.5403,True
ENEV,1496,173,1.1333,4,1497,48,-3.0333,4,2993,221,11.5642,3.2064,7.3839,4,all_flights,All scheduled flights,"Harstad/Narvik Airport, Evenes",Evenes,Norway,68.4889,16.6783,True
ENFL,835,14,-20.3667,4,832,3,-4.0,4,1667,17,1.6766,0.3606,1.0198,4,all_flights,All scheduled flights,Florø Airport,Florø,Norway,61.5836,5.0247,True
ENGM,33396,2498,-2.0,4,33358,2870,2.15,4,66754,5368,7.4799,8.6036,8.0415,4,all_flights,All scheduled flights,"Oslo Airport, Gardermoen",Oslo (Gardermoen),Norway,60.2028,11.0839,True
ENHD,1134,39,-3.2583,4,1136,34,-1.2417,4,2270,73,3.4392,2.993,3.2159,4,all_flights,All scheduled flights,"Haugesund Airport, Karmøy",Karmøy,Norway,59.3433,5.2125,True
ENHF,1219,42,-13.6167,4,1217,23,-3.5,4,2436,65,3.4454,1.8899,2.6683,4,all_flights,All scheduled flights,Hammerfest Airport,Hammerfest,Norway,70.6797,23.6686,True
ENHK,275,5,-8.1167,4,277,15,-3.0,4,552,20,1.8182,5.4152,3.6232,4,all_flights,All scheduled flights,Hasvik Airport,Hasvik,Norway,70.4867,22.1397,True
ENHV,300,6,-7.9,4,302,3,-5.0,4,602,9,2.0,0.9934,1.495,4,all_flights,All scheduled flights,"Honningsvåg Airport, Valan",Honningsvåg,Norway,71.0097,25.9836,True
ENKB,664,16,-6.9167,4,667,15,-3.0,4,1331,31,2.4096,2.2489,2.3291,4,all_flights,All scheduled flights,"Kristiansund Airport, Kvernberget",Kvernberget,Norway,63.1119,7.8261,True
ENKR,911,41,-5.9333,4,906,31,-2.0,4,1817,72,4.5005,3.4216,3.9626,4,all_flights,All scheduled flights,"Kirkenes Airport, Høybuktmoen",Kirkenes,Norway,69.725,29.8878,True
ENLK,667,11,-9.7667,4,667,9,-3.0,4,1334,20,1.6492,1.3493,1.4993,4,all_flights,All scheduled flights,Leknes Airport,Leknes,Norway,68.1525,13.6094,True
ENMH,353,7,-8.3833,4,353,9,-6.0,4,706,16,1.983,2.5496,2.2663,4,all_flights,All scheduled flights,Mehamn Airport,Mehamn,Norway,71.0297,27.8267,True
ENML,797,48,-3.55,4,802,22,0.0,4,1599,70,6.0226,2.7431,4.3777,4,all_flights,All scheduled flights,"Molde Airport, Årø",Årø,Norway,62.7447,7.2625,True
ENMS,524,9,-11.0167,4,523,8,-2.0,4,1047,17,1.7176,1.5296,1.6237,4,all_flights,All scheduled flights,"Mosjøen Airport, Kjærstad",Mosjøen,Norway,65.7836,13.2153,True
ENNA,309,21,-2.65,4,307,5,-4.0,4,616,26,6.7961,1.6287,4.2208,4,all_flights,All scheduled flights,"Lakselv Airport, Banak",Lakselv,Norway,70.0667,24.9739,True
ENNM,353,2,-10.1667,4,353,3,-6.0,4,706,5,0.5666,0.8499,0.7082,4,all_flights,All scheduled flights,Namsos Airport,Namsos,Norway,64.4722,11.5786,True
ENOL,140,8,-3.5167,4,140,2,-10.0,4,280,10,5.7143,1.4286,3.5714,4,all_flights,All scheduled flights,Ørland Airport,Ørland,Norway,63.7,9.6028,False
ENOV,683,10,-11.7833,4,683,5,-5.0,4,1366,15,1.4641,0.7321,1.0981,4,all_flights,All scheduled flights,"Ørsta-Volda Airport, Hovden",Ørsta,Norway,62.18,6.0742,True
ENRA,669,11,-8.7833,4,671,13,-2.0,4,1340,24,1.6442,1.9374,1.791,4,all_flights,All scheduled flights,"Mo i Rana Airport, Røssvoll",Mo i Rana,Norway,66.3639,14.3014,True
ENRM,407,5,-14.8667,4,406,3,-6.0,4,813,8,1.2285,0.7389,0.984,4,all_flights,All scheduled flights,"Rørvik Airport, Ryum",Rørvik,Norway,64.8383,11.1461,True
ENRO,178,1,-10.5667,4,178,1,-3.0,4,356,2,0.5618,0.5618,0.5618,4,all_flights,All scheduled flights,Røros Airport,Røros,Norway,62.5789,11.345,False
ENRS,190,4,-10.325,4,187,3,-4.0,4,377,7,2.1053,1.6043,1.8568,4,all_flights,All scheduled flights,Røst Airport,Røst,Norway,67.5278,12.1033,False
ENSB,253,42,4.5667,4,249,84,7.4167,4,502,126,16.6008,33.7349,25.0996,4,all_flights,All scheduled flights,"Svalbard Airport, Longyear",Longyearbyen,Norway,78.2461,15.4656,True
ENSD,364,5,-12.0167,4,367,3,-6.0,4,731,8,1.3736,0.8174,1.0944,4,all_flights,All scheduled flights,"Sandane Airport, Anda",Sandane,Norway,61.83,6.1058,True
ENSG,799,4,-10.9167,4,798,3,-6.0,4,1597,7,0.5006,0.3759,0.4383,4,all_flights,All scheduled flights,"Sogndal Airport, Haukåsen",Sogndal,Norway,61.1561,7.1378,True
ENSH,648,10,-6.9583,4,646,11,-3.0,4,1294,21,1.5432,1.7028,1.6229,4,all_flights,All scheduled flights,"Svolvær Airport, Helle",Svolvær,Norway,68.2433,14.6692,True
ENSK,714,10,-8.8083,4,713,17,-3.0,4,1427,27,1.4006,2.3843,1.8921,4,all_flights,All scheduled flights,"Stokmarknes Airport, Skagen",Hadsel,Norway,68.5808,15.0261,True
ENSO,158,5,-1.45,4,159,4,-2.1667,4,317,9,3.1646,2.5157,2.8391,4,all_flights,All scheduled flights,"Stord Airport, Sørstokken",Leirvik,Norway,59.7928,5.3397,False
ENSR,258,2,-12.1417,4,258,6,-4.0,4,516,8,0.7752,2.3256,1.5504,4,all_flights,All scheduled flights,Sørkjosen Airport,Sørkjosen,Norway,69.7867,20.9597,True
ENSS,336,6,-5.875,4,335,7,-7.0,4,671,13,1.7857,2.0896,1.9374,4,all_flights,All scheduled flights,"Vardø Airport, Svartnes",Vardø,Norway,70.3553,31.045,True
ENST,473,6,-11.95,4,470,4,-1.0,4,943,10,1.2685,0.8511,1.0604,4,all_flights,All scheduled flights,"Sandnessjøen Airport, Stokka",Alstahaug,Norway,65.9597,12.4722,True
ENTC,5831,575,-2.5667,4,5841,248,-2.0,4,11672,823,9.8611,4.2458,7.0511,4,all_flights,All scheduled flights,"Tromsø Airport, Langnes",Tromsø,Norway,69.6814,18.9178,True
ENTO,2909,106,-8.95,4,2910,139,-2.0,4,5819,245,3.6439,4.7766,4.2103,4,all_flights,All scheduled flights,"Sandefjord Airport, Torp",Torp,Norway,59.1867,10.2586,True
ENVA,8753,312,-5.0,4,8740,205,-3.0,4,17493,517,3.5645,2.3455,2.9555,4,all_flights,All scheduled flights,"Trondheim Airport, Værnes",Trondheim,Norway,63.4575,10.9242,True
ENVD,1007,14,-10.5833,4,1007,16,-4.5833,4,2014,30,1.3903,1.5889,1.4896,4,all_flights,All scheduled flights,Vadsø Airport,Vadsø,Norway,70.0653,29.8447,True
ENVR,191,2,-8.05,4,193,4,1.3167,4,384,6,1.0471,2.0725,1.5625,4,all_flights,All scheduled flights,,,,67.6544,12.7269,False
ENZV,6748,291,-1.8333,4,6743,253,-3.0,4,13491,544,4.3124,3.752,4.0323,4,all_flights,All scheduled flights,"Stavanger Airport, Sola",Stavanger,Norway,58.8767,5.6378,True
EPBY,348,24,0.05,4,350,13,-7.0,4,698,37,6.8966,3.7143,5.3009,4,all_flights,All scheduled flights,Bydgoszcz Ignacy Jan Paderewski Airport,Bydgoszcz,Poland,53.0967,17.9778,True
EPGD,6061,450,-3.6833,4,6070,498,0.0,4,12131,948,7.4245,8.2043,7.8147,4,all_flights,All scheduled flights,Gdańsk Lech Wałęsa Airport,Gdańsk,Poland,54.3775,18.4661,True
EPKK,8715,1220,1.75,4,8725,966,2.0,4,17440,2186,13.9989,11.0716,12.5344,4,all_flights,All scheduled flights,Kraków John Paul II International Airport,Balice,Poland,50.0778,19.7847,True
EPKT,3633,411,-0.3833,4,3700,417,1.0,4,7333,828,11.313,11.2703,11.2914,4,all_flights,All scheduled flights,Katowice Wojciech Korfanty International Airport,Katowice,Poland,50.4742,19.08,True
EPLB,423,52,-0.1833,4,422,53,2.0,4,845,105,12.2931,12.5592,12.426,4,all_flights,All scheduled flights,Lublin Airport,Lublin,Poland,51.2403,22.7136,True
EPLL,157,12,0.6667,4,155,13,4.0,4,312,25,7.6433,8.3871,8.0128,4,all_flights,All scheduled flights,Łódź Władysław Reymont Airport,Łódź,Poland,51.7219,19.3981,False
EPMB,0,0,,0,1,0,11.0,1,1,0,,0.0,0.0,1,all_flights,All scheduled flights,,,,54.0267,19.1356,False
EPMO,3285,382,-1.5333,4,3279,364,0.4167,4,6564,746,11.6286,11.1009,11.365,4,all_flights,All scheduled flights,Modlin Airport,Nowy Dwór Mazowiecki,Poland,52.4511,20.6519,True
EPPO,2237,164,-3.0,4,2236,231,3.0,4,4473,395,7.3312,10.3309,8.8308,4,all_flights,All scheduled flights,Poznań-Ławica Airport,Poznań,Poland,52.4211,16.8264,True
EPPW,0,0,,0,2,1,8.0,2,2,1,,50.0,50.0,2,all_flights,All scheduled flights,,,,52.3792,17.8522,False
EPRZ,1046,164,2.475,4,1038,96,3.4167,4,2084,260,15.6788,9.2486,12.476,4,all_flights,All scheduled flights,Rzeszów-Jasionka Airport,Jasionka,Poland,50.11,22.0189,True
EPSC,614,44,-1.4167,4,611,42,1.0,4,1225,86,7.1661,6.874,7.0204,4,all_flights,All scheduled flights,Solidarity Szczecin–Goleniów Airport,Glewice,Poland,53.5847,14.9022,True
EPSY,179,18,-4.2167,4,179,10,1.0,4,358,28,10.0559,5.5866,7.8212,4,all_flights,All scheduled flights,Olsztyn-Mazury Airport,Szymany,Poland,53.4819,20.9378,False
EPWA,20920,2588,-2.8167,4,20940,3365,5.0,4,41860,5953,12.3709,16.0697,14.2212,4,all_flights,All scheduled flights,Warsaw Chopin Airport,Warsaw,Poland,52.1658,20.9672,True
EPWR,3322,278,-1.15,4,3319,407,3.0,4,6641,685,8.3685,12.2627,10.3147,4,all_flights,All scheduled flights,Copernicus Wrocław Airport,Wrocław,Poland,51.1028,16.8858,True
EPZG,116,0,-1.3583,4,118,1,-2.5,4,234,1,0.0,0.8475,0.4274,4,all_flights,All scheduled flights,Zielona Góra-Babimost Airport,Nowe Kramsko,Poland,52.1386,15.7986,False
ESDF,447,1,-4.05,4,451,7,-2.5833,4,898,8,0.2237,1.5521,0.8909,4,all_flights,All scheduled flights,Ronneby Airport,Ronneby,Sweden,56.2667,15.265,True
ESGG,6979,826,1.6667,4,6974,545,1.0,4,13953,1371,11.8355,7.8147,9.8258,4,all_flights,All scheduled flights,Göteborg Landvetter Airport,Göteborg,Sweden,57.66,12.2911,True
ESGJ,194,3,-14.4417,4,198,6,0.0,4,392,9,1.5464,3.0303,2.2959,4,all_flights,All scheduled flights,Jönköping Airport,Jönköping,Sweden,57.7583,14.0692,False
ESGT,147,2,-2.5167,4,146,0,-9.0,4,293,2,1.3605,0.0,0.6826,4,all_flights,All scheduled flights,Trollhättan-Vänersborg Airport,Trollhättan,Sweden,58.3181,12.345,False
ESKN,678,90,-0.375,4,678,48,-4.0,4,1356,138,13.2743,7.0796,10.177,4,all_flights,All scheduled flights,Stockholm Skavsta Airport,Nyköping,Sweden,58.7886,16.9036,True
ESKS,46,3,0.7167,2,46,0,-5.5,2,92,3,6.5217,0.0,3.2609,2,all_flights,All scheduled flights,Scandinavian Mountains Airport,Malung-Sälen,Sweden,61.1647,12.8339,False
ESMK,162,0,-7.6833,4,161,0,-8.0,4,323,0,0.0,0.0,0.0,4,all_flights,All scheduled flights,Kristianstad Airport,Kristianstad,Sweden,55.9206,14.0853,False
ESMQ,401,8,-3.0667,4,405,6,-4.0,4,806,14,1.995,1.4815,1.737,4,all_flights,All scheduled flights,Kalmar Airport,Kalmar,Sweden,56.6856,16.2875,True
ESMS,2499,121,-2.7833,4,2511,111,-3.0,4,5010,232,4.8419,4.4205,4.6307,4,all_flights,All scheduled flights,Malmö Sturup Airport,Malmö,Sweden,55.548,13.353,True
ESMT,267,3,1.2833,4,268,3,0.0,4,535,6,1.1236,1.1194,1.1215,4,all_flights,All scheduled flights,Halmstad Airport,Halmstad,Sweden,56.6908,12.82,True
ESMX,262,28,1.0667,4,263,23,-3.0,4,525,51,10.687,8.7452,9.7143,4,all_flights,All scheduled flights,Växjö Kronoberg Airport,Växjö,Sweden,56.9303,14.7289,True
ESND,208,0,-17.4833,4,208,2,-2.0,4,416,2,0.0,0.9615,0.4808,4,all_flights,All scheduled flights,Sveg Airport,Sveg,Sweden,62.0478,14.4242,False
ESNG,146,5,-9.325,4,148,0,-7.5,4,294,5,3.4247,0.0,1.7007,4,all_flights,All scheduled flights,Gällivare Airport,Gällivare,Sweden,67.1331,20.8122,False
ESNK,299,4,-9.1,4,301,5,-8.0,4,600,9,1.3378,1.6611,1.5,4,all_flights,All scheduled flights,Kramfors-Sollefteå Höga Kusten Airport,Nyland,Sweden,63.0486,17.7689,True
ESNL,300,5,-6.375,4,300,5,-7.0,4,600,10,1.6667,1.6667,1.6667,4,all_flights,All scheduled flights,Lycksele Airport,Lycksele,Sweden,64.5475,18.7178,True
ESNN,180,0,-12.15,4,181,3,-1.0,4,361,3,0.0,1.6575,0.831,4,all_flights,All scheduled flights,Sundsvall-Härnösand Airport,Sundsvall/ Härnösand,Sweden,62.5294,17.4428,False
ESNO,126,2,-2.8917,2,127,1,-1.0,2,253,3,1.5873,0.7874,1.1858,2,all_flights,All scheduled flights,Örnsköldsvik Airport,Örnsköldsvik,Sweden,63.4078,18.9925,False
ESNQ,297,16,1.1,4,299,3,-9.0,4,596,19,5.3872,1.0033,3.1879,4,all_flights,All scheduled flights,Kiruna Airport,Kiruna,Sweden,67.8214,20.3356,True
ESNS,486,24,-0.7,4,488,6,1.0,4,974,30,4.9383,1.2295,3.0801,4,all_flights,All scheduled flights,Skellefteå Airport,Skellefteå,Sweden,64.6247,21.0769,True
ESNU,1299,36,-4.4167,4,1300,46,-3.0,4,2599,82,2.7714,3.5385,3.1551,4,all_flights,All scheduled flights,Umeå Airport,Umeå,Sweden,63.7931,20.28,True
ESNV,179,8,-3.2667,4,180,1,-7.0,4,359,9,4.4693,0.5556,2.507,4,all_flights,All scheduled flights,Vilhelmina South Lapland Airport,Vilhelmina,Sweden,64.5786,16.8397,False
ESNX,295,7,-4.55,4,299,2,-10.0,4,594,9,2.3729,0.6689,1.5152,4,all_flights,All scheduled flights,Arvidsjaur Airport,Arvidsjaur,Sweden,65.5903,19.2819,True
ESNZ,686,10,-4.8583,4,687,3,-4.0,4,1373,13,1.4577,0.4367,0.9468,4,all_flights,All scheduled flights,Åre Östersund Airport,Östersund,Sweden,63.1944,14.5003,True
ESOE,269,27,4.1167,4,270,9,-4.0,4,539,36,10.0372,3.3333,6.679,4,all_flights,All scheduled flights,Örebro Airport,Örebro,Sweden,59.2281,15.04,True
ESOH,199,0,-4.6833,4,211,7,-5.0,4,410,7,0.0,3.3175,1.7073,4,all_flights,All scheduled flights,Hagfors Airport,Råda,Sweden,60.0211,13.5789,False
ESOK,2,0,-20.0,1,2,0,-3.0,1,4,0,0.0,0.0,0.0,1,all_flights,All scheduled flights,Karlstad Airport,Karlstad,Sweden,59.4447,13.3375,False
ESOW,91,6,2.9667,4,92,9,4.0,4,183,15,6.5934,9.7826,8.1967,4,all_flights,All scheduled flights,Stockholm Västerås Airport,Stockholm / Västerås,Sweden,59.5894,16.6336,False
ESPA,1465,69,-2.1833,4,1463,75,-3.0,4,2928,144,4.7099,5.1265,4.918,4,all_flights,All scheduled flights,Luleå Airport,Luleå,Sweden,65.5433,22.1236,True
ESSA,27036,3498,1.9667,4,26983,1937,-1.0,4,54019,5435,12.9383,7.1786,10.0613,4,all_flights,All scheduled flights,Stockholm-Arlanda Airport,Stockholm,Sweden,59.6519,17.9186,True
ESSB,4123,56,-3.9667,4,4118,55,1.0,4,8241,111,1.3582,1.3356,1.3469,4,all_flights,All scheduled flights,Stockholm-Bromma Airport,Stockholm,Sweden,59.3544,17.9422,True
ESSD,2,0,-2.225,1,2,0,8.0,1,4,0,0.0,0.0,0.0,1,all_flights,All scheduled flights,Dala Airport,Borlange,Sweden,60.4222,15.515,False
ESSL,225,19,2.6667,4,223,6,2.85,4,448,25,8.4444,2.6906,5.5804,4,all_flights,All scheduled flights,Linköping City Airport,Linköping,Sweden,58.4064,15.6797,False
ESSP,16,0,-0.3333,3,15,0,-11.0,3,31,0,0.0,0.0,0.0,3,all_flights,All scheduled flights,Norrköping Airport,Norrköping,Sweden,58.5861,16.2464,False
ESST,139,10,-0.75,4,127,0,-6.0,4,266,10,7.1942,0.0,3.7594,4,all_flights,All scheduled flights,Torsby Airport,Torsby,Sweden,60.1547,12.9936,False
ESSV,871,8,-2.0833,4,870,4,-2.0,4,1741,12,0.9185,0.4598,0.6893,4,all_flights,All scheduled flights,Visby Airport,Visby,Sweden,57.6628,18.3461,True
ESTA,675,4,-2.5333,4,683,10,-1.0,4,1358,14,0.5926,1.4641,1.0309,4,all_flights,All scheduled flights,Ängelholm-Helsingborg Airport,Ängelholm,Sweden,56.2911,12.855,True
ESUP,175,1,-20.3,4,175,0,-10.0,4,350,1,0.5714,0.0,0.2857,4,all_flights,All scheduled flights,Pajala Airport,Pajala,Sweden,67.2458,23.0689,False
ESUT,133,5,-3.85,4,130,1,-9.5,4,263,6,3.7594,0.7692,2.2814,4,all_flights,All scheduled flights,Hemavan Airport,Hemavan,Sweden,65.8061,15.0828,False
ETAD,1,1,200.9667,1,0,0,,0,1,1,100.0,,100.0,1,all_flights,All scheduled flights,,,,49.9767,6.6986,False
ETAR,84,45,15.9333,4,92,8,1.0,4,176,53,53.5714,8.6957,30.1136,4,all_flights,All scheduled flights,,,,49.4361,7.6064,False
ETNG,5,2,9.15,1,5,1,5.85,1,10,3,40.0,20.0,30.0,1,all_flights,All scheduled flights,,,,50.9608,6.0417,False
ETNL,21,7,9.3333,3,21,6,5.0,3,42,13,33.3333,28.5714,30.9524,3,all_flights,All scheduled flights,Rostock-Laage Airport,Laage,Germany,53.9181,12.2792,False
ETNS,1,0,14.05,1,1,0,-14.2833,1,2,0,0.0,0.0,0.0,1,all_flights,All scheduled flights,,,,54.4594,9.5164,False
ETSI,1,0,-10.0833,1,1,0,-15.2333,1,2,0,0.0,0.0,0.0,1,all_flights,All scheduled flights,Ingolstadt Manching Airport,Manching,Germany,48.7156,11.5336,False
EVRA,8097,964,2.5167,4,8110,784,0.0,4,16207,1748,11.9056,9.6671,10.7855,4,all_flights,All scheduled flights,Riga International Airport,Riga,Latvia,56.9236,23.9711,True
EYKA,1333,85,-2.1167,4,1341,87,1.0,4,2674,172,6.3766,6.4877,6.4323,4,all_flights,All scheduled flights,Kaunas International Airport,Kaunas,Lithuania,54.9639,24.0847,True
EYPA,514,25,-0.35,4,516,8,-3.0,4,1030,33,4.8638,1.5504,3.2039,4,all_flights,All scheduled flights,Palanga International Airport,Palanga,Lithuania,55.9731,21.0939,True
EYSA,1,0,-60.0,1,1,0,-6.0,1,2,0,0.0,0.0,0.0,1,all_flights,All scheduled flights,Šiauliai International Airport,Šiauliai,Lithuania,55.8939,23.395,False
EYVI,4763,557,2.1833,4,4766,257,-1.0,4,9529,814,11.6943,5.3924,8.5423,4,all_flights,All scheduled flights,Vilnius International Airport,Vilnius,Lithuania,54.6369,25.2878,True
FACT,637,148,6.2333,4,617,150,6.0,4,1254,298,23.2339,24.3112,23.764,4,all_flights,All scheduled flights,Cape Town International Airport,Cape Town,South Africa,-33.9667,18.6,True
FAOR,1278,336,5.2667,4,1024,363,11.0,4,2302,699,26.2911,35.4492,30.3649,4,all_flights,All scheduled flights,O.R. Tambo International Airport,Johannesburg,South Africa,,,True
FAUP,2,0,4.45,1,2,2,30.0,1,4,2,0.0,100.0,50.0,1,all_flights,All scheduled flights,Pierre Van Ryneveld Airport,Upington,South Africa,-28.4783,21.3033,False
FCBB,92,38,10.6667,4,65,31,14.4833,4,157,69,41.3043,47.6923,43.949,4,all_flights,All scheduled flights,Maya-Maya Airport,Brazzaville,Republic of the Congo,-4.2556,15.2483,False
FCPP,46,12,7.6417,3,60,22,8.8167,4,106,34,26.087,36.6667,32.0755,4,all_flights,All scheduled flights,Antonio Agostinho-Neto International Airport,Pointe Noire,Republic of the Congo,-4.8147,11.8864,False
FEFF,25,15,16.95,4,23,8,0.55,2,48,23,60.0,34.7826,47.9167,4,all_flights,All scheduled flights,Bangui M'Poko International Airport,Bangui,Central African Republic,4.3978,18.5197,False
FGSL,59,21,11.1667,4,54,28,15.6417,4,113,49,35.5932,51.8519,43.3628,4,all_flights,All scheduled flights,Malabo Airport,Malabo,Equatorial Guinea,3.7553,8.7086,False
FIMP,617,156,6.8,4,620,151,7.0,4,1237,307,25.2836,24.3548,24.8181,4,all_flights,All scheduled flights,Sir Seewoosagur Ramgoolam International Airport,Plaine Magnien,Mauritius,-20.43,57.6828,True
FKKD,335,100,6.8333,4,216,75,4.9417,4,551,175,29.8507,34.7222,31.7604,4,all_flights,All scheduled flights,Douala International Airport,Douala,Cameroon,4.0117,9.7083,True
FKYS,145,51,8.6833,4,263,126,14.0,4,408,177,35.1724,47.9087,43.3824,4,all_flights,All scheduled flights,Yaoundé Nsimalen International Airport,Yaoundé,Cameroon,3.7172,11.5525,False
FLKK,16,0,-1.475,4,0,0,,0,16,0,0.0,,0.0,4,all_flights,All scheduled flights,,,,-15.3267,28.4567,False
FMCZ,80,41,16.3167,4,30,18,18.0333,3,110,59,51.25,60.0,53.6364,4,all_flights,All scheduled flights,Dzaoudzi Pamandzi International Airport,Dzaoudzi,Mayotte,-12.8,45.2833,False
FMEE,678,236,9.7917,4,672,218,7.9083,4,1350,454,34.8083,32.4405,33.6296,4,all_flights,All scheduled flights,Roland Garros Airport,Sainte-Marie,Reunion,-20.8833,55.5167,True
FMMI,101,51,15.2167,4,86,19,6.3083,4,187,70,50.495,22.093,37.4332,4,all_flights,All scheduled flights,Ivato Airport,Antananarivo,Madagascar,-18.7964,47.4761,False
FMNN,19,0,6.1,3,14,2,-2.7833,3,33,2,0.0,14.2857,6.0606,3,all_flights,All scheduled flights,Fascene Airport,Nosy Be,Madagascar,-13.3181,48.3092,False
FNLU,508,131,8.0333,4,451,143,6.5333,4,959,274,25.7874,31.7073,28.5714,4,all_flights,All scheduled flights,Quatro de Fevereiro International Airport,Luanda,Angola,-8.85,13.233,True
FOOL,191,52,8.1333,4,178,63,6.0083,4,369,115,27.2251,35.3933,31.1653,4,all_flights,All scheduled flights,Libreville Leon M'ba International Airport,Libreville,Gabon,0.4583,9.4122,False
FPST,40,15,7.7,4,37,16,12.0,4,77,31,37.5,43.2432,40.2597,4,all_flights,All scheduled flights,São Tomé International Airport,São Tomé,Sao Tome and Principe,0.3833,6.7167,False
FQMA,47,25,16.3,4,48,35,22.25,4,95,60,53.1915,72.9167,63.1579,4,all_flights,All scheduled flights,Maputo Airport,Maputo,Mozambique,-25.9167,32.5667,False
FSIA,133,21,1.0667,4,133,21,0.5333,4,266,42,15.7895,15.7895,15.7895,4,all_flights,All scheduled flights,Seychelles International Airport,Mahe Island,Seychelles,-4.6758,55.5272,False
FTTJ,65,21,9.0,4,74,44,19.55,4,139,65,32.3077,59.4595,46.7626,4,all_flights,All scheduled flights,N'Djamena International Airport,N'Djamena,Chad,12.125,15.0247,False
FWKI,6,0,5.7,4,0,0,,0,6,0,0.0,,0.0,4,all_flights,All scheduled flights,Kamuzu International Airport,Lumbadzi,Malawi,-13.7894,33.7811,False
FYWH,127,47,10.8667,4,125,26,6.0,4,252,73,37.0079,20.8,28.9683,4,all_flights,All scheduled flights,Hosea Kutako International Airport,Windhoek,Namibia,-22.4833,17.4667,False
FZAA,243,58,3.5167,4,269,167,21.15,4,512,225,23.8683,62.0818,43.9453,4,all_flights,All scheduled flights,Ndjili International Airport,Kinshasa,Democratic Republic of the Congo,-4.385,15.445,True
GABS,392,111,7.225,4,364,179,14.2583,4,756,290,28.3163,49.1758,38.3598,4,all_flights,All scheduled flights,Modibo Keita International Airport,Bamako,Mali,12.5378,-7.9433,True
GAGO,7,1,-26.7333,3,0,0,,0,7,1,14.2857,,14.2857,3,all_flights,All scheduled flights,Gao Airport,,Mali,16.2483,-0.0058,False
GBYD,292,81,7.3417,4,304,84,2.7083,4,596,165,27.7397,27.6316,27.6846,4,all_flights,All scheduled flights,Banjul International Airport,Yundum,Gambia,13.3425,-16.6578,True
GCFV,7550,510,-2.7833,4,7542,648,1.0,4,15092,1158,6.755,8.5919,7.6729,4,all_flights,All scheduled flights,Fuerteventura Airport,El Matorral,Spain,28.4528,-13.8639,True
GCGM,358,1,-22.475,4,359,2,-3.0,4,717,3,0.2793,0.5571,0.4184,4,all_flights,All scheduled flights,La Gomera Airport,"Alajero, La Gomera Island",Spain,28.0297,-17.2147,True
GCHI,865,18,-2.6667,4,862,8,-3.0,4,1727,26,2.0809,0.9281,1.5055,4,all_flights,All scheduled flights,El Hierro Airport,El Hierro Island,Spain,27.8147,-17.8869,True
GCLA,3402,161,-3.2167,4,3407,52,-2.0,4,6809,213,4.7325,1.5263,3.1282,4,all_flights,All scheduled flights,La Palma Airport,"Sta Cruz de la Palma, La Palma Island",Spain,28.6267,-17.7556,True
GCLP,18021,2467,0.4833,4,18027,1296,0.0,4,36048,3763,13.6896,7.1892,10.4389,4,all_flights,All scheduled flights,Gran Canaria Airport,Gran Canaria Island,Spain,27.9319,-15.3867,True
GCRR,10143,843,-1.9333,4,10141,783,1.0,4,20284,1626,8.3112,7.7211,8.0162,4,all_flights,All scheduled flights,César Manrique-Lanzarote Airport,San Bartolomé,Spain,28.9456,-13.6053,True
GCTS,11323,1333,-0.9,4,11260,1272,3.0,4,22583,2605,11.7725,11.2966,11.5352,4,all_flights,All scheduled flights,Tenerife Sur Airport,Tenerife,Spain,28.0444,-16.5725,True
GCXO,10680,487,-4.6167,4,10710,339,0.0,4,21390,826,4.5599,3.1653,3.8616,4,all_flights,All scheduled flights,Tenerife Norte-Ciudad de La Laguna Airport,Tenerife,Spain,28.4828,-16.3417,True
GEML,1489,148,3.5,4,1486,30,1.0,4,2975,178,9.9396,2.0188,5.9832,4,all_flights,All scheduled flights,Melilla Airport,Melilla,Spain,35.2797,-2.9564,True
GFLL,170,51,5.8667,4,32,11,7.7583,3,202,62,30.0,34.375,30.6931,4,all_flights,All scheduled flights,Lungi International Airport,Freetown (Lungi-Town),Sierra Leone,8.6164,-13.1956,False
GGOV,105,36,10.7333,4,111,35,3.55,4,216,71,34.2857,31.5315,32.8704,4,all_flights,All scheduled flights,Osvaldo Vieira International Airport,Bissau,Guinea-Bissau,11.8886,-15.6556,False
GLRB,33,19,16.75,4,104,42,8.1083,4,137,61,57.5758,40.3846,44.5255,4,all_flights,All scheduled flights,Roberts International Airport,Monrovia,Liberia,6.233,-10.367,False
GMAD,2509,297,0.2833,4,2505,274,-1.0,4,5014,571,11.8374,10.9381,11.3881,4,all_flights,All scheduled flights,Al Massira Airport,Agadir (Temsia),Morocco,30.3225,-9.4114,True
GMAG,106,16,4.1917,4,104,3,-10.0,4,210,19,15.0943,2.8846,9.0476,4,all_flights,All scheduled flights,,,,29.0169,-10.0614,False
GMAT,44,9,5.3917,3,45,2,-13.65,3,89,11,20.4545,4.4444,12.3596,3,all_flights,All scheduled flights,Tan Tan Airport,Tan Tan,Morocco,28.4483,-11.1614,False
GMAZ,50,9,2.7083,4,49,3,-12.65,4,99,12,18.0,6.1224,12.1212,4,all_flights,All scheduled flights,Zagora Airport,Zagora,Morocco,30.2639,-5.8531,False
GMFB,11,2,7.9167,2,7,1,-10.0,1,18,3,18.1818,14.2857,16.6667,2,all_flights,All scheduled flights,Bouarfa Airport,Bouarfa,Morocco,32.5144,-1.9783,False
GMFF,1844,393,4.7,4,1843,188,-3.0,4,3687,581,21.3124,10.2008,15.7581,4,all_flights,All scheduled flights,Fes Saïss International Airport,Saïss,Morocco,33.9272,-4.9778,True
GMFK,124,26,9.35,4,124,1,-13.125,4,248,27,20.9677,0.8065,10.8871,4,all_flights,All scheduled flights,Moulay Ali Cherif Airport,Errachidia,Morocco,31.9481,-4.4006,False
GMFO,1245,285,5.95,4,1247,128,-2.0,4,2492,413,22.8916,10.2646,16.573,4,all_flights,All scheduled flights,Oujda Angads Airport,Ahl Angad,Morocco,34.7861,-1.9256,True
GMMA,3,1,-8.8167,3,5,0,-16.0,4,8,1,33.3333,0.0,12.5,4,all_flights,All scheduled flights,Smara Airport,Smara,Western Sahara,26.7419,-11.6914,False
GMMB,1,0,8.0,1,1,0,10.0,1,2,0,0.0,0.0,0.0,1,all_flights,All scheduled flights,Ben Slimane Airport,Ben Slimane,Morocco,33.6544,-7.2258,False
GMME,1191,248,5.3667,4,1187,193,0.0,4,2378,441,20.8228,16.2595,18.545,4,all_flights,All scheduled flights,Rabat-Salé Airport,Rabat,Morocco,34.0514,-6.7517,True
GMMH,317,91,8.1167,4,317,3,-6.8167,4,634,94,28.7066,0.9464,14.8265,4,all_flights,All scheduled flights,Dakhla Airport,Dakhla,Western Sahara,23.7183,-15.9319,True
GMMI,134,37,7.175,4,134,15,-1.0,4,268,52,27.6119,11.194,19.403,4,all_flights,All scheduled flights,Essaouira-Mogador Airport,Essaouira,Morocco,31.3992,-9.6831,False
GMML,326,74,5.8,4,327,60,-0.5333,4,653,134,22.6994,18.3486,20.5207,4,all_flights,All scheduled flights,Hassan I Airport,El Aaiún,Western Sahara,27.1517,-13.2192,True
GMMN,11508,3344,6.2333,4,11516,2203,6.0,4,23024,5547,29.058,19.1299,24.0923,4,all_flights,All scheduled flights,Mohammed V International Airport,Casablanca,Morocco,33.3642,-7.5817,True
GMMP,1,0,-15.2833,1,0,0,,0,1,0,0.0,,0.0,1,all_flights,All scheduled flights,,,,34.301,-6.601,False
GMMW,1140,279,7.0667,4,1147,156,-1.5333,4,2287,435,24.4737,13.6007,19.0206,4,all_flights,All scheduled flights,Nador Al Aaroui International Airport,Al Aaroui,Morocco,34.9894,-3.0278,True
GMMX,6541,1293,4.9167,4,6517,881,0.8833,4,13058,2174,19.7676,13.5185,16.6488,4,all_flights,All scheduled flights,Menara Airport,Marrakech,Morocco,31.6086,-8.0408,True
GMMZ,177,47,6.3667,4,179,8,-8.2667,4,356,55,26.5537,4.4693,15.4494,4,all_flights,All scheduled flights,Ouarzazate Airport,Ouarzazate,Morocco,30.9372,-6.9061,False
GMTA,152,33,6.1833,4,152,6,-10.0,4,304,39,21.7105,3.9474,12.8289,4,all_flights,All scheduled flights,Cherif Al Idrissi Airport,Al Hoceima,Morocco,35.1797,-3.84,False
GMTN,322,51,4.5917,4,321,25,-3.5,4,643,76,15.8385,7.7882,11.8196,4,all_flights,All scheduled flights,Sania Ramel Airport,Tétouan,Morocco,35.5944,-5.32,True
GMTT,2275,381,3.1,4,2278,239,-4.0,4,4553,620,16.7473,10.4917,13.6174,4,all_flights,All scheduled flights,Tangier Ibn Battuta Airport,Tangier,Morocco,35.7317,-5.9211,True
GOBD,1460,565,10.7,4,1490,643,11.1417,4,2950,1208,38.6986,43.1544,40.9492,4,all_flights,All scheduled flights,Blaise Diagne International Airport,Dakar,Senegal,14.6708,-17.0728,True
GOOY,1,1,173.0833,1,2,0,-24.9833,2,3,1,100.0,0.0,33.3333,2,all_flights,All scheduled flights,Léopold Sédar Senghor International Airport,Dakar,Senegal,14.7439,-17.4794,False
GQNO,386,105,8.0167,4,401,132,6.65,4,787,237,27.2021,32.9177,30.1144,4,all_flights,All scheduled flights,Nouakchott–Oumtounsy International Airport,Nouakchott,Mauritania,18.31,-15.9697,True
GQPP,69,3,-12.4667,4,70,16,-0.4667,4,139,19,4.3478,22.8571,13.6691,4,all_flights,All scheduled flights,Nouadhibou International Airport,Nouadhibou,Mauritania,20.9283,-17.0311,False
GUCY,210,92,12.5833,4,257,92,8.4333,4,467,184,43.8095,35.7977,39.4004,4,all_flights,All scheduled flights,Conakry International Airport,Conakry,Guinea,9.567,-13.617,False
GVAC,491,173,11.0167,4,690,104,1.0,4,1181,277,35.2342,15.0725,23.4547,4,all_flights,All scheduled flights,Amílcar Cabral International Airport,Espargos,Cape Verde,16.7375,-22.95,True
GVBA,393,131,11.0833,4,187,29,4.0,4,580,160,33.3333,15.508,27.5862,4,all_flights,All scheduled flights,Rabil Airport,Rabil,Cape Verde,16.1372,-22.8886,True
GVNP,345,150,13.95,4,333,70,4.7,4,678,220,43.4783,21.021,32.4484,4,all_flights,All scheduled flights,Nelson Mandela International Airport,Praia,Cape Verde,14.9411,-23.4847,True
GVSV,147,84,16.9667,4,130,34,7.0,4,277,118,57.1429,26.1538,42.5993,4,all_flights,All scheduled flights,São Pedro Airport,São Pedro,Cape Verde,16.8336,-25.0544,False
HAAB,1814,509,6.5667,4,1998,929,14.0583,4,3812,1438,28.0595,46.4965,37.723,4,all_flights,All scheduled flights,Addis Ababa Bole International Airport,Addis Ababa,Ethiopia,8.983,38.8,True
HBBA,29,5,3.25,4,0,0,,0,29,5,17.2414,,17.2414,4,all_flights,All scheduled flights,Bujumbura Melchior Ndadaye International Airport,Bujumbura,Burundi,-3.325,29.3183,False
HCMM,89,3,-2.5,4,84,42,14.9417,4,173,45,3.3708,50.0,26.0116,4,all_flights,All scheduled flights,Aden Adde International Airport,Mogadishu,Somalia,2.017,45.317,False
HDAM,99,17,3.1,4,113,65,17.4833,4,212,82,17.1717,57.5221,38.6792,4,all_flights,All scheduled flights,Djibouti-Ambouli Airport,Djibouti City,Djibouti,11.55,43.167,False
HEBA,219,34,3.8333,4,224,82,9.375,4,443,116,15.5251,36.6071,26.1851,4,all_flights,All scheduled flights,Alexandria International Airport,Alexandria,Egypt,30.9181,29.6958,False
HECA,6736,2437,9.9417,4,6801,2171,8.2833,4,13537,4608,36.1787,31.9218,34.04,4,all_flights,All scheduled flights,Cairo International Airport,Cairo,Egypt,30.1114,31.4139,True
HEGN,3460,1026,8.4083,4,3572,483,-0.1583,4,7032,1509,29.6532,13.5218,21.459,4,all_flights,All scheduled flights,Hurghada International Airport,Hurghada,Egypt,27.1786,33.8008,True
HELX,149,21,5.4333,4,57,20,6.9833,4,206,41,14.094,35.0877,19.9029,4,all_flights,All scheduled flights,Luxor International Airport,Luxor,Egypt,25.6708,32.7064,False
HEMA,653,131,5.4833,4,523,56,-1.3333,4,1176,187,20.0613,10.7075,15.9014,4,all_flights,All scheduled flights,Marsa Alam International Airport,Marsa Alam,Egypt,25.5581,34.5831,True
HEMM,27,10,11.1833,2,27,2,-6.0,2,54,12,37.037,7.4074,22.2222,2,all_flights,All scheduled flights,Marsa Matruh International Airport,Marsa Matruh,Egypt,31.3253,27.2217,False
HESG,1,1,23.1333,1,0,0,,0,1,1,100.0,,100.0,1,all_flights,All scheduled flights,Sohag International Airport,Suhaj,Egypt,26.3428,31.7428,False
HESH,1828,463,5.8,4,1876,169,-7.0333,4,3704,632,25.3282,9.0085,17.0626,4,all_flights,All scheduled flights,Sharm El Sheikh International Airport,Sharm El Sheikh,Egypt,27.9786,34.3933,True
HESN,2,0,7.0333,2,2,0,-7.125,2,4,0,0.0,0.0,0.0,2,all_flights,All scheduled flights,Aswan International Airport,Aswan,Egypt,23.9644,32.82,False
HHAS,51,2,-2.8667,4,51,18,10.35,4,102,20,3.9216,35.2941,19.6078,4,all_flights,All scheduled flights,Asmara International Airport,Asmara,Eritrea,15.3,38.917,False
HJJJ,35,2,-2.9667,3,35,22,25.85,3,70,24,5.7143,62.8571,34.2857,3,all_flights,All scheduled flights,Juba International Airport,Juba,South Sudan,,,False
HKJK,948,371,10.6667,4,1507,633,12.0,4,2455,1004,39.135,42.004,40.8961,4,all_flights,All scheduled flights,Jomo Kenyatta International Airport,Nairobi,Kenya,-1.3186,36.9258,True
HKMO,82,31,11.225,4,95,28,2.0,4,177,59,37.8049,29.4737,33.3333,4,all_flights,All scheduled flights,Moi International Airport,Mombasa,Kenya,-4.025,39.597,False
HLLB,435,125,6.8667,4,445,153,4.3833,4,880,278,28.7356,34.382,31.5909,4,all_flights,All scheduled flights,Benina International Airport,Benina,Libya,32.0969,20.2694,True
HLLM,639,158,3.2167,4,647,339,15.9167,4,1286,497,24.7261,52.3957,38.647,4,all_flights,All scheduled flights,Mitiga International Airport,Tripoli,Libya,32.8944,13.2778,True
HLLQ,1,0,-0.85,1,1,0,-95.7667,1,2,0,0.0,0.0,0.0,1,all_flights,All scheduled flights,Al Abraq International Airport,Al Albraq,Libya,32.7886,21.9644,False
HLMS,134,16,0.0167,4,127,58,13.8167,4,261,74,11.9403,45.6693,28.3525,4,all_flights,All scheduled flights,Misrata International Airport,Misrata,Libya,32.3242,15.0619,False
HLTQ,0,0,,0,1,1,75.2833,1,1,1,,100.0,100.0,1,all_flights,All scheduled flights,Tobruk International Airport,Adam,Libya,31.86,23.9061,False
HRYR,334,89,7.75,4,70,34,15.0,4,404,123,26.6467,48.5714,30.4455,4,all_flights,All scheduled flights,Kigali International Airport,Kigali,Rwanda,-1.9667,30.1333,False
HSSK,240,32,2.55,4,225,53,4.4167,4,465,85,13.3333,23.5556,18.2796,4,all_flights,All scheduled flights,Khartoum International Airport,Khartoum,Sudan,,,False
HTDA,54,3,3.7833,4,213,102,13.9333,4,267,105,5.5556,47.8873,39.3258,4,all_flights,All scheduled flights,Julius Nyerere International Airport,Dar es Salaam,Tanzania,-6.8756,39.2033,False
HTKJ,138,34,10.175,4,1,0,-18.45,1,139,34,24.6377,0.0,24.4604,4,all_flights,All scheduled flights,Kilimanjaro International Airport,Arusha,Tanzania,-3.4278,37.0722,False
HTZA,145,44,8.05,4,76,23,5.5,4,221,67,30.3448,30.2632,30.3167,4,all_flights,All scheduled flights,Abeid Amani Karume International Airport,Zanzibar,Tanzania,-6.2217,39.2233,False
HUEN,3,1,5.65,2,357,138,8.7333,4,360,139,33.3333,38.6555,38.6111,4,all_flights,All scheduled flights,Entebbe International Airport,Kampala,Uganda,0.0419,32.4378,False
KATL,3011,910,8.0333,4,3010,1653,18.0,4,6021,2563,30.2225,54.9169,42.5677,4,all_flights,All scheduled flights,Hartsfield Jackson Atlanta International Airport,Atlanta,United States of America,33.6333,-84.4333,True
KAUS,233,62,7.1,4,235,192,34.0,4,468,254,26.6094,81.7021,54.2735,4,all_flights,All scheduled flights,Austin Bergstrom International Airport,Austin,United States of America,30.1944,-97.67,False
KBDL,1,0,-5.3667,1,0,0,,0,1,0,0.0,,0.0,1,all_flights,All scheduled flights,Bradley International Airport,Hartford,United States of America,41.9383,-72.6833,False
KBED,1,1,68.0,1,0,0,,0,1,1,100.0,,100.0,1,all_flights,All scheduled flights,Laurence G Hanscom Field,Bedford,United States of America,42.47,-71.2883,False
KBFI,0,0,,0,1,0,14.0,1,1,0,,0.0,0.0,1,all_flights,All scheduled flights,Boeing Field King County International Airport,Seattle,United States of America,47.53,-122.3017,False
KBGR,13,2,1.1833,4,3,2,18.9667,1,16,4,15.3846,66.6667,25.0,4,all_flights,All scheduled flights,Bangor International Airport,Bangor,United States of America,44.8067,-68.8283,False
KBIF,0,0,,0,1,1,85.0,1,1,1,,100.0,100.0,1,all_flights,All scheduled flights,Biggs Army Air Field (Fort Bliss),Fort Bliss/El Paso,United States of America,31.85,-106.38,False
KBNA,85,20,7.45,3,85,57,22.0,3,170,77,23.5294,67.0588,45.2941,3,all_flights,All scheduled flights,Nashville International Airport,Nashville,United States of America,36.1333,-86.6833,False
KBOS,3347,964,7.3333,4,3343,1068,5.0,4,6690,2032,28.8019,31.9474,30.3737,4,all_flights,All scheduled flights,Logan International Airport,Boston,United States of America,42.3642,-71.0056,True
KBWI,135,27,3.5333,4,126,45,9.3667,4,261,72,20.0,35.7143,27.5862,4,all_flights,All scheduled flights,Baltimore/Washington International Thurgood Marshall Airport,Baltimore,United States of America,39.175,-76.6683,False
KCHS,5,0,6.1,3,6,1,-6.0,3,11,1,0.0,16.6667,9.0909,3,all_flights,All scheduled flights,Charleston International Airport,Charleston,United States of America,32.9,-80.0333,False
KCLT,709,133,4.8833,4,708,236,8.0,4,1417,369,18.7588,33.3333,26.0409,4,all_flights,All scheduled flights,Charlotte Douglas International Airport,Charlotte,United States of America,35.2167,-80.95,True
KCVG,765,120,3.2167,4,967,368,10.0,4,1732,488,15.6863,38.0558,28.1755,4,all_flights,All scheduled flights,Cincinnati Northern Kentucky International Airport,Cincinnati / Covington,United States of America,39.0467,-84.66,True
KDEN,731,237,9.5333,4,733,475,23.0,4,1464,712,32.4213,64.8022,48.6339,4,all_flights,All scheduled flights,Denver International Airport,Denver,United States of America,39.8583,-104.6667,True
KDFW,1754,649,10.15,4,1951,918,14.0,4,3705,1567,37.0011,47.0528,42.2942,4,all_flights,All scheduled flights,Dallas Fort Worth International Airport,Dallas-Fort Worth,United States of America,32.9,-97.0333,True
KDOV,17,1,1.5833,4,55,31,25.0,4,72,32,5.8824,56.3636,44.4444,4,all_flights,All scheduled flights,Dover Air Force Base,Dover,United States of America,39.13,-75.4667,False
KDTW,944,342,10.8583,4,955,207,-0.7167,4,1899,549,36.2288,21.6754,28.91,4,all_flights,All scheduled flights,Detroit Metropolitan Wayne County Airport,Detroit,United States of America,42.215,-83.3483,True
KEWR,5972,1405,5.3583,4,6012,2716,13.0,4,11984,4121,23.5265,45.1763,34.3875,4,all_flights,All scheduled flights,Newark Liberty International Airport,Newark,United States of America,40.6967,-74.1683,True
KFLL,37,6,6.8333,3,38,24,22.5,3,75,30,16.2162,63.1579,40.0,3,all_flights,All scheduled flights,Fort Lauderdale Hollywood International Airport,Fort Lauderdale,United States of America,26.0667,-80.15,False
KFOE,1,0,-12.5,1,3,1,-3.0,1,4,1,0.0,33.3333,25.0,1,all_flights,All scheduled flights,Topeka Regional Airport,Topeka,United States of America,38.9511,-95.6636,False
KGPT,0,0,,0,1,0,11.0,1,1,0,,0.0,0.0,1,all_flights,All scheduled flights,Gulfport Biloxi International Airport,Gulfport,United States of America,30.4,-89.0667,False
KGRK,2,1,1.3083,2,2,2,90.0,2,4,3,50.0,100.0,75.0,2,all_flights,All scheduled flights,Killeen Regional Airport / Robert Gray Army Airfield,Fort Cavazos,United States of America,31.0668,-97.8282,False
KGSP,127,26,3.7833,4,132,33,3.2333,4,259,59,20.4724,25.0,22.7799,4,all_flights,All scheduled flights,Greenville Spartanburg International Airport,Greer,United States of America,34.9,-82.217,False
KGTB,5,0,-6.3833,1,1,1,97.0,1,6,1,0.0,100.0,16.6667,1,all_flights,All scheduled flights,,,,44.0517,-75.7217,False
KHOP,0,0,,0,2,2,27.6083,2,2,2,,100.0,100.0,2,all_flights,All scheduled flights,Campbell Army Airfield (Fort Campbell),Fort Campbell,United States of America,36.6717,-87.4933,False
KHOU,1,0,0.6667,1,0,0,,0,1,0,0.0,,0.0,1,all_flights,All scheduled flights,William P Hobby Airport,Houston,United States of America,29.65,-95.2833,False
KHPN,0,0,,0,1,1,28.0,1,1,1,,100.0,100.0,1,all_flights,All scheduled flights,Westchester County Airport,White Plains,United States of America,41.067,-73.717,False
KHSV,50,11,4.1917,4,52,18,6.0,4,102,29,22.0,34.6154,28.4314,4,all_flights,All scheduled flights,Huntsville International Carl T Jones Field,Huntsville,United States of America,34.65,-86.767,False
KIAD,4108,1351,8.65,4,4146,1558,8.0,4,8254,2909,32.887,37.5784,35.2435,4,all_flights,All scheduled flights,Washington Dulles International Airport,Dulles,United States of America,38.945,-77.4567,True
KIAH,1413,530,10.5167,4,1642,959,20.0,4,3055,1489,37.5088,58.4044,48.7398,4,all_flights,All scheduled flights,George Bush Intercontinental Houston Airport,Houston,United States of America,29.9833,-95.35,True
KIND,331,47,3.0,4,382,225,20.0,4,713,272,14.1994,58.9005,38.1487,4,all_flights,All scheduled flights,Indianapolis International Airport,Indianapolis,United States of America,39.72,-86.2867,True
KJFK,12287,3567,7.4167,4,12418,3842,3.0,4,24705,7409,29.0307,30.939,29.9899,4,all_flights,All scheduled flights,John F Kennedy International Airport,New York,United States of America,40.6403,-73.7783,True
KLAS,436,113,6.4833,4,435,302,23.0,4,871,415,25.9174,69.4253,47.6464,4,all_flights,All scheduled flights,Harry Reid International Airport,Las Vegas,United States of America,36.0833,-115.15,True
KLAX,3329,986,8.75,4,3666,1838,16.0,4,6995,2824,29.6185,50.1364,40.3717,4,all_flights,All scheduled flights,Los Angeles International Airport,Los Angeles,United States of America,33.95,-118.4,True
KLCK,56,9,3.3333,4,58,20,1.0,4,114,29,16.0714,34.4828,25.4386,4,all_flights,All scheduled flights,Rickenbacker International Airport,Columbus,United States of America,39.8133,-82.9283,False
KLIT,0,0,,0,1,0,9.0,1,1,0,,0.0,0.0,1,all_flights,All scheduled flights,Bill & Hillary Clinton National Airport/Adams Field,Little Rock,United States of America,34.7283,-92.225,False
KMCO,999,214,4.1333,4,999,637,24.0,4,1998,851,21.4214,63.7638,42.5926,4,all_flights,All scheduled flights,Orlando International Airport,Orlando,United States of America,28.4333,-81.3167,True
KMEM,612,107,4.1917,4,491,365,27.0,4,1103,472,17.4837,74.3381,42.7924,4,all_flights,All scheduled flights,Memphis International Airport,Memphis,United States of America,35.05,-89.9833,True
KMIA,2906,889,8.4083,4,3258,1764,18.0,4,6164,2653,30.5919,54.1436,43.0402,4,all_flights,All scheduled flights,Miami International Airport,Miami,United States of America,25.8,-80.2833,True
KMKE,1,1,90.1667,1,0,0,,0,1,1,100.0,,100.0,1,all_flights,All scheduled flights,General Mitchell International Airport,Milwaukee,United States of America,42.9467,-87.8967,False
KMLB,139,11,2.7667,4,139,58,11.0,4,278,69,7.9137,41.7266,24.8201,4,all_flights,All scheduled flights,Melbourne Orlando International Airport,Melbourne,United States of America,28.1,-80.6333,False
KMSP,568,212,10.8,4,581,229,9.0,4,1149,441,37.3239,39.4148,38.3812,4,all_flights,All scheduled flights,Minneapolis–Saint Paul International Airport / Wold–Chamberlain Field,Minneapolis,United States of America,44.885,-93.215,True
KMSY,50,16,10.3167,3,48,27,18.5,3,98,43,32.0,56.25,43.8776,3,all_flights,All scheduled flights,Louis Armstrong New Orleans International Airport,New Orleans,United States of America,30.0,-90.25,False
KMUO,0,0,,0,1,0,14.2667,1,1,0,,0.0,0.0,1,all_flights,All scheduled flights,Mountain Home Air Force Base,Mountain Home,United States of America,43.0433,-115.87,False
KNGU,7,0,2.0333,1,7,5,25.55,2,14,5,0.0,71.4286,35.7143,2,all_flights,All scheduled flights,Norfolk Naval Station (Chambers Field),Norfolk,United States of America,36.9383,-76.29,False
KNKT,1,0,-14.6,1,1,0,4.0,1,2,0,0.0,0.0,0.0,1,all_flights,All scheduled flights,,,,34.9033,-76.8817,False
KNKX,0,0,,0,1,1,76.0,1,1,1,,100.0,100.0,1,all_flights,All scheduled flights,Miramar Marine Corps Air Station - Mitscher Field,San Diego,United States of America,32.8683,-117.1425,False
KNTD,0,0,,0,3,1,-2.0,1,3,1,,33.3333,33.3333,1,all_flights,All scheduled flights,Point Mugu Naval Air Station (Naval Base Ventura Co),Point Mugu,United States of America,34.12,-119.121,False
KNYL,0,0,,0,1,0,12.0,1,1,0,,0.0,0.0,1,all_flights,All scheduled flights,Yuma International Airport / Marine Corps Air Station Yuma,Yuma,United States of America,32.6567,-114.6061,False
KOAK,3,2,16.0,2,2,1,10.5,2,5,3,66.6667,50.0,60.0,2,all_flights,All scheduled flights,San Francisco Bay Oakland International Airport,Oakland,United States of America,37.7167,-122.2167,False
KORD,5665,1703,7.7833,4,5819,1593,2.0,4,11484,3296,30.0618,27.3758,28.7008,4,all_flights,All scheduled flights,Chicago O'Hare International Airport,Chicago,United States of America,41.98,-87.905,True
KPAE,0,0,,0,1,1,68.0,1,1,1,,100.0,100.0,1,all_flights,All scheduled flights,Seattle Paine Field International Airport,Everett,United States of America,47.917,-122.283,False
KPDX,167,49,9.6833,3,168,89,17.0,3,335,138,29.3413,52.9762,41.194,3,all_flights,All scheduled flights,Portland International Airport,Portland,United States of America,45.5883,-122.5983,False
KPHL,1617,341,4.0,4,1789,201,-8.0,4,3406,542,21.0884,11.2353,15.9131,4,all_flights,All scheduled flights,Philadelphia International Airport,Philadelphia,United States of America,39.87,-75.245,True
KPHX,226,56,6.675,4,223,139,24.0,4,449,195,24.7788,62.3318,43.4298,4,all_flights,All scheduled flights,Phoenix Sky Harbor International Airport,Phoenix,United States of America,33.4333,-112.0167,False
KPIT,64,8,5.35,4,50,31,26.5,3,114,39,12.5,62.0,34.2105,4,all_flights,All scheduled flights,Pittsburgh International Airport,Pittsburgh,United States of America,40.5,-80.2333,False
KPOB,0,0,,0,1,1,41.0,1,1,1,,100.0,100.0,1,all_flights,All scheduled flights,Pope Field,Fort Bragg,United States of America,35.1708,-79.0144,False
KPSM,29,1,2.4333,4,21,4,2.0,4,50,5,3.4483,19.0476,10.0,4,all_flights,All scheduled flights,Portsmouth International at Pease Airport,Portsmouth,United States of America,43.0783,-70.8233,False
KRDU,113,18,3.7833,3,112,37,8.0,3,225,55,15.9292,33.0357,24.4444,3,all_flights,All scheduled flights,Raleigh Durham International Airport,Raleigh/Durham,United States of America,35.8667,-78.7833,False
KRFD,83,12,1.15,4,98,49,16.0,4,181,61,14.4578,50.0,33.7017,4,all_flights,All scheduled flights,Chicago Rockford International Airport,Chicago/Rockford,United States of America,42.2,-89.1,False
KRSW,24,11,12.0917,4,24,18,25.5,4,48,29,45.8333,75.0,60.4167,4,all_flights,All scheduled flights,Southwest Florida International Airport,Fort Myers,United States of America,26.5361,-81.7553,False
KSAN,171,43,8.8,4,171,59,10.0,4,342,102,25.1462,34.5029,29.8246,4,all_flights,All scheduled flights,San Diego International Airport,San Diego,United States of America,32.7333,-117.1833,False
KSDF,426,24,-3.7417,4,425,199,13.0,4,851,223,5.6338,46.8235,26.2045,4,all_flights,All scheduled flights,Louisville Muhammad Ali International Airport,Louisville,United States of America,38.1833,-85.7333,True
KSEA,1192,402,9.3917,4,1293,557,13.0,4,2485,959,33.7248,43.0781,38.5915,4,all_flights,All scheduled flights,Seattle–Tacoma International Airport,Seattle,United States of America,47.45,-122.3,True
KSFB,0,0,,0,1,0,4.8,1,1,0,,0.0,0.0,1,all_flights,All scheduled flights,Orlando Sanford International Airport,Orlando,United States of America,28.7783,-81.2383,False
KSFO,2689,803,8.4667,4,2927,1842,21.0,4,5616,2645,29.8624,62.9313,47.0976,4,all_flights,All scheduled flights,San Francisco International Airport,San Francisco,United States of America,37.6167,-122.3833,True
KSJC,60,19,10.5833,3,58,25,12.5,3,118,44,31.6667,43.1034,37.2881,3,all_flights,All scheduled flights,Norman Y. Mineta San Jose International Airport,San Jose,United States of America,37.3333,-121.9167,False
KSLC,360,124,10.3583,4,338,188,18.0,4,698,312,34.4444,55.6213,44.6991,4,all_flights,All scheduled flights,Salt Lake City International Airport,Salt Lake City,United States of America,40.7867,-111.9683,True
KSTL,38,16,13.3333,3,38,30,35.5,3,76,46,42.1053,78.9474,60.5263,3,all_flights,All scheduled flights,St. Louis Lambert International Airport,St Louis,United States of America,38.75,-90.3667,False
KSUU,0,0,,0,3,0,1.3333,1,3,0,,0.0,0.0,1,all_flights,All scheduled flights,Travis Air Force Base,Fairfield,United States of America,38.2633,-121.9267,False
KSVN,0,0,,0,4,3,32.5,1,4,3,,75.0,75.0,1,all_flights,All scheduled flights,Hunter Army Air Field,Savannah,United States of America,32.01,-81.1467,False
KTEB,1,0,7.75,1,0,0,,0,1,0,0.0,,0.0,1,all_flights,All scheduled flights,Teterboro Airport,Teterboro,United States of America,40.85,-74.0667,False
KTPA,239,64,6.5667,4,235,129,17.0,4,474,193,26.7782,54.8936,40.7173,4,all_flights,All scheduled flights,Tampa International Airport,Tampa,United States of America,27.9667,-82.5333,False
KVAD,0,0,,0,3,2,32.0,1,3,2,,66.6667,66.6667,1,all_flights,All scheduled flights,Moody Air Force Base,Valdosta,United States of America,30.9686,-83.1931,False
KWRI,2,1,34.5,1,12,9,81.0,2,14,10,50.0,75.0,71.4286,2,all_flights,All scheduled flights,Mc Guire Air Force Base,Wrightstown,United States of America,40.0167,-74.6,False
LAKU,62,25,10.5583,2,58,14,8.3,2,120,39,40.3226,24.1379,32.5,2,all_flights,All scheduled flights,Kukës International Airport,Kukës,Albania,42.0356,20.4158,False
LATI,5692,1098,4.0167,4,5700,665,0.0,4,11392,1763,19.2902,11.6667,15.4758,4,all_flights,All scheduled flights,Tirana International Airport Mother Teresa,Rinas,Albania,41.4147,19.7206,True
LBBG,1040,180,0.575,4,1030,214,6.4667,4,2070,394,17.3077,20.7767,19.0338,4,all_flights,All scheduled flights,Burgas Airport,Burgas,Bulgaria,42.5703,27.5153,True
LBIA,0,0,,0,2,0,-3.8917,1,2,0,,0.0,0.0,1,all_flights,All scheduled flights,,,,42.4547,26.3525,False
LBPD,215,86,11.1,4,215,68,9.8333,4,430,154,40.0,31.6279,35.814,4,all_flights,All scheduled flights,Plovdiv International Airport,Plovdiv,Bulgaria,42.0678,24.8508,False
LBSF,7187,1265,2.5833,4,7176,1236,4.0,4,14363,2501,17.6012,17.2241,17.4128,4,all_flights,All scheduled flights,Sofia Airport,Sofia,Bulgaria,42.695,23.4083,True
LBWN,1418,163,0.1417,4,1415,197,3.0,4,2833,360,11.4951,13.9223,12.7074,4,all_flights,All scheduled flights,Varna Airport,Varna,Bulgaria,43.2319,27.8253,True
LCLK,6447,1366,5.0667,4,6430,973,3.0,4,12877,2339,21.1881,15.1322,18.1642,4,all_flights,All scheduled flights,Larnaca International Airport,Larnaca,Cyprus,34.8789,33.6303,True
LCPH,3126,768,3.9917,4,3123,711,2.2333,4,6249,1479,24.5681,22.7666,23.6678,4,all_flights,All scheduled flights,Paphos International Airport,Paphos,Cyprus,34.7183,32.485,True
LCRA,26,6,3.2667,4,28,4,2.9167,4,54,10,23.0769,14.2857,18.5185,4,all_flights,All scheduled flights,RAF Akrotiri,Akrotiri,Cyprus,34.595,32.9908,False
LDDU,2605,507,5.0167,4,2606,514,4.0,4,5211,1021,19.4626,19.7237,19.5932,4,all_flights,All scheduled flights,Dubrovnik Ruđer Bošković Airport,Čilipi,Croatia,42.5614,18.2683,True
LDOS,98,8,-2.2083,4,98,3,-3.8083,4,196,11,8.1633,3.0612,5.6122,4,all_flights,All scheduled flights,Osijek Airport,Klisa,Croatia,45.4628,18.8103,False
LDPL,641,100,3.4167,4,638,140,5.2833,4,1279,240,15.6006,21.9436,18.7647,4,all_flights,All scheduled flights,Pula Airport,Pula,Croatia,44.8936,13.9222,True
LDRI,288,81,7.6083,4,292,54,4.9083,4,580,135,28.125,18.4932,23.2759,4,all_flights,All scheduled flights,Rijeka Airport,Omišalj,Croatia,45.2169,14.5703,True
LDSB,25,4,1.75,2,25,1,-5.8833,2,50,5,16.0,4.0,10.0,2,all_flights,All scheduled flights,Brač Airport,Gornji Humac,Croatia,43.2858,16.6797,False
LDSP,3692,763,5.525,4,3693,602,2.0,4,7385,1365,20.6663,16.3011,18.4834,4,all_flights,All scheduled flights,Split Airport,Kaštel Štafilić,Croatia,43.5389,16.2981,True
LDZA,5917,1098,3.9667,4,5909,507,1.0,4,11826,1605,18.5567,8.5801,13.5718,4,all_flights,All scheduled flights,Zagreb Franjo Tuđman International Airport,Velika Gorica,Croatia,45.7431,16.0689,True
LDZD,1456,348,6.4833,4,1457,263,4.0,4,2913,611,23.9011,18.0508,20.9749,4,all_flights,All scheduled flights,Zadar Airport,Zemunik Donji (Zadar),Croatia,44.1083,15.3467,True
LEAB,5,0,-22.55,2,1,0,6.0,1,6,0,0.0,0.0,0.0,2,all_flights,All scheduled flights,Albacete Airport / Los Llanos Air Base,Albacete,Spain,38.9486,-1.8633,False
LEAL,14099,2207,3.8833,4,14103,1291,2.0,4,28202,3498,15.6536,9.1541,12.4034,4,all_flights,All scheduled flights,Alicante-Elche Miguel Hernández Airport,Alicante,Spain,38.2822,-0.5581,True
LEAM,1037,75,0.0833,4,1037,92,4.0,4,2074,167,7.2324,8.8717,8.0521,4,all_flights,All scheduled flights,Almería Airport,Almería,Spain,36.8439,-2.37,True
LEAS,1825,164,2.4,4,1827,70,1.0,4,3652,234,8.9863,3.8314,6.4074,4,all_flights,All scheduled flights,Asturias Airport,Ranón,Spain,43.5636,-6.0347,True
LEBB,6901,592,0.4167,4,6894,470,1.0,4,13795,1062,8.5785,6.8175,7.6984,4,all_flights,All scheduled flights,Bilbao Airport,Bilbao,Spain,43.3011,-2.9106,True
LEBL,44952,7791,4.05,4,44984,7212,3.0,4,89936,15003,17.3318,16.0324,16.6819,4,all_flights,All scheduled flights,Josep Tarradellas Barcelona-El Prat Airport,Barcelona,Spain,41.2969,2.0783,True
LEBZ,212,10,-1.7667,4,212,5,3.0,4,424,15,4.717,2.3585,3.5377,4,all_flights,All scheduled flights,Badajoz Airport,Badajoz,Spain,38.8914,-6.8214,False
LECH,198,29,1.975,4,201,18,2.0,4,399,47,14.6465,8.9552,11.7794,4,all_flights,All scheduled flights,Castellón-Costa Azahar Airport,Castellón de la Plana,Spain,40.2142,0.0736,False
LECO,1287,154,4.4167,4,1289,54,4.0,4,2576,208,11.9658,4.1893,8.0745,4,all_flights,All scheduled flights,A Coruña Airport,Culleredo,Spain,43.3019,-8.3772,True
LEDA,58,3,-5.0,4,52,0,-1.5,4,110,3,5.1724,0.0,2.7273,4,all_flights,All scheduled flights,Lleida-Alguaire Airport,Lleida,Spain,41.7281,0.5353,False
LEGE,1292,175,1.2583,4,1294,147,3.0,4,2586,322,13.5449,11.3601,12.4517,4,all_flights,All scheduled flights,Girona-Costa Brava Airport,Girona,Spain,41.9008,2.7606,True
LEGR,1202,292,8.6833,4,1202,78,2.0,4,2404,370,24.2928,6.4892,15.391,4,all_flights,All scheduled flights,F.G.L. Airport Granada-Jaén Airport,Granada,Spain,37.1886,-3.7772,True
LEIB,9759,859,-2.1667,4,9751,1105,3.65,4,19510,1964,8.8021,11.3322,10.0666,4,all_flights,All scheduled flights,Ibiza Airport,Ibiza (Eivissa),Spain,38.8728,1.3731,True
LEJR,1071,187,5.1167,4,1071,76,2.0,4,2142,263,17.4603,7.0962,12.2782,4,all_flights,All scheduled flights,Jerez Airport,Jerez de la Frontera,Spain,36.7447,-6.06,True
LELC,0,0,,0,1,1,17.0,1,1,1,,100.0,100.0,1,all_flights,All scheduled flights,San Javier Airport,San Javier,Spain,37.775,-0.8125,False
LELL,0,0,,0,3,0,-2.0,1,3,0,,0.0,0.0,1,all_flights,All scheduled flights,,,,41.5208,2.105,False
LELN,126,20,6.175,4,126,3,2.8667,4,252,23,15.873,2.381,9.127,4,all_flights,All scheduled flights,León Int'l Airport,La Virgen Del Camino,Spain,42.5886,-5.6561,False
LEMD,55576,10531,4.35,4,55595,6300,3.0,4,111171,16831,18.9488,11.332,15.1397,4,all_flights,All scheduled flights,Adolfo Suárez Madrid–Barajas Airport,Madrid,Spain,40.4722,-3.5608,True
LEMG,19909,3594,4.85,4,19877,2702,4.0,4,39786,6296,18.0521,13.5936,15.8247,4,all_flights,All scheduled flights,Málaga-Costa del Sol Airport,Málaga,Spain,36.675,-4.4992,True
LEMH,5088,474,0.1667,4,5100,656,0.0,4,10188,1130,9.316,12.8627,11.0915,4,all_flights,All scheduled flights,Menorca Airport,Mahón (Maó),Spain,39.8625,4.2186,True
LEMI,897,45,-6.6333,4,894,61,1.3333,4,1791,106,5.0167,6.8233,5.9185,4,all_flights,All scheduled flights,Región de Murcia International Airport,Corvera,Spain,37.8031,-1.1247,True
LEMO,2,2,27.425,1,0,0,,0,2,2,100.0,,100.0,1,all_flights,All scheduled flights,,,,37.175,-5.6158,False
LEPA,30276,4713,1.75,4,30289,6989,4.0,4,60565,11702,15.5668,23.0744,19.3214,4,all_flights,All scheduled flights,Palma de Mallorca Airport,Palma de Mallorca,Spain,39.5517,2.7389,True
LEPP,361,43,4.55,4,365,8,1.0,4,726,51,11.9114,2.1918,7.0248,4,all_flights,All scheduled flights,Pamplona Airport,Pamplona,Spain,42.77,-1.6464,True
LERJ,61,9,7.8167,4,60,0,0.0,4,121,9,14.7541,0.0,7.438,4,all_flights,All scheduled flights,,,,42.4606,-2.3206,False
LERS,838,139,2.45,4,839,73,2.0,3,1677,212,16.5871,8.7008,12.6416,4,all_flights,All scheduled flights,Reus Airport,Reus,Spain,41.1475,1.1672,True
LERT,10,6,24.475,1,10,3,5.0,1,20,9,60.0,30.0,45.0,1,all_flights,All scheduled flights,Rota Naval Station Airport,Rota,Spain,36.6453,-6.3494,False
LESA,13,1,-8.8333,2,13,2,5.0,2,26,3,7.6923,15.3846,11.5385,2,all_flights,All scheduled flights,Salamanca Airport,Salamanca,Spain,40.9519,-5.5019,False
LESJ,1,1,15.6333,1,1,0,-12.35,1,2,1,100.0,0.0,50.0,1,all_flights,All scheduled flights,,,,39.5517,2.7389,False
LESO,600,79,5.3,4,597,22,1.0,4,1197,101,13.1667,3.6851,8.4378,4,all_flights,All scheduled flights,San Sebastián Airport,Hondarribia,Spain,43.3564,-1.7906,True
LEST,3756,344,1.1167,4,3762,183,-1.0,4,7518,527,9.1587,4.8644,7.0098,4,all_flights,All scheduled flights,Santiago-Rosalía de Castro Airport,Santiago de Compostela,Spain,42.8964,-8.4153,True
LESU,31,6,9.3333,4,31,0,-4.0,4,62,6,19.3548,0.0,9.6774,4,all_flights,All scheduled flights,Pirineus - la Seu d'Urgel Airport,La Seu d'Urgell Pyrenees and Andorra,Spain,42.3461,1.4147,False
LETL,1,1,27.6667,1,1,0,0.0,1,2,1,100.0,0.0,50.0,1,all_flights,All scheduled flights,Teruel Airport,Teruel,Spain,40.4119,-1.2175,False
LETO,1,0,-30.6667,1,0,0,,0,1,0,0.0,,0.0,1,all_flights,All scheduled flights,Madrid–Torrejón Airport / Torrejón Air Base,Madrid,Spain,40.4967,-3.4458,False
LEVC,10407,1142,1.3167,4,10414,734,2.0,4,20821,1876,10.9734,7.0482,9.0101,4,all_flights,All scheduled flights,Valencia Airport,Valencia,Spain,39.4894,-0.4817,True
LEVD,202,38,4.875,4,201,11,1.0,4,403,49,18.8119,5.4726,12.1588,4,all_flights,All scheduled flights,Valladolid Airport,Valladolid,Spain,41.7061,-4.8519,False
LEVT,1632,158,-0.3333,4,1625,109,1.0,4,3257,267,9.6814,6.7077,8.1977,4,all_flights,All scheduled flights,Vitoria Airport,Alava,Spain,42.8828,-2.7244,True
LEVX,1366,226,6.3083,4,1364,44,3.6583,4,2730,270,16.5447,3.2258,9.8901,4,all_flights,All scheduled flights,Vigo Airport,Vigo,Spain,42.2292,-8.6275,True
LEXJ,1357,120,1.6333,4,1359,57,1.0,4,2716,177,8.843,4.1943,6.5169,4,all_flights,All scheduled flights,Seve Ballesteros-Santander Airport,Santander,Spain,43.4269,-3.82,True
LEZG,1146,199,1.575,4,1136,67,1.8583,4,2282,266,17.3647,5.8979,11.6564,4,all_flights,All scheduled flights,Zaragoza Airport,Zaragoza,Spain,41.6661,-1.0417,True
LEZL,8103,979,2.7667,4,8123,309,0.0,4,16226,1288,12.0819,3.804,7.9379,4,all_flights,All scheduled flights,Sevilla Airport,Sevilla,Spain,37.4181,-5.8989,True
LFAC,1,0,-8.0333,1,0,0,,0,1,0,0.0,,0.0,1,all_flights,All scheduled flights,Calais Marck Airport,Calais,France,50.9608,1.9514,False
LFAT,4,0,0.0,2,4,0,0.5,2,8,0,0.0,0.0,0.0,2,all_flights,All scheduled flights,Le Touquet-Côte d'Opale Airport,Le Touquet-Paris-Plage,France,50.5147,1.6275,False
LFBA,1,0,12.8833,1,1,0,-2.4833,1,2,0,0.0,0.0,0.0,1,all_flights,All scheduled flights,Agen La Garenne airport,Agen,France,44.1747,0.5906,False
LFBD,7541,1243,3.3667,4,7542,793,1.0,4,15083,2036,16.4832,10.5145,13.4986,4,all_flights,All scheduled flights,Bordeaux–Mérignac Airport,Bordeaux,France,44.8286,-0.7153,True
LFBE,279,37,1.75,4,279,41,4.0,4,558,78,13.2616,14.6953,13.9785,4,all_flights,All scheduled flights,Bergerac Dordogne-Périgord airport,Bergerac,France,44.8244,0.5206,True
LFBF,2,0,-10.8083,1,7,2,-1.0,4,9,2,0.0,28.5714,22.2222,4,all_flights,All scheduled flights,,,,43.5492,1.3572,False
LFBG,0,0,,0,1,0,-10.85,1,1,0,,0.0,0.0,1,all_flights,All scheduled flights,,,,45.6583,-0.3175,False
LFBH,244,14,-3.3583,4,245,28,4.0,4,489,42,5.7377,11.4286,8.589,4,all_flights,All scheduled flights,La Rochelle Île de Ré Airport,La Rochelle,France,46.1792,-1.1953,False
LFBI,242,19,1.35,4,241,27,3.0,4,483,46,7.8512,11.2033,9.5238,4,all_flights,All scheduled flights,Poitiers-Biard Airport,Poitiers/Biard,France,46.5875,0.3067,False
LFBL,456,45,-1.0083,4,458,53,2.0,4,914,98,9.8684,11.5721,10.7221,4,all_flights,All scheduled flights,Limoges Airport,Limoges/Bellegarde,France,45.8608,1.1803,True
LFBO,10942,1236,0.4,4,10943,2045,6.0,4,21885,3281,11.2959,18.6877,14.992,4,all_flights,All scheduled flights,Toulouse-Blagnac Airport,Toulouse/Blagnac,France,43.635,1.3678,True
LFBP,789,188,6.1667,4,794,50,-2.0,4,1583,238,23.8276,6.2972,15.0347,4,all_flights,All scheduled flights,Pau Pyrénées Airport,Pau/Pyrénées (Uzein),France,43.38,-0.4186,True
LFBT,480,46,-0.2,4,476,50,0.0,4,956,96,9.5833,10.5042,10.0418,4,all_flights,All scheduled flights,Tarbes-Lourdes-Pyrénées Airport,Tarbes/Lourdes/Pyrénées,France,43.1856,-0.0028,True
LFBZ,1288,299,6.6667,4,1283,115,2.0,4,2571,414,23.2143,8.9634,16.1027,4,all_flights,All scheduled flights,Biarritz Pays Basque airport,Biarritz,France,43.4683,-1.5311,True
LFCK,213,31,5.3,4,212,22,-2.0,4,425,53,14.554,10.3774,12.4706,4,all_flights,All scheduled flights,Castres Mazamet Airport,Castres,France,43.555,2.2906,False
LFCR,220,34,1.8417,4,221,31,3.0,4,441,65,15.4545,14.0271,14.7392,4,all_flights,All scheduled flights,Rodez–Aveyron Airport,Rodez/Marcillac,France,44.4075,2.4833,False
LFEC,181,15,-2.25,4,181,16,-1.0,4,362,31,8.2873,8.8398,8.5635,4,all_flights,All scheduled flights,Ouessant Airport,Ushant,France,48.4633,-5.0636,False
LFFJ,1,1,139.7167,1,0,0,,0,1,1,100.0,,100.0,1,all_flights,All scheduled flights,,,,48.3853,5.1433,False
LFGJ,116,17,-0.475,4,117,25,9.0,4,233,42,14.6552,21.3675,18.0258,4,all_flights,All scheduled flights,Dole Tavaux Airport,Dole,France,47.0428,5.435,False
LFHO,0,0,,0,1,0,8.7833,1,1,0,,0.0,0.0,1,all_flights,All scheduled flights,Aubenas-South Ardèche Airport,"Lanas, Ardèche",France,44.5394,4.3717,False
LFHP,103,17,6.45,4,103,8,2.0,4,206,25,16.5049,7.767,12.1359,4,all_flights,All scheduled flights,Le Puy-Loudes Airfield,"Chaspuzac, Haute-Loire",France,45.0797,3.7633,False
LFJL,279,21,-5.1,4,280,36,2.0,4,559,57,7.5269,12.8571,10.1968,4,all_flights,All scheduled flights,Metz-Nancy-Lorraine Airport,Goin,France,48.9783,6.2467,True
LFJR,3,0,2.0,1,3,2,31.0,1,6,2,0.0,66.6667,33.3333,1,all_flights,All scheduled flights,Angers Marcé airport,Angers,France,47.5603,-0.3122,False
LFKB,2050,292,1.8,4,2042,224,0.0,4,4092,516,14.2439,10.9696,12.61,4,all_flights,All scheduled flights,Bastia Poretta airport,Bastia,France,42.55,9.4847,True
LFKC,571,56,-0.1667,4,573,36,-3.0,4,1144,92,9.8074,6.2827,8.042,4,all_flights,All scheduled flights,Calvi Sainte Catherine Airport,Calvi,France,42.5244,8.7931,True
LFKF,1139,169,-0.4833,4,1141,152,-1.0,4,2280,321,14.8376,13.3216,14.0789,4,all_flights,All scheduled flights,Figari Sud-Corse Airport,Figari,France,41.5022,9.0967,True
LFKJ,2223,198,-2.7667,4,2206,244,1.0,4,4429,442,8.9069,11.0607,9.9797,4,all_flights,All scheduled flights,Ajaccio Napoléon Bonaparte airport,Ajaccio,France,41.9239,8.8025,True
LFKS,1,0,0.0,1,1,0,-8.7167,1,2,0,0.0,0.0,0.0,1,all_flights,All scheduled flights,,,,41.9264,9.4053,False
LFLB,173,54,6.4167,2,172,65,9.5,2,345,119,31.2139,37.7907,34.4928,2,all_flights,All scheduled flights,Chambéry Aix les Bains airport,Chambéry,France,45.6392,5.88,False
LFLC,423,121,7.5167,4,441,51,2.0,4,864,172,28.6052,11.5646,19.9074,4,all_flights,All scheduled flights,Clermont-Ferrand Auvergne airport,Clermont-Ferrand,France,45.7861,3.1625,True
LFLL,13403,2074,2.1167,4,13392,2348,3.0,4,26795,4422,15.4741,17.5329,16.5031,4,all_flights,All scheduled flights,Lyon Saint-Exupéry Airport,"Colombier-Saugnieu, Rhône",France,45.726,5.081,True
LFLS,257,34,-1.55,2,256,69,6.0,2,513,103,13.2296,26.9531,20.078,2,all_flights,All scheduled flights,Grenoble Alpes Isère Airport,Grenoble,France,45.3631,5.3328,False
LFLU,1,0,7.9667,1,0,0,,0,1,0,0.0,,0.0,1,all_flights,All scheduled flights,Valence-Chabeuil Airport,"Chabeuil, Drôme",France,44.9156,4.9686,False
LFLW,183,27,3.6333,4,183,13,-5.0,4,366,40,14.7541,7.1038,10.929,4,all_flights,All scheduled flights,Aurillac airport,Aurillac,France,44.8975,2.4167,False
LFLX,6,1,-0.6,2,7,0,4.0,3,13,1,16.6667,0.0,7.6923,3,all_flights,All scheduled flights,Châteauroux Déols airport,Châteauroux,France,46.8603,1.7211,False
LFLY,2,1,10.9667,1,2,0,4.5,2,4,1,50.0,0.0,25.0,2,all_flights,All scheduled flights,Lyon Bron Airport,"Chassieu, Lyon",France,45.7292,4.9389,False
LFMI,2,0,-45.2333,2,2,0,-35.175,2,4,0,0.0,0.0,0.0,2,all_flights,All scheduled flights,,,,43.5228,4.9241,False
LFMK,312,55,2.1333,4,313,46,4.0,4,625,101,17.6282,14.6965,16.16,4,all_flights,All scheduled flights,Carcassonne Salvaza Airport,Carcassonne,France,43.2158,2.3086,True
LFML,13542,2699,4.0583,4,13551,3080,7.0,4,27093,5779,19.9306,22.7289,21.3302,4,all_flights,All scheduled flights,Marseille Provence Airport,"Marignane, Bouches-du-Rhône",France,43.4367,5.215,True
LFMN,15671,2433,0.5,4,15655,4280,7.0,4,31326,6713,15.5255,27.3395,21.4295,4,all_flights,All scheduled flights,Nice-Côte d'Azur Airport,"Nice, Alpes-Maritimes",France,43.6653,7.215,True
LFMP,500,82,2.75,4,502,56,3.0,4,1002,138,16.4,11.1554,13.7725,4,all_flights,All scheduled flights,Perpignan-Rivesaltes (Llabanère) Airport,Perpignan/Rivesaltes,France,42.7408,2.8697,True
LFMT,2385,288,-0.4833,4,2385,275,1.0,4,4770,563,12.0755,11.5304,11.8029,4,all_flights,All scheduled flights,Montpellier-Méditerranée Airport,Montpellier/Méditerranée,France,43.5833,3.9614,True
LFMU,242,45,3.8667,4,240,55,9.0,4,482,100,18.595,22.9167,20.7469,4,all_flights,All scheduled flights,Béziers Vias airport,Béziers,France,43.3233,3.3533,False
LFMV,13,4,11.1667,2,13,4,10.0,2,26,8,30.7692,30.7692,30.7692,2,all_flights,All scheduled flights,Avignon Caumont airport,Avignon,France,43.9067,4.9019,False
LFOA,1,0,3.9667,1,1,0,1.2167,1,2,0,0.0,0.0,0.0,1,all_flights,All scheduled flights,,,,47.057,2.639,False
LFOB,4794,776,0.7833,4,4799,768,3.0,4,9593,1544,16.1869,16.0033,16.0951,4,all_flights,All scheduled flights,Beauvais Tillé airport,Beauvais,France,49.4544,2.1128,True
LFOK,91,15,-4.5,4,90,12,3.3667,4,181,27,16.4835,13.3333,14.9171,4,all_flights,All scheduled flights,Chalons Vatry airport,Chalons en Champagne,France,48.773,4.206,False
LFOT,190,62,5.9083,4,191,60,9.3,4,381,122,32.6316,31.4136,32.021,4,all_flights,All scheduled flights,Tours Val de Loire Airport,"Tours, Indre-et-Loire",France,47.4319,0.7231,False
LFPB,20,5,-2.925,4,12,2,7.0,4,32,7,25.0,16.6667,21.875,4,all_flights,All scheduled flights,Paris-Le Bourget Airport,Paris,France,48.9694,2.4414,False
LFPG,67710,19218,7.2167,4,67648,20779,8.0,4,135358,39997,28.3828,30.7164,29.549,4,all_flights,All scheduled flights,Charles de Gaulle International Airport,"Paris (Roissy-en-France, Val-d'Oise)",France,49.0097,2.5478,True
LFPM,0,0,,0,1,0,12.0,1,1,0,,0.0,0.0,1,all_flights,All scheduled flights,,,,48.605,2.671,False
LFPN,1,0,-39.6167,1,0,0,,0,1,0,0.0,,0.0,1,all_flights,All scheduled flights,Toussus-le-Noble Airport,"Toussus-le-Noble, Yvelines",France,48.75,2.111,False
LFPO,33096,6069,3.7167,4,33171,6187,4.0,4,66267,12256,18.3376,18.6518,18.4949,4,all_flights,All scheduled flights,Paris-Orly Airport,"Paris (Orly, Val-de-Marne)",France,48.7233,2.3794,True
LFQQ,2312,269,-0.35,4,2325,472,5.7833,4,4637,741,11.6349,20.3011,15.9802,4,all_flights,All scheduled flights,Lille Airport,Lesquin,France,50.5633,3.0869,True
LFQT,3,3,60.75,1,3,0,0.0,1,6,3,100.0,0.0,50.0,1,all_flights,All scheduled flights,Merville-Calonne Airport,"Merville, Nord",France,50.6167,2.64,False
LFRB,1500,253,2.9333,4,1499,141,2.0,4,2999,394,16.8667,9.4063,13.1377,4,all_flights,All scheduled flights,Brest Bretagne airport,Brest,France,48.4472,-4.4217,True
LFRD,2,0,-4.0,1,4,0,-4.0,1,6,0,0.0,0.0,0.0,1,all_flights,All scheduled flights,Dinard Pleurtuit Saint-Malo airport,Dinard,France,48.5878,-2.08,False
LFRG,73,12,3.0833,2,72,7,5.0,2,145,19,16.4384,9.7222,13.1034,2,all_flights,All scheduled flights,Deauville Normandie airport,Deauville,France,49.3633,0.16,False
LFRH,66,4,-5.8667,4,66,2,-9.5,4,132,6,6.0606,3.0303,4.5455,4,all_flights,All scheduled flights,Lorient South Brittany (Bretagne Sud) Airport,Lorient/Lann/Bihoué,France,47.7606,-3.44,False
LFRK,468,147,9.7833,4,470,58,3.0,4,938,205,31.4103,12.3404,21.855,4,all_flights,All scheduled flights,Caen Carpiquet airport,Caen,France,49.1733,-0.45,True
LFRM,2,0,-2.7,1,3,1,10.0,1,5,1,0.0,33.3333,20.0,1,all_flights,All scheduled flights,Le Mans-Arnage Airport,"Le Mans, Sarthe",France,47.9486,0.2017,False
LFRN,1281,217,2.65,4,1290,113,1.0,4,2571,330,16.9399,8.7597,12.8355,4,all_flights,All scheduled flights,Rennes-Saint-Jacques Airport,"Saint-Jacques-de-la-Lande, Ille-et-Vilaine",France,48.0719,-1.7322,True
LFRQ,166,14,-0.9083,4,166,13,-3.0,4,332,27,8.4337,7.8313,8.1325,4,all_flights,All scheduled flights,Quimper-Cornouaille Airport,Quimper/Pluguffan,France,47.975,-4.1678,False
LFRS,7282,1102,2.6917,4,7287,634,1.0,4,14569,1736,15.1332,8.7004,11.9157,4,all_flights,All scheduled flights,Nantes Atlantique Airport,Nantes,France,47.1569,-1.6078,True
LFRT,2,0,-5.6167,2,2,0,-5.0,2,4,0,0.0,0.0,0.0,2,all_flights,All scheduled flights,Saint-Brieuc-Armor Airport,"Trémuson, Côtes-d'Armor",France,48.5375,-2.8567,False
LFRV,1,1,54.95,1,0,0,,0,1,1,100.0,,100.0,1,all_flights,All scheduled flights,Vannes-Meucon Airport,Vannes/Meucon,France,47.7192,-2.7233,False
LFRZ,95,4,-9.65,4,93,3,-5.0,4,188,7,4.2105,3.2258,3.7234,4,all_flights,All scheduled flights,Saint-Nazaire-Montoir Airport,Saint-Nazaire/Montoir,France,47.3106,-2.1567,False
LFSB,9103,1313,0.1333,4,9135,1503,4.0,4,18238,2816,14.4238,16.4532,15.4403,4,all_flights,All scheduled flights,EuroAirport Basel–Mulhouse–Freiburg,Bâle / Mulhouse,France,47.59,7.5292,True
LFSD,0,0,,0,1,0,2.0,1,1,0,,0.0,0.0,1,all_flights,All scheduled flights,Dijon Longvic airport,Dijon,France,47.2658,5.095,False
LFSL,276,40,4.6167,4,279,26,0.0,4,555,66,14.4928,9.319,11.8919,4,all_flights,All scheduled flights,Brive Souillac airport,Brive,France,45.0397,1.4856,True
LFST,1578,242,1.9167,4,1586,196,2.0,4,3164,438,15.3359,12.3581,13.8432,4,all_flights,All scheduled flights,Strasbourg Airport,Strasbourg,France,48.5419,7.6344,True
LFTH,550,111,5.0,4,551,84,3.0,4,1101,195,20.1818,15.245,17.7112,4,all_flights,All scheduled flights,Toulon-Hyères Airport,"Hyères, Var",France,43.0972,6.1461,True
LFTW,204,44,3.35,4,202,56,9.0,4,406,100,21.5686,27.7228,24.6305,4,all_flights,All scheduled flights,Nîmes-Arles-Camargue Airport,Nîmes/Garons,France,43.7575,4.4164,False
LFVP,3,2,19.0167,2,3,1,9.0,2,6,3,66.6667,33.3333,50.0,2,all_flights,All scheduled flights,St Pierre Airport,Saint-Pierre,Saint Pierre and Miquelon,46.7631,-56.1742,False
LGAD,1,0,-34.7333,1,1,0,7.0,1,2,0,0.0,0.0,0.0,1,all_flights,All scheduled flights,,,,37.9253,21.2914,False
LGAL,585,6,-9.5333,4,585,28,0.3667,4,1170,34,1.0256,4.7863,2.906,4,all_flights,All scheduled flights,Alexandroupoli Democritus Airport,Alexandroupolis,Greece,40.8558,25.9561,True
LGAV,31863,4668,1.7833,4,31855,1913,-1.0,4,63718,6581,14.6502,6.0053,10.3283,4,all_flights,All scheduled flights,Athens Eleftherios Venizelos International Airport,Spata-Artemida,Greece,37.9367,23.9444,True
LGBL,44,15,8.2417,3,46,18,7.5,3,90,33,34.0909,39.1304,36.6667,3,all_flights,All scheduled flights,Nea Anchialos National Airport,Nea Anchialos,Greece,39.2194,22.7944,False
LGEL,7,1,-4.3333,3,7,1,-3.0,3,14,2,14.2857,14.2857,14.2857,3,all_flights,All scheduled flights,,,,38.069,23.554,False
LGHI,797,14,-7.2667,4,799,38,0.7,4,1596,52,1.7566,4.7559,3.2581,4,all_flights,All scheduled flights,Chios Island National Airport,Chios Island,Greece,38.3433,26.1406,True
LGIK,252,0,-15.425,4,251,4,-1.2333,4,503,4,0.0,1.5936,0.7952,4,all_flights,All scheduled flights,Ikaria Airport,Ikaria Island,Greece,37.6836,26.3478,True
LGIO,201,3,-4.5167,4,202,24,5.0,4,403,27,1.4925,11.8812,6.6998,4,all_flights,All scheduled flights,Ioannina King Pyrrhus National Airport,Ioannina,Greece,39.6972,20.8219,False
LGIR,6523,1189,2.45,4,6518,1383,5.0,4,13041,2572,18.2278,21.2182,19.7224,4,all_flights,All scheduled flights,Heraklion International Nikos Kazantzakis Airport,Heraklion,Greece,35.3397,25.1803,True
LGKA,51,1,0.0,4,51,2,-1.2667,4,102,3,1.9608,3.9216,2.9412,4,all_flights,All scheduled flights,Kastoria National Airport Aristotle,Argos Orestiko,Greece,40.4464,21.2811,False
LGKC,148,5,-2.1083,4,149,13,3.0,4,297,18,3.3784,8.7248,6.0606,4,all_flights,All scheduled flights,Kithira Airport,Kithira Island,Greece,36.2742,23.0167,False
LGKF,1064,356,7.7667,4,1062,296,6.0,4,2126,652,33.4586,27.8719,30.6679,4,all_flights,All scheduled flights,Kefallinia Airport,Kefallinia Island,Greece,38.12,20.5006,True
LGKJ,75,0,-20.0,4,75,3,0.0,4,150,3,0.0,4.0,2.0,4,all_flights,All scheduled flights,Kastelorizo Airport,Kastelorizo Island,Greece,36.1417,29.5764,False
LGKL,480,142,6.475,4,481,99,5.3333,4,961,241,29.5833,20.5821,25.078,4,all_flights,All scheduled flights,Kalamata Airport,Kalamata,Greece,37.0683,22.0253,True
LGKO,2701,656,4.6833,4,2706,947,9.775,4,5407,1603,24.2873,34.9963,29.6468,4,all_flights,All scheduled flights,Kos Airport,Kos Island,Greece,36.7947,27.0911,True
LGKP,543,45,-2.6667,4,547,49,0.0,4,1090,94,8.2873,8.958,8.6239,4,all_flights,All scheduled flights,Karpathos Airport,Karpathos Island,Greece,35.4211,27.1458,True
LGKR,3997,1040,6.05,4,4006,1069,6.0,4,8003,2109,26.0195,26.685,26.3526,4,all_flights,All scheduled flights,Corfu Ioannis Kapodistrias International Airport,Kerkyra (Corfu),Greece,39.6019,19.9122,True
LGKS,78,1,0.0,4,76,0,0.0,4,154,1,1.2821,0.0,0.6494,4,all_flights,All scheduled flights,Kasos Airport,Kasos Island,Greece,35.4214,26.91,False
LGKV,325,82,5.3667,4,325,96,9.0,4,650,178,25.2308,29.5385,27.3846,4,all_flights,All scheduled flights,Kavala Alexander the Great International Airport,Kavala,Greece,40.9139,24.6197,True
LGKY,154,0,-8.6,4,152,4,0.0,4,306,4,0.0,2.6316,1.3072,4,all_flights,All scheduled flights,Kalymnos Airport,Kalymnos Island,Greece,36.9633,26.9406,False
LGKZ,52,4,-7.375,4,53,3,0.0,4,105,7,7.6923,5.6604,6.6667,4,all_flights,All scheduled flights,Kozani National Airport Filippos,Kozani,Greece,40.2858,21.8417,False
LGLE,176,1,-9.1333,4,173,4,0.0,4,349,5,0.5682,2.3121,1.4327,4,all_flights,All scheduled flights,Leros Airport,Leros Island,Greece,37.185,26.8,False
LGLM,462,14,-12.6333,4,463,24,-1.0,4,925,38,3.0303,5.1836,4.1081,4,all_flights,All scheduled flights,Limnos Airport,Limnos Island,Greece,39.9172,25.2364,True
LGLR,2,1,19.9667,1,2,0,0.8333,1,4,1,50.0,0.0,25.0,1,all_flights,All scheduled flights,,,,39.6486,22.4486,False
LGMG,5,1,-0.9833,2,6,1,-3.4167,3,11,2,20.0,16.6667,18.1818,3,all_flights,All scheduled flights,,,,37.9814,23.3661,False
LGMK,2239,483,3.75,4,2241,262,-0.3667,4,4480,745,21.5721,11.6912,16.6295,4,all_flights,All scheduled flights,Mykonos Island National Airport,Mykonos,Greece,37.4372,25.3472,True
LGML,406,4,-10.8,4,406,28,2.0,4,812,32,0.9852,6.8966,3.9409,4,all_flights,All scheduled flights,Milos Airport,Milos Island,Greece,36.6969,24.4769,True
LGMT,992,30,-6.8667,4,997,106,1.0,4,1989,136,3.0242,10.6319,6.8376,4,all_flights,All scheduled flights,Mytilene International Airport,Mytilene,Greece,39.0578,26.5986,True
LGNX,532,0,-13.7833,4,536,21,0.0,4,1068,21,0.0,3.9179,1.9663,4,all_flights,All scheduled flights,Naxos Island National Airport,Naxos,Greece,37.0811,25.3681,True
LGPA,855,5,-8.0,4,853,86,1.0,4,1708,91,0.5848,10.0821,5.3279,4,all_flights,All scheduled flights,Paros National Airport,Paros,Greece,37.0208,25.1131,True
LGPL,148,1,-3.625,4,147,7,0.0,4,295,8,0.6757,4.7619,2.7119,4,all_flights,All scheduled flights,Astypalaia Airport,Astypalaia Island,Greece,36.58,26.3753,False
LGPZ,785,216,6.55,4,790,208,6.0,4,1575,424,27.5159,26.3291,26.9206,4,all_flights,All scheduled flights,Aktion National Airport,Preveza,Greece,38.9256,20.765,True
LGRP,4830,965,3.1083,4,4823,1059,4.0,4,9653,2024,19.9793,21.9573,20.9676,4,all_flights,All scheduled flights,Diagoras Airport,Rhodes,Greece,36.4053,28.0861,True
LGRX,74,26,6.6333,2,74,13,5.0,2,148,39,35.1351,17.5676,26.3514,2,all_flights,All scheduled flights,Patras Araxos Agamemnon Airport,Patras,Greece,38.1511,21.4256,False
LGSA,3003,848,4.8667,4,3006,519,2.0,4,6009,1367,28.2384,17.2655,22.7492,4,all_flights,All scheduled flights,Chania International Airport,Souda,Greece,35.5314,24.1511,True
LGSK,652,169,5.175,4,654,153,4.0,4,1306,322,25.9202,23.3945,24.6554,4,all_flights,All scheduled flights,Skiathos Island National Airport,Skiathos,Greece,39.1775,23.5036,True
LGSM,799,52,-10.8333,4,798,93,1.0,4,1597,145,6.5081,11.6541,9.0795,4,all_flights,All scheduled flights,Samos Airport,Samos Island,Greece,37.6892,26.9122,True
LGSO,80,2,-10.7,4,79,1,3.0,4,159,3,2.5,1.2658,1.8868,4,all_flights,All scheduled flights,Syros Airport,Syros Island,Greece,37.4231,24.95,False
LGSR,3630,548,1.675,4,3634,419,1.0,4,7264,967,15.0964,11.53,13.3122,4,all_flights,All scheduled flights,Santorini Airport,Santorini Island,Greece,36.3992,25.4792,True
LGST,154,2,-13.3333,4,153,8,1.0,4,307,10,1.2987,5.2288,3.2573,4,all_flights,All scheduled flights,Sitia Airport,Crete Island,Greece,35.2161,26.1011,False
LGSY,119,4,-19.0,4,119,8,0.0,4,238,12,3.3613,6.7227,5.042,4,all_flights,All scheduled flights,Skiros Airport,Skiros Island,Greece,38.9675,24.4875,False
LGTG,3,1,-12.8167,2,3,0,-4.0,1,6,1,33.3333,0.0,16.6667,2,all_flights,All scheduled flights,,,,38.332,23.549,False
LGTS,7532,873,-1.7667,4,7522,997,1.0,4,15054,1870,11.5905,13.2545,12.4219,4,all_flights,All scheduled flights,Thessaloniki Macedonia International Airport,Thessaloniki,Greece,40.5197,22.9708,True
LGZA,1666,531,8.825,4,1673,450,6.8333,4,3339,981,31.8727,26.8978,29.3801,4,all_flights,All scheduled flights,Zakynthos International Airport Dionysios Solomos,Zakynthos,Greece,37.751,20.884,True
LHBP,14398,2696,3.8333,4,14405,2499,4.0,4,28803,5195,18.7248,17.3481,18.0363,4,all_flights,All scheduled flights,Budapest Liszt Ferenc International Airport,Budapest,Hungary,47.4394,19.2619,True
LHBS,1,0,-66.5667,1,0,0,,0,1,0,0.0,,0.0,1,all_flights,All scheduled flights,,,,47.4492,18.9858,False
LHDC,314,34,-4.225,4,313,58,-0.3333,4,627,92,10.828,18.5304,14.673,4,all_flights,All scheduled flights,Debrecen International Airport,Debrecen,Hungary,47.4889,21.6153,True
LHPR,5,0,2.6667,2,4,0,6.6167,2,9,0,0.0,0.0,0.0,2,all_flights,All scheduled flights,,,,47.627,17.808,False
LHSM,13,7,16.7,2,14,4,11.0,2,27,11,53.8462,28.5714,40.7407,2,all_flights,All scheduled flights,Hévíz–Balaton Airport,Sármellék,Hungary,46.6864,17.1592,False
LIBC,167,48,7.05,4,167,8,5.0,4,334,56,28.7425,4.7904,16.7665,4,all_flights,All scheduled flights,Crotone Sant'Anna Pythagoras Airport,Isola di Capo Rizzuto (KR),Italy,38.9967,17.0792,False
LIBD,7527,886,1.7333,4,7513,675,1.0,4,15040,1561,11.771,8.9844,10.379,4,all_flights,All scheduled flights,Bari Karol Wojtyła International Airport,Bari,Italy,41.138,16.765,True
LIBF,37,7,6.7833,2,37,1,5.0,2,74,8,18.9189,2.7027,10.8108,2,all_flights,All scheduled flights,Foggia Gino Lisa Airport,Foggia (FG),Italy,41.4333,15.5347,False
LIBG,5,1,-1.2833,3,5,1,5.0,3,10,2,20.0,20.0,20.0,3,all_flights,All scheduled flights,Taranto-Grottaglie Marcello Arlotta Airport,Grottaglie,Italy,40.5172,17.3997,False
LIBP,911,73,-2.15,4,917,93,2.0,4,1828,166,8.0132,10.1418,9.081,4,all_flights,All scheduled flights,Abruzzo Airport,Pescara,Italy,42.4372,14.1872,True
LIBR,3642,507,2.9,4,3639,203,-2.0,4,7281,710,13.9209,5.5785,9.7514,4,all_flights,All scheduled flights,Brindisi Airport,Brindisi,Italy,40.6606,17.9481,True
LIBV,1,0,-32.0,1,1,0,2.0,1,2,0,0.0,0.0,0.0,1,all_flights,All scheduled flights,,,,40.7697,16.9331,False
LICA,3169,409,2.0667,4,3176,164,-2.0,4,6345,573,12.9063,5.1637,9.0307,4,all_flights,All scheduled flights,Lamezia Terme Sant'Eufemia International Airport,Lamezia Terme (CZ),Italy,38.9083,16.2417,True
LICB,406,69,6.35,4,406,19,3.0,4,812,88,16.9951,4.6798,10.8374,4,all_flights,All scheduled flights,Comiso Airport,Comiso,Italy,36.996,14.609,True
LICC,11484,1475,0.3917,4,11475,829,-1.0,4,22959,2304,12.844,7.2244,10.0353,4,all_flights,All scheduled flights,Catania-Fontanarossa Airport,Catania,Italy,37.4667,15.0639,True
LICD,714,40,-9.725,4,715,59,0.5833,4,1429,99,5.6022,8.2517,6.9279,4,all_flights,All scheduled flights,Lampedusa Airport,Lampedusa,Italy,35.4981,12.6183,True
LICG,631,10,-9.0167,4,632,3,-3.0,4,1263,13,1.5848,0.4747,1.0293,4,all_flights,All scheduled flights,Pantelleria Airport,Pantelleria (TP),Italy,36.8131,11.9608,True
LICJ,8564,850,0.9333,4,8572,402,-2.0,4,17136,1252,9.9253,4.6897,7.3063,4,all_flights,All scheduled flights,Falcone–Borsellino Airport,Palermo,Italy,38.1819,13.0994,True
LICK,1,0,11.0,1,1,0,0.0,1,2,0,0.0,0.0,0.0,1,all_flights,All scheduled flights,,,,39.7806,15.8167,False
LICR,384,21,0.625,4,384,9,-3.0,4,768,30,5.4688,2.3438,3.9062,4,all_flights,All scheduled flights,Reggio Calabria Airport,Reggio Calabria,Italy,38.0719,15.6536,True
LICT,1225,112,0.4167,4,1226,64,-3.0,4,2451,176,9.1429,5.2202,7.1807,4,all_flights,All scheduled flights,Vincenzo Florio Airport Trapani-Birgi,Trapani (TP),Italy,37.9119,12.4933,True
LICZ,22,9,9.9,4,20,10,13.5,4,42,19,40.9091,50.0,45.2381,4,all_flights,All scheduled flights,,,,37.4058,14.9239,False
LIEA,1865,151,-0.1667,4,1865,93,0.0,4,3730,244,8.0965,4.9866,6.5416,4,all_flights,All scheduled flights,Alghero-Fertilia Airport,Alghero,Italy,40.6311,8.2886,True
LIEE,5316,500,0.9,4,5321,325,-1.0,4,10637,825,9.4056,6.1079,7.7559,4,all_flights,All scheduled flights,Cagliari Elmas Airport,Cagliari,Italy,39.2472,9.0561,True
LIEO,3712,185,-6.45,4,3712,330,-2.0,4,7424,515,4.9838,8.8901,6.937,4,all_flights,All scheduled flights,Olbia Costa Smeralda Airport,Olbia (SS),Italy,40.8986,9.5178,True
LILE,0,0,,0,1,0,-40.85,1,1,0,,0.0,0.0,1,all_flights,All scheduled flights,,,,45.4958,8.1025,False
LIMB,1,0,0.9333,1,0,0,,0,1,0,0.0,,0.0,1,all_flights,All scheduled flights,,,,45.5414,9.2022,False
LIMC,29762,2023,-10.0167,4,29775,5495,4.0,4,59537,7518,6.7973,18.4551,12.6274,4,all_flights,All scheduled flights,Milan Malpensa International Airport,Ferno (VA),Italy,45.63,8.7231,True
LIME,14276,1263,-2.1833,4,14292,2670,5.0,4,28568,3933,8.847,18.6818,13.7672,4,all_flights,All scheduled flights,Milan Bergamo Airport / Antonio Locatelli Air Base,Orio al Serio (BG),Italy,45.6689,9.7003,True
LIMF,5601,725,1.7833,4,5594,435,0.0,4,11195,1160,12.9441,7.7762,10.3618,4,all_flights,All scheduled flights,Turin Airport,Caselle Torinese (TO),Italy,45.2025,7.6494,True
LIMJ,1571,180,1.7167,4,1570,143,1.0,4,3141,323,11.4577,9.1083,10.2833,4,all_flights,All scheduled flights,Genoa Cristoforo Colombo Airport,Genova (GE),Italy,44.4133,8.8375,True
LIML,13075,1611,1.2667,4,13089,2059,4.0,4,26164,3670,12.3212,15.7308,14.0269,4,all_flights,All scheduled flights,Milano Linate Airport,Segrate (MI),Italy,45.4494,9.2783,True
LIMP,140,9,-3.8917,4,141,1,1.0,4,281,10,6.4286,0.7092,3.5587,4,all_flights,All scheduled flights,Parma Airport,Parma (PR),Italy,44.8222,10.2953,False
LIMZ,204,16,-1.75,4,205,10,-2.0,4,409,26,7.8431,4.878,6.357,4,all_flights,All scheduled flights,Cuneo International Airport,Levaldigi (CN),Italy,44.5475,7.6231,False
LIPB,265,33,3.2167,4,270,12,1.0,4,535,45,12.4528,4.4444,8.4112,4,all_flights,All scheduled flights,Bolzano Airport,Bolzano (BZ),Italy,46.4603,11.3264,True
LIPE,10785,1624,2.6,4,10774,1143,1.0,4,21559,2767,15.058,10.6089,12.8345,4,all_flights,All scheduled flights,Bologna Guglielmo Marconi Airport,Bologna,Italy,44.5308,11.2969,True
LIPH,2835,304,-1.7833,4,2854,354,2.0,4,5689,658,10.7231,12.4036,11.5662,4,all_flights,All scheduled flights,Treviso Antonio Canova Airport,Treviso (TV),Italy,45.6508,12.1978,True
LIPK,165,11,-3.8333,4,168,6,-2.0,4,333,17,6.6667,3.5714,5.1051,4,all_flights,All scheduled flights,Forlì Luigi Ridolfi Airport,Forlì (FC),Italy,44.1956,12.0697,False
LIPL,0,0,,0,1,1,16.8833,1,1,1,,100.0,100.0,1,all_flights,All scheduled flights,,,,45.436,10.27,False
LIPN,0,0,,0,1,1,40.0,1,1,1,,100.0,100.0,1,all_flights,All scheduled flights,,,,45.473,10.927,False
LIPO,779,26,-5.6833,4,772,28,1.0,4,1551,54,3.3376,3.6269,3.4816,4,all_flights,All scheduled flights,Brescia Gabriele d'Annunzio Airport,Montichiari (BS),Italy,45.4289,10.3306,True
LIPQ,952,97,2.45,4,950,58,-1.0,4,1902,155,10.1891,6.1053,8.1493,4,all_flights,All scheduled flights,Trieste–Friuli Venezia Giulia Airport,Ronchi dei Legionari (GO),Italy,45.8275,13.4722,True
LIPR,216,27,-0.9917,4,218,23,0.0,4,434,50,12.5,10.5505,11.5207,4,all_flights,All scheduled flights,Federico Fellini International Airport,Rimini (RN),Italy,44.0194,12.6094,False
LIPX,3537,361,-1.1333,4,3518,371,-1.0,4,7055,732,10.2064,10.5458,10.3756,4,all_flights,All scheduled flights,Verona Villafranca Valerio Catullo Airport,Caselle (VR),Italy,45.3964,10.8878,True
LIPY,797,95,0.8667,4,798,58,2.0,4,1595,153,11.9197,7.2682,9.5925,4,all_flights,All scheduled flights,Marche Airport,Falconara Marittima (AN),Italy,43.6167,13.3603,True
LIPZ,11917,899,-6.1333,4,11889,2319,4.0,4,23806,3218,7.5438,19.5054,13.5176,4,all_flights,All scheduled flights,Venice Marco Polo Airport,Venezia (VE),Italy,45.5053,12.3519,True
LIRA,3722,553,1.2833,4,3735,492,1.0,4,7457,1045,14.8576,13.1727,14.0137,4,all_flights,All scheduled flights,Ciampino–G. B. Pastine International Airport,Rome,Italy,41.7994,12.5972,True
LIRE,2,0,-25.0917,1,2,0,1.0,2,4,0,0.0,0.0,0.0,2,all_flights,All scheduled flights,,,,41.6592,12.4451,False
LIRF,35705,3047,-5.2,4,35691,5999,4.0,4,71396,9046,8.5338,16.8082,12.6702,4,all_flights,All scheduled flights,Rome–Fiumicino Leonardo da Vinci International Airport,Rome,Italy,41.8003,12.2389,True
LIRJ,129,0,-17.65,4,129,3,2.0,4,258,3,0.0,2.3256,1.1628,4,all_flights,All scheduled flights,Marina di Campo Airport,Campo nell'Elba (LI),Italy,42.7611,10.2397,False
LIRN,12435,1441,-0.25,4,12453,2523,5.0,4,24888,3964,11.5883,20.2602,15.9274,4,all_flights,All scheduled flights,Naples International Airport,Napoli,Italy,40.8844,14.2908,True
LIRP,5225,798,1.35,4,5255,920,3.0,4,10480,1718,15.2727,17.5071,16.3931,4,all_flights,All scheduled flights,Pisa International Airport,Pisa (PI),Italy,43.6828,10.3956,True
LIRQ,3743,742,3.95,4,3713,699,5.0,4,7456,1441,19.8237,18.8257,19.3267,4,all_flights,All scheduled flights,"Florence Airport, Peretola",Firenze (FI),Italy,43.8086,11.2028,True
LIRS,2,0,10.0917,1,2,1,11.0,1,4,1,0.0,50.0,25.0,1,all_flights,All scheduled flights,Grosseto Corrado Baccarini Air Base / Grosseto Airport,Grosseto (GR),Italy,42.7597,11.0719,False
LIRU,1,0,-0.75,1,0,0,,0,1,0,0.0,,0.0,1,all_flights,All scheduled flights,,,,41.9519,12.5008,False
LIRZ,433,62,0.5833,4,429,59,6.0,4,862,121,14.3187,13.7529,14.0371,4,all_flights,All scheduled flights,Perugia San Francesco d'Assisi – Umbria International Airport,Perugia (PG),Italy,43.0972,12.5103,True
LJBL,0,0,,0,1,0,-10.4333,1,1,0,,0.0,0.0,1,all_flights,All scheduled flights,,,,46.3564,14.1744,False
LJLJ,1904,487,6.1833,4,1921,281,2.0,4,3825,768,25.5777,14.6278,20.0784,4,all_flights,All scheduled flights,Ljubljana Jože Pučnik Airport,Zgornji Brnik,Slovenia,46.2244,14.4561,True
LKHK,1,0,-29.6,1,1,0,0.0,1,2,0,0.0,0.0,0.0,1,all_flights,All scheduled flights,,,,50.2533,15.8453,False
LKMT,375,39,-2.4333,4,384,48,1.0,4,759,87,10.4,12.5,11.4625,4,all_flights,All scheduled flights,Ostrava Leos Janáček Airport,Mošnov,Czechia,49.6961,18.1108,True
LKPD,20,10,15.7833,3,21,8,14.0,3,41,18,50.0,38.0952,43.9024,3,all_flights,All scheduled flights,Pardubice Airport,Pardubice,Czechia,50.0133,15.7386,False
LKPR,12284,2244,2.6167,4,12293,3205,6.0,4,24577,5449,18.2677,26.0717,22.1711,4,all_flights,All scheduled flights,Václav Havel Airport Prague,Prague,Czechia,50.1008,14.26,True
LKTB,430,47,-5.4,4,434,54,-1.0,4,864,101,10.9302,12.4424,11.6898,4,all_flights,All scheduled flights,Brno-Tuřany Airport,Brno,Czechia,49.1514,16.6939,True
LLBG,19647,5337,6.3833,4,19644,2797,4.1083,4,39291,8134,27.1645,14.2384,20.7019,4,all_flights,All scheduled flights,Ben Gurion International Airport,Tel Aviv,Israel,32.0094,34.8856,True
LLER,932,167,3.2083,4,929,122,0.0,4,1861,289,17.9185,13.1324,15.5293,4,all_flights,All scheduled flights,Ramon International Airport,Eilat,Israel,29.7272,35.0142,True
LLHA,2,0,-9.6333,2,2,1,3.8833,2,4,1,0.0,50.0,25.0,2,all_flights,All scheduled flights,Haifa International Airport,Haifa,Israel,32.8083,35.0428,False
LLOV,0,0,,0,1,0,-22.15,1,1,0,,0.0,0.0,1,all_flights,All scheduled flights,Ovda Airport,Eilat,Israel,29.935,34.9408,False
LMML,6785,1060,2.6167,4,6788,719,2.0,4,13573,1779,15.6227,10.5922,13.1069,4,all_flights,All scheduled flights,Malta International Airport,Valletta,Malta,35.8575,14.4775,True
LOAG,0,0,,0,1,0,-6.1833,1,1,0,,0.0,0.0,1,all_flights,All scheduled flights,,,,48.4464,15.6342,False
LOAN,2,1,28.9083,1,0,0,,0,2,1,50.0,,50.0,1,all_flights,All scheduled flights,,,,47.8433,16.2603,False
LOAV,1,0,-6.25,1,0,0,,0,1,0,0.0,,0.0,1,all_flights,All scheduled flights,,,,47.9644,16.2594,False
LOWG,1139,158,4.35,4,1152,67,-1.0,4,2291,225,13.8718,5.816,9.821,4,all_flights,All scheduled flights,Graz Airport,Feldkirchen bei Graz,Austria,46.9931,15.4392,True
LOWI,1324,213,3.8083,4,1322,162,2.0,4,2646,375,16.0876,12.2542,14.1723,4,all_flights,All scheduled flights,Innsbruck Airport,Innsbruck,Austria,47.2603,11.3439,True
LOWK,234,29,2.2,4,231,15,-4.0,4,465,44,12.3932,6.4935,9.4624,4,all_flights,All scheduled flights,Klagenfurt Airport,Klagenfurt am Wörthersee,Austria,46.6428,14.3372,False
LOWL,486,72,2.8,4,482,47,0.0,4,968,119,14.8148,9.751,12.2934,4,all_flights,All scheduled flights,Linz-Hörsching Airport / Vogler Air Base,Linz,Austria,48.2353,14.1881,True
LOWS,2045,240,-0.4167,4,2052,324,4.0,4,4097,564,11.7359,15.7895,13.7662,4,all_flights,All scheduled flights,Salzburg Airport,Salzburg,Austria,47.7944,13.0033,True
LOWW,31811,7420,6.6333,4,31853,6585,4.0,4,63664,14005,23.3253,20.6731,21.9983,4,all_flights,All scheduled flights,Vienna International Airport,Vienna,Austria,48.1103,16.5697,True
LOXZ,1,0,-44.1833,1,0,0,,0,1,0,0.0,,0.0,1,all_flights,All scheduled flights,,,,47.2036,14.7458,False
LPAR,1,0,-27.3167,1,0,0,,0,1,0,0.0,,0.0,1,all_flights,All scheduled flights,,,,38.8856,-9.0281,False
LPAZ,317,29,1.4333,4,320,24,1.0,4,637,53,9.1483,7.5,8.3203,4,all_flights,All scheduled flights,Santa Maria Airport,Vila do Porto,Portugal,36.9739,-25.1711,True
LPBG,7,0,-1.3833,3,6,0,0.0,2,13,0,0.0,0.0,0.0,3,all_flights,All scheduled flights,Bragança Airport,Bragança,Portugal,41.8567,-6.7075,False
LPBJ,1,1,23.1333,1,1,1,17.0,1,2,2,100.0,100.0,100.0,1,all_flights,All scheduled flights,Beja Airport / Airbase,Beja,Portugal,38.0789,-7.9325,False
LPCR,138,5,-5.8667,4,133,6,-6.0,4,271,11,3.6232,4.5113,4.059,4,all_flights,All scheduled flights,Corvo Airport,Corvo,Portugal,39.6714,-31.1167,False
LPCS,289,15,-11.0,4,283,4,-5.0,4,572,19,5.1903,1.4134,3.3217,4,all_flights,All scheduled flights,Cascais Airport,Cascais,Portugal,38.7256,-9.3553,True
LPEV,1,0,-42.05,1,1,0,-29.2,1,2,0,0.0,0.0,0.0,1,all_flights,All scheduled flights,,,,38.53,-7.892,False
LPFL,330,27,-1.75,4,327,10,-6.0,4,657,37,8.1818,3.0581,5.6317,4,all_flights,All scheduled flights,Flores Airport,Santa Cruz das Flores,Portugal,39.4581,-31.1322,True
LPFR,8233,1062,2.7,4,8229,721,2.0,4,16462,1783,12.8993,8.7617,10.831,4,all_flights,All scheduled flights,Faro Airport,Faro,Portugal,37.0144,-7.9658,True
LPGR,259,34,3.6833,4,258,6,-5.5,4,517,40,13.1274,2.3256,7.7369,4,all_flights,All scheduled flights,Graciosa Airport,Santa Cruz da Graciosa,Portugal,39.0925,-28.0286,True
LPHR,840,87,-0.2667,4,844,67,1.0,4,1684,154,10.3571,7.9384,9.1449,4,all_flights,All scheduled flights,Horta Airport,Horta,Portugal,38.52,-28.7164,True
LPLA,2062,258,0.9833,4,2064,276,2.0,4,4126,534,12.5121,13.3721,12.9423,4,all_flights,All scheduled flights,Lajes Airport,Praia da Vitória,Portugal,38.7619,-27.0908,True
LPMA,4452,1151,6.5,4,4450,444,2.0,4,8902,1595,25.8535,9.9775,17.9173,4,all_flights,All scheduled flights,Madeira International Airport Cristiano Ronaldo,Funchal,Portugal,32.6942,-16.7781,True
LPPD,3699,703,2.0167,4,3690,639,6.0,4,7389,1342,19.0051,17.3171,18.1621,4,all_flights,All scheduled flights,João Paulo II Airport,Ponta Delgada,Portugal,37.7419,-25.6978,True
LPPI,465,72,2.1833,4,457,25,-5.0,4,922,97,15.4839,5.4705,10.5206,4,all_flights,All scheduled flights,Pico Airport,Pico Island,Portugal,38.5544,-28.4414,True
LPPM,140,2,-11.0,4,140,5,-6.0,4,280,7,1.4286,3.5714,2.5,4,all_flights,All scheduled flights,Portimão Airport,Portimão,Portugal,37.1494,-8.5839,False
LPPR,14821,2955,4.9,4,14828,1242,-0.475,4,29649,4197,19.9379,8.376,14.1556,4,all_flights,All scheduled flights,Francisco de Sá Carneiro Airport,Porto,Portugal,41.2356,-8.6781,True
LPPS,404,72,-3.1167,4,400,24,-4.925,4,804,96,17.8218,6.0,11.9403,4,all_flights,All scheduled flights,Porto Santo Airport,Vila Baleira,Portugal,33.0708,-16.3497,True
LPPT,32953,10588,8.55,4,33075,8836,7.0,4,66028,19424,32.1306,26.715,29.4178,4,all_flights,All scheduled flights,Lisbon Humberto Delgado Airport,Lisbon,Portugal,38.7742,-9.1342,True
LPSJ,304,42,1.4667,4,304,3,-6.0,4,608,45,13.8158,0.9868,7.4013,4,all_flights,All scheduled flights,São Jorge Airport,Velas,Portugal,38.6653,-28.1747,True
LPVR,7,3,4.5667,3,10,0,-10.0,3,17,3,42.8571,0.0,17.6471,3,all_flights,All scheduled flights,Vila Real Airport,Vila Real,Portugal,41.2756,-7.72,False
LPVZ,131,32,-8.0,4,128,0,-15.3417,4,259,32,24.4275,0.0,12.3552,4,all_flights,All scheduled flights,Aerodromo Goncalves Lobato (Viseu Airport),Viseu,Portugal,40.7256,-7.8892,False
LQBK,434,75,4.125,4,433,61,3.0,4,867,136,17.2811,14.0878,15.6863,4,all_flights,All scheduled flights,Banja Luka International Airport,Mahovljani,Bosnia and Herzegovina,44.9414,17.2975,True
LQJL,1,0,6.35,1,0,0,,0,1,0,0.0,,0.0,1,all_flights,All scheduled flights,,,,44.4583,18.8089,False
LQSA,2034,562,7.3667,4,2043,228,2.0,4,4077,790,27.6303,11.1601,19.377,4,all_flights,All scheduled flights,Sarajevo International Airport,Sarajevo,Bosnia and Herzegovina,43.8244,18.3317,True
LQTZ,560,126,6.3083,4,560,85,0.0,4,1120,211,22.5,15.1786,18.8393,4,all_flights,All scheduled flights,Tuzla International Airport,Dubrave Gornje,Bosnia and Herzegovina,44.4586,18.7247,True
LRAR,20,2,-3.9333,4,18,0,1.5,4,38,2,10.0,0.0,5.2632,4,all_flights,All scheduled flights,Arad International Airport,Arad,Romania,46.1767,21.2619,False
LRBC,512,151,9.6,4,506,79,2.0,4,1018,230,29.4922,15.6126,22.5933,4,all_flights,All scheduled flights,Bacău George Enescu International Airport,Bacău,Romania,46.5219,26.9103,True
LRBM,132,25,2.9833,4,131,8,-1.0,4,263,33,18.9394,6.1069,12.5475,4,all_flights,All scheduled flights,Maramureș International Airport,Tăuții-Măgherăuș,Romania,47.6583,23.4661,False
LRBS,10,1,-5.2167,3,9,0,-0.5167,3,19,1,10.0,0.0,5.2632,3,all_flights,All scheduled flights,Bucharest Băneasa Aurel Vlaicu International Airport,Bucharest,Romania,44.5036,26.1036,False
LRCK,76,17,4.5083,4,72,8,3.8583,4,148,25,22.3684,11.1111,16.8919,4,all_flights,All scheduled flights,Mihail Kogălniceanu International Airport,Mihail Kogălniceanu,Romania,44.3622,28.4883,False
LRCL,3317,586,1.55,4,3309,385,2.0,4,6626,971,17.6666,11.6349,14.6544,4,all_flights,All scheduled flights,Cluj Avram Iancu International Airport,Cluj-Napoca,Romania,46.7892,23.6922,True
LRCT,2,2,57.3583,1,2,0,-21.3833,1,4,2,100.0,0.0,50.0,1,all_flights,All scheduled flights,,,,46.5025,23.8861,False
LRCV,507,154,9.25,4,516,69,2.0,4,1023,223,30.3748,13.3721,21.7986,4,all_flights,All scheduled flights,Craiova International Airport,Craiova,Romania,44.3181,23.8886,True
LRIA,1672,327,5.7667,4,1683,163,1.0,4,3355,490,19.5574,9.6851,14.6051,4,all_flights,All scheduled flights,Iaşi Airport,Iaşi,Romania,47.1803,27.6208,True
LROD,372,81,6.2917,4,371,19,2.0,4,743,100,21.7742,5.1213,13.459,4,all_flights,All scheduled flights,Oradea International Airport,Oradea,Romania,47.0253,21.9025,True
LROP,15046,1829,-1.6833,4,15077,1509,3.0,4,30123,3338,12.1561,10.0086,11.0812,4,all_flights,All scheduled flights,Bucharest Henri Coandă International Airport,Otopeni,Romania,44.5711,26.085,True
LRSB,854,186,6.2917,4,856,111,3.0,4,1710,297,21.7799,12.9673,17.3684,4,all_flights,All scheduled flights,Sibiu International Airport,Sibiu,Romania,45.7858,24.0856,True
LRSM,124,20,5.6,4,124,10,3.0,4,248,30,16.129,8.0645,12.0968,4,all_flights,All scheduled flights,Satu Mare International Airport,Satu Mare,Romania,47.7033,22.8856,False
LRSV,908,187,7.0167,4,894,73,3.0,4,1802,260,20.5947,8.1655,14.4284,4,all_flights,All scheduled flights,Suceava Stefan cel Mare Airport,Suceava,Romania,47.6864,26.3544,True
LRTC,1,0,13.8333,1,1,0,5.0,1,2,0,0.0,0.0,0.0,1,all_flights,All scheduled flights,Tulcea Danube Delta Airport,Mihail Kogălniceanu,Romania,45.0628,28.7144,False
LRTM,179,41,4.7333,4,179,18,4.0,4,358,59,22.905,10.0559,16.4804,4,all_flights,All scheduled flights,Târgu Mureş Transilvania International Airport,Recea,Romania,46.4678,24.4125,False
LRTR,1872,277,2.9667,4,1870,168,-1.0,4,3742,445,14.797,8.984,11.892,4,all_flights,All scheduled flights,Timişoara Traian Vuia Airport,Timişoara,Romania,45.8097,21.3378,True
LSGC,1,0,-13.5667,1,0,0,,0,1,0,0.0,,0.0,1,all_flights,All scheduled flights,,,,47.084,6.793,False
LSGG,20231,2960,0.5167,4,20211,3707,3.0,4,40442,6667,14.631,18.3415,16.4853,4,all_flights,All scheduled flights,Geneva Cointrin International Airport,Geneva,Switzerland,46.2383,6.1094,True
LSGS,6,2,-3.4833,2,6,1,3.5,2,12,3,33.3333,16.6667,25.0,2,all_flights,All scheduled flights,Sion Airport,Sion,Switzerland,46.2192,7.3269,False
LSZA,12,0,0.5417,3,11,0,7.0,2,23,0,0.0,0.0,0.0,3,all_flights,All scheduled flights,Lugano Airport,Agno,Switzerland,46.0036,8.9103,False
LSZB,74,17,2.6667,2,77,11,4.0,3,151,28,22.973,14.2857,18.543,3,all_flights,All scheduled flights,Bern Airport,Bern,Switzerland,46.9122,7.4992,False
LSZC,1,0,-65.0,1,1,0,-4.0,1,2,0,0.0,0.0,0.0,1,all_flights,All scheduled flights,Buochs Airport,Buochs,Switzerland,46.9744,8.3969,False
LSZH,30012,5756,3.0,4,30090,7123,7.0,4,60102,12879,19.179,23.6723,21.4286,4,all_flights,All scheduled flights,Zürich Airport,Zurich,Switzerland,47.4581,8.5481,True
LSZR,114,10,5.1,4,115,5,0.0,4,229,15,8.7719,4.3478,6.5502,4,all_flights,All scheduled flights,Sankt Gallen Altenrhein Airport,St. Gallen,Switzerland,47.485,9.5619,False
LSZS,2,0,9.2,2,2,0,-3.0,2,4,0,0.0,0.0,0.0,2,all_flights,All scheduled flights,Samedan Airport,Samedan,Switzerland,46.5344,9.8842,False
LTAC,9513,2179,4.7667,4,9517,1229,3.0,4,19030,3408,22.9055,12.9137,17.9086,4,all_flights,All scheduled flights,Esenboğa International Airport,Ankara,Turkey,40.1281,32.995,True
LTAF,3715,551,1.2667,4,3719,589,5.0,4,7434,1140,14.8318,15.8376,15.3349,4,all_flights,All scheduled flights,Adana Şakirpaşa Airport,Seyhan,Turkey,36.9822,35.2803,True
LTAG,4,1,5.225,2,5,1,-8.0,2,9,2,25.0,20.0,22.2222,2,all_flights,All scheduled flights,,,,36.9989,35.4331,False
LTAI,20773,6603,8.1833,4,20785,3866,2.0,4,41558,10469,31.7865,18.6,25.1913,4,all_flights,All scheduled flights,Antalya International Airport,Antalya,Turkey,36.9003,30.7928,True
LTAJ,2308,451,3.9333,4,2296,657,10.0,4,4604,1108,19.5407,28.615,24.066,4,all_flights,All scheduled flights,Gaziantep International Airport,Gaziantep,Turkey,36.9478,37.4789,True
LTAL,80,12,3.525,4,81,23,8.0,4,161,35,15.0,28.3951,21.7391,4,all_flights,All scheduled flights,Kastamonu Airport,Kastamonu,Turkey,41.3169,33.7961,False
LTAN,922,274,8.525,4,926,217,5.4583,4,1848,491,29.718,23.4341,26.5693,4,all_flights,All scheduled flights,Konya Airport,Konya,Turkey,37.9806,32.5625,True
LTAP,99,13,2.9167,4,100,21,5.6917,4,199,34,13.1313,21.0,17.0854,4,all_flights,All scheduled flights,Amasya Merzifon Airport,Amasya,Turkey,40.8314,35.5219,False
LTAR,391,77,4.5,4,390,71,5.1667,4,781,148,19.6931,18.2051,18.9501,4,all_flights,All scheduled flights,Sivas Nuri Demirağ Airport,Sivas,Turkey,39.8142,36.9025,True
LTAS,111,29,5.1333,4,110,21,4.3333,4,221,50,26.1261,19.0909,22.6244,4,all_flights,All scheduled flights,Zonguldak Çaycuma Airport,Zonguldak,Turkey,41.5069,32.0897,False
LTAT,738,208,7.4,4,737,176,6.9833,4,1475,384,28.1843,23.8806,26.0339,4,all_flights,All scheduled flights,Malatya Erhaç Airport,Malatya,Turkey,38.4322,38.0831,True
LTAU,2279,464,4.65,4,2266,467,4.475,4,4545,931,20.3598,20.609,20.484,4,all_flights,All scheduled flights,Kayseri Erkilet Airport,Kayseri,Turkey,38.7703,35.4953,True
LTAW,103,10,1.3167,4,102,28,10.0,4,205,38,9.7087,27.451,18.5366,4,all_flights,All scheduled flights,Tokat Airport,Tokat,Turkey,40.325,36.391,False
LTAY,503,72,2.0833,4,497,92,4.6,4,1000,164,14.3141,18.5111,16.4,4,all_flights,All scheduled flights,Çardak Airport,Denizli,Turkey,37.7878,29.705,True
LTAZ,468,92,2.9167,4,466,93,5.9167,4,934,185,19.6581,19.9571,19.8073,4,all_flights,All scheduled flights,Nevşehir Kapadokya Airport,Nevşehir,Turkey,38.7753,34.5267,True
LTBA,6,2,-5.0833,4,4,2,5.6917,3,10,4,33.3333,50.0,40.0,4,all_flights,All scheduled flights,İstanbul Atatürk Airport,"Bakırköy, Istanbul",Turkey,40.9761,28.8142,False
LTBD,1,0,-2.2167,1,0,0,,0,1,0,0.0,,0.0,1,all_flights,All scheduled flights,Aydın Çıldır Airport,Aydın,Turkey,37.8153,27.8881,False
LTBH,113,24,2.8667,4,112,6,-3.9417,4,225,30,21.2389,5.3571,13.3333,4,all_flights,All scheduled flights,Çanakkale Airport,Çanakkale,Turkey,40.1383,26.4278,False
LTBJ,9440,1723,2.9167,4,9450,1335,2.0,4,18890,3058,18.2521,14.127,16.1885,4,all_flights,All scheduled flights,Adnan Menderes International Airport,Gaziemir,Turkey,38.2892,27.155,True
LTBQ,2,1,36.8167,2,0,0,,0,2,1,50.0,,50.0,2,all_flights,All scheduled flights,Cengiz Topel Airport,Kartepe,Turkey,40.735,30.0833,False
LTBR,113,31,9.2667,4,111,35,7.5667,4,224,66,27.4336,31.5315,29.4643,4,all_flights,All scheduled flights,Bursa Yenişehir Airport,Yenişehir,Turkey,40.2558,29.5619,False
LTBS,4166,1537,9.85,4,4144,1449,10.0,4,8310,2986,36.8939,34.9662,35.9326,4,all_flights,All scheduled flights,Dalaman International Airport,Dalaman,Turkey,36.7125,28.7914,True
LTBU,53,4,5.3,4,57,4,0.0,4,110,8,7.5472,7.0175,7.2727,4,all_flights,All scheduled flights,Tekirdağ Çorlu Airport,Çorlu,Turkey,41.1294,27.9064,False
LTBY,57,22,11.3667,4,57,10,4.0,4,114,32,38.5965,17.5439,28.0702,4,all_flights,All scheduled flights,Anadolu Airport,Eskişehir,Turkey,39.8125,30.5206,False
LTBZ,101,30,8.7333,4,98,5,2.0,4,199,35,29.703,5.102,17.5879,4,all_flights,All scheduled flights,Zafer Airport,Altıntaş,Turkey,39.1114,30.1303,False
LTCA,715,210,8.0167,4,712,116,3.9917,4,1427,326,29.3706,16.2921,22.8451,4,all_flights,All scheduled flights,Elazığ Airport,Elazığ,Turkey,38.5978,39.2814,True
LTCB,908,194,5.6917,4,911,115,2.4167,4,1819,309,21.3656,12.6235,16.9874,4,all_flights,All scheduled flights,Ordu–Giresun Airport,Ordu,Turkey,40.9672,38.0819,True
LTCC,1638,348,4.8833,4,1635,616,11.0,4,3273,964,21.2454,37.6758,29.4531,4,all_flights,All scheduled flights,Diyarbakır Airport,Diyarbakır,Turkey,37.8925,40.2011,True
LTCD,332,156,13.925,4,330,82,5.0,4,662,238,46.988,24.8485,35.9517,4,all_flights,All scheduled flights,Erzincan Airport,Erzincan,Turkey,39.7131,39.5206,True
LTCE,912,156,2.45,4,914,185,6.0,4,1826,341,17.1053,20.2407,18.6747,4,all_flights,All scheduled flights,Erzurum International Airport,Erzurum,Turkey,39.9558,41.1706,True
LTCF,458,125,7.3167,4,457,140,8.0167,4,915,265,27.2926,30.6346,28.9617,4,all_flights,All scheduled flights,Kars Airport,Kars,Turkey,40.5622,43.1147,True
LTCG,3260,850,6.375,4,3268,696,7.0,4,6528,1546,26.0736,21.2974,23.6826,4,all_flights,All scheduled flights,Trabzon International Airport,Trabzon,Turkey,40.9958,39.7853,True
LTCI,1360,308,6.1917,4,1362,309,6.0,4,2722,617,22.6471,22.6872,22.6672,4,all_flights,All scheduled flights,Van Ferit Melen Airport,Van,Turkey,38.4681,43.3322,True
LTCJ,434,56,2.3,4,433,93,6.0,4,867,149,12.9032,21.4781,17.1857,4,all_flights,All scheduled flights,Batman Airport,Batman,Turkey,37.9322,41.1164,True
LTCK,363,112,9.9833,4,364,94,7.8833,4,727,206,30.854,25.8242,28.3356,4,all_flights,All scheduled flights,Muş Airport,Muş,Turkey,38.7447,41.6689,True
LTCL,73,20,8.3167,4,72,5,2.5,4,145,25,27.3973,6.9444,17.2414,4,all_flights,All scheduled flights,Siirt Airport,Siirt,Turkey,37.9781,41.8392,False
LTCM,105,11,0.65,4,104,6,4.425,4,209,17,10.4762,5.7692,8.134,4,all_flights,All scheduled flights,Sinop Airport,Sinop,Turkey,42.0158,35.0664,False
LTCN,233,53,8.7333,4,234,38,6.0,4,467,91,22.7468,16.2393,19.4861,4,all_flights,All scheduled flights,Kahramanmaraş Airport,Kahramanmaraş,Turkey,37.5383,36.9519,False
LTCO,229,50,6.4,4,234,48,6.0,4,463,98,21.8341,20.5128,21.1663,4,all_flights,All scheduled flights,Ağrı Airport,Ağrı,Turkey,39.6475,43.0286,False
LTCP,215,37,5.2667,4,213,22,3.0,4,428,59,17.2093,10.3286,13.785,4,all_flights,All scheduled flights,Adıyaman Airport,Adıyaman,Turkey,37.7322,38.4692,False
LTCR,614,124,6.1917,4,617,128,6.0,4,1231,252,20.1954,20.7455,20.4712,4,all_flights,All scheduled flights,Mardin Airport,Mardin,Turkey,37.2328,40.6406,True
LTCS,729,138,4.5,4,725,158,8.0,4,1454,296,18.93,21.7931,20.3576,4,all_flights,All scheduled flights,Şanlıurfa GAP Airport,Şanlıurfa,Turkey,37.4567,38.9083,True
LTCT,214,45,5.65,4,219,65,10.0,4,433,110,21.028,29.6804,25.4042,4,all_flights,All scheduled flights,Iğdır Airport,Iğdır,Turkey,39.9831,43.8664,False
LTCU,175,90,16.2,4,174,42,6.525,4,349,132,51.4286,24.1379,37.8223,4,all_flights,All scheduled flights,Bingöl Airport,Bingöl,Turkey,38.861,40.593,False
LTCV,294,32,1.5167,4,297,49,7.0,4,591,81,10.8844,16.4983,13.7056,4,all_flights,All scheduled flights,Şırnak Şerafettin Elçi Airport,Şırnak,Turkey,37.3639,42.06,True
LTCW,145,27,4.5833,4,146,22,2.225,4,291,49,18.6207,15.0685,16.8385,4,all_flights,All scheduled flights,Hakkari Yüksekova Airport,Hakkari,Turkey,37.5497,44.2375,False
LTDA,1035,236,4.4667,4,1035,226,6.0,4,2070,462,22.8019,21.8357,22.3188,4,all_flights,All scheduled flights,Hatay Airport,Antakya,Turkey,36.3722,36.2986,True
LTFC,92,35,11.45,4,84,16,5.9417,4,176,51,38.0435,19.0476,28.9773,4,all_flights,All scheduled flights,Süleyman Demirel International Airport,Isparta,Turkey,37.8558,30.3669,False
LTFD,255,54,5.15,4,256,38,4.0,4,511,92,21.1765,14.8438,18.0039,4,all_flights,All scheduled flights,Balıkesir Koca Seyit Airport,Edremit,Turkey,39.5525,27.0103,True
LTFE,3422,892,5.8917,4,3420,549,2.0,4,6842,1441,26.0666,16.0526,21.0611,4,all_flights,All scheduled flights,Milas Bodrum International Airport,Bodrum,Turkey,37.2494,27.6647,True
LTFG,680,97,2.975,4,672,147,7.0,4,1352,244,14.2647,21.875,18.0473,4,all_flights,All scheduled flights,Gazipaşa-Alanya Airport,Gazipaşa,Turkey,36.2994,32.3014,True
LTFH,1300,229,2.7583,4,1302,171,1.8917,4,2602,400,17.6154,13.1336,15.3728,4,all_flights,All scheduled flights,Samsun-Çarşamba Airport,Samsun,Turkey,41.2656,36.5486,True
LTFJ,31163,5128,0.1,4,31203,5909,5.0,4,62366,11037,16.4554,18.9373,17.6971,4,all_flights,All scheduled flights,Istanbul Sabiha Gökçen International Airport,"Pendik, Istanbul",Turkey,40.8983,29.3092,True
LTFM,68880,14311,2.6833,4,68996,9291,2.0,4,137876,23602,20.7767,13.466,17.1183,4,all_flights,All scheduled flights,İstanbul Airport,"Arnavutköy, Istanbul",Turkey,41.2753,28.7519,True
LTFN,1,1,20.6333,1,0,0,,0,1,1,100.0,,100.0,1,all_flights,All scheduled flights,,,,37.864,30.355,False
LTFO,706,131,2.3667,3,708,183,8.0,3,1414,314,18.5552,25.8475,22.2065,3,all_flights,All scheduled flights,Rize–Artvin Airport,Rize,Turkey,41.1797,40.8489,True
LUKK,2595,384,1.2167,4,2599,263,0.0,4,5194,647,14.7977,10.1193,12.4567,4,all_flights,All scheduled flights,Chişinău International Airport,Chişinău,Moldova,46.928,28.931,True
LWOH,228,100,13.0833,4,227,43,5.05,4,455,143,43.8596,18.9427,31.4286,4,all_flights,All scheduled flights,Ohrid St. Paul the Apostle Airport,Ohrid,North Macedonia,41.18,20.7422,False
LWSK,2690,648,5.1667,4,2688,382,2.0,4,5378,1030,24.0892,14.2113,19.1521,4,all_flights,All scheduled flights,Skopje International Airport,Ilinden,North Macedonia,41.9617,21.6214,True
LXGB,474,72,2.0583,4,474,100,5.0,4,948,172,15.1899,21.097,18.1435,4,all_flights,All scheduled flights,Gibraltar Airport,Gibraltar,Gibraltar,36.1508,-5.3494,True
LYBE,8905,1711,3.0333,4,8880,1186,3.0,4,17785,2897,19.2139,13.3559,16.289,4,all_flights,All scheduled flights,Belgrade Nikola Tesla Airport,Belgrade,Serbia,44.8194,20.3069,True
LYKV,51,9,-0.2,4,53,3,-5.0,4,104,12,17.6471,5.6604,11.5385,4,all_flights,All scheduled flights,Morava Airport,Kraljevo,Serbia,43.8181,20.5861,False
LYNI,569,104,2.8167,4,567,56,-1.0,4,1136,160,18.2777,9.8765,14.0845,4,all_flights,All scheduled flights,Niš Constantine the Great Airport,Niš,Serbia,43.3372,21.8536,True
LYPG,1769,263,2.0,4,1771,222,0.0,4,3540,485,14.8672,12.5353,13.7006,4,all_flights,All scheduled flights,Podgorica Airport / Podgorica Golubovci Airbase,Podgorica,Montenegro,42.3594,19.2519,True
LYTV,905,91,-0.85,4,909,80,-3.0,4,1814,171,10.0552,8.8009,9.4267,4,all_flights,All scheduled flights,Tivat Airport,Tivat,Montenegro,42.4047,18.7233,True
LYVR,2,0,-23.475,2,2,0,-17.1167,2,4,0,0.0,0.0,0.0,2,all_flights,All scheduled flights,,,,45.1478,21.3097,False
LZIB,1234,193,0.1917,4,1238,115,-1.0,4,2472,308,15.6402,9.2892,12.4595,4,all_flights,All scheduled flights,M. R. Štefánik Airport,Bratislava,Slovakia,48.17,17.2128,True
LZKZ,595,84,0.9667,4,598,58,-1.0,4,1193,142,14.1176,9.699,11.9028,4,all_flights,All scheduled flights,Košice International Airport,Košice,Slovakia,48.6631,21.2411,True
LZTT,31,6,7.85,4,31,3,1.15,4,62,9,19.3548,9.6774,14.5161,4,all_flights,All scheduled flights,Poprad-Tatry Airport,Poprad,Slovakia,49.0736,20.2411,False
MDCY,2,0,0.475,1,3,0,-0.6333,1,5,0,0.0,0.0,0.0,1,all_flights,All scheduled flights,Samaná El Catey International Airport,Samana,Dominican Republic,19.27,-69.7375,False
MDLR,106,37,9.6667,4,100,22,3.0667,4,206,59,34.9057,22.0,28.6408,4,all_flights,All scheduled flights,Casa De Campo International Airport,La Romana,Dominican Republic,18.4118,-68.9418,False
MDPC,928,287,7.9,4,833,311,10.4333,4,1761,598,30.9267,37.3349,33.958,4,all_flights,All scheduled flights,Punta Cana International Airport,Punta Cana,Dominican Republic,18.5683,-68.3467,True
MDPP,54,28,15.375,4,20,11,20.1917,3,74,39,51.8519,55.0,52.7027,4,all_flights,All scheduled flights,Gregorio Luperon International Airport,Puerto Plata,Dominican Republic,19.7578,-70.57,False
MDSD,335,79,6.5167,4,402,145,7.875,4,737,224,23.5821,36.0697,30.3935,4,all_flights,All scheduled flights,Las Américas International Airport,Santo Domingo,Dominican Republic,18.4297,-69.6689,True
MDST,2,1,10.9,1,0,0,,0,2,1,50.0,,50.0,1,all_flights,All scheduled flights,Cibao International Airport,Santiago,Dominican Republic,19.4061,-70.6047,False
MGGT,81,14,4.05,4,0,0,,0,81,14,17.284,,17.284,4,all_flights,All scheduled flights,La Aurora Airport,Guatemala City,Guatemala,14.5667,-90.5333,False
MHLM,35,5,2.8833,4,36,10,3.4167,4,71,15,14.2857,27.7778,21.1268,4,all_flights,All scheduled flights,Ramón Villeda Morales International Airport,San Pedro Sula,Honduras,15.5217,-87.865,False
MHPR,1,0,-0.95,1,1,1,31.3,1,2,1,0.0,100.0,50.0,1,all_flights,All scheduled flights,,,,14.383,-87.571,False
MKJP,53,7,5.7167,4,55,48,30.4,4,108,55,13.2075,87.2727,50.9259,4,all_flights,All scheduled flights,Norman Manley International Airport,Kingston,Jamaica,17.9333,-76.8,False
MKJS,255,50,4.95,4,287,111,10.45,4,542,161,19.6078,38.676,29.7048,4,all_flights,All scheduled flights,Sangster International Airport,Montego Bay,Jamaica,18.4983,-77.925,True
MMGL,58,17,9.2333,4,121,54,13.2333,4,179,71,29.3103,44.6281,39.6648,4,all_flights,All scheduled flights,Guadalajara International Airport,Guadalajara,Mexico,20.5167,-103.3167,False
MMMX,2085,511,6.9667,4,1656,1124,24.0083,4,3741,1635,24.5084,67.8744,43.7049,4,all_flights,All scheduled flights,Benito Juárez International Airport,Ciudad de México,Mexico,19.435,-99.075,True
MMMY,60,5,5.8083,4,58,14,9.85,4,118,19,8.3333,24.1379,16.1017,4,all_flights,All scheduled flights,Monterrey International Airport,Monterrey,Mexico,25.7758,-100.1069,False
MMPR,37,1,4.35,4,38,13,9.3417,4,75,14,2.7027,34.2105,18.6667,4,all_flights,All scheduled flights,Puerto Vallarta International Airport,Puerto Vallarta,Mexico,20.6833,-105.25,False
MMQT,0,0,,0,1,0,10.5333,1,1,0,,0.0,0.0,1,all_flights,All scheduled flights,Querétaro Intercontinental Airport,Querétaro,Mexico,20.6175,-100.1856,False
MMSD,1,1,18.1,1,1,0,13.25,1,2,1,100.0,0.0,50.0,1,all_flights,All scheduled flights,Los Cabos International Airport,San José del Cabo,Mexico,23.1522,-109.7208,False
MMUN,1135,300,7.4333,4,1351,676,15.0167,4,2486,976,26.4317,50.037,39.2599,4,all_flights,All scheduled flights,Cancún International Airport,Cancún,Mexico,21.0428,-86.8733,True
MPTO,413,140,9.75,4,645,336,16.0,4,1058,476,33.8983,52.093,44.9905,4,all_flights,All scheduled flights,Tocumen International Airport,Tocumen,Panama,9.0714,-79.3833,True
MRLB,18,2,3.0833,4,75,15,-1.5,4,93,17,11.1111,20.0,18.2796,4,all_flights,All scheduled flights,Guanacaste Airport,Liberia,Costa Rica,10.5967,-85.5467,False
MROC,352,92,8.0667,4,293,166,18.3667,4,645,258,26.1364,56.6553,40.0,4,all_flights,All scheduled flights,Juan Santamaría International Airport,San José (Alajuela),Costa Rica,9.9939,-84.2089,True
MSLP,0,0,,0,81,9,-4.2667,4,81,9,,11.1111,11.1111,4,all_flights,All scheduled flights,Monseñor Óscar Arnulfo Romero International Airport,San Salvador (San Luis Talpa),El Salvador,13.4417,-89.0583,False
MTPP,19,12,17.9,4,0,0,,0,19,12,63.1579,,63.1579,4,all_flights,All scheduled flights,Toussaint Louverture International Airport,Port-au-Prince,Haiti,18.58,-72.2933,False
MUCC,3,3,38.9667,1,5,2,3.6167,2,8,5,100.0,40.0,62.5,2,all_flights,All scheduled flights,Jardines Del Rey Airport,Cayo Coco,Cuba,22.4667,-78.3333,False
MUCL,0,0,,0,4,0,-11.9583,1,4,0,,0.0,0.0,1,all_flights,All scheduled flights,Vilo Acuña International Airport,Cayo Largo del Sur,Cuba,21.6167,-81.5417,False
MUCU,21,11,15.9667,4,11,5,10.8333,2,32,16,52.381,45.4545,50.0,4,all_flights,All scheduled flights,Antonio Maceo International Airport,Santiago,Cuba,20.0,-75.8167,False
MUHA,489,161,9.8833,4,382,162,10.8167,4,871,323,32.9243,42.4084,37.0838,4,all_flights,All scheduled flights,José Martí International Airport,Havana,Cuba,23.0,-82.4167,True
MUHG,18,14,26.6,4,29,20,30.75,4,47,34,77.7778,68.9655,72.3404,4,all_flights,All scheduled flights,Frank Pais International Airport,Holguin,Cuba,20.7867,-76.315,False
MUVR,145,51,10.2167,4,95,55,18.6833,4,240,106,35.1724,57.8947,44.1667,4,all_flights,All scheduled flights,Juan Gualberto Gomez International Airport,Matanzas,Cuba,23.0333,-81.435,False
MYNN,126,24,5.8167,4,117,23,2.0,4,243,47,19.0476,19.6581,19.3416,4,all_flights,All scheduled flights,Lynden Pindling International Airport,Nassau,Bahamas,25.0417,-77.4717,False
MYSM,5,0,3.05,1,0,0,,0,5,0,0.0,,0.0,1,all_flights,All scheduled flights,San Salvador Airport,San Salvador,Bahamas,24.06,-74.5333,False
OAHR,3,1,2.9833,3,12,5,9.1083,3,15,6,33.3333,41.6667,40.0,3,all_flights,All scheduled flights,Herat - Khwaja Abdullah Ansari International Airport,Guzara,Afghanistan,34.21,62.2283,False
OAKB,95,22,3.9167,4,89,41,11.35,4,184,63,23.1579,46.0674,34.2391,4,all_flights,All scheduled flights,Kabul International Airport,Kabul,Afghanistan,34.5658,69.2125,False
OBBI,2234,768,9.125,4,2361,580,5.1167,4,4595,1348,34.3778,24.5659,29.3362,4,all_flights,All scheduled flights,Bahrain International Airport,Manama,Bahrain,26.3,50.6333,True
OBBS,0,0,,0,1,0,-6.15,1,1,0,,0.0,0.0,1,all_flights,All scheduled flights,,,,25.918,50.59,False
OEAO,6,5,22.1917,2,0,0,,0,6,5,83.3333,,83.3333,2,all_flights,All scheduled flights,Majeed Bin Abdulaziz Airport,Al Ula,Saudi Arabia,26.4831,38.1186,False
OEDF,382,98,5.8833,4,327,100,10.0,4,709,198,25.6545,30.581,27.9267,4,all_flights,All scheduled flights,King Fahd International Airport,Ad Dammam,Saudi Arabia,26.4711,49.7978,True
OEGS,20,5,-17.85,1,19,5,4.5333,1,39,10,25.0,26.3158,25.641,1,all_flights,All scheduled flights,Gassim Airport,Buraidah,Saudi Arabia,26.3028,43.7742,False
OEJN,2486,1155,13.9583,4,2634,1778,20.0,4,5120,2933,46.4602,67.5019,57.2852,4,all_flights,All scheduled flights,King Abdulaziz International Airport,Jeddah,Saudi Arabia,21.6811,39.1561,True
OEMA,410,150,11.0917,4,348,111,7.5833,4,758,261,36.5854,31.8966,34.4327,4,all_flights,All scheduled flights,Prince Mohammad Bin Abdulaziz Airport,Medina,Saudi Arabia,24.5503,39.7058,True
OENN,3,1,9.4,1,5,1,3.6333,1,8,2,33.3333,20.0,25.0,1,all_flights,All scheduled flights,Neom Bay Airport,Sharma,Saudi Arabia,27.9239,35.2939,False
OERK,2290,855,10.225,4,2148,1217,17.0,4,4438,2072,37.3362,56.6574,46.6877,4,all_flights,All scheduled flights,King Khaled International Airport,Riyadh,Saudi Arabia,24.9628,46.7081,True
OETF,13,4,8.85,4,14,5,-3.1,4,27,9,30.7692,35.7143,33.3333,4,all_flights,All scheduled flights,Ta’if Regional Airport,Ta’if,Saudi Arabia,21.4833,40.5444,False
OEYN,1,0,1.0167,1,1,1,46.8333,1,2,1,0.0,100.0,50.0,1,all_flights,All scheduled flights,Prince Abdul Mohsin bin Abdulaziz International Airport / Yanbu Airport,Yanbu,Saudi Arabia,24.144,38.064,False
OIAW,3,1,1.5167,1,3,2,16.4667,1,6,3,33.3333,66.6667,50.0,1,all_flights,All scheduled flights,Lieutenant General Qasem Soleimani International Airport,Ahvaz,Iran,31.3375,48.7603,False
OIBK,1,0,-0.9,1,0,0,,0,1,0,0.0,,0.0,1,all_flights,All scheduled flights,Kish International Airport,Kish Island,Iran,26.5275,53.9792,False
OIFM,93,10,4.7,4,93,30,9.3167,4,186,40,10.7527,32.2581,21.5054,4,all_flights,All scheduled flights,Isfahan Shahid Beheshti International Airport,Isfahan,Iran,32.7508,51.8628,False
OIGG,13,2,0.0,3,14,1,-1.425,3,27,3,15.3846,7.1429,11.1111,3,all_flights,All scheduled flights,Sardar-e-Jangal Airport,Rasht,Iran,37.3233,49.6178,False
OIIE,3323,1044,8.3167,4,3357,573,4.0,4,6680,1617,31.4174,17.0688,24.2066,4,all_flights,All scheduled flights,Imam Khomeini International Airport,Tehran,Iran,35.4161,51.1522,True
OIII,5,1,-9.1667,3,3,2,17.35,2,8,3,20.0,66.6667,37.5,3,all_flights,All scheduled flights,Mehrabad International Airport,Tehran,Iran,35.6889,51.3147,False
OIMM,165,68,11.9167,4,185,51,6.25,4,350,119,41.2121,27.5676,34.0,4,all_flights,All scheduled flights,Mashhad International Airport,Mashhad,Iran,36.2342,59.645,False
OISS,156,53,10.3,4,153,33,5.3667,4,309,86,33.9744,21.5686,27.8317,4,all_flights,All scheduled flights,Shiraz Shahid Dastghaib International Airport,Shiraz,Iran,29.5403,52.5886,False
OITR,38,11,11.2167,3,39,7,6.0333,4,77,18,28.9474,17.9487,23.3766,4,all_flights,All scheduled flights,Urmia Airport,Urmia,Iran,37.6714,45.0692,False
OITT,335,126,11.35,4,321,44,0.45,4,656,170,37.6119,13.7072,25.9146,4,all_flights,All scheduled flights,Tabriz International Airport,Tabriz,Iran,38.1339,46.235,True
OJAI,3509,887,5.8,4,3418,705,4.3833,4,6927,1592,25.2779,20.6261,22.9825,4,all_flights,All scheduled flights,Queen Alia International Airport,Amman,Jordan,31.7242,35.9947,True
OJAM,1,0,7.4,1,0,0,,0,1,0,0.0,,0.0,1,all_flights,All scheduled flights,Amman Civil (Marka International) Airport,Amman,Jordan,31.9728,35.9917,False
OJAQ,224,38,2.9167,4,222,36,0.0583,4,446,74,16.9643,16.2162,16.5919,4,all_flights,All scheduled flights,Aqaba King Hussein International Airport,Aqaba,Jordan,29.6117,35.0181,False
OJMS,2,1,18.625,1,1,0,-10.0,1,3,1,50.0,0.0,33.3333,1,all_flights,All scheduled flights,,,,31.8256,36.7819,False
OKBK,3021,891,7.7333,4,2906,777,7.3167,4,5927,1668,29.4935,26.7378,28.1424,4,all_flights,All scheduled flights,,,,29.2167,47.9667,True
OLBA,5533,1476,6.0,4,5537,721,1.0,4,11070,2197,26.6763,13.0215,19.8464,4,all_flights,All scheduled flights,Beirut Rafic Hariri International Airport,Beirut,Lebanon,33.8192,35.49,True
OMAA,4309,1060,5.9833,4,4240,902,7.0,4,8549,1962,24.5997,21.2736,22.9501,4,all_flights,All scheduled flights,Zayed International Airport,Abu Dhabi,United Arab Emirates,24.4333,54.65,True
OMAD,0,0,,0,5,0,-41.9167,2,5,0,,0.0,0.0,2,all_flights,All scheduled flights,Al Bateen Executive Airport,Abu Dhabi,United Arab Emirates,24.4333,54.4667,False
OMAM,0,0,,0,1,0,-53.0,1,1,0,,0.0,0.0,1,all_flights,All scheduled flights,,,,24.2481,54.5475,False
OMDB,16481,8094,14.6667,4,16039,8723,17.0,4,32520,16817,49.1111,54.3862,51.7128,4,all_flights,All scheduled flights,Dubai International Airport,Dubai,United Arab Emirates,25.2492,55.36,True
OMDW,853,323,9.6167,4,1325,348,6.0,4,2178,671,37.8664,26.2642,30.8081,4,all_flights,All scheduled flights,Al Maktoum International Airport,Jebel Ali,United Arab Emirates,24.8861,55.1719,True
OMSJ,1496,508,9.05,4,1502,311,5.3917,4,2998,819,33.9572,20.7057,27.3182,4,all_flights,All scheduled flights,Sharjah International Airport,Sharjah,United Arab Emirates,25.3333,55.5167,True
OOMS,1023,247,5.8,4,990,227,6.2417,4,2013,474,24.1447,22.9293,23.5469,4,all_flights,All scheduled flights,Muscat International Airport,Muscat,Oman,23.5833,58.2667,True
OOSA,10,2,4.675,1,9,0,-12.2833,1,19,2,20.0,0.0,10.5263,1,all_flights,All scheduled flights,Salalah Airport,Salalah,Oman,17.05,54.1,False
OPIS,303,65,2.0,4,304,95,7.0,4,607,160,21.4521,31.25,26.3591,4,all_flights,All scheduled flights,Islamabad International Airport,Attock,Pakistan,33.5489,72.8256,True
OPKC,226,62,2.2,4,252,51,1.65,4,478,113,27.4336,20.2381,23.6402,4,all_flights,All scheduled flights,Jinnah International Airport,Karachi,Pakistan,24.9014,67.15,False
OPLA,251,60,2.1667,4,247,101,11.0,4,498,161,23.9044,40.8907,32.3293,4,all_flights,All scheduled flights,Allama Iqbal International Airport,Lahore,Pakistan,31.5667,74.3667,False
ORBI,1140,226,2.3,4,1141,462,11.6833,4,2281,688,19.8246,40.4908,30.1622,4,all_flights,All scheduled flights,Baghdad International Airport / New Al Muthana Air Base,Baghdad,Iraq,33.2625,44.2344,True
ORER,945,396,12.2,4,941,406,12.5833,4,1886,802,41.9048,43.1456,42.5239,4,all_flights,All scheduled flights,Erbil International Airport,Arbil,Iraq,36.2381,43.9467,True
ORKK,20,4,6.1,1,21,12,16.7333,1,41,16,20.0,57.1429,39.0244,1,all_flights,All scheduled flights,,,,35.4694,44.3489,False
ORMM,185,40,3.4167,4,180,74,12.0917,4,365,114,21.6216,41.1111,31.2329,4,all_flights,All scheduled flights,Basra International Airport,Basra,Iraq,30.5489,47.6619,False
ORNI,100,28,4.65,4,101,56,17.9333,4,201,84,28.0,55.4455,41.791,4,all_flights,All scheduled flights,Al Najaf International Airport,Najaf,Iraq,31.9897,44.4042,False
ORSU,212,84,10.2417,4,212,107,15.1833,4,424,191,39.6226,50.4717,45.0472,4,all_flights,All scheduled flights,Sulaymaniyah International Airport,Sulaymaniyah,Iraq,35.5606,45.3144,False
OSAP,12,5,11.1833,3,11,8,21.7333,3,23,13,41.6667,72.7273,56.5217,3,all_flights,All scheduled flights,Aleppo International Airport,Aleppo,Syria,36.1806,37.2267,False
OSDI,82,47,18.85,4,74,34,13.8333,4,156,81,57.3171,45.9459,51.9231,4,all_flights,All scheduled flights,Damascus International Airport,Damascus,Syria,33.4108,36.5133,False
OSLK,0,0,,0,4,0,0.625,2,4,0,,0.0,0.0,2,all_flights,All scheduled flights,,,,35.41,35.948,False
OTBD,71,44,17.5,4,70,6,0.5,3,141,50,61.9718,8.5714,35.461,4,all_flights,All scheduled flights,Doha International Airport,Doha,Qatar,25.2667,51.5667,False
OTBH,8,5,28.5667,2,1,1,47.1,1,9,6,62.5,100.0,66.6667,2,all_flights,All scheduled flights,,,,25.1172,51.3147,False
OTHH,11938,4470,10.075,4,11628,5557,15.0,4,23566,10027,37.4435,47.7898,42.5486,4,all_flights,All scheduled flights,Hamad International Airport,Doha,Qatar,25.2744,51.6083,True
PAFA,0,0,,0,5,4,23.05,2,5,4,,80.0,80.0,2,all_flights,All scheduled flights,Fairbanks International Airport,Fairbanks,United States of America,64.8153,-147.8564,False
PANC,97,49,15.6333,4,91,39,10.35,4,188,88,50.5155,42.8571,46.8085,4,all_flights,All scheduled flights,Ted Stevens Anchorage International Airport,Anchorage,United States of America,61.1742,-149.9981,False
RCTP,724,291,10.1083,4,643,187,8.0,4,1367,478,40.1934,29.0824,34.9671,4,all_flights,All scheduled flights,Taiwan Taoyuan International Airport,Taoyuan,Taiwan,25.0803,121.2322,True
RJAA,843,189,4.6833,4,544,121,7.0,4,1387,310,22.4199,22.2426,22.3504,4,all_flights,All scheduled flights,Narita International Airport,Narita,Japan,35.7583,140.3783,True
RJBB,197,73,10.0,4,75,25,9.0,4,272,98,37.0558,33.3333,36.0294,4,all_flights,All scheduled flights,Kansai International Airport,Osaka,Japan,34.4283,135.2433,False
RJCJ,1,0,-16.7333,1,0,0,,0,1,0,0.0,,0.0,1,all_flights,All scheduled flights,,,,42.795,141.6667,False
RJGG,2,0,-0.925,1,0,0,,0,2,0,0.0,,0.0,1,all_flights,All scheduled flights,Chubu Centrair International Airport,Tokoname,Japan,34.8583,136.8053,False
RJNK,13,1,-9.4833,3,0,0,,0,13,1,7.6923,,7.6923,3,all_flights,All scheduled flights,Komatsu Airport / JASDF Komatsu Air Base,Kanazawa,Japan,36.3933,136.4083,False
RJTT,945,233,5.5,4,947,462,15.0,4,1892,695,24.6561,48.7856,36.7336,4,all_flights,All scheduled flights,Tokyo Haneda International Airport,Tokyo,Japan,35.5567,139.7667,True
RKSI,2696,754,7.3,4,2518,804,9.0,4,5214,1558,27.9674,31.9301,29.8811,4,all_flights,All scheduled flights,Incheon International Airport,Seoul,South Korea,37.4625,126.4392,True
RPLC,0,0,,0,1,0,0.0,1,1,0,,0.0,0.0,1,all_flights,All scheduled flights,Clark International Airport / Clark Air Base,Mabalacat,Philippines,15.1861,120.5603,False
RPLL,195,27,1.1333,4,172,134,24.5,4,367,161,13.8462,77.907,43.8692,4,all_flights,All scheduled flights,Ninoy Aquino International Airport,Manila (Pasay),Philippines,14.51,121.0136,False
SAEZ,1004,206,5.925,4,1012,150,2.0,4,2016,356,20.5179,14.8221,17.6587,4,all_flights,All scheduled flights,Minister Pistarini International Airport,Buenos Aires (Ezeiza),Argentina,-34.8222,-58.5358,True
SBBE,44,17,11.0083,4,43,7,0.0,4,87,24,38.6364,16.2791,27.5862,4,all_flights,All scheduled flights,Val de Cans/Júlio Cezar Ribeiro International Airport,Belém,Brazil,-1.45,-48.4833,False
SBBR,79,41,16.4833,4,78,52,20.9417,4,157,93,51.8987,66.6667,59.2357,4,all_flights,All scheduled flights,Presidente Juscelino Kubitschek International Airport,Brasília,Brazil,-15.8633,-47.9133,False
SBCB,0,0,,0,1,0,-8.2,1,1,0,,0.0,0.0,1,all_flights,All scheduled flights,Cabo Frio Airport,Cabo Frio,Brazil,-22.9217,-42.0742,False
SBCF,95,55,19.3333,4,98,43,13.7833,4,193,98,57.8947,43.8776,50.7772,4,all_flights,All scheduled flights,Tancredo Neves International Airport,Belo Horizonte,Brazil,-19.6244,-43.9719,False
SBCT,16,3,1.4417,4,0,0,,0,16,3,18.75,,18.75,4,all_flights,All scheduled flights,Afonso Pena Airport,Curitiba,Brazil,-25.53,-49.1767,False
SBFZ,159,63,12.3333,4,161,19,2.45,4,320,82,39.6226,11.8012,25.625,4,all_flights,All scheduled flights,Pinto Martins International Airport,Fortaleza,Brazil,-3.783,-38.533,False
SBGL,614,194,9.5083,4,591,233,12.0833,4,1205,427,31.5961,39.4247,35.4357,4,all_flights,All scheduled flights,Rio Galeão – Tom Jobim International Airport,Rio De Janeiro,Brazil,-22.8083,-43.2433,True
SBGO,0,0,,0,1,0,-5.3,1,1,0,,0.0,0.0,1,all_flights,All scheduled flights,Santa Genoveva Airport,Goiânia,Brazil,-16.7167,-49.25,False
SBGR,2255,513,6.3667,4,2176,677,9.0,4,4431,1190,22.7494,31.1121,26.8562,4,all_flights,All scheduled flights,Guarulhos - Governador André Franco Montoro International Airport,São Paulo,Brazil,-23.4333,-46.47,True
SBJH,0,0,,0,4,0,-9.55,2,4,0,,0.0,0.0,2,all_flights,All scheduled flights,São Paulo Catarina Executive Airport,São Roque,Brazil,-23.4269,-47.1658,False
SBKP,434,157,9.2417,4,352,134,10.2083,4,786,291,36.1751,38.0682,37.0229,4,all_flights,All scheduled flights,Viracopos International Airport,Campinas,Brazil,-23.005,-47.1383,True
SBPA,40,23,15.5917,4,39,23,20.4333,4,79,46,57.5,58.9744,58.2278,4,all_flights,All scheduled flights,Salgado Filho International Airport,Porto Alegre,Brazil,-29.995,-51.1717,False
SBRF,116,45,11.125,4,135,65,14.4333,4,251,110,38.7931,48.1481,43.8247,4,all_flights,All scheduled flights,Recife/Guararapes - Gilberto Freyre International Airport,Recife,Brazil,-8.1333,-34.9167,False
SBSG,80,39,14.775,4,79,12,-0.6833,4,159,51,48.75,15.1899,32.0755,4,all_flights,All scheduled flights,São Gonçalo do Amarante - Governador Aluízio Alves International Airport,Natal,Brazil,-5.7689,-35.3664,False
SBSV,91,25,8.6167,4,91,34,9.4833,4,182,59,27.4725,37.3626,32.4176,4,all_flights,All scheduled flights,Deputado Luiz Eduardo Magalhães International Airport,Salvador,Brazil,-12.9167,-38.3333,False
SCEL,421,63,4.4333,4,419,139,10.8667,4,840,202,14.9644,33.1742,24.0476,4,all_flights,All scheduled flights,Comodoro Arturo Merino Benítez International Airport,Santiago,Chile,-33.3883,-70.7883,True
SEGU,53,1,0.5667,4,239,42,3.0,4,292,43,1.8868,17.5732,14.726,4,all_flights,All scheduled flights,José Joaquín de Olmedo International Airport,Guayaquil,Ecuador,-2.125,-79.865,False
SEQM,268,89,11.0667,4,90,32,10.0,4,358,121,33.209,35.5556,33.7989,4,all_flights,All scheduled flights,Mariscal Sucre International Airport,Quito,Ecuador,-0.1242,-78.3544,False
SGAS,98,34,8.975,4,95,4,-18.4667,4,193,38,34.6939,4.2105,19.6891,4,all_flights,All scheduled flights,Aeropuerto Internacional Silvio Pettirossi,Asunción,Paraguay,-25.24,-57.52,False
SKBO,1383,288,5.7333,4,1118,515,13.9,4,2501,803,20.8243,46.0644,32.1072,4,all_flights,All scheduled flights,El Dorado International Airport,Bogota,Colombia,4.7,-74.15,True
SKCG,0,0,,0,144,63,12.2083,4,144,63,,43.75,43.75,4,all_flights,All scheduled flights,Rafael Nuñez International Airport,Cartagena,Colombia,10.45,-75.5167,False
SKCL,64,13,6.5917,4,65,14,5.0,4,129,27,20.3125,21.5385,20.9302,4,all_flights,All scheduled flights,Alfonso Bonilla Aragon International Airport,Cali,Colombia,3.55,-76.3833,False
SKRG,108,25,7.6583,4,104,46,12.925,4,212,71,23.1481,44.2308,33.4906,4,all_flights,All scheduled flights,Jose Maria Córdova International Airport,Medellín,Colombia,6.1644,-75.4231,False
SLCB,16,0,4.6833,4,0,0,,0,16,0,0.0,,0.0,4,all_flights,All scheduled flights,Jorge Wilsterman International Airport,Cochabamba,Bolivia,-17.4,-66.2,False
SLVR,109,40,10.0167,4,122,32,3.125,4,231,72,36.6972,26.2295,31.1688,4,all_flights,All scheduled flights,Viru Viru International Airport,Santa Cruz,Bolivia,-17.6333,-63.1333,False
SMJP,126,42,10.8583,4,127,43,8.0333,4,253,85,33.3333,33.8583,33.5968,4,all_flights,All scheduled flights,Johan Adolf Pengel International Airport,Zandery,Suriname,5.4667,-55.2,False
SOCA,233,132,17.6333,4,230,62,6.0333,4,463,194,56.6524,26.9565,41.9006,4,all_flights,All scheduled flights,Cayenne – Félix Eboué Airport,Matoury,French Guiana,4.8197,-52.3619,False
SPJC,620,151,6.65,4,621,210,11.0,4,1241,361,24.3548,33.8164,29.0894,4,all_flights,All scheduled flights,,,,-12.0167,-77.1167,True
SUMU,144,19,4.7583,4,145,6,-9.6833,4,289,25,13.1944,4.1379,8.6505,4,all_flights,All scheduled flights,Carrasco General Cesáreo L. Berisso International Airport,Ciudad de la Costa,Uruguay,-34.8383,-56.03,False
SVMG,4,1,2.2417,2,0,0,,0,4,1,25.0,,25.0,2,all_flights,All scheduled flights,Del Caribe Santiago Mariño International Airport,Isla Margarita,Venezuela,10.9167,-63.95,False
SVMI,214,97,12.2583,4,218,53,-2.0,4,432,150,45.3271,24.3119,34.7222,4,all_flights,All scheduled flights,Maiquetía Simón Bolívar International Airport,Maiquetía,Venezuela,10.6,-66.9833,False
TAPA,184,11,-0.7583,4,182,31,-0.5833,4,366,42,5.9783,17.033,11.4754,4,all_flights,All scheduled flights,V C Bird International Airport,Osbourn,Antigua and Barbuda,17.1339,-61.7847,False
TBPB,532,82,2.8417,4,512,228,12.0,4,1044,310,15.4135,44.5312,29.6935,4,all_flights,All scheduled flights,Grantley Adams International Airport,Bridgetown,Barbados,13.0667,-59.5,True
TFFF,532,236,13.1917,4,512,229,13.0583,4,1044,465,44.3609,44.7266,44.5402,4,all_flights,All scheduled flights,Martinique Aimé Césaire International Airport,Fort-de-France,Martinique,14.5833,-61.0,True
TFFR,550,264,14.1583,4,582,253,13.0,4,1132,517,48.0,43.4708,45.6714,4,all_flights,All scheduled flights,Guadeloupe - Maryse Condé International Airport,Pointe-à-Pitre,Guadeloupe,16.267,-61.519,True
TGPY,4,4,25.6,1,2,0,6.1667,1,6,4,100.0,0.0,66.6667,1,all_flights,All scheduled flights,Maurice Bishop International Airport,Saint George's,Grenada,12.0008,-61.7839,False
TJBQ,0,0,,0,68,4,-11.7083,4,68,4,,5.8824,5.8824,4,all_flights,All scheduled flights,Rafael Hernández International Airport,Aguadilla,Puerto Rico,18.5,-67.1014,False
TJSJ,87,21,6.4,4,79,23,6.75,4,166,44,24.1379,29.1139,26.506,4,all_flights,All scheduled flights,Luis Munoz Marin International Airport,San Juan,Puerto Rico,18.44,-66.0017,False
TLPL,165,14,2.4,4,164,57,9.0167,4,329,71,8.4848,34.7561,21.5805,4,all_flights,All scheduled flights,Hewanorra International Airport,Vieux Fort,Saint Lucia,13.7333,-60.9508,False
TNCA,174,30,7.0417,4,22,9,9.6583,3,196,39,17.2414,40.9091,19.898,4,all_flights,All scheduled flights,Queen Beatrix International Airport,Oranjestad,Aruba,12.5003,-70.0025,False
TNCB,3,0,8.7167,2,239,29,-3.8167,4,242,29,0.0,12.1339,11.9835,4,all_flights,All scheduled flights,Flamingo International Airport,Kralendijk,Caribbean Netherlands,12.1333,-68.2833,False
TNCC,317,90,9.4333,4,309,81,4.1833,4,626,171,28.3912,26.2136,27.3163,4,all_flights,All scheduled flights,Hato International Airport,Willemstad,Curacao,12.2,-68.95,True
TNCM,182,67,10.8667,4,146,41,4.25,4,328,108,36.8132,28.0822,32.9268,4,all_flights,All scheduled flights,Princess Juliana International Airport,Sint Maarten,Sint Maarten,18.0347,-63.1017,False
TTCP,0,0,,0,4,3,92.725,1,4,3,,75.0,75.0,1,all_flights,All scheduled flights,A.N.R. Robinson International Airport,Scarborough,Trinidad and Tobago,11.15,-60.8333,False
TTPP,0,0,,0,54,9,-7.8417,4,54,9,,16.6667,16.6667,4,all_flights,All scheduled flights,Piarco International Airport,Port of Spain,Trinidad and Tobago,10.585,-61.3358,False
TXKF,82,16,6.6417,4,84,32,12.0,4,166,48,19.5122,38.0952,28.9157,4,all_flights,All scheduled flights,L.F. Wade International Airport,Hamilton,Bermuda,32.3639,-64.6953,False
UAAA,1455,209,0.75,4,1506,926,20.0,4,2961,1135,14.3643,61.4874,38.3316,4,all_flights,All scheduled flights,Almaty International Airport,Almaty,Kazakhstan,43.3556,77.0439,True
UACC,816,184,3.875,4,895,522,19.0,4,1711,706,22.549,58.324,41.2624,4,all_flights,All scheduled flights,Nursultan Nazarbayev International Airport,Astana,Kazakhstan,51.0225,71.4661,True
UAII,93,28,7.5833,4,92,42,14.5,4,185,70,30.1075,45.6522,37.8378,4,all_flights,All scheduled flights,Shymkent Airport,Shymkent,Kazakhstan,42.365,69.4756,False
UAIT,89,6,-2.2167,4,90,7,-1.5,4,179,13,6.7416,7.7778,7.2626,4,all_flights,All scheduled flights,Hazrat Sultan International Airport,Turkıstan,Kazakhstan,43.3111,68.5503,False
UAKK,31,1,-5.3,3,23,12,16.0,2,54,13,3.2258,52.1739,24.0741,3,all_flights,All scheduled flights,Sary-Arka Airport,Karaganda,Kazakhstan,49.6717,73.3353,False
UARR,20,6,11.775,4,19,11,17.0,4,39,17,30.0,57.8947,43.5897,4,all_flights,All scheduled flights,Uralsk Airport,Uralsk,Kazakhstan,51.1519,51.5439,False
UATE,432,86,4.1,4,445,147,10.0,4,877,233,19.9074,33.0337,26.5678,4,all_flights,All scheduled flights,Aktau Airport,Aktau,Kazakhstan,43.86,51.0908,True
UATG,154,18,1.3083,4,153,34,6.0,4,307,52,11.6883,22.2222,16.9381,4,all_flights,All scheduled flights,Atyrau International Airport,Atyrau,Kazakhstan,47.1219,51.82,False
UATT,74,18,2.0667,4,74,39,17.1083,4,148,57,24.3243,52.7027,38.5135,4,all_flights,All scheduled flights,Aktobe Airport,Aktobe,Kazakhstan,50.2461,57.2056,False
UAUU,5,0,-30.9833,3,6,0,4.6917,2,11,0,0.0,0.0,0.0,3,all_flights,All scheduled flights,Kostanay West Airport,Kostanay,Kazakhstan,53.2086,63.5481,False
UBBB,7536,1646,3.7,4,7546,869,2.0,4,15082,2515,21.8418,11.516,16.6755,4,all_flights,All scheduled flights,Heydar Aliyev International Airport,Baku,Azerbaijan,40.4697,50.0514,True
UBBF,6,3,16.3417,4,5,1,4.0,3,11,4,50.0,20.0,36.3636,4,all_flights,All scheduled flights,,,,39.5908,47.2019,False
UBBG,167,71,12.1,4,169,13,0.0,4,336,84,42.515,7.6923,25.0,4,all_flights,All scheduled flights,Ganja International Airport,Ganja,Azerbaijan,40.739,46.32,False
UBBN,1006,50,1.0833,4,1005,110,6.0,4,2011,160,4.9702,10.9453,7.9562,4,all_flights,All scheduled flights,Nakhchivan Airport,Nakhchivan,Azerbaijan,39.1886,45.4572,True
UCFM,667,94,0.1667,4,706,367,17.0,4,1373,461,14.093,51.983,33.5761,4,all_flights,All scheduled flights,,,,43.0614,74.4775,True
UCFO,54,18,7.65,4,53,29,18.0333,4,107,47,33.3333,54.717,43.9252,4,all_flights,All scheduled flights,,,,40.6089,72.7933,False
UDSG,9,6,22.9,1,6,0,1.5,1,15,6,66.6667,0.0,40.0,1,all_flights,All scheduled flights,Shirak International Airport,Gyumri,Armenia,40.7506,43.8594,False
UDYZ,4734,1629,8.5417,4,4709,948,3.0,4,9443,2577,34.4106,20.1317,27.2901,4,all_flights,All scheduled flights,Zvartnots International Airport,Yerevan,Armenia,40.1472,44.3958,True
UGKO,1043,210,3.2667,4,1024,59,-3.4833,4,2067,269,20.1342,5.7617,13.014,4,all_flights,All scheduled flights,David the Builder Kutaisi International Airport,Kopitnari,Georgia,42.1769,42.4828,True
UGSA,11,0,-4.9,1,0,0,,0,11,0,0.0,,0.0,1,all_flights,All scheduled flights,,,,41.9206,44.7194,False
UGSB,650,59,-2.3833,4,657,49,-5.0,4,1307,108,9.0769,7.4581,8.2632,4,all_flights,All scheduled flights,Batumi International Airport,Batumi,Georgia,41.6103,41.5994,True
UGTB,3765,1012,6.9167,4,3757,187,-3.0,4,7522,1199,26.8792,4.9774,15.9399,4,all_flights,All scheduled flights,Tbilisi International Airport,Tbilisi,Georgia,41.6692,44.9547,True
UIII,2,0,-6.9333,1,1,0,-0.95,1,3,0,0.0,0.0,0.0,1,all_flights,All scheduled flights,Irkutsk International Airport,Irkutsk,Russia,52.2667,104.395,False
ULAA,21,1,-7.0333,4,22,4,6.4083,4,43,5,4.7619,18.1818,11.6279,4,all_flights,All scheduled flights,Talagi Airport,Archangelsk,Russia,64.6003,40.7167,False
ULLI,2455,638,6.0,4,2495,639,5.05,4,4950,1277,25.9878,25.6112,25.798,4,all_flights,All scheduled flights,Pulkovo Airport,St. Petersburg,Russia,59.8003,30.2625,True
ULMM,15,0,-13.5,2,14,3,-1.825,2,29,3,0.0,21.4286,10.3448,2,all_flights,All scheduled flights,Murmansk Airport,Murmansk,Russia,68.7817,32.7511,False
ULOO,19,1,-13.3833,4,16,5,6.625,3,35,6,5.2632,31.25,17.1429,4,all_flights,All scheduled flights,Pskov Airport,Pskov,Russia,57.7819,28.3942,False
ULPB,12,1,0.8417,3,12,0,4.2083,3,24,1,8.3333,0.0,4.1667,3,all_flights,All scheduled flights,Petrozavodsk Airport,Petrozavodsk,Russia,61.8853,34.1547,False
ULWC,41,0,-3.7167,4,43,4,2.0,4,84,4,0.0,9.3023,4.7619,4,all_flights,All scheduled flights,Cherepovets Airport,Cherepovets,Russia,59.2761,38.0189,False
UMKK,3932,1207,7.4167,4,3976,360,-2.0,4,7908,1567,30.6968,9.0543,19.8154,4,all_flights,All scheduled flights,Khrabrovo Airport,Kaliningrad,Russia,54.8917,20.5986,True
UMMS,858,101,-3.675,4,858,127,3.0,4,1716,228,11.7716,14.8019,13.2867,4,all_flights,All scheduled flights,Minsk National Airport,Minsk,Belarus,53.8825,28.0308,True
UNEE,1,0,0.7333,1,1,1,24.0667,1,2,1,0.0,100.0,50.0,1,all_flights,All scheduled flights,Kemerovo Airport,Kemerovo,Russia,55.27,86.1075,False
UNKL,19,2,1.5167,3,18,4,12.5167,3,37,6,10.5263,22.2222,16.2162,3,all_flights,All scheduled flights,Krasnoyarsk International Airport,Krasnoyarsk,Russia,56.1731,92.4933,False
UNNT,149,21,0.2833,4,144,59,12.1083,4,293,80,14.094,40.9722,27.3038,4,all_flights,All scheduled flights,Novosibirsk Tolmachevo Airport,Novosibirsk,Russia,55.0333,82.5992,False
UNOO,44,3,-4.2667,3,44,21,15.0,3,88,24,6.8182,47.7273,27.2727,3,all_flights,All scheduled flights,Omsk Central Airport,Omsk,Russia,54.9672,73.3103,False
UNTT,1,0,-2.85,1,1,1,30.0,1,2,1,0.0,100.0,50.0,1,all_flights,All scheduled flights,Bogashevo Airport,Tomsk,Russia,56.3831,85.2106,False
UNWW,1,1,15.6333,1,1,0,-5.5,1,2,1,100.0,0.0,50.0,1,all_flights,All scheduled flights,Spichenkovo Airport,Novokuznetsk,Russia,53.8119,86.8783,False
URMG,147,59,11.5167,4,147,48,8.2667,4,294,107,40.1361,32.6531,36.3946,4,all_flights,All scheduled flights,Grozny Airport,Grozny,Russia,43.3883,45.7,False
URML,211,58,7.0,4,210,45,1.2333,4,421,103,27.4882,21.4286,24.4656,4,all_flights,All scheduled flights,Makhachkala Uytash International Airport,Makhachkala,Russia,42.8169,47.6525,False
URMM,890,268,7.0667,4,874,323,11.0,4,1764,591,30.1124,36.9565,33.5034,4,all_flights,All scheduled flights,Mineralnyye Vody Airport,Mineralnyye Vody,Russia,44.2269,43.0831,True
URMN,14,3,-3.325,2,14,2,8.5,2,28,5,21.4286,14.2857,17.8571,2,all_flights,All scheduled flights,Nalchik Airport,Nalchik,Russia,43.5131,43.6367,False
URMO,36,6,-3.9167,3,36,5,7.0,3,72,11,16.6667,13.8889,15.2778,3,all_flights,All scheduled flights,Vladikavkaz Beslan International Airport,Beslan,Russia,43.2053,44.6067,False
URMT,6,1,5.125,1,6,1,3.5,1,12,2,16.6667,16.6667,16.6667,1,all_flights,All scheduled flights,Stavropol Shpakovskoye Airport,Stavropol,Russia,45.1092,42.1128,False
URSS,1686,328,2.425,4,1699,566,10.0,4,3385,894,19.4543,33.3137,26.4106,4,all_flights,All scheduled flights,Sochi International Airport,Sochi,Russia,43.4444,39.9469,True
URWA,49,3,4.0667,3,49,14,6.2667,3,98,17,6.1224,28.5714,17.3469,3,all_flights,All scheduled flights,Astrakhan Narimanovo Boris M. Kustodiev International Airport,Astrakhan,Russia,46.2833,48.0064,False
URWW,47,6,-5.2667,4,46,18,14.0,4,93,24,12.766,39.1304,25.8065,4,all_flights,All scheduled flights,Volgograd International Airport,Volgograd,Russia,48.7803,44.3356,False
USCC,114,9,-6.525,4,112,35,7.5667,4,226,44,7.8947,31.25,19.469,4,all_flights,All scheduled flights,Chelyabinsk Balandino Airport,Chelyabinsk,Russia,55.3058,61.5036,False
USPP,77,4,-8.1833,4,75,53,22.7,4,152,57,5.1948,70.6667,37.5,4,all_flights,All scheduled flights,Perm International Airport,Perm,Russia,57.9144,56.0214,False
USRR,54,17,7.6833,4,53,24,13.0,4,107,41,31.4815,45.283,38.3178,4,all_flights,All scheduled flights,Surgut Airport,Surgut,Russia,61.3439,73.4022,False
USSS,427,63,-1.7667,4,425,159,11.0,4,852,222,14.7541,37.4118,26.0563,4,all_flights,All scheduled flights,Koltsovo Airport,Yekaterinburg,Russia,56.7431,60.8031,True
USTR,72,15,-0.5083,4,72,46,18.5167,4,144,61,20.8333,63.8889,42.3611,4,all_flights,All scheduled flights,Roshchino International Airport,Tyumen,Russia,57.1683,65.3161,False
UTAA,116,55,13.825,4,74,10,0.5,4,190,65,47.4138,13.5135,34.2105,4,all_flights,All scheduled flights,Ashgabat International Airport,Ashgabat,Turkmenistan,37.9867,58.3583,False
UTAK,27,3,3.75,4,29,6,-2.0,4,56,9,11.1111,20.6897,16.0714,4,all_flights,All scheduled flights,Turkmenbashi International Airport,Turkmenbashi,Turkmenistan,40.0633,53.0072,False
UTAM,1,0,-7.9333,1,1,1,32.7833,1,2,1,0.0,100.0,50.0,1,all_flights,All scheduled flights,Mary International Airport,Mary,Turkmenistan,37.6217,61.8964,False
UTAV,36,23,21.6667,3,8,0,-0.5,3,44,23,63.8889,0.0,52.2727,3,all_flights,All scheduled flights,Türkmenabat International Airport,Türkmenabat,Turkmenistan,38.9308,63.5639,False
UTDD,105,16,3.45,4,106,51,15.0,4,211,67,15.2381,48.1132,31.7536,4,all_flights,All scheduled flights,Dushanbe International Airport,Dushanbe,Tajikistan,38.5436,68.8247,False
UTFF,86,22,4.0583,4,87,19,10.0,4,173,41,25.5814,21.8391,23.6994,4,all_flights,All scheduled flights,,,,40.3583,71.7447,False
UTNU,65,14,4.3167,4,62,8,11.0,4,127,22,21.5385,12.9032,17.3228,4,all_flights,All scheduled flights,Urgench Airport,Urgench,Uzbekistan,41.5825,60.6436,False
UTSA,33,5,-0.5667,4,6,3,12.5,3,39,8,15.1515,50.0,20.5128,4,all_flights,All scheduled flights,Navoi Airport,Navoi,Uzbekistan,40.1172,65.1711,False
UTSB,60,17,8.5167,3,59,13,8.4167,3,119,30,28.3333,22.0339,25.2101,3,all_flights,All scheduled flights,Bukhara International Airport,Bukhara,Uzbekistan,39.7756,64.4822,False
UTSS,123,20,3.9167,4,125,22,9.0,4,248,42,16.2602,17.6,16.9355,4,all_flights,All scheduled flights,Samarkand Airport,Samarkand,Uzbekistan,39.7017,66.9825,False
UTTT,1012,227,4.6667,4,970,286,11.4917,4,1982,513,22.4308,29.4845,25.8829,4,all_flights,All scheduled flights,Tashkent International Airport,Tashkent,Uzbekistan,41.2567,69.2817,True
UUBC,14,1,2.225,4,14,5,6.65,4,28,6,7.1429,35.7143,21.4286,4,all_flights,All scheduled flights,Grabtsevo Airport,Kaluga,Russia,54.5486,36.3714,False
UUBI,16,0,-6.8667,2,16,0,-13.15,2,32,0,0.0,0.0,0.0,2,all_flights,All scheduled flights,Ivanovo South Airport,Ivanovo,Russia,56.9425,40.9322,False
UUBW,316,42,-2.9417,4,323,134,13.0,4,639,176,13.2911,41.4861,27.543,4,all_flights,All scheduled flights,Zhukovsky International Airport,Moscow,Russia,55.5528,38.1497,True
UUDD,2994,986,8.25,4,3162,1316,11.1833,4,6156,2302,32.9325,41.6192,37.3944,4,all_flights,All scheduled flights,Domodedovo International Airport,Moscow,Russia,55.4086,37.9064,True
UUEE,3649,929,3.45,4,3735,880,5.0,4,7384,1809,25.459,23.5609,24.4989,4,all_flights,All scheduled flights,Sheremetyevo International Airport,Moscow,Russia,55.9725,37.4131,True
UUWW,4350,1407,8.3333,4,4341,2963,20.9667,4,8691,4370,32.3448,68.2562,50.2819,4,all_flights,All scheduled flights,Vnukovo International Airport,Moscow,Russia,55.5992,37.2731,True
UWGG,69,2,-5.6333,4,71,15,4.3333,4,140,17,2.8986,21.1268,12.1429,4,all_flights,All scheduled flights,Nizhny Novgorod / Strigino International Airport,Nizhny Novgorod,Russia,56.23,43.7842,False
UWKD,592,125,3.025,4,595,383,21.9,4,1187,508,21.1149,64.3697,42.797,4,all_flights,All scheduled flights,Kazan International Airport,Kazan,Russia,55.6069,49.2803,True
UWKE,7,2,-5.0,2,5,0,11.0,2,12,2,28.5714,0.0,16.6667,2,all_flights,All scheduled flights,Begishevo Airport,Nizhnekamsk,Russia,55.5647,52.0925,False
UWSG,3,0,-6.6833,1,3,0,0.2333,1,6,0,0.0,0.0,0.0,1,all_flights,All scheduled flights,Gagarin International Airport,Saratov,Russia,51.7128,46.1711,False
UWUU,161,31,1.1,4,148,64,14.0,4,309,95,19.2547,43.2432,30.7443,4,all_flights,All scheduled flights,Ufa International Airport,Ufa,Russia,54.5578,55.8739,False
UWWW,262,66,2.6917,4,256,112,13.0,4,518,178,25.1908,43.75,34.3629,4,all_flights,All scheduled flights,Kurumoch International Airport,Samara,Russia,53.5011,50.1539,True
VAAH,54,19,6.6167,4,70,24,4.5167,4,124,43,35.1852,34.2857,34.6774,4,all_flights,All scheduled flights,Sardar Vallabh Bhai Patel International Airport,Ahmedabad,India,23.05,72.6667,False
VABB,1362,451,8.4,4,1310,527,12.0,4,2672,978,33.1131,40.229,36.6018,4,all_flights,All scheduled flights,Chhatrapati Shivaji International Airport,Mumbai,India,19.0908,72.8333,True
VCBI,241,112,12.9,4,293,92,8.0,4,534,204,46.473,31.3993,38.2022,4,all_flights,All scheduled flights,Bandaranaike International Colombo Airport,Colombo,Sri Lanka,7.1692,79.8842,True
VCRI,1,0,9.2833,1,1,0,5.0,1,2,0,0.0,0.0,0.0,1,all_flights,All scheduled flights,Mattala Rajapaksa International Airport,Mattala,Sri Lanka,6.2847,81.1242,False
VDPP,0,0,,0,5,2,-15.0,2,5,2,,40.0,40.0,2,all_flights,All scheduled flights,Phnom Penh International Airport,Phnom Penh (Pou Senchey),Cambodia,11.5467,104.85,False
VECC,4,0,1.2667,1,4,1,12.2833,2,8,1,0.0,25.0,12.5,2,all_flights,All scheduled flights,Netaji Subhash Chandra Bose International Airport,Kolkata,India,22.6539,88.4467,False
VGHS,225,19,-0.15,4,285,165,18.1333,4,510,184,8.4444,57.8947,36.0784,4,all_flights,All scheduled flights,Hazrat Shahjalal International Airport,Dhaka,Bangladesh,23.835,90.4083,True
VGSY,115,45,10.1833,4,117,36,4.3667,4,232,81,39.1304,30.7692,34.9138,4,all_flights,All scheduled flights,Osmany International Airport,Sylhet,Bangladesh,24.8833,91.85,False
VHHH,1361,408,7.55,4,1274,440,10.0,4,2635,848,29.978,34.5369,32.1822,4,all_flights,All scheduled flights,Hong Kong International Airport,Hong Kong,Hong Kong,22.3089,113.9147,True
VIAR,96,25,4.9083,4,109,35,6.1667,4,205,60,26.0417,32.1101,29.2683,4,all_flights,All scheduled flights,Sri Guru Ram Dass Jee International Airport,Amritsar,India,31.7047,74.8019,False
VIDP,3457,1368,9.8833,4,3256,1645,15.9083,4,6713,3013,39.5719,50.5221,44.8831,4,all_flights,All scheduled flights,Indira Gandhi International Airport,New Delhi,India,28.5686,77.1133,True
VNKT,63,2,-3.6,4,64,21,10.0,4,127,23,3.1746,32.8125,18.1102,4,all_flights,All scheduled flights,Tribhuvan International Airport,Kathmandu,Nepal,27.7,85.3667,False
VOBL,442,178,10.7,4,570,276,15.0,4,1012,454,40.2715,48.4211,44.8617,4,all_flights,All scheduled flights,Kempegowda International Airport,Bangalore,India,13.1978,77.7061,True
VOCI,54,17,10.35,4,52,6,-0.5,4,106,23,31.4815,11.5385,21.6981,4,all_flights,All scheduled flights,Cochin International Airport,Kochi,India,10.1539,76.4069,False
VOGO,52,17,4.2083,4,52,22,10.2,4,104,39,32.6923,42.3077,37.5,4,all_flights,All scheduled flights,Dabolim Airport,Vasco da Gama,India,15.3808,73.8269,False
VOHS,137,55,11.5167,4,199,76,11.6333,4,336,131,40.146,38.191,38.9881,4,all_flights,All scheduled flights,Rajiv Gandhi International Airport,Hyderabad,India,17.25,78.4167,False
VOMM,242,82,9.2,4,240,101,12.3833,4,482,183,33.8843,42.0833,37.9668,4,all_flights,All scheduled flights,Chennai International Airport,Chennai,India,12.9936,80.1769,False
VOTV,0,0,,0,6,4,18.4083,1,6,4,,66.6667,66.6667,1,all_flights,All scheduled flights,Thiruvananthapuram International Airport,Thiruvananthapuram,India,8.4778,76.9208,False
VRMM,526,108,4.3333,4,504,197,9.5667,4,1030,305,20.5323,39.0873,29.6117,4,all_flights,All scheduled flights,Malé International Airport,Malé,Maldives,4.1914,73.5331,True
VTBD,2,1,0.5583,1,0,0,,0,2,1,50.0,,50.0,1,all_flights,All scheduled flights,Don Mueang International Airport,Bangkok,Thailand,13.9019,100.6014,False
VTBS,2325,605,5.9167,4,2043,1540,23.0,4,4368,2145,26.0215,75.3793,49.1071,4,all_flights,All scheduled flights,Suvarnabhumi Airport,Bangkok,Thailand,13.6811,100.7472,True
VTSG,13,5,10.6833,1,13,5,14.0,1,26,10,38.4615,38.4615,38.4615,1,all_flights,All scheduled flights,Krabi Airport,Krabi,Thailand,8.091,98.977,False
VTSP,249,36,1.6,4,221,45,3.0,4,470,81,14.4578,20.362,17.234,4,all_flights,All scheduled flights,Phuket International Airport,Phuket,Thailand,8.1133,98.3167,False
VVNB,312,134,10.8083,4,333,81,8.0,4,645,215,42.9487,24.3243,33.3333,4,all_flights,All scheduled flights,Noi Bai International Airport,Hanoi (Soc Son),Vietnam,21.225,105.8092,True
VVTS,174,58,7.6083,4,169,60,10.0,4,343,118,33.3333,35.503,34.4023,4,all_flights,All scheduled flights,Tan Son Nhat International Airport,Ho Chi Minh City,Vietnam,10.8167,106.65,False
VYYY,1,0,-18.55,1,0,0,,0,1,0,0.0,,0.0,1,all_flights,All scheduled flights,Yangon International Airport,Yangon,Myanmar,16.9072,96.1333,False
WADD,49,5,4.2,4,50,3,-6.5833,4,99,8,10.2041,6.0,8.0808,4,all_flights,All scheduled flights,Denpasar I Gusti Ngurah Rai International Airport,"Kuta, Badung",Indonesia,-8.7483,115.1672,False
WBGG,0,0,,0,1,1,58.4833,1,1,1,,100.0,100.0,1,all_flights,All scheduled flights,Kuching International Airport,Kuching,Malaysia,1.485,110.343,False
WBSB,25,9,8.8,4,26,8,12.5,4,51,17,36.0,30.7692,33.3333,4,all_flights,All scheduled flights,Brunei International Airport,Bandar Seri Begawan,Brunei,4.9444,114.9253,False
WIII,140,24,2.575,4,138,26,4.1667,4,278,50,17.1429,18.8406,17.9856,4,all_flights,All scheduled flights,Soekarno-Hatta International Airport,Jakarta,Indonesia,-6.125,106.6567,False
WMKK,444,94,5.575,4,355,149,12.0,4,799,243,21.1712,41.9718,30.413,4,all_flights,All scheduled flights,Kuala Lumpur International Airport,Sepang,Malaysia,2.7433,101.6981,True
WMKP,1,0,4.2667,1,0,0,,0,1,0,0.0,,0.0,1,all_flights,All scheduled flights,Penang International Airport,Penang,Malaysia,5.2972,100.2767,False
WSSS,3163,920,8.05,4,2695,1695,20.0,4,5858,2615,29.0863,62.8942,44.6398,4,all_flights,All scheduled flights,Singapore Changi Airport,Singapore,Singapore,1.3592,103.9892,True
YPDN,78,10,5.5167,2,77,24,5.2167,2,155,34,12.8205,31.1688,21.9355,2,all_flights,All scheduled flights,Darwin International Airport / RAAF Darwin,Darwin,Australia,-12.4117,130.87,False
YPPH,108,52,13.9667,3,108,54,14.4083,3,216,106,48.1481,50.0,49.0741,3,all_flights,All scheduled flights,Perth International Airport,Perth,Australia,-31.94,115.9667,False
YSSY,0,0,,0,1,1,57.2333,1,1,1,,100.0,100.0,1,all_flights,All scheduled flights,Sydney Kingsford Smith International Airport,Sydney (Mascot),Australia,-33.94,151.1717,False
ZBAA,781,170,4.4333,4,877,131,-1.0,4,1658,301,21.767,14.9373,18.1544,4,all_flights,All scheduled flights,Beijing Capital International Airport,Beijing,China,40.0667,116.6,True
ZBHH,4,3,19.3833,2,0,0,,0,4,3,75.0,,75.0,2,all_flights,All scheduled flights,Hohhot Baita International Airport,Hohhot,China,40.8483,111.8233,False
ZBTJ,40,9,5.95,4,25,20,56.0,4,65,29,22.5,80.0,44.6154,4,all_flights,All scheduled flights,Tianjin Binhai International Airport,Tianjin,China,39.1233,117.345,False
ZBYN,1,0,-0.9,1,0,0,,0,1,0,0.0,,0.0,1,all_flights,All scheduled flights,Taiyuan Wusu International Airport,Taiyuan,China,37.7483,112.63,False
ZGGG,542,172,6.8583,4,395,109,5.0,4,937,281,31.7343,27.5949,29.9893,4,all_flights,All scheduled flights,Guangzhou Baiyun International Airport,Guangzhou (Huadu),China,23.3933,113.3083,True
ZGSZ,124,32,4.9583,4,63,32,16.0,4,187,64,25.8065,50.7937,34.2246,4,all_flights,All scheduled flights,Shenzhen Bao'an International Airport,Shenzhen (Bao'an),China,22.64,113.8117,False
ZHCC,252,52,2.15,4,217,116,17.0,4,469,168,20.6349,53.4562,35.8209,4,all_flights,All scheduled flights,Zhengzhou Xinzheng International Airport,Zhengzhou,China,34.5183,113.84,False
ZHHH,116,13,-3.2833,4,68,11,0.5,4,184,24,11.2069,16.1765,13.0435,4,all_flights,All scheduled flights,Wuhan Tianhe International Airport,Wuhan (Huangpi),China,30.785,114.207,False
ZLXY,99,28,1.6167,4,4,1,8.5,2,103,29,28.2828,25.0,28.1553,4,all_flights,All scheduled flights,Xi'an Xianyang International Airport,Xianyang (Weicheng),China,34.445,108.75,False
ZMCK,122,31,4.6833,4,125,36,8.0,4,247,67,25.4098,28.8,27.1255,4,all_flights,All scheduled flights,Ulaanbaatar Chinggis Khaan International Airport,Ulaanbaatar (Sergelen),Mongolia,47.647,106.82,False
ZSAM,18,7,12.4667,4,44,27,23.5,4,62,34,38.8889,61.3636,54.8387,4,all_flights,All scheduled flights,Xiamen Gaoqi International Airport,Xiamen,China,24.4667,118.0833,False
ZSHC,188,81,11.9917,4,123,30,2.0,4,311,111,43.0851,24.3902,35.6913,4,all_flights,All scheduled flights,Hangzhou Xiaoshan International Airport,Hangzhou,China,30.2283,120.4333,False
ZSJN,90,23,2.95,4,49,22,6.0,3,139,45,25.5556,44.898,32.3741,4,all_flights,All scheduled flights,Jinan Yaoqiang International Airport,Jinan (Licheng),China,36.8583,117.215,False
ZSNJ,81,27,7.4833,4,92,44,13.4833,4,173,71,33.3333,47.8261,41.0405,4,all_flights,All scheduled flights,Nanjing Lukou International Airport,Nanjing,China,29.8267,121.4633,False
ZSOF,3,0,4.8,1,4,3,52.0,1,7,3,0.0,75.0,42.8571,1,all_flights,All scheduled flights,Hefei Xinqiao International Airport,Hefei,China,31.9867,116.975,False
ZSPD,1555,402,4.7,4,1540,491,6.0,4,3095,893,25.8521,31.8831,28.853,4,all_flights,All scheduled flights,Shanghai Pudong International Airport,Shanghai (Pudong),China,31.1333,121.7833,True
ZSQD,18,11,17.9333,3,23,8,13.0,4,41,19,61.1111,34.7826,46.3415,4,all_flights,All scheduled flights,Qingdao Jiaodong International Airport,Qingdao (Jiaozhou),China,36.265,120.373,False
ZSWZ,9,6,21.6833,1,9,0,2.0,1,18,6,66.6667,0.0,33.3333,1,all_flights,All scheduled flights,Wenzhou Longwan International Airport,Wenzhou (Longwan),China,27.91,120.8533,False
ZSYT,9,0,-6.7667,2,7,4,15.9667,1,16,4,0.0,57.1429,25.0,2,all_flights,All scheduled flights,Yantai Penglai International Airport,Yantai,China,37.662,120.978,False
ZUCK,80,11,-0.5917,4,105,29,2.0,4,185,40,13.75,27.619,21.6216,4,all_flights,All scheduled flights,Chongqing Jiangbei International Airport,Chongqing,China,29.72,106.64,False
ZUUU,143,43,5.2167,4,139,31,2.0,4,282,74,30.0699,22.3022,26.2411,4,all_flights,All scheduled flights,Chengdu Shuangliu International Airport,Chengdu (Shuangliu),China,30.58,103.9483,False
ZYCC,1,0,9.9667,1,1,0,-4.0,1,2,0,0.0,0.0,0.0,1,all_flights,All scheduled flights,Changchun Longjia International Airport,Changchun,China,43.9983,125.6883,False
ZYTL,25,8,8.9333,2,0,0,,0,25,8,32.0,,32.0,2,all_flights,All scheduled flights,Dalian Zhoushuizi International Airport,Dalian (Ganjingzi),China,38.883,121.617,False
ZYTX,17,2,5.3167,3,0,0,,0,17,2,11.7647,,11.7647,3,all_flights,All scheduled flights,Shenyang Taoxian International Airport,"Hunnan, Shenyang",China,41.6417,123.485,False
ZZZZ,28,4,-3.8333,4,47,11,-15.0,4,75,15,14.2857,23.4043,20.0,4,all_flights,All scheduled flights,,,,0.0,0.0,False
AFIL,0,0,,0,12,0,0.0,4,12,0,,0.0,0.0,4,scheduled_duration_under_3h,Under 3 hours,,,,,,False
BIAR,1,1,38.5167,1,1,1,30.0,1,2,2,100.0,100.0,100.0,1,scheduled_duration_under_3h,Under 3 hours,Akureyri Airport,Akureyri,Iceland,65.6567,-18.0719,False
BIKF,2028,440,6.5417,4,2762,714,7.0,4,4790,1154,21.6963,25.8508,24.0919,4,scheduled_duration_under_3h,Under 3 hours,Keflavik International Airport,Reykjavík,Iceland,63.985,-22.6056,True
BKPR,2515,533,5.9833,4,2443,331,2.0,4,4958,864,21.1928,13.5489,17.4264,4,scheduled_duration_under_3h,Under 3 hours,Priština Adem Jashari International Airport,Prishtina,Kosovo,42.5742,21.0358,True
DAAE,169,69,9.9667,3,169,27,4.0,4,338,96,40.8284,15.9763,28.4024,4,scheduled_duration_under_3h,Under 3 hours,Soummam–Abane Ramdane Airport,Béjaïa,Algeria,36.7119,5.0694,False
DAAG,3060,1024,9.125,4,3279,896,8.2333,4,6339,1920,33.4641,27.3254,30.2887,4,scheduled_duration_under_3h,Under 3 hours,Houari Boumediene Airport,Algiers,Algeria,36.6944,3.2169,True
DAAS,107,43,12.3,3,106,10,2.825,3,213,53,40.1869,9.434,24.8826,3,scheduled_duration_under_3h,Under 3 hours,Ain Arnat Airport,Sétif,Algeria,36.1786,5.33,False
DAAT,0,0,,0,1,0,4.0,1,1,0,,0.0,0.0,1,scheduled_duration_under_3h,Under 3 hours,Aguenar – Hadj Bey Akhamok Airport,Tamanrasset,Algeria,22.8111,5.4508,False
DABB,105,26,7.3833,3,120,18,6.0,3,225,44,24.7619,15.0,19.5556,3,scheduled_duration_under_3h,Under 3 hours,Annaba Rabah Bitat Airport,Annaba,Algeria,36.8222,7.8094,False
DABC,365,143,11.35,4,423,73,7.0,4,788,216,39.1781,17.2577,27.4112,4,scheduled_duration_under_3h,Under 3 hours,Mohamed Boudiaf International Airport,Constantine,Algeria,36.2853,6.6192,True
DABT,16,3,7.25,1,16,1,3.0,1,32,4,18.75,6.25,12.5,1,scheduled_duration_under_3h,Under 3 hours,Batna Mostefa Ben Boulaid Airport,Batna,Algeria,35.7592,6.3225,False
DAOF,2,1,14.4833,2,0,0,,0,2,1,50.0,,50.0,2,scheduled_duration_under_3h,Under 3 hours,Tindouf Airport,Tindouf,Algeria,27.6997,-8.1639,False
DAOI,10,4,11.7833,1,11,0,1.0,2,21,4,40.0,0.0,19.0476,2,scheduled_duration_under_3h,Under 3 hours,Chlef Aboubakr Belkaid International Airport,Chlef,Algeria,36.2169,1.34,False
DAON,72,31,12.8583,3,76,9,3.5,3,148,40,43.0556,11.8421,27.027,3,scheduled_duration_under_3h,Under 3 hours,Zenata – Messali El Hadj Airport,Zenata,Algeria,35.0153,-1.4508,False
DAOO,831,280,8.9167,4,843,84,4.0,4,1674,364,33.6943,9.9644,21.7443,4,scheduled_duration_under_3h,Under 3 hours,Oran Es-Sénia (Ahmed Ben Bella) International Airport,Es-Sénia,Algeria,35.6272,-0.6114,True
DAUB,13,9,30.4,1,16,6,13.2083,1,29,15,69.2308,37.5,51.7241,1,scheduled_duration_under_3h,Under 3 hours,Biskra - Mohamed Khider Airport,Biskra,Algeria,34.8017,5.7417,False
DAUG,0,0,,0,1,0,-9.0,1,1,0,,0.0,0.0,1,scheduled_duration_under_3h,Under 3 hours,Noumérat - Moufdi Zakaria Airport,El Atteuf,Algeria,32.3817,3.7994,False
DAUH,18,3,2.0417,4,0,0,,0,18,3,16.6667,,16.6667,4,scheduled_duration_under_3h,Under 3 hours,Hassi Messaoud-Oued Irara Krim Belkacem Airport,Hassi Messaoud,Algeria,31.6739,6.1406,False
DAUO,0,0,,0,4,1,2.5,1,4,1,,25.0,25.0,1,scheduled_duration_under_3h,Under 3 hours,Guemar Airport - مطار قمار بالوادي,Guemar,Algeria,33.5131,6.7825,False
DTKA,1,1,16.3,1,0,0,,0,1,1,100.0,,100.0,1,scheduled_duration_under_3h,Under 3 hours,Tabarka-Aïn Draham International Airport,Tabarka,Tunisia,36.98,8.8769,False
DTMB,734,244,9.2,4,733,80,-2.15,4,1467,324,33.2425,10.9141,22.0859,4,scheduled_duration_under_3h,Under 3 hours,Monastir Habib Bourguiba International Airport,Monastir,Tunisia,35.7581,10.7547,True
DTNH,115,24,5.1333,4,188,56,8.0,4,303,80,20.8696,29.7872,26.4026,4,scheduled_duration_under_3h,Under 3 hours,Enfidha - Hammamet International Airport,Enfidha,Tunisia,36.0758,10.4386,False
DTTA,5028,1331,7.4167,4,5150,835,5.0,4,10178,2166,26.4718,16.2136,21.2812,4,scheduled_duration_under_3h,Under 3 hours,Tunis Carthage International Airport,Tunis,Tunisia,36.8511,10.2269,True
DTTJ,1113,263,7.0,4,1001,99,-3.0,4,2114,362,23.6298,9.8901,17.1239,4,scheduled_duration_under_3h,Under 3 hours,Djerba Zarzis International Airport,Mellita,Tunisia,33.8756,10.7772,True
DTTX,62,21,10.7167,4,62,7,-0.5,4,124,28,33.871,11.2903,22.5806,4,scheduled_duration_under_3h,Under 3 hours,Sfax Thyna International Airport,Sfax,Tunisia,34.7206,10.6886,False
EBAW,307,36,-1.6167,4,312,38,3.0,4,619,74,11.7264,12.1795,11.9548,4,scheduled_duration_under_3h,Under 3 hours,Antwerp International Airport (Deurne),Antwerp,Belgium,51.189,4.46,True
EBBL,1,1,23.7833,1,0,0,,0,1,1,100.0,,100.0,1,scheduled_duration_under_3h,Under 3 hours,,,,51.1683,5.47,False
EBBR,19715,3391,4.05,4,19817,2215,3.0,4,39532,5606,17.2001,11.1773,14.1809,4,scheduled_duration_under_3h,Under 3 hours,Brussels Airport,Zaventem,Belgium,50.9014,4.4844,True
EBCI,7558,1151,1.6833,4,7614,1196,3.0,4,15172,2347,15.2289,15.7079,15.4693,4,scheduled_duration_under_3h,Under 3 hours,Brussels South Charleroi Airport,Charleroi,Belgium,50.46,4.4528,True
EBKT,2,0,1.1833,1,2,0,1.0,1,4,0,0.0,0.0,0.0,1,scheduled_duration_under_3h,Under 3 hours,Flanders International Airport Kortrijk-Wevelgem,Wevelgem,Belgium,50.8186,3.2092,False
EBLG,1671,134,-2.1167,4,2060,187,-1.0,4,3731,321,8.0192,9.0777,8.6036,4,scheduled_duration_under_3h,Under 3 hours,Liège Airport,Grâce-Hollogne,Belgium,50.6364,5.4428,True
EBMB,4,4,20.4333,3,4,1,-2.0,3,8,5,100.0,25.0,62.5,3,scheduled_duration_under_3h,Under 3 hours,,,,50.9012,4.4842,False
EBOS,311,20,-3.5333,4,291,38,0.0,4,602,58,6.4309,13.0584,9.6346,4,scheduled_duration_under_3h,Under 3 hours,Oostende-Brugge International Airport,Oostende,Belgium,51.1989,2.8622,True
EDAH,46,8,-0.2833,2,42,5,-1.7083,2,88,13,17.3913,11.9048,14.7727,2,scheduled_duration_under_3h,Under 3 hours,Heringsdorf Airport,Zirchow,Germany,53.8786,14.1522,False
EDBN,1,1,48.2667,1,0,0,,0,1,1,100.0,,100.0,1,scheduled_duration_under_3h,Under 3 hours,Neubrandenburg Trollenhagen Airport,Trollenhagen,Germany,53.6022,13.3061,False
EDDB,20262,4654,6.05,4,20153,6593,9.0,4,40415,11247,22.9691,32.7147,27.8288,4,scheduled_duration_under_3h,Under 3 hours,Berlin Brandenburg Airport,Berlin,Germany,52.3622,13.5006,True
EDDC,1312,164,1.3583,4,1380,229,5.0,4,2692,393,12.5,16.5942,14.5988,4,scheduled_duration_under_3h,Under 3 hours,Dresden Airport,Dresden,Germany,51.1344,13.7681,True
EDDE,41,2,-6.7,4,44,5,-4.0,4,85,7,4.878,11.3636,8.2353,4,scheduled_duration_under_3h,Under 3 hours,Erfurt-Weimar Airport,Erfurt,Germany,50.9797,10.9581,False
EDDF,39658,2150,-6.6167,4,40643,10515,7.0,4,80301,12665,5.4214,25.8716,15.7719,4,scheduled_duration_under_3h,Under 3 hours,Frankfurt Airport,Frankfurt am Main,Germany,50.0333,8.5706,True
EDDG,819,99,2.4333,4,835,125,3.0,4,1654,224,12.0879,14.9701,13.5429,4,scheduled_duration_under_3h,Under 3 hours,Münster Osnabrück Airport,Greven,Germany,52.1347,7.6847,True
EDDH,11743,1102,-3.35,4,12091,2818,5.0,4,23834,3920,9.3843,23.3066,16.4471,4,scheduled_duration_under_3h,Under 3 hours,Hamburg Helmut Schmidt Airport,Hamburg,Germany,53.6303,9.9883,True
EDDK,11148,2312,3.9,4,11637,1747,0.0,4,22785,4059,20.7391,15.0125,17.8144,4,scheduled_duration_under_3h,Under 3 hours,Cologne Bonn Airport,Köln (Cologne),Germany,50.8658,7.1428,True
EDDL,15030,2528,3.2833,4,15506,4041,6.0,4,30536,6569,16.8197,26.0609,21.5123,4,scheduled_duration_under_3h,Under 3 hours,Düsseldorf Airport,Düsseldorf,Germany,51.2808,6.7572,True
EDDM,36980,3290,-1.2,4,36699,9051,6.0,4,73679,12341,8.8967,24.6628,16.7497,4,scheduled_duration_under_3h,Under 3 hours,Munich Airport,Munich,Germany,48.3539,11.7861,True
EDDN,3231,637,2.8,4,3561,588,4.0,4,6792,1225,19.7153,16.5122,18.0359,4,scheduled_duration_under_3h,Under 3 hours,Nuremberg Airport,Nuremberg,Germany,49.4986,11.0781,True
EDDP,8785,857,-1.8333,4,8920,541,-5.0,4,17705,1398,9.7553,6.065,7.8961,4,scheduled_duration_under_3h,Under 3 hours,Leipzig/Halle Airport,Schkeuditz,Germany,51.4239,12.2364,True
EDDR,259,37,2.8333,4,263,52,6.0,4,522,89,14.2857,19.7719,17.0498,4,scheduled_duration_under_3h,Under 3 hours,Saarbrücken Airport,Saarbrücken,Germany,49.2144,7.1094,True
EDDS,8516,1419,3.0333,4,9052,1675,4.0,4,17568,3094,16.6628,18.5042,17.6116,4,scheduled_duration_under_3h,Under 3 hours,Stuttgart Airport,Stuttgart,Germany,48.69,9.2219,True
EDDV,3611,598,3.6667,4,3980,554,4.0,4,7591,1152,16.5605,13.9196,15.1759,4,scheduled_duration_under_3h,Under 3 hours,Hannover Airport,Hannover,Germany,52.4603,9.6836,True
EDDW,1843,248,3.2667,4,1961,288,4.0,4,3804,536,13.4563,14.6864,14.0904,4,scheduled_duration_under_3h,Under 3 hours,Bremen Airport,Bremen,Germany,53.0475,8.7867,True
EDFH,1393,283,3.8,4,1393,299,5.0,4,2786,582,20.3159,21.4645,20.8902,4,scheduled_duration_under_3h,Under 3 hours,Frankfurt-Hahn Airport,Frankfurt am Main (Lautzenhausen),Germany,49.9458,7.2611,True
EDFM,27,1,-7.5833,2,25,0,-2.0,2,52,1,3.7037,0.0,1.9231,2,scheduled_duration_under_3h,Under 3 hours,Mannheim-City Airport,Mannheim,Germany,49.4728,8.5142,False
EDHL,336,48,-5.0083,4,345,55,1.5,4,681,103,14.2857,15.942,15.1248,4,scheduled_duration_under_3h,Under 3 hours,Lübeck Blankensee Airport,Lübeck,Germany,53.8053,10.7192,True
EDJA,1904,419,5.4167,4,1905,273,3.0,4,3809,692,22.0063,14.3307,18.1675,4,scheduled_duration_under_3h,Under 3 hours,Memmingen Allgau Airport,Memmingen,Germany,47.9889,10.2394,True
EDLN,1,0,10.4333,1,4,0,-4.5,2,5,0,0.0,0.0,0.0,2,scheduled_duration_under_3h,Under 3 hours,Mönchengladbach Airport,Mönchengladbach,Germany,51.2303,6.5044,False
EDLP,295,33,0.85,4,296,43,3.5333,4,591,76,11.1864,14.527,12.8596,4,scheduled_duration_under_3h,Under 3 hours,Paderborn Lippstadt Airport,Büren,Germany,51.6142,8.6164,True
EDLV,823,130,2.1,4,820,178,4.275,4,1643,308,15.7959,21.7073,18.7462,4,scheduled_duration_under_3h,Under 3 hours,Weeze Airport,Weeze,Germany,51.6025,6.1422,True
EDLW,2679,491,4.1833,4,2732,650,5.825,4,5411,1141,18.3277,23.7921,21.0867,4,scheduled_duration_under_3h,Under 3 hours,Dortmund Airport,Dortmund,Germany,51.5183,7.6122,True
EDNY,401,47,3.0,4,404,40,0.0,4,805,87,11.7207,9.901,10.8075,4,scheduled_duration_under_3h,Under 3 hours,Friedrichshafen Airport,Friedrichshafen,Germany,47.6714,9.5114,True
EDQA,1,0,-2.7667,1,0,0,,0,1,0,0.0,,0.0,1,scheduled_duration_under_3h,Under 3 hours,,,,49.9206,10.9144,False
EDRY,0,0,,0,1,0,9.0,1,1,0,,0.0,0.0,1,scheduled_duration_under_3h,Under 3 hours,,,,49.302,8.452,False
EDSB,1308,154,0.0667,4,1242,159,0.475,4,2550,313,11.7737,12.8019,12.2745,4,scheduled_duration_under_3h,Under 3 hours,Karlsruhe Baden-Baden Airport,Rheinmünster,Germany,48.7794,8.0806,True
EDVE,7,2,8.7333,1,7,0,-0.1833,1,14,2,28.5714,0.0,14.2857,1,scheduled_duration_under_3h,Under 3 hours,Braunschweig-Wolfsburg Airport,Braunschweig,Germany,52.3194,10.5589,False
EDVK,62,14,5.0917,4,81,6,5.4333,4,143,20,22.5806,7.4074,13.986,4,scheduled_duration_under_3h,Under 3 hours,Kassel Airport,Calden,Germany,51.4208,9.3922,False
EDXW,257,33,1.9,4,257,33,3.75,4,514,66,12.8405,12.8405,12.8405,4,scheduled_duration_under_3h,Under 3 hours,Westerland Sylt Airport,Sylt,Germany,54.9117,8.3425,True
EEEI,1,0,-18.0833,1,0,0,,0,1,0,0.0,,0.0,1,scheduled_duration_under_3h,Under 3 hours,,,,59.262,24.219,False
EEKA,197,1,-6.1167,4,198,6,-3.0,4,395,7,0.5076,3.0303,1.7722,4,scheduled_duration_under_3h,Under 3 hours,Kärdla Airport,Kärdla,Estonia,58.9908,22.8308,False
EEKE,209,9,-0.2333,4,209,1,-11.0,4,418,10,4.3062,0.4785,2.3923,4,scheduled_duration_under_3h,Under 3 hours,Kuressaare Airport,Kuressaare,Estonia,58.23,22.5094,False
EEPU,10,0,-7.025,1,10,0,-8.0,1,20,0,0.0,0.0,0.0,1,scheduled_duration_under_3h,Under 3 hours,Pärnu Airport,Pärnu,Estonia,58.4189,24.4728,False
EETN,4306,280,-0.5917,4,4225,133,-3.0,4,8531,413,6.5026,3.1479,4.8412,4,scheduled_duration_under_3h,Under 3 hours,Lennart Meri Tallinn Airport,Tallinn,Estonia,59.4133,24.8325,True
EETU,44,0,-4.6,3,44,0,-6.5,3,88,0,0.0,0.0,0.0,3,scheduled_duration_under_3h,Under 3 hours,Tartu Airport,Reola,Estonia,58.3075,26.6869,False
EFET,2,0,4.1833,1,1,0,-2.0,1,3,0,0.0,0.0,0.0,1,scheduled_duration_under_3h,Under 3 hours,Enontekio Airport,Enontekio,Finland,68.3644,23.4275,False
EFHK,16850,1537,0.8333,4,16609,1905,3.0,4,33459,3442,9.1217,11.4697,10.2872,4,scheduled_duration_under_3h,Under 3 hours,Helsinki Vantaa Airport,Helsinki (Vantaa),Finland,60.3172,24.9633,True
EFIV,276,37,3.825,4,274,4,-1.0,4,550,41,13.4058,1.4599,7.4545,4,scheduled_duration_under_3h,Under 3 hours,Ivalo Airport,Ivalo,Finland,68.6108,27.4139,True
EFJO,156,6,-1.0333,3,156,0,-10.0,3,312,6,3.8462,0.0,1.9231,3,scheduled_duration_under_3h,Under 3 hours,Joensuu Airport,Joensuu,Finland,62.6589,29.6244,False
EFJY,120,5,1.2167,3,120,1,-6.5,3,240,6,4.1667,0.8333,2.5,3,scheduled_duration_under_3h,Under 3 hours,Jyväskylä Airport,Jyväskylän Maalaiskunta,Finland,62.4008,25.6728,False
EFKE,192,5,-7.0833,3,194,0,-7.5,3,386,5,2.6042,0.0,1.2953,3,scheduled_duration_under_3h,Under 3 hours,Kemi-Tornio Airport,Kemi / Tornio,Finland,65.7792,24.5847,False
EFKI,161,15,5.1667,3,162,0,-1.0,3,323,15,9.3168,0.0,4.644,3,scheduled_duration_under_3h,Under 3 hours,Kajaani Airport,Kajaani,Finland,64.2842,27.6875,False
EFKK,345,14,-3.5667,4,345,0,-7.2167,4,690,14,4.058,0.0,2.029,4,scheduled_duration_under_3h,Under 3 hours,Kokkola-Pietarsaari Airport,Kokkola / Kruunupyy,Finland,63.7203,23.1392,True
EFKS,225,14,1.4667,4,219,3,1.0,4,444,17,6.2222,1.3699,3.8288,4,scheduled_duration_under_3h,Under 3 hours,Kuusamo Airport,Kuusamo,Finland,65.9903,29.2319,False
EFKT,363,48,5.9667,4,344,2,-1.0,4,707,50,13.2231,0.5814,7.0721,4,scheduled_duration_under_3h,Under 3 hours,Kittilä Airport,Kittilä,Finland,67.6986,24.8481,True
EFKU,428,33,1.5083,4,431,5,-2.0,4,859,38,7.7103,1.1601,4.4237,4,scheduled_duration_under_3h,Under 3 hours,Kuopio Airport,Kuopio / Siilinjärvi,Finland,63.0086,27.7944,True
EFLP,49,8,1.5333,4,39,5,6.0,3,88,13,16.3265,12.8205,14.7727,4,scheduled_duration_under_3h,Under 3 hours,Lappeenranta Airport,Lappeenranta,Finland,61.0458,28.1486,False
EFMA,251,4,-8.4,4,252,1,-9.0,4,503,5,1.5936,0.3968,0.994,4,scheduled_duration_under_3h,Under 3 hours,Mariehamn Airport,Mariehamn,Åland Islands,60.1219,19.8964,True
EFOU,954,77,1.7167,4,954,10,-3.0,4,1908,87,8.0713,1.0482,4.5597,4,scheduled_duration_under_3h,Under 3 hours,Oulu Airport,Oulu / Oulunsalo,Finland,64.9292,25.3556,True
EFPO,234,6,1.5,4,234,0,-12.0,4,468,6,2.5641,0.0,1.2821,4,scheduled_duration_under_3h,Under 3 hours,Pori Airport,Pori,Finland,61.4614,21.7978,False
EFRO,708,93,3.9333,4,692,22,-1.5,4,1400,115,13.1356,3.1792,8.2143,4,scheduled_duration_under_3h,Under 3 hours,Rovaniemi Airport,Rovaniemi,Finland,66.5617,25.8308,True
EFSA,98,7,-2.2,4,99,0,-3.3,4,197,7,7.1429,0.0,3.5533,4,scheduled_duration_under_3h,Under 3 hours,Savonlinna Airport,Savonlinna,Finland,61.9428,28.945,False
EFTP,389,30,2.0333,4,380,12,-3.0,4,769,42,7.7121,3.1579,5.4616,4,scheduled_duration_under_3h,Under 3 hours,Tampere-Pirkkala Airport,Tampere / Pirkkala,Finland,61.4153,23.5878,True
EFTU,401,46,1.2,4,406,6,-5.0,4,807,52,11.4713,1.4778,6.4436,4,scheduled_duration_under_3h,Under 3 hours,Turku Airport,Turku,Finland,60.5147,22.2617,True
EFVA,292,13,-2.875,4,292,3,-1.0,4,584,16,4.4521,1.0274,2.7397,4,scheduled_duration_under_3h,Under 3 hours,Vaasa Airport,Vaasa,Finland,63.0453,21.7642,True
EGAA,5750,417,-2.1167,4,5723,235,-3.0,4,11473,652,7.2522,4.1062,5.6829,4,scheduled_duration_under_3h,Under 3 hours,Belfast International Airport,Belfast,United Kingdom,54.6575,-6.2158,True
EGAC,4157,323,-0.8333,4,4163,196,-1.0,4,8320,519,7.77,4.7081,6.238,4,scheduled_duration_under_3h,Under 3 hours,George Best Belfast City Airport,Belfast,United Kingdom,54.6181,-5.8725,True
EGAE,558,21,-5.5833,4,555,28,0.0,4,1113,49,3.7634,5.045,4.4025,4,scheduled_duration_under_3h,Under 3 hours,City of Derry Airport,Derry,United Kingdom,55.0428,-7.1619,True
EGBB,8738,1089,0.9667,4,8887,537,0.0,4,17625,1626,12.4628,6.0425,9.2255,4,scheduled_duration_under_3h,Under 3 hours,Birmingham Airport,"Birmingham, West Midlands",United Kingdom,52.4539,-1.7481,True
EGCC,16979,3429,5.1833,4,16986,2180,3.0,4,33965,5609,20.1955,12.8341,16.5141,4,scheduled_duration_under_3h,Under 3 hours,Manchester Airport,"Manchester, Greater Manchester",United Kingdom,53.3539,-2.275,True
EGCN,391,56,4.5667,3,431,38,1.0,3,822,94,14.3223,8.8167,11.4355,3,scheduled_duration_under_3h,Under 3 hours,,,,53.4753,-1.0042,True
EGEC,179,13,0.0,4,174,11,-4.0,4,353,24,7.2626,6.3218,6.7989,4,scheduled_duration_under_3h,Under 3 hours,Campbeltown Airport,Campbeltown,United Kingdom,55.4375,-5.6881,False
EGFF,750,90,1.45,4,764,42,1.0,4,1514,132,12.0,5.4974,8.7186,4,scheduled_duration_under_3h,Under 3 hours,Cardiff International Airport,Cardiff,United Kingdom,51.3967,-3.3433,True
EGGD,7364,1244,2.9583,4,7462,565,2.0,4,14826,1809,16.893,7.5717,12.2015,4,scheduled_duration_under_3h,Under 3 hours,Bristol Airport,Bristol,United Kingdom,51.3828,-2.7192,True
EGGP,3900,371,-0.25,4,4031,311,-2.35,4,7931,682,9.5128,7.7152,8.5992,4,scheduled_duration_under_3h,Under 3 hours,Liverpool John Lennon Airport,Liverpool,United Kingdom,53.3336,-2.8497,True
EGGW,10968,1745,0.85,4,12202,1751,4.0,4,23170,3496,15.9099,14.3501,15.0885,4,scheduled_duration_under_3h,Under 3 hours,London Luton Airport,"Luton, Bedfordshire",United Kingdom,51.8747,-0.3683,True
EGHF,0,0,,0,1,0,8.0,1,1,0,,0.0,0.0,1,scheduled_duration_under_3h,Under 3 hours,,,,50.8156,-1.2067,False
EGHH,602,85,1.6333,4,623,78,3.0,4,1225,163,14.1196,12.5201,13.3061,4,scheduled_duration_under_3h,Under 3 hours,Bournemouth Airport,Bournemouth,United Kingdom,50.78,-1.8425,True
EGHI,2646,310,1.3583,4,2644,142,-2.0,4,5290,452,11.7158,5.3707,8.5444,4,scheduled_duration_under_3h,Under 3 hours,Southampton Airport,Southampton,United Kingdom,50.9503,-1.3567,True
EGHQ,680,42,-3.8083,4,681,70,0.0,4,1361,112,6.1765,10.279,8.2292,4,scheduled_duration_under_3h,Under 3 hours,Cornwall Airport Newquay,Newquay,United Kingdom,50.441,-4.995,True
EGJA,727,12,-6.8167,4,723,5,-13.0,4,1450,17,1.6506,0.6916,1.1724,4,scheduled_duration_under_3h,Under 3 hours,Alderney Airport,Saint Anne,Guernsey,49.7067,-2.2144,True
EGJB,2726,90,-2.825,4,2725,66,-5.0,4,5451,156,3.3015,2.422,2.8619,4,scheduled_duration_under_3h,Under 3 hours,Guernsey Airport,Saint Peter Port,Guernsey,49.435,-2.6028,True
EGJJ,2891,231,-0.2667,4,2891,163,0.0,4,5782,394,7.9903,5.6382,6.8143,4,scheduled_duration_under_3h,Under 3 hours,Jersey Airport,St. Peter,Jersey,49.2081,-2.1956,True
EGKA,2,0,1.5,1,6,0,0.0,2,8,0,0.0,0.0,0.0,2,scheduled_duration_under_3h,Under 3 hours,Brighton City Airport,"Brighton, East Sussex",United Kingdom,50.8356,-0.2972,False
EGKB,6,0,-13.8917,4,6,0,1.0,3,12,0,0.0,0.0,0.0,4,scheduled_duration_under_3h,Under 3 hours,London Biggin Hill Airport,London,United Kingdom,51.3308,0.0325,False
EGKK,26475,8670,8.4667,4,26452,1971,-1.0,4,52927,10641,32.7479,7.4512,20.1051,4,scheduled_duration_under_3h,Under 3 hours,London Gatwick Airport,London,United Kingdom,51.1481,-0.1903,True
EGLC,7446,1155,1.5,4,7494,881,4.0,4,14940,2036,15.5117,11.7561,13.6278,4,scheduled_duration_under_3h,Under 3 hours,London City Airport,London,United Kingdom,51.5053,0.0553,True
EGLF,52,4,2.6083,4,54,0,-1.5,4,106,4,7.6923,0.0,3.7736,4,scheduled_duration_under_3h,Under 3 hours,Farnborough Airport,"Farnborough, Hampshire",United Kingdom,51.2753,-0.7775,False
EGLL,35602,13314,11.05,4,35618,4621,4.0,4,71220,17935,37.3968,12.9738,25.1825,4,scheduled_duration_under_3h,Under 3 hours,London Heathrow Airport,London,United Kingdom,51.4775,-0.4614,True
EGMC,158,29,-0.375,3,154,7,-2.0,3,312,36,18.3544,4.5455,11.5385,3,scheduled_duration_under_3h,Under 3 hours,London Southend Airport,"Southend-on-Sea, Essex",United Kingdom,51.5703,0.6933,False
EGMD,2,0,2.5,1,0,0,,0,2,0,0.0,,0.0,1,scheduled_duration_under_3h,Under 3 hours,Lydd London Ashford Airport,"Romney Marsh, Kent",United Kingdom,50.9561,0.9389,False
EGNH,2,0,1.6833,2,2,0,-22.5,2,4,0,0.0,0.0,0.0,2,scheduled_duration_under_3h,Under 3 hours,Blackpool Airport,Blackpool,United Kingdom,53.7717,-3.0286,False
EGNJ,361,45,-1.15,4,360,22,1.0,4,721,67,12.4654,6.1111,9.2926,4,scheduled_duration_under_3h,Under 3 hours,Humberside Airport,"Grimsby, Lincolnshire",United Kingdom,53.5733,-0.3514,True
EGNM,3193,481,3.5,4,3231,285,2.0,4,6424,766,15.0642,8.8208,11.924,4,scheduled_duration_under_3h,Under 3 hours,Leeds Bradford Airport,"Leeds, West Yorkshire",United Kingdom,53.8661,-1.6608,True
EGNO,114,10,1.725,4,110,2,-3.0,4,224,12,8.7719,1.8182,5.3571,4,scheduled_duration_under_3h,Under 3 hours,Warton Aerodrome,Warton,United Kingdom,53.745,-2.8833,False
EGNS,1586,101,-3.775,4,1583,87,-2.0,4,3169,188,6.3682,5.4959,5.9325,4,scheduled_duration_under_3h,Under 3 hours,Isle of Man Airport,Castletown,Isle of Man,54.0833,-4.6233,True
EGNT,3790,610,3.0,4,3834,454,2.0,4,7624,1064,16.095,11.8414,13.9559,4,scheduled_duration_under_3h,Under 3 hours,Newcastle International Airport,"Newcastle upon Tyne, Tyne and Wear",United Kingdom,55.0381,-1.6897,True
EGNV,525,54,-1.0667,4,526,28,-1.35,4,1051,82,10.2857,5.3232,7.8021,4,scheduled_duration_under_3h,Under 3 hours,Teesside International Airport,"Darlington, Durham",United Kingdom,54.509,-1.429,True
EGNX,6588,607,-0.1167,4,6802,351,1.0,4,13390,958,9.2137,5.1602,7.1546,4,scheduled_duration_under_3h,Under 3 hours,East Midlands Airport,Nottingham,United Kingdom,52.8311,-1.3278,True
EGPA,974,70,-0.2167,4,971,66,-6.0,4,1945,136,7.1869,6.7971,6.9923,4,scheduled_duration_under_3h,Under 3 hours,Kirkwall Airport,Orkney Islands,United Kingdom,58.9581,-2.9006,True
EGPB,1755,256,3.75,4,1755,145,-2.0,4,3510,401,14.5869,8.2621,11.4245,4,scheduled_duration_under_3h,Under 3 hours,Sumburgh Airport,"Lerwick, Shetland",United Kingdom,59.8814,-1.2939,True
EGPC,144,13,3.1333,4,146,4,-3.0,4,290,17,9.0278,2.7397,5.8621,4,scheduled_duration_under_3h,Under 3 hours,Wick John O'Groats Airport,Wick,United Kingdom,58.4589,-3.0931,False
EGPD,5505,663,0.1333,4,5510,380,0.0,4,11015,1043,12.0436,6.8966,9.4689,4,scheduled_duration_under_3h,Under 3 hours,Aberdeen International Airport,Aberdeen,United Kingdom,57.2025,-2.1981,True
EGPE,1918,164,-4.0167,4,1923,215,1.0,4,3841,379,8.5506,11.1804,9.8672,4,scheduled_duration_under_3h,Under 3 hours,Inverness Airport,Inverness,United Kingdom,57.5425,-4.0475,True
EGPF,8161,1003,-0.15,4,8190,539,0.0,4,16351,1542,12.2902,6.5812,9.4306,4,scheduled_duration_under_3h,Under 3 hours,Glasgow Airport,Glasgow,United Kingdom,55.8719,-4.4331,True
EGPH,13446,2192,3.6833,4,13225,1903,3.0,4,26671,4095,16.3022,14.3894,15.3538,4,scheduled_duration_under_3h,Under 3 hours,Edinburgh Airport,Edinburgh,United Kingdom,55.95,-3.3725,True
EGPI,201,24,2.85,4,200,33,0.0,4,401,57,11.9403,16.5,14.2145,4,scheduled_duration_under_3h,Under 3 hours,Islay Airport,"Isle of Islay, Argyll and Bute",United Kingdom,55.6833,-6.2597,False
EGPK,260,38,0.3667,4,406,31,-0.5,4,666,69,14.6154,7.6355,10.3604,4,scheduled_duration_under_3h,Under 3 hours,Glasgow Prestwick Airport,"Prestwick, South Ayrshire",United Kingdom,55.5094,-4.5944,True
EGPL,390,21,0.0,4,390,19,0.0,4,780,40,5.3846,4.8718,5.1282,4,scheduled_duration_under_3h,Under 3 hours,Benbecula Airport,Balivanich,United Kingdom,57.4806,-7.3639,True
EGPN,237,16,-1.2667,4,236,20,0.0,4,473,36,6.7511,8.4746,7.611,4,scheduled_duration_under_3h,Under 3 hours,Dundee Airport,Dundee,United Kingdom,56.4525,-3.0258,False
EGPO,895,57,0.0,4,893,66,-3.0,4,1788,123,6.3687,7.3908,6.8792,4,scheduled_duration_under_3h,Under 3 hours,Stornoway Airport,"Stornoway, Western Isles",United Kingdom,58.2156,-6.3311,True
EGPR,216,24,-0.55,4,208,42,0.0,4,424,66,11.1111,20.1923,15.566,4,scheduled_duration_under_3h,Under 3 hours,Barra Airport,Eoligarry,United Kingdom,57.0236,-7.4417,False
EGPU,216,24,0.85,4,219,22,-4.0,4,435,46,11.1111,10.0457,10.5747,4,scheduled_duration_under_3h,Under 3 hours,Tiree Airport,Balemartine,United Kingdom,56.4992,-6.8692,False
EGQS,14,6,10.6333,4,13,0,-7.0,4,27,6,42.8571,0.0,22.2222,4,scheduled_duration_under_3h,Under 3 hours,RAF Lossiemouth,Lossiemouth,United Kingdom,57.705,-3.3392,False
EGSC,64,4,-1.8417,4,65,2,-8.0,4,129,6,6.25,3.0769,4.6512,4,scheduled_duration_under_3h,Under 3 hours,Cambridge City Airport,"Cambridge, Cambridgeshire",United Kingdom,52.205,0.175,False
EGSH,492,45,0.8667,4,489,23,0.0,4,981,68,9.1463,4.7035,6.9317,4,scheduled_duration_under_3h,Under 3 hours,Norwich Airport,"Norwich, Norfolk",United Kingdom,52.6758,1.2828,True
EGSS,21442,5275,6.675,4,22180,2501,3.0,4,43622,7776,24.6012,11.2759,17.8259,4,scheduled_duration_under_3h,Under 3 hours,London Stansted Airport,London,United Kingdom,51.885,0.235,True
EGSY,2,0,4.875,1,3,0,-7.45,2,5,0,0.0,0.0,0.0,2,scheduled_duration_under_3h,Under 3 hours,,,,51.4047,-3.4358,False
EGTB,0,0,,0,1,0,-8.0,1,1,0,,0.0,0.0,1,scheduled_duration_under_3h,Under 3 hours,Wycombe Air Park,"Marlow, Buckinghamshire",United Kingdom,51.6117,-0.8083,False
EGTC,1,0,-6.15,1,2,0,-9.0,2,3,0,0.0,0.0,0.0,2,scheduled_duration_under_3h,Under 3 hours,,,,52.072,-0.617,False
EGTE,812,43,-1.875,4,810,35,-2.0,4,1622,78,5.2956,4.321,4.8089,4,scheduled_duration_under_3h,Under 3 hours,Exeter International Airport,"Exeter, Devon",United Kingdom,50.7342,-3.4139,True
EGTK,0,0,,0,1,1,29.0,1,1,1,,100.0,100.0,1,scheduled_duration_under_3h,Under 3 hours,London Oxford Airport,"Kidlington, Oxfordshire",United Kingdom,51.8369,-1.32,False
EGUL,1,1,29.0333,1,6,2,-8.125,2,7,3,100.0,33.3333,42.8571,2,scheduled_duration_under_3h,Under 3 hours,RAF Lakenheath,"Brandon, Suffolk",United Kingdom,52.4092,0.5608,False
EGUN,0,0,,0,2,0,-47.0,1,2,0,,0.0,0.0,1,scheduled_duration_under_3h,Under 3 hours,RAF Mildenhall,"Bury Saint Edmunds, Suffolk",United Kingdom,52.3619,0.4864,False
EGVA,1,1,18.7667,1,0,0,,0,1,1,100.0,,100.0,1,scheduled_duration_under_3h,Under 3 hours,RAF Fairford,"Fairford, Gloucestershire",United Kingdom,51.6836,-1.79,False
EGVN,2,1,19.7333,1,3,0,-4.0,2,5,1,50.0,0.0,20.0,2,scheduled_duration_under_3h,Under 3 hours,RAF Brize Norton,"Carterton, Oxfordshire",United Kingdom,51.75,-1.5831,False
EGWU,1,1,33.1167,1,0,0,,0,1,1,100.0,,100.0,1,scheduled_duration_under_3h,Under 3 hours,RAF Northolt,London,United Kingdom,51.5528,-0.4197,False
EGXC,74,9,4.7667,4,73,3,-0.8667,4,147,12,12.1622,4.1096,8.1633,4,scheduled_duration_under_3h,Under 3 hours,RAF Coningsby,"Lincoln, Lincolnshire",United Kingdom,53.0931,-0.1661,False
EHAM,49653,10523,6.4833,4,49862,9293,5.0,4,99515,19816,21.1931,18.6374,19.9126,4,scheduled_duration_under_3h,Under 3 hours,Amsterdam Airport Schiphol,Amsterdam,Netherlands,52.3081,4.7642,True
EHBK,189,27,-0.5167,4,288,56,4.0,4,477,83,14.2857,19.4444,17.4004,4,scheduled_duration_under_3h,Under 3 hours,Maastricht Aachen Airport,Maastricht,Netherlands,50.9158,5.7769,False
EHDS,1,0,-10.9,1,12,3,-5.0917,4,13,3,0.0,25.0,23.0769,4,scheduled_duration_under_3h,Under 3 hours,,,,54.4058,2.8167,False
EHDT,0,0,,0,6,0,-20.7667,2,6,0,,0.0,0.0,2,scheduled_duration_under_3h,Under 3 hours,,,,54.3422,2.8644,False
EHDV,0,0,,0,1,0,-9.55,1,1,0,,0.0,0.0,1,scheduled_duration_under_3h,Under 3 hours,,,,54.3247,2.9342,False
EHEH,5485,883,1.5667,4,5579,985,6.0,4,11064,1868,16.0985,17.6555,16.8836,4,scheduled_duration_under_3h,Under 3 hours,Eindhoven Airport,Eindhoven,Netherlands,51.45,5.3744,True
EHFB,0,0,,0,1,0,-8.0167,1,1,0,,0.0,0.0,1,scheduled_duration_under_3h,Under 3 hours,,,,54.9444,4.5725,False
EHGG,38,3,-0.9167,4,37,3,-7.0,4,75,6,7.8947,8.1081,8.0,4,scheduled_duration_under_3h,Under 3 hours,Groningen Airport Eelde,Groningen,Netherlands,53.125,6.5833,False
EHKD,113,18,-2.5,4,87,5,-10.8,4,200,23,15.9292,5.7471,11.5,4,scheduled_duration_under_3h,Under 3 hours,De Kooy Airfield / Den Helder Naval Air Station,Den Helder,Netherlands,52.9236,4.7806,False
EHLE,4,1,3.3083,1,5,1,2.0,1,9,2,25.0,20.0,22.2222,1,scheduled_duration_under_3h,Under 3 hours,Lelystad Airport,Lelystad,Netherlands,52.4533,5.5139,False
EHLS,10,0,-8.0667,2,9,2,-1.0,3,19,2,0.0,22.2222,10.5263,3,scheduled_duration_under_3h,Under 3 hours,,,,53.7042,4.6022,False
EHLT,37,12,3.2667,4,32,5,-1.0,4,69,17,32.4324,15.625,24.6377,4,scheduled_duration_under_3h,Under 3 hours,,,,53.6606,4.5394,False
EHLU,0,0,,0,1,0,-1.0,1,1,0,,0.0,0.0,1,scheduled_duration_under_3h,Under 3 hours,,,,53.64,4.5625,False
EHMF,2,0,-14.075,1,2,0,-3.0833,1,4,0,0.0,0.0,0.0,1,scheduled_duration_under_3h,Under 3 hours,,,,53.6958,4.6453,False
EHQH,0,0,,0,1,0,-13.2667,1,1,0,,0.0,0.0,1,scheduled_duration_under_3h,Under 3 hours,,,,52.8256,4.2833,False
EHRD,1894,169,0.45,4,1844,149,1.0,4,3738,318,8.9229,8.0803,8.5072,4,scheduled_duration_under_3h,Under 3 hours,Rotterdam The Hague Airport,Rotterdam,Netherlands,51.9569,4.4372,True
EICK,2652,290,0.6833,4,2700,235,1.0,4,5352,525,10.9351,8.7037,9.8094,4,scheduled_duration_under_3h,Under 3 hours,Cork Airport,Cork,Ireland,51.8414,-8.4911,True
EIDL,232,16,-0.2,4,233,6,-4.0,4,465,22,6.8966,2.5751,4.7312,4,scheduled_duration_under_3h,Under 3 hours,Donegal Airport,Donegal,Ireland,55.0442,-8.3411,False
EIDW,26895,3861,1.05,4,27474,2258,-1.0,4,54369,6119,14.3558,8.2187,11.2546,4,scheduled_duration_under_3h,Under 3 hours,Dublin Airport,Dublin,Ireland,53.4214,-6.27,True
EIKN,857,65,-2.0,4,865,30,1.0,4,1722,95,7.5846,3.4682,5.5168,4,scheduled_duration_under_3h,Under 3 hours,Ireland West Knock Airport,Charlestown,Ireland,53.9103,-8.8186,True
EIKY,558,37,-5.1,4,558,29,0.0,4,1116,66,6.6308,5.1971,5.914,4,scheduled_duration_under_3h,Under 3 hours,Kerry Airport,Farranfore,Ireland,52.1808,-9.5239,True
EIME,1,0,4.3,1,0,0,,0,1,0,0.0,,0.0,1,scheduled_duration_under_3h,Under 3 hours,,,,53.3031,-6.4553,False
EINN,1530,125,-1.4833,4,1648,95,-3.0,4,3178,220,8.1699,5.7646,6.9226,4,scheduled_duration_under_3h,Under 3 hours,Shannon Airport,Shannon,Ireland,52.7019,-8.9247,True
EKAC,3,0,-8.0,2,4,0,-3.0,2,7,0,0.0,0.0,0.0,2,scheduled_duration_under_3h,Under 3 hours,,,,56.143,10.256,False
EKAF,29,3,-5.7833,4,31,4,1.0,4,60,7,10.3448,12.9032,11.6667,4,scheduled_duration_under_3h,Under 3 hours,,,,55.7906,3.9925,False
EKAH,799,43,-0.3833,4,816,30,-3.0,4,1615,73,5.3817,3.6765,4.5201,4,scheduled_duration_under_3h,Under 3 hours,Aarhus Airport,Aarhus,Denmark,56.3,10.6189,True
EKAT,1,1,32.3,1,0,0,,0,1,1,100.0,,100.0,1,scheduled_duration_under_3h,Under 3 hours,,,,56.6989,11.5558,False
EKBI,4265,548,2.2,4,4263,267,0.0,4,8528,815,12.8488,6.2632,9.5568,4,scheduled_duration_under_3h,Under 3 hours,Billund Airport,Billund,Denmark,55.7403,9.1517,True
EKCC,5,0,-11.0,2,3,0,-2.3,2,8,0,0.0,0.0,0.0,2,scheduled_duration_under_3h,Under 3 hours,,,,55.708,12.628,False
EKCH,27212,2156,-1.0833,4,27231,2992,3.0,4,54443,5148,7.923,10.9875,9.4558,4,scheduled_duration_under_3h,Under 3 hours,Copenhagen Kastrup Airport,Copenhagen,Denmark,55.6181,12.6561,True
EKDF,3,0,-11.0833,2,2,0,-9.7583,1,5,0,0.0,0.0,0.0,2,scheduled_duration_under_3h,Under 3 hours,,,,55.4781,5.1056,False
EKEB,150,8,-3.5333,4,153,13,-1.0,4,303,21,5.3333,8.4967,6.9307,4,scheduled_duration_under_3h,Under 3 hours,Esbjerg Airport,Esbjerg,Denmark,55.5258,8.5533,False
EKGC,1,0,-29.1333,1,0,0,,0,1,0,0.0,,0.0,1,scheduled_duration_under_3h,Under 3 hours,,,,55.58,4.7589,False
EKHA,0,0,,0,1,0,-1.85,1,1,0,,0.0,0.0,1,scheduled_duration_under_3h,Under 3 hours,,,,55.5308,5.0042,False
EKHB,0,0,,0,1,0,-6.0,1,1,0,,0.0,0.0,1,scheduled_duration_under_3h,Under 3 hours,,,,55.5386,5.0333,False
EKKA,217,2,-2.9667,4,219,0,-1.0,4,436,2,0.9217,0.0,0.4587,4,scheduled_duration_under_3h,Under 3 hours,Midtjyllands Airport / Air Base Karup,Karup,Denmark,56.2975,9.1247,False
EKOD,11,1,5.5,3,10,1,-1.5,3,21,2,9.0909,10.0,9.5238,3,scheduled_duration_under_3h,Under 3 hours,Odense Hans Christian Andersen Airport,Odense,Denmark,55.4767,10.3308,False
EKRK,1,1,20.15,1,3,1,-9.0,2,4,2,100.0,33.3333,50.0,2,scheduled_duration_under_3h,Under 3 hours,Copenhagen Roskilde Airport,Roskilde,Denmark,55.5856,12.1314,False
EKRN,926,43,0.2333,4,926,7,-2.0,4,1852,50,4.6436,0.7559,2.6998,4,scheduled_duration_under_3h,Under 3 hours,Bornholm Airport,Rønne,Denmark,55.0633,14.7594,True
EKSB,377,7,-4.9167,4,377,5,-1.0,4,754,12,1.8568,1.3263,1.5915,4,scheduled_duration_under_3h,Under 3 hours,Sønderborg Airport,Sønderborg,Denmark,54.9644,9.7917,True
EKTS,1,0,8.8333,1,0,0,,0,1,0,0.0,,0.0,1,scheduled_duration_under_3h,Under 3 hours,Thisted Airport,Thisted,Denmark,57.0689,8.7053,False
EKTW,1,0,4.3833,1,1,0,1.0,1,2,0,0.0,0.0,0.0,1,scheduled_duration_under_3h,Under 3 hours,,,,55.7164,4.7503,False
EKVG,556,106,5.275,4,554,59,2.0,4,1110,165,19.0647,10.6498,14.8649,4,scheduled_duration_under_3h,Under 3 hours,Vágar Airport,Vágar,Faroe Islands,62.0636,-7.2772,True
EKYT,2401,164,1.2833,4,2419,119,1.0,4,4820,283,6.8305,4.9194,5.8714,4,scheduled_duration_under_3h,Under 3 hours,Aalborg Airport,Aalborg,Denmark,57.0928,9.8492,True
ELLX,7829,1046,0.4833,4,7799,916,2.0,4,15628,1962,13.3606,11.7451,12.5544,4,scheduled_duration_under_3h,Under 3 hours,Luxembourg-Findel International Airport,Luxembourg,Luxembourg,49.6233,6.2044,True
ENAL,2107,130,-1.25,4,2101,61,0.0,4,4208,191,6.1699,2.9034,4.539,4,scheduled_duration_under_3h,Under 3 hours,"Ålesund Airport, Vigra",Ålesund,Norway,62.5625,6.1197,True
ENAN,506,4,-9.4833,4,506,8,-3.0,4,1012,12,0.7905,1.581,1.1858,4,scheduled_duration_under_3h,Under 3 hours,"Andøya Airport, Andenes",Andenes,Norway,69.2925,16.1442,True
ENAT,982,45,-6.9917,4,982,31,-3.0,4,1964,76,4.5825,3.1568,3.8697,4,scheduled_duration_under_3h,Under 3 hours,Alta Airport,Alta,Norway,69.9761,23.3717,True
ENBL,450,1,-16.3333,4,450,3,-2.0,4,900,4,0.2222,0.6667,0.4444,4,scheduled_duration_under_3h,Under 3 hours,"Førde Airport, Bringeland",Førde,Norway,61.3911,5.7569,True
ENBN,617,4,-13.9667,4,620,3,-1.0083,4,1237,7,0.6483,0.4839,0.5659,4,scheduled_duration_under_3h,Under 3 hours,"Brønnøysund Airport, Brønnøy",Brønnøy,Norway,65.4611,12.2175,True
ENBO,5720,214,-8.05,4,5734,221,-0.65,4,11454,435,3.7413,3.8542,3.7978,4,scheduled_duration_under_3h,Under 3 hours,Bodø Airport,Bodø,Norway,67.2692,14.3653,True
ENBR,12844,365,-6.7,4,12860,255,-5.95,4,25704,620,2.8418,1.9829,2.4121,4,scheduled_duration_under_3h,Under 3 hours,"Bergen Airport, Flesland",Bergen,Norway,60.2936,5.2181,True
ENBS,347,10,-6.2833,4,346,8,-6.0,4,693,18,2.8818,2.3121,2.5974,4,scheduled_duration_under_3h,Under 3 hours,Båtsfjord Airport,Båtsfjord,Norway,70.6003,29.6925,True
ENBV,255,13,-11.3167,4,252,2,-8.0,4,507,15,5.098,0.7937,2.9586,4,scheduled_duration_under_3h,Under 3 hours,Berlevåg Airport,Berlevåg,Norway,70.8714,29.0342,True
ENCN,1687,53,-5.75,4,1688,36,-3.0,4,3375,89,3.1417,2.1327,2.637,4,scheduled_duration_under_3h,Under 3 hours,"Kristiansand Airport, Kjevik",Kjevik,Norway,58.2039,8.085,True
ENDU,308,44,7.2333,4,309,5,-1.0,4,617,49,14.2857,1.6181,7.9417,4,scheduled_duration_under_3h,Under 3 hours,Bardufoss Airport,Målselv,Norway,69.0558,18.5403,True
ENEV,1486,165,1.0,4,1485,40,-3.2167,4,2971,205,11.1036,2.6936,6.9,4,scheduled_duration_under_3h,Under 3 hours,"Harstad/Narvik Airport, Evenes",Evenes,Norway,68.4889,16.6783,True
ENFL,835,14,-20.3667,4,832,3,-4.0,4,1667,17,1.6766,0.3606,1.0198,4,scheduled_duration_under_3h,Under 3 hours,Florø Airport,Florø,Norway,61.5836,5.0247,True
ENGM,29996,1932,-2.4167,4,29800,2207,2.0,4,59796,4139,6.4409,7.406,6.9219,4,scheduled_duration_under_3h,Under 3 hours,"Oslo Airport, Gardermoen",Oslo (Gardermoen),Norway,60.2028,11.0839,True
ENHD,1094,31,-3.5417,4,1095,26,-1.5333,4,2189,57,2.8336,2.3744,2.6039,4,scheduled_duration_under_3h,Under 3 hours,"Haugesund Airport, Karmøy",Karmøy,Norway,59.3433,5.2125,True
ENHF,1219,42,-13.6167,4,1217,23,-3.5,4,2436,65,3.4454,1.8899,2.6683,4,scheduled_duration_under_3h,Under 3 hours,Hammerfest Airport,Hammerfest,Norway,70.6797,23.6686,True
ENHK,275,5,-8.1167,4,277,15,-3.0,4,552,20,1.8182,5.4152,3.6232,4,scheduled_duration_under_3h,Under 3 hours,Hasvik Airport,Hasvik,Norway,70.4867,22.1397,True
ENHV,300,6,-7.9,4,302,3,-5.0,4,602,9,2.0,0.9934,1.495,4,scheduled_duration_under_3h,Under 3 hours,"Honningsvåg Airport, Valan",Honningsvåg,Norway,71.0097,25.9836,True
ENKB,664,16,-6.9167,4,667,15,-3.0,4,1331,31,2.4096,2.2489,2.3291,4,scheduled_duration_under_3h,Under 3 hours,"Kristiansund Airport, Kvernberget",Kvernberget,Norway,63.1119,7.8261,True
ENKR,911,41,-5.9333,4,906,31,-2.0,4,1817,72,4.5005,3.4216,3.9626,4,scheduled_duration_under_3h,Under 3 hours,"Kirkenes Airport, Høybuktmoen",Kirkenes,Norway,69.725,29.8878,True
ENLK,667,11,-9.7667,4,667,9,-3.0,4,1334,20,1.6492,1.3493,1.4993,4,scheduled_duration_under_3h,Under 3 hours,Leknes Airport,Leknes,Norway,68.1525,13.6094,True
ENMH,353,7,-8.3833,4,353,9,-6.0,4,706,16,1.983,2.5496,2.2663,4,scheduled_duration_under_3h,Under 3 hours,Mehamn Airport,Mehamn,Norway,71.0297,27.8267,True
ENML,793,48,-3.5833,4,796,20,0.0,4,1589,68,6.053,2.5126,4.2794,4,scheduled_duration_under_3h,Under 3 hours,"Molde Airport, Årø",Årø,Norway,62.7447,7.2625,True
ENMS,524,9,-11.0167,4,523,8,-2.0,4,1047,17,1.7176,1.5296,1.6237,4,scheduled_duration_under_3h,Under 3 hours,"Mosjøen Airport, Kjærstad",Mosjøen,Norway,65.7836,13.2153,True
ENNA,309,21,-2.65,4,307,5,-4.0,4,616,26,6.7961,1.6287,4.2208,4,scheduled_duration_under_3h,Under 3 hours,"Lakselv Airport, Banak",Lakselv,Norway,70.0667,24.9739,True
ENNM,353,2,-10.1667,4,353,3,-6.0,4,706,5,0.5666,0.8499,0.7082,4,scheduled_duration_under_3h,Under 3 hours,Namsos Airport,Namsos,Norway,64.4722,11.5786,True
ENOL,140,8,-3.5167,4,140,2,-10.0,4,280,10,5.7143,1.4286,3.5714,4,scheduled_duration_under_3h,Under 3 hours,Ørland Airport,Ørland,Norway,63.7,9.6028,False
ENOV,683,10,-11.7833,4,683,5,-5.0,4,1366,15,1.4641,0.7321,1.0981,4,scheduled_duration_under_3h,Under 3 hours,"Ørsta-Volda Airport, Hovden",Ørsta,Norway,62.18,6.0742,True
ENRA,669,11,-8.7833,4,671,13,-2.0,4,1340,24,1.6442,1.9374,1.791,4,scheduled_duration_under_3h,Under 3 hours,"Mo i Rana Airport, Røssvoll",Mo i Rana,Norway,66.3639,14.3014,True
ENRM,407,5,-14.8667,4,406,3,-6.0,4,813,8,1.2285,0.7389,0.984,4,scheduled_duration_under_3h,Under 3 hours,"Rørvik Airport, Ryum",Rørvik,Norway,64.8383,11.1461,True
ENRO,178,1,-10.5667,4,178,1,-3.0,4,356,2,0.5618,0.5618,0.5618,4,scheduled_duration_under_3h,Under 3 hours,Røros Airport,Røros,Norway,62.5789,11.345,False
ENRS,190,4,-10.325,4,187,3,-4.0,4,377,7,2.1053,1.6043,1.8568,4,scheduled_duration_under_3h,Under 3 hours,Røst Airport,Røst,Norway,67.5278,12.1033,False
ENSB,244,40,4.65,4,242,82,7.225,4,486,122,16.3934,33.8843,25.1029,4,scheduled_duration_under_3h,Under 3 hours,"Svalbard Airport, Longyear",Longyearbyen,Norway,78.2461,15.4656,False
ENSD,364,5,-12.0167,4,367,3,-6.0,4,731,8,1.3736,0.8174,1.0944,4,scheduled_duration_under_3h,Under 3 hours,"Sandane Airport, Anda",Sandane,Norway,61.83,6.1058,True
ENSG,799,4,-10.9167,4,798,3,-6.0,4,1597,7,0.5006,0.3759,0.4383,4,scheduled_duration_under_3h,Under 3 hours,"Sogndal Airport, Haukåsen",Sogndal,Norway,61.1561,7.1378,True
ENSH,648,10,-6.9583,4,646,11,-3.0,4,1294,21,1.5432,1.7028,1.6229,4,scheduled_duration_under_3h,Under 3 hours,"Svolvær Airport, Helle",Svolvær,Norway,68.2433,14.6692,True
ENSK,714,10,-8.8083,4,713,17,-3.0,4,1427,27,1.4006,2.3843,1.8921,4,scheduled_duration_under_3h,Under 3 hours,"Stokmarknes Airport, Skagen",Hadsel,Norway,68.5808,15.0261,True
ENSO,158,5,-1.45,4,159,4,-2.1667,4,317,9,3.1646,2.5157,2.8391,4,scheduled_duration_under_3h,Under 3 hours,"Stord Airport, Sørstokken",Leirvik,Norway,59.7928,5.3397,False
ENSR,258,2,-12.1417,4,258,6,-4.0,4,516,8,0.7752,2.3256,1.5504,4,scheduled_duration_under_3h,Under 3 hours,Sørkjosen Airport,Sørkjosen,Norway,69.7867,20.9597,True
ENSS,336,6,-5.875,4,335,7,-7.0,4,671,13,1.7857,2.0896,1.9374,4,scheduled_duration_under_3h,Under 3 hours,"Vardø Airport, Svartnes",Vardø,Norway,70.3553,31.045,True
ENST,473,6,-11.95,4,470,4,-1.0,4,943,10,1.2685,0.8511,1.0604,4,scheduled_duration_under_3h,Under 3 hours,"Sandnessjøen Airport, Stokka",Alstahaug,Norway,65.9597,12.4722,True
ENTC,5723,533,-2.85,4,5717,225,-2.0,4,11440,758,9.3133,3.9356,6.6259,4,scheduled_duration_under_3h,Under 3 hours,"Tromsø Airport, Langnes",Tromsø,Norway,69.6814,18.9178,True
ENTO,2669,82,-9.7333,4,2729,118,-2.6667,4,5398,200,3.0723,4.3239,3.7051,4,scheduled_duration_under_3h,Under 3 hours,"Sandefjord Airport, Torp",Torp,Norway,59.1867,10.2586,True
ENVA,8625,284,-5.0833,4,8608,183,-3.0,4,17233,467,3.2928,2.1259,2.7099,4,scheduled_duration_under_3h,Under 3 hours,"Trondheim Airport, Værnes",Trondheim,Norway,63.4575,10.9242,True
ENVD,1007,14,-10.5833,4,1007,16,-4.5833,4,2014,30,1.3903,1.5889,1.4896,4,scheduled_duration_under_3h,Under 3 hours,Vadsø Airport,Vadsø,Norway,70.0653,29.8447,True
ENVR,191,2,-8.05,4,193,4,1.3167,4,384,6,1.0471,2.0725,1.5625,4,scheduled_duration_under_3h,Under 3 hours,,,,67.6544,12.7269,False
ENZV,6539,271,-1.7833,4,6551,225,-3.0,4,13090,496,4.1444,3.4346,3.7892,4,scheduled_duration_under_3h,Under 3 hours,"Stavanger Airport, Sola",Stavanger,Norway,58.8767,5.6378,True
EPBY,348,24,0.05,4,349,13,-7.0,4,697,37,6.8966,3.7249,5.3085,4,scheduled_duration_under_3h,Under 3 hours,Bydgoszcz Ignacy Jan Paderewski Airport,Bydgoszcz,Poland,53.0967,17.9778,True
EPGD,5702,405,-3.7833,4,5788,445,-0.675,4,11490,850,7.1028,7.6883,7.3977,4,scheduled_duration_under_3h,Under 3 hours,Gdańsk Lech Wałęsa Airport,Gdańsk,Poland,54.3775,18.4661,True
EPKK,8009,1015,1.4,4,7980,846,1.5333,4,15989,1861,12.6732,10.6015,11.6393,4,scheduled_duration_under_3h,Under 3 hours,Kraków John Paul II International Airport,Balice,Poland,50.0778,19.7847,True
EPKT,3264,340,-0.5,4,3327,377,1.0,4,6591,717,10.4167,11.3315,10.8785,4,scheduled_duration_under_3h,Under 3 hours,Katowice Wojciech Korfanty International Airport,Katowice,Poland,50.4742,19.08,True
EPLB,417,49,-0.4,4,403,50,2.0,4,820,99,11.7506,12.4069,12.0732,4,scheduled_duration_under_3h,Under 3 hours,Lublin Airport,Lublin,Poland,51.2403,22.7136,True
EPLL,147,10,0.8667,4,145,13,5.0,4,292,23,6.8027,8.9655,7.8767,4,scheduled_duration_under_3h,Under 3 hours,Łódź Władysław Reymont Airport,Łódź,Poland,51.7219,19.3981,False
EPMO,2784,297,-1.8583,4,2686,262,0.0,4,5470,559,10.6681,9.7543,10.2194,4,scheduled_duration_under_3h,Under 3 hours,Modlin Airport,Nowy Dwór Mazowiecki,Poland,52.4511,20.6519,True
EPPO,2129,147,-3.2333,4,2143,211,3.0,4,4272,358,6.9047,9.846,8.3801,4,scheduled_duration_under_3h,Under 3 hours,Poznań-Ławica Airport,Poznań,Poland,52.4211,16.8264,True
EPPW,0,0,,0,1,0,-2.0,1,1,0,,0.0,0.0,1,scheduled_duration_under_3h,Under 3 hours,,,,52.3792,17.8522,False
EPRZ,965,122,1.7833,4,961,88,3.2167,4,1926,210,12.6425,9.1571,10.9034,4,scheduled_duration_under_3h,Under 3 hours,Rzeszów-Jasionka Airport,Jasionka,Poland,50.11,22.0189,True
EPSC,614,44,-1.4167,4,611,42,1.0,4,1225,86,7.1661,6.874,7.0204,4,scheduled_duration_under_3h,Under 3 hours,Solidarity Szczecin–Goleniów Airport,Glewice,Poland,53.5847,14.9022,True
EPSY,179,18,-4.2167,4,179,10,1.0,4,358,28,10.0559,5.5866,7.8212,4,scheduled_duration_under_3h,Under 3 hours,Olsztyn-Mazury Airport,Szymany,Poland,53.4819,20.9378,False
EPWA,17918,1624,-3.8167,4,18095,2607,5.0,4,36013,4231,9.0635,14.4073,11.7485,4,scheduled_duration_under_3h,Under 3 hours,Warsaw Chopin Airport,Warsaw,Poland,52.1658,20.9672,True
EPWR,3109,243,-1.2667,4,3139,358,3.0,4,6248,601,7.816,11.4049,9.6191,4,scheduled_duration_under_3h,Under 3 hours,Copernicus Wrocław Airport,Wrocław,Poland,51.1028,16.8858,True
EPZG,115,0,-1.3333,4,117,1,-3.0,4,232,1,0.0,0.8547,0.431,4,scheduled_duration_under_3h,Under 3 hours,Zielona Góra-Babimost Airport,Nowe Kramsko,Poland,52.1386,15.7986,False
ESDF,447,1,-4.05,4,451,7,-2.5833,4,898,8,0.2237,1.5521,0.8909,4,scheduled_duration_under_3h,Under 3 hours,Ronneby Airport,Ronneby,Sweden,56.2667,15.265,True
ESGG,5992,650,1.55,4,6023,412,1.0,4,12015,1062,10.8478,6.8404,8.839,4,scheduled_duration_under_3h,Under 3 hours,Göteborg Landvetter Airport,Göteborg,Sweden,57.66,12.2911,True
ESGJ,161,3,-10.8167,4,198,6,0.0,4,359,9,1.8634,3.0303,2.507,4,scheduled_duration_under_3h,Under 3 hours,Jönköping Airport,Jönköping,Sweden,57.7583,14.0692,False
ESGT,146,2,-2.4833,4,146,0,-9.0,4,292,2,1.3699,0.0,0.6849,4,scheduled_duration_under_3h,Under 3 hours,Trollhättan-Vänersborg Airport,Trollhättan,Sweden,58.3181,12.345,False
ESKN,666,88,-0.475,4,678,48,-4.0,4,1344,136,13.2132,7.0796,10.119,4,scheduled_duration_under_3h,Under 3 hours,Stockholm Skavsta Airport,Nyköping,Sweden,58.7886,16.9036,True
ESKS,46,3,0.7167,2,46,0,-5.5,2,92,3,6.5217,0.0,3.2609,2,scheduled_duration_under_3h,Under 3 hours,Scandinavian Mountains Airport,Malung-Sälen,Sweden,61.1647,12.8339,False
ESMK,162,0,-7.6833,4,161,0,-8.0,4,323,0,0.0,0.0,0.0,4,scheduled_duration_under_3h,Under 3 hours,Kristianstad Airport,Kristianstad,Sweden,55.9206,14.0853,False
ESMQ,401,8,-3.0667,4,405,6,-4.0,4,806,14,1.995,1.4815,1.737,4,scheduled_duration_under_3h,Under 3 hours,Kalmar Airport,Kalmar,Sweden,56.6856,16.2875,True
ESMS,2482,121,-2.7333,4,2495,110,-3.0,4,4977,231,4.8751,4.4088,4.6414,4,scheduled_duration_under_3h,Under 3 hours,Malmö Sturup Airport,Malmö,Sweden,55.548,13.353,True
ESMT,267,3,1.2833,4,268,3,0.0,4,535,6,1.1236,1.1194,1.1215,4,scheduled_duration_under_3h,Under 3 hours,Halmstad Airport,Halmstad,Sweden,56.6908,12.82,True
ESMX,242,22,0.8667,4,242,15,-4.0,4,484,37,9.0909,6.1983,7.6446,4,scheduled_duration_under_3h,Under 3 hours,Växjö Kronoberg Airport,Växjö,Sweden,56.9303,14.7289,False
ESND,208,0,-17.4833,4,208,2,-2.0,4,416,2,0.0,0.9615,0.4808,4,scheduled_duration_under_3h,Under 3 hours,Sveg Airport,Sveg,Sweden,62.0478,14.4242,False
ESNG,146,5,-9.325,4,148,0,-7.5,4,294,5,3.4247,0.0,1.7007,4,scheduled_duration_under_3h,Under 3 hours,Gällivare Airport,Gällivare,Sweden,67.1331,20.8122,False
ESNK,299,4,-9.1,4,301,5,-8.0,4,600,9,1.3378,1.6611,1.5,4,scheduled_duration_under_3h,Under 3 hours,Kramfors-Sollefteå Höga Kusten Airport,Nyland,Sweden,63.0486,17.7689,True
ESNL,300,5,-6.375,4,300,5,-7.0,4,600,10,1.6667,1.6667,1.6667,4,scheduled_duration_under_3h,Under 3 hours,Lycksele Airport,Lycksele,Sweden,64.5475,18.7178,True
ESNN,180,0,-12.15,4,181,3,-1.0,4,361,3,0.0,1.6575,0.831,4,scheduled_duration_under_3h,Under 3 hours,Sundsvall-Härnösand Airport,Sundsvall/ Härnösand,Sweden,62.5294,17.4428,False
ESNO,126,2,-2.8917,2,127,1,-1.0,2,253,3,1.5873,0.7874,1.1858,2,scheduled_duration_under_3h,Under 3 hours,Örnsköldsvik Airport,Örnsköldsvik,Sweden,63.4078,18.9925,False
ESNQ,293,15,1.0833,4,293,3,-9.0,4,586,18,5.1195,1.0239,3.0717,4,scheduled_duration_under_3h,Under 3 hours,Kiruna Airport,Kiruna,Sweden,67.8214,20.3356,True
ESNS,486,24,-0.7,4,488,6,1.0,4,974,30,4.9383,1.2295,3.0801,4,scheduled_duration_under_3h,Under 3 hours,Skellefteå Airport,Skellefteå,Sweden,64.6247,21.0769,True
ESNU,1299,36,-4.4167,4,1299,46,-3.0,4,2598,82,2.7714,3.5412,3.1563,4,scheduled_duration_under_3h,Under 3 hours,Umeå Airport,Umeå,Sweden,63.7931,20.28,True
ESNV,179,8,-3.2667,4,180,1,-7.0,4,359,9,4.4693,0.5556,2.507,4,scheduled_duration_under_3h,Under 3 hours,Vilhelmina South Lapland Airport,Vilhelmina,Sweden,64.5786,16.8397,False
ESNX,294,7,-4.6,4,299,2,-10.0,4,593,9,2.381,0.6689,1.5177,4,scheduled_duration_under_3h,Under 3 hours,Arvidsjaur Airport,Arvidsjaur,Sweden,65.5903,19.2819,True
ESNZ,686,10,-4.8583,4,687,3,-4.0,4,1373,13,1.4577,0.4367,0.9468,4,scheduled_duration_under_3h,Under 3 hours,Åre Östersund Airport,Östersund,Sweden,63.1944,14.5003,True
ESOE,268,27,4.1583,4,270,9,-4.0,4,538,36,10.0746,3.3333,6.6914,4,scheduled_duration_under_3h,Under 3 hours,Örebro Airport,Örebro,Sweden,59.2281,15.04,True
ESOH,199,0,-4.6833,4,211,7,-5.0,4,410,7,0.0,3.3175,1.7073,4,scheduled_duration_under_3h,Under 3 hours,Hagfors Airport,Råda,Sweden,60.0211,13.5789,False
ESOK,2,0,-20.0,1,2,0,-3.0,1,4,0,0.0,0.0,0.0,1,scheduled_duration_under_3h,Under 3 hours,Karlstad Airport,Karlstad,Sweden,59.4447,13.3375,False
ESOW,55,1,2.9833,4,56,3,3.0,4,111,4,1.8182,5.3571,3.6036,4,scheduled_duration_under_3h,Under 3 hours,Stockholm Västerås Airport,Stockholm / Västerås,Sweden,59.5894,16.6336,False
ESPA,1464,69,-2.1833,4,1450,73,-3.0,4,2914,142,4.7131,5.0345,4.873,4,scheduled_duration_under_3h,Under 3 hours,Luleå Airport,Luleå,Sweden,65.5433,22.1236,True
ESSA,22290,2285,1.3667,4,21978,1140,-2.0,4,44268,3425,10.2512,5.187,7.737,4,scheduled_duration_under_3h,Under 3 hours,Stockholm-Arlanda Airport,Stockholm,Sweden,59.6519,17.9186,True
ESSB,4123,56,-3.9667,4,4118,55,1.0,4,8241,111,1.3582,1.3356,1.3469,4,scheduled_duration_under_3h,Under 3 hours,Stockholm-Bromma Airport,Stockholm,Sweden,59.3544,17.9422,True
ESSD,2,0,-2.225,1,2,0,8.0,1,4,0,0.0,0.0,0.0,1,scheduled_duration_under_3h,Under 3 hours,Dala Airport,Borlange,Sweden,60.4222,15.515,False
ESSL,225,19,2.6667,4,223,6,2.85,4,448,25,8.4444,2.6906,5.5804,4,scheduled_duration_under_3h,Under 3 hours,Linköping City Airport,Linköping,Sweden,58.4064,15.6797,False
ESSP,7,0,5.0833,3,6,0,-8.0,3,13,0,0.0,0.0,0.0,3,scheduled_duration_under_3h,Under 3 hours,Norrköping Airport,Norrköping,Sweden,58.5861,16.2464,False
ESST,139,10,-0.75,4,127,0,-6.0,4,266,10,7.1942,0.0,3.7594,4,scheduled_duration_under_3h,Under 3 hours,Torsby Airport,Torsby,Sweden,60.1547,12.9936,False
ESSV,871,8,-2.0833,4,870,4,-2.0,4,1741,12,0.9185,0.4598,0.6893,4,scheduled_duration_under_3h,Under 3 hours,Visby Airport,Visby,Sweden,57.6628,18.3461,True
ESTA,675,4,-2.5333,4,683,10,-1.0,4,1358,14,0.5926,1.4641,1.0309,4,scheduled_duration_under_3h,Under 3 hours,Ängelholm-Helsingborg Airport,Ängelholm,Sweden,56.2911,12.855,True
ESUP,175,1,-20.3,4,175,0,-10.0,4,350,1,0.5714,0.0,0.2857,4,scheduled_duration_under_3h,Under 3 hours,Pajala Airport,Pajala,Sweden,67.2458,23.0689,False
ESUT,133,5,-3.85,4,130,1,-9.5,4,263,6,3.7594,0.7692,2.2814,4,scheduled_duration_under_3h,Under 3 hours,Hemavan Airport,Hemavan,Sweden,65.8061,15.0828,False
ETAD,1,1,200.9667,1,0,0,,0,1,1,100.0,,100.0,1,scheduled_duration_under_3h,Under 3 hours,,,,49.9767,6.6986,False
ETAR,3,0,-2.3833,1,6,0,-1.3667,4,9,0,0.0,0.0,0.0,4,scheduled_duration_under_3h,Under 3 hours,,,,49.4361,7.6064,False
ETNG,2,0,-4.7167,1,2,0,3.5,1,4,0,0.0,0.0,0.0,1,scheduled_duration_under_3h,Under 3 hours,,,,50.9608,6.0417,False
ETNL,21,7,9.3333,3,20,6,4.5,2,41,13,33.3333,30.0,31.7073,3,scheduled_duration_under_3h,Under 3 hours,Rostock-Laage Airport,Laage,Germany,53.9181,12.2792,False
ETNS,1,0,14.05,1,1,0,-14.2833,1,2,0,0.0,0.0,0.0,1,scheduled_duration_under_3h,Under 3 hours,,,,54.4594,9.5164,False
ETSI,1,0,-10.0833,1,1,0,-15.2333,1,2,0,0.0,0.0,0.0,1,scheduled_duration_under_3h,Under 3 hours,Ingolstadt Manching Airport,Manching,Germany,48.7156,11.5336,False
EVRA,7138,782,2.3333,4,7057,601,-1.0,4,14195,1383,10.9554,8.5164,9.7429,4,scheduled_duration_under_3h,Under 3 hours,Riga International Airport,Riga,Latvia,56.9236,23.9711,True
EYKA,1117,68,-1.95,4,1115,50,0.0,4,2232,118,6.0877,4.4843,5.2867,4,scheduled_duration_under_3h,Under 3 hours,Kaunas International Airport,Kaunas,Lithuania,54.9639,24.0847,True
EYPA,512,25,-0.35,4,513,8,-3.0,4,1025,33,4.8828,1.5595,3.2195,4,scheduled_duration_under_3h,Under 3 hours,Palanga International Airport,Palanga,Lithuania,55.9731,21.0939,True
EYSA,1,0,-60.0,1,1,0,-6.0,1,2,0,0.0,0.0,0.0,1,scheduled_duration_under_3h,Under 3 hours,Šiauliai International Airport,Šiauliai,Lithuania,55.8939,23.395,False
EYVI,4332,505,2.5167,4,4343,205,-1.0,4,8675,710,11.6574,4.7202,8.1844,4,scheduled_duration_under_3h,Under 3 hours,Vilnius International Airport,Vilnius,Lithuania,54.6369,25.2878,True
FNLU,0,0,,0,1,0,-9.8,1,1,0,,0.0,0.0,1,scheduled_duration_under_3h,Under 3 hours,Quatro de Fevereiro International Airport,Luanda,Angola,-8.85,13.2333,False
GABS,33,9,5.15,4,23,7,-3.1833,4,56,16,27.2727,30.4348,28.5714,4,scheduled_duration_under_3h,Under 3 hours,Modibo Keita International Airport,Bamako,Mali,12.5378,-7.9433,False
GBYD,2,0,2.9167,1,5,2,6.1333,3,7,2,0.0,40.0,28.5714,3,scheduled_duration_under_3h,Under 3 hours,Banjul International Airport,Yundum,Gambia,13.3425,-16.6578,False
GCFV,3767,141,-2.7833,4,3833,127,-1.0,4,7600,268,3.743,3.3133,3.5263,4,scheduled_duration_under_3h,Under 3 hours,Fuerteventura Airport,El Matorral,Spain,28.4528,-13.8639,True
GCGM,358,1,-22.475,4,359,2,-3.0,4,717,3,0.2793,0.5571,0.4184,4,scheduled_duration_under_3h,Under 3 hours,La Gomera Airport,"Alajero, La Gomera Island",Spain,28.0297,-17.2147,True
GCHI,865,18,-2.6667,4,862,8,-3.0,4,1727,26,2.0809,0.9281,1.5055,4,scheduled_duration_under_3h,Under 3 hours,El Hierro Airport,El Hierro Island,Spain,27.8147,-17.8869,True
GCLA,3108,104,-3.7,4,3207,34,-2.0,4,6315,138,3.3462,1.0602,2.1853,4,scheduled_duration_under_3h,Under 3 hours,La Palma Airport,"Sta Cruz de la Palma, La Palma Island",Spain,28.6267,-17.7556,True
GCLP,11708,875,-3.4167,4,12153,455,-1.0,4,23861,1330,7.4735,3.7439,5.5739,4,scheduled_duration_under_3h,Under 3 hours,Gran Canaria Airport,Gran Canaria Island,Spain,27.9319,-15.3867,True
GCRR,5078,245,-2.7917,4,5398,184,-2.0,4,10476,429,4.8247,3.4087,4.0951,4,scheduled_duration_under_3h,Under 3 hours,César Manrique-Lanzarote Airport,San Bartolomé,Spain,28.9456,-13.6053,True
GCTS,1850,194,-4.95,4,1965,117,0.0,4,3815,311,10.4865,5.9542,8.152,4,scheduled_duration_under_3h,Under 3 hours,Tenerife Sur Airport,Tenerife,Spain,28.0444,-16.5725,True
GCXO,9852,403,-5.1833,4,10267,323,0.0,4,20119,726,4.0905,3.146,3.6085,4,scheduled_duration_under_3h,Under 3 hours,Tenerife Norte-Ciudad de La Laguna Airport,Tenerife,Spain,28.4828,-16.3417,True
GEML,1482,148,3.5667,4,1479,30,1.0,4,2961,178,9.9865,2.0284,6.0115,4,scheduled_duration_under_3h,Under 3 hours,Melilla Airport,Melilla,Spain,35.2797,-2.9564,True
GMAD,1067,113,-1.05,4,1219,88,-4.0,4,2286,201,10.5904,7.219,8.7927,4,scheduled_duration_under_3h,Under 3 hours,Al Massira Airport,Agadir (Temsia),Morocco,30.3225,-9.4114,True
GMAG,106,16,4.1917,4,104,3,-10.0,4,210,19,15.0943,2.8846,9.0476,4,scheduled_duration_under_3h,Under 3 hours,,,,29.0169,-10.0614,False
GMAT,44,9,5.3917,3,45,2,-13.65,3,89,11,20.4545,4.4444,12.3596,3,scheduled_duration_under_3h,Under 3 hours,Tan Tan Airport,Tan Tan,Morocco,28.4483,-11.1614,False
GMAZ,50,9,2.7083,4,49,3,-12.65,4,99,12,18.0,6.1224,12.1212,4,scheduled_duration_under_3h,Under 3 hours,Zagora Airport,Zagora,Morocco,30.2639,-5.8531,False
GMFB,8,2,9.1917,1,7,1,-10.0,1,15,3,25.0,14.2857,20.0,1,scheduled_duration_under_3h,Under 3 hours,Bouarfa Airport,Bouarfa,Morocco,32.5144,-1.9783,False
GMFF,1556,329,4.5917,4,1615,162,-3.0,4,3171,491,21.144,10.031,15.4841,4,scheduled_duration_under_3h,Under 3 hours,Fes Saïss International Airport,Saïss,Morocco,33.9272,-4.9778,True
GMFK,122,26,9.55,4,122,1,-13.25,4,244,27,21.3115,0.8197,11.0656,4,scheduled_duration_under_3h,Under 3 hours,Moulay Ali Cherif Airport,Errachidia,Morocco,31.9481,-4.4006,False
GMFO,1167,267,6.0833,4,1167,114,-2.0,4,2334,381,22.8792,9.7686,16.3239,4,scheduled_duration_under_3h,Under 3 hours,Oujda Angads Airport,Ahl Angad,Morocco,34.7861,-1.9256,True
GMMA,3,1,-8.8167,3,4,0,-12.5,3,7,1,33.3333,0.0,14.2857,3,scheduled_duration_under_3h,Under 3 hours,Smara Airport,Smara,Western Sahara,26.7419,-11.6914,False
GMMB,1,0,8.0,1,1,0,10.0,1,2,0,0.0,0.0,0.0,1,scheduled_duration_under_3h,Under 3 hours,Ben Slimane Airport,Ben Slimane,Morocco,33.6544,-7.2258,False
GMME,957,202,5.5333,4,1102,175,0.0,4,2059,377,21.1076,15.8802,18.3099,4,scheduled_duration_under_3h,Under 3 hours,Rabat-Salé Airport,Rabat,Morocco,34.0514,-6.7517,True
GMMH,300,90,9.0833,4,300,3,-7.0,4,600,93,30.0,1.0,15.5,4,scheduled_duration_under_3h,Under 3 hours,Dakhla Airport,Dakhla,Western Sahara,23.7183,-15.9319,True
GMMI,40,16,10.3167,4,63,4,-2.0,4,103,20,40.0,6.3492,19.4175,4,scheduled_duration_under_3h,Under 3 hours,Essaouira-Mogador Airport,Essaouira,Morocco,31.3992,-9.6831,False
GMML,326,74,5.8,4,327,60,-0.5333,4,653,134,22.6994,18.3486,20.5207,4,scheduled_duration_under_3h,Under 3 hours,Hassan I Airport,El Aaiún,Western Sahara,27.1517,-13.2192,True
GMMN,6189,1332,4.0167,4,7391,1333,5.0,4,13580,2665,21.5221,18.0354,19.6244,4,scheduled_duration_under_3h,Under 3 hours,Mohammed V International Airport,Casablanca,Morocco,33.3642,-7.5817,True
GMMP,1,0,-15.2833,1,0,0,,0,1,0,0.0,,0.0,1,scheduled_duration_under_3h,Under 3 hours,,,,34.301,-6.601,False
GMMW,966,221,6.9,4,996,131,-1.6167,4,1962,352,22.8778,13.1526,17.9409,4,scheduled_duration_under_3h,Under 3 hours,Nador Al Aaroui International Airport,Al Aaroui,Morocco,34.9894,-3.0278,True
GMMX,3164,657,5.475,4,3628,397,0.0,4,6792,1054,20.7649,10.9427,15.5183,4,scheduled_duration_under_3h,Under 3 hours,Menara Airport,Marrakech,Morocco,31.6086,-8.0408,True
GMMZ,163,43,6.3667,4,169,8,-8.2667,4,332,51,26.3804,4.7337,15.3614,4,scheduled_duration_under_3h,Under 3 hours,Ouarzazate Airport,Ouarzazate,Morocco,30.9372,-6.9061,False
GMTA,138,31,6.1333,4,149,6,-10.0,4,287,37,22.4638,4.0268,12.892,4,scheduled_duration_under_3h,Under 3 hours,Cherif Al Idrissi Airport,Al Hoceima,Morocco,35.1797,-3.84,False
GMTN,314,51,4.6417,4,318,25,-3.4167,4,632,76,16.242,7.8616,12.0253,4,scheduled_duration_under_3h,Under 3 hours,Sania Ramel Airport,Tétouan,Morocco,35.5944,-5.32,True
GMTT,1989,324,3.1667,4,2186,229,-4.0,4,4175,553,16.2896,10.4758,13.2455,4,scheduled_duration_under_3h,Under 3 hours,Tangier Ibn Battuta Airport,Tangier,Morocco,35.7317,-5.9211,True
GOBD,119,60,15.05,4,223,51,3.4667,4,342,111,50.4202,22.87,32.4561,4,scheduled_duration_under_3h,Under 3 hours,Blaise Diagne International Airport,Dakar,Senegal,14.6708,-17.0728,False
GOOY,0,0,,0,1,0,-27.3167,1,1,0,,0.0,0.0,1,scheduled_duration_under_3h,Under 3 hours,Léopold Sédar Senghor International Airport,Dakar,Senegal,14.7439,-17.4794,False
GQNO,278,66,7.1417,4,265,72,3.8167,4,543,138,23.741,27.1698,25.4144,4,scheduled_duration_under_3h,Under 3 hours,Nouakchott–Oumtounsy International Airport,Nouakchott,Mauritania,18.31,-15.9697,True
GQPP,69,3,-12.4667,4,70,16,-0.4667,4,139,19,4.3478,22.8571,13.6691,4,scheduled_duration_under_3h,Under 3 hours,Nouadhibou International Airport,Nouadhibou,Mauritania,20.9283,-17.0311,False
GVAC,26,2,-4.8583,3,19,3,-2.55,3,45,5,7.6923,15.7895,11.1111,3,scheduled_duration_under_3h,Under 3 hours,Amílcar Cabral International Airport,Espargos,Cape Verde,16.7375,-22.95,False
GVBA,6,0,0.2333,4,24,5,2.0,3,30,5,0.0,20.8333,16.6667,4,scheduled_duration_under_3h,Under 3 hours,Rabil Airport,Rabil,Cape Verde,16.1372,-22.8886,False
GVNP,0,0,,0,1,0,-16.3667,1,1,0,,0.0,0.0,1,scheduled_duration_under_3h,Under 3 hours,Nelson Mandela International Airport,Praia,Cape Verde,14.9411,-23.4847,False
HEBA,173,18,2.75,4,162,63,11.5,4,335,81,10.4046,38.8889,24.1791,4,scheduled_duration_under_3h,Under 3 hours,Alexandria International Airport,Alexandria,Egypt,30.9181,29.6958,False
HECA,2618,559,5.1333,4,2192,535,5.8333,4,4810,1094,21.3522,24.4069,22.7443,4,scheduled_duration_under_3h,Under 3 hours,Cairo International Airport,Cairo,Egypt,30.1114,31.4139,True
HEGN,398,94,4.9,4,385,43,-2.0,4,783,137,23.6181,11.1688,17.4968,4,scheduled_duration_under_3h,Under 3 hours,Hurghada International Airport,Hurghada,Egypt,27.1786,33.8008,True
HELX,1,0,7.3,1,0,0,,0,1,0,0.0,,0.0,1,scheduled_duration_under_3h,Under 3 hours,Luxor International Airport,Luxor,Egypt,25.6708,32.7064,False
HEMM,23,7,7.6,2,0,0,,0,23,7,30.4348,,30.4348,2,scheduled_duration_under_3h,Under 3 hours,Marsa Matruh International Airport,Marsa Matruh,Egypt,31.3253,27.2217,False
HESH,454,75,3.3833,4,396,19,-8.0,4,850,94,16.5198,4.798,11.0588,4,scheduled_duration_under_3h,Under 3 hours,Sharm El Sheikh International Airport,Sharm El Sheikh,Egypt,27.9786,34.3933,True
HLLB,432,124,6.875,4,443,153,4.6167,4,875,277,28.7037,34.5372,31.6571,4,scheduled_duration_under_3h,Under 3 hours,Benina International Airport,Benina,Libya,32.0969,20.2694,True
HLLM,97,26,4.55,4,368,194,16.0667,4,465,220,26.8041,52.7174,47.3118,4,scheduled_duration_under_3h,Under 3 hours,Mitiga International Airport,Tripoli,Libya,32.8944,13.2778,False
HLLQ,1,0,-0.85,1,0,0,,0,1,0,0.0,,0.0,1,scheduled_duration_under_3h,Under 3 hours,Al Abraq International Airport,Al Albraq,Libya,32.7886,21.9644,False
HLMS,48,3,-5.3667,4,87,47,16.7,4,135,50,6.25,54.023,37.037,4,scheduled_duration_under_3h,Under 3 hours,Misrata International Airport,Misrata,Libya,32.3242,15.0619,False
HLTQ,0,0,,0,1,1,75.2833,1,1,1,,100.0,100.0,1,scheduled_duration_under_3h,Under 3 hours,Tobruk International Airport,Adam,Libya,31.86,23.9061,False
LAKU,62,25,10.5583,2,58,14,8.3,2,120,39,40.3226,24.1379,32.5,2,scheduled_duration_under_3h,Under 3 hours,Kukës International Airport,Kukës,Albania,42.0356,20.4158,False
LATI,5439,981,3.7333,4,5270,606,0.0,4,10709,1587,18.0364,11.4991,14.8193,4,scheduled_duration_under_3h,Under 3 hours,Tirana International Airport Mother Teresa,Rinas,Albania,41.4147,19.7206,True
LBBG,615,82,-1.4167,4,624,111,5.0,4,1239,193,13.3333,17.7885,15.5771,4,scheduled_duration_under_3h,Under 3 hours,Burgas Airport,Burgas,Bulgaria,42.5703,27.5153,True
LBPD,143,60,11.7333,4,82,24,8.4083,4,225,84,41.958,29.2683,37.3333,4,scheduled_duration_under_3h,Under 3 hours,Plovdiv International Airport,Plovdiv,Bulgaria,42.0678,24.8508,False
LBSF,6254,1049,2.4083,4,5724,899,3.0,4,11978,1948,16.7733,15.7058,16.2631,4,scheduled_duration_under_3h,Under 3 hours,Sofia Airport,Sofia,Bulgaria,42.695,23.4083,True
LBWN,1254,129,0.1417,4,1221,144,2.0,4,2475,273,10.2871,11.7936,11.0303,4,scheduled_duration_under_3h,Under 3 hours,Varna Airport,Varna,Bulgaria,43.2319,27.8253,True
LCLK,3597,363,2.2167,4,3324,224,0.6833,4,6921,587,10.0917,6.7389,8.4814,4,scheduled_duration_under_3h,Under 3 hours,Larnaca International Airport,Larnaca,Cyprus,34.8789,33.6303,True
LCPH,1162,100,-1.2167,4,978,72,-3.8,4,2140,172,8.6059,7.362,8.0374,4,scheduled_duration_under_3h,Under 3 hours,Paphos International Airport,Paphos,Cyprus,34.7183,32.485,True
LCRA,13,5,8.6167,4,13,2,0.0333,4,26,7,38.4615,15.3846,26.9231,4,scheduled_duration_under_3h,Under 3 hours,RAF Akrotiri,Akrotiri,Cyprus,34.595,32.9908,False
LDDU,2400,426,4.8333,4,2239,387,3.0,4,4639,813,17.75,17.2845,17.5253,4,scheduled_duration_under_3h,Under 3 hours,Dubrovnik Ruđer Bošković Airport,Čilipi,Croatia,42.5614,18.2683,True
LDOS,98,8,-2.2083,4,98,3,-3.8083,4,196,11,8.1633,3.0612,5.6122,4,scheduled_duration_under_3h,Under 3 hours,Osijek Airport,Klisa,Croatia,45.4628,18.8103,False
LDPL,640,100,3.4417,4,638,140,5.2833,4,1278,240,15.625,21.9436,18.7793,4,scheduled_duration_under_3h,Under 3 hours,Pula Airport,Pula,Croatia,44.8936,13.9222,True
LDRI,286,81,7.6583,4,292,54,4.9083,4,578,135,28.3217,18.4932,23.3564,4,scheduled_duration_under_3h,Under 3 hours,Rijeka Airport,Omišalj,Croatia,45.2169,14.5703,True
LDSB,25,4,1.75,2,25,1,-5.8833,2,50,5,16.0,4.0,10.0,2,scheduled_duration_under_3h,Under 3 hours,Brač Airport,Gornji Humac,Croatia,43.2858,16.6797,False
LDSP,3638,751,5.5,4,3616,585,2.0,4,7254,1336,20.6432,16.1781,18.4174,4,scheduled_duration_under_3h,Under 3 hours,Split Airport,Kaštel Štafilić,Croatia,43.5389,16.2981,True
LDZA,5702,966,3.5417,4,5680,473,1.0,4,11382,1439,16.9414,8.3275,12.6428,4,scheduled_duration_under_3h,Under 3 hours,Zagreb Franjo Tuđman International Airport,Velika Gorica,Croatia,45.7431,16.0689,True
LDZD,1450,345,6.4667,4,1455,262,4.0,4,2905,607,23.7931,18.0069,20.895,4,scheduled_duration_under_3h,Under 3 hours,Zadar Airport,Zemunik Donji (Zadar),Croatia,44.1083,15.3467,True
LEAB,5,0,-22.55,2,1,0,6.0,1,6,0,0.0,0.0,0.0,2,scheduled_duration_under_3h,Under 3 hours,Albacete Airport / Los Llanos Air Base,Albacete,Spain,38.9486,-1.8633,False
LEAL,11443,1685,3.4833,4,11551,1010,3.0,4,22994,2695,14.7252,8.7438,11.7204,4,scheduled_duration_under_3h,Under 3 hours,Alicante-Elche Miguel Hernández Airport,Alicante,Spain,38.2822,-0.5581,True
LEAM,955,67,-0.0333,4,1030,91,4.0,4,1985,158,7.0157,8.835,7.9597,4,scheduled_duration_under_3h,Under 3 hours,Almería Airport,Almería,Spain,36.8439,-2.37,True
LEAS,1812,164,2.4333,4,1806,70,1.0,4,3618,234,9.0508,3.876,6.4677,4,scheduled_duration_under_3h,Under 3 hours,Asturias Airport,Ranón,Spain,43.5636,-6.0347,True
LEBB,6763,571,0.4,4,6657,452,1.0,4,13420,1023,8.443,6.7898,7.623,4,scheduled_duration_under_3h,Under 3 hours,Bilbao Airport,Bilbao,Spain,43.3011,-2.9106,True
LEBL,39310,6149,3.8,4,38639,5759,3.0,4,77949,11908,15.6423,14.9046,15.2767,4,scheduled_duration_under_3h,Under 3 hours,Josep Tarradellas Barcelona-El Prat Airport,Barcelona,Spain,41.2969,2.0783,True
LEBZ,211,10,-1.8,4,212,5,3.0,4,423,15,4.7393,2.3585,3.5461,4,scheduled_duration_under_3h,Under 3 hours,Badajoz Airport,Badajoz,Spain,38.8914,-6.8214,False
LECH,166,22,0.125,4,184,17,1.5,4,350,39,13.253,9.2391,11.1429,4,scheduled_duration_under_3h,Under 3 hours,Castellón-Costa Azahar Airport,Castellón de la Plana,Spain,40.2142,0.0736,False
LECO,1287,154,4.4167,4,1288,54,4.0,4,2575,208,11.9658,4.1925,8.0777,4,scheduled_duration_under_3h,Under 3 hours,A Coruña Airport,Culleredo,Spain,43.3019,-8.3772,True
LEDA,54,1,-5.3,4,52,0,-1.5,4,106,1,1.8519,0.0,0.9434,4,scheduled_duration_under_3h,Under 3 hours,Lleida-Alguaire Airport,Lleida,Spain,41.7281,0.5353,False
LEGE,1249,166,1.1667,4,1255,140,3.0,4,2504,306,13.2906,11.1554,12.2204,4,scheduled_duration_under_3h,Under 3 hours,Girona-Costa Brava Airport,Girona,Spain,41.9008,2.7606,True
LEGR,1202,292,8.6833,4,1201,78,2.0,4,2403,370,24.2928,6.4946,15.3974,4,scheduled_duration_under_3h,Under 3 hours,F.G.L. Airport Granada-Jaén Airport,Granada,Spain,37.1886,-3.7772,True
LEIB,9552,827,-2.2167,4,9719,1099,3.5667,4,19271,1926,8.6579,11.3077,9.9943,4,scheduled_duration_under_3h,Under 3 hours,Ibiza Airport,Ibiza (Eivissa),Spain,38.8728,1.3731,True
LEJR,951,158,4.7333,4,1003,72,2.0,4,1954,230,16.6141,7.1785,11.7707,4,scheduled_duration_under_3h,Under 3 hours,Jerez Airport,Jerez de la Frontera,Spain,36.7447,-6.06,True
LELC,0,0,,0,1,1,17.0,1,1,1,,100.0,100.0,1,scheduled_duration_under_3h,Under 3 hours,San Javier Airport,San Javier,Spain,37.775,-0.8125,False
LELL,0,0,,0,3,0,-2.0,1,3,0,,0.0,0.0,1,scheduled_duration_under_3h,Under 3 hours,,,,41.5208,2.105,False
LELN,125,20,6.3167,4,125,3,3.0,4,250,23,16.0,2.4,9.2,4,scheduled_duration_under_3h,Under 3 hours,León Int'l Airport,La Virgen Del Camino,Spain,42.5886,-5.6561,False
LEMD,43541,6735,3.7167,4,44010,4536,3.0,4,87551,11271,15.4682,10.3067,12.8736,4,scheduled_duration_under_3h,Under 3 hours,Adolfo Suárez Madrid–Barajas Airport,Madrid,Spain,40.4722,-3.5608,True
LEMG,14888,2560,4.5167,4,15442,2032,4.0,4,30330,4592,17.1951,13.1589,15.1401,4,scheduled_duration_under_3h,Under 3 hours,Málaga-Costa del Sol Airport,Málaga,Spain,36.675,-4.4992,True
LEMH,5073,470,0.1667,4,5089,652,0.0,4,10162,1122,9.2647,12.8119,11.0411,4,scheduled_duration_under_3h,Under 3 hours,Menorca Airport,Mahón (Maó),Spain,39.8625,4.2186,True
LEMI,853,41,-6.4833,4,881,60,2.0,4,1734,101,4.8066,6.8104,5.8247,4,scheduled_duration_under_3h,Under 3 hours,Región de Murcia International Airport,Corvera,Spain,37.8031,-1.1247,True
LEPA,29124,4414,1.6,4,28555,5936,3.0,4,57679,10350,15.1559,20.788,17.9441,4,scheduled_duration_under_3h,Under 3 hours,Palma de Mallorca Airport,Palma de Mallorca,Spain,39.5517,2.7389,True
LEPP,357,42,4.7833,4,338,5,1.025,4,695,47,11.7647,1.4793,6.7626,4,scheduled_duration_under_3h,Under 3 hours,Pamplona Airport,Pamplona,Spain,42.77,-1.6464,True
LERJ,60,8,7.6333,4,60,0,0.0,4,120,8,13.3333,0.0,6.6667,4,scheduled_duration_under_3h,Under 3 hours,,,,42.4606,-2.3206,False
LERS,825,135,2.4,4,822,72,2.0,3,1647,207,16.3636,8.7591,12.5683,4,scheduled_duration_under_3h,Under 3 hours,Reus Airport,Reus,Spain,41.1475,1.1672,True
LERT,4,3,24.475,1,3,2,16.0,1,7,5,75.0,66.6667,71.4286,1,scheduled_duration_under_3h,Under 3 hours,Rota Naval Station Airport,Rota,Spain,36.6453,-6.3494,False
LESA,13,1,-8.8333,2,13,2,5.0,2,26,3,7.6923,15.3846,11.5385,2,scheduled_duration_under_3h,Under 3 hours,Salamanca Airport,Salamanca,Spain,40.9519,-5.5019,False
LESJ,1,1,15.6333,1,1,0,-12.35,1,2,1,100.0,0.0,50.0,1,scheduled_duration_under_3h,Under 3 hours,,,,39.5517,2.7389,False
LESO,593,79,5.4667,4,573,21,1.0,4,1166,100,13.3221,3.6649,8.5763,4,scheduled_duration_under_3h,Under 3 hours,San Sebastián Airport,Hondarribia,Spain,43.3564,-1.7906,True
LEST,3741,341,1.0833,4,3749,183,-1.0,4,7490,524,9.1152,4.8813,6.996,4,scheduled_duration_under_3h,Under 3 hours,Santiago-Rosalía de Castro Airport,Santiago de Compostela,Spain,42.8964,-8.4153,True
LESU,31,6,9.3333,4,31,0,-4.0,4,62,6,19.3548,0.0,9.6774,4,scheduled_duration_under_3h,Under 3 hours,Pirineus - la Seu d'Urgel Airport,La Seu d'Urgell Pyrenees and Andorra,Spain,42.3461,1.4147,False
LETL,0,0,,0,1,0,0.0,1,1,0,,0.0,0.0,1,scheduled_duration_under_3h,Under 3 hours,Teruel Airport,Teruel,Spain,40.4119,-1.2175,False
LEVC,9900,1032,1.1333,4,10032,683,1.0,4,19932,1715,10.4242,6.8082,8.6043,4,scheduled_duration_under_3h,Under 3 hours,Valencia Airport,Valencia,Spain,39.4894,-0.4817,True
LEVD,201,38,4.85,4,200,11,1.0,4,401,49,18.9055,5.5,12.2195,4,scheduled_duration_under_3h,Under 3 hours,Valladolid Airport,Valladolid,Spain,41.7061,-4.8519,False
LEVT,1626,157,-0.325,4,1610,107,1.0,4,3236,264,9.6556,6.646,8.1582,4,scheduled_duration_under_3h,Under 3 hours,Vitoria Airport,Alava,Spain,42.8828,-2.7244,True
LEVX,1363,226,6.3333,4,1362,44,3.55,4,2725,270,16.5811,3.2305,9.9083,4,scheduled_duration_under_3h,Under 3 hours,Vigo Airport,Vigo,Spain,42.2292,-8.6275,True
LEXJ,1327,112,1.5833,4,1313,56,1.0,4,2640,168,8.4401,4.265,6.3636,4,scheduled_duration_under_3h,Under 3 hours,Seve Ballesteros-Santander Airport,Santander,Spain,43.4269,-3.82,True
LEZG,852,93,-0.2333,4,669,47,3.0,4,1521,140,10.9155,7.0254,9.2045,4,scheduled_duration_under_3h,Under 3 hours,Zaragoza Airport,Zaragoza,Spain,41.6661,-1.0417,True
LEZL,7801,922,2.7167,4,7990,295,0.0,4,15791,1217,11.819,3.6921,7.7069,4,scheduled_duration_under_3h,Under 3 hours,Sevilla Airport,Sevilla,Spain,37.4181,-5.8989,True
LFAC,1,0,-8.0333,1,0,0,,0,1,0,0.0,,0.0,1,scheduled_duration_under_3h,Under 3 hours,Calais Marck Airport,Calais,France,50.9608,1.9514,False
LFAT,4,0,0.0,2,4,0,0.5,2,8,0,0.0,0.0,0.0,2,scheduled_duration_under_3h,Under 3 hours,Le Touquet-Côte d'Opale Airport,Le Touquet-Paris-Plage,France,50.5147,1.6275,False
LFBA,1,0,12.8833,1,1,0,-2.4833,1,2,0,0.0,0.0,0.0,1,scheduled_duration_under_3h,Under 3 hours,Agen La Garenne airport,Agen,France,44.1747,0.5906,False
LFBD,7238,1170,3.35,4,7277,756,1.0,4,14515,1926,16.1647,10.3889,13.269,4,scheduled_duration_under_3h,Under 3 hours,Bordeaux–Mérignac Airport,Bordeaux,France,44.8286,-0.7153,True
LFBE,279,37,1.75,4,279,41,4.0,4,558,78,13.2616,14.6953,13.9785,4,scheduled_duration_under_3h,Under 3 hours,Bergerac Dordogne-Périgord airport,Bergerac,France,44.8244,0.5206,True
LFBF,2,0,-10.8083,1,4,1,-0.5,2,6,1,0.0,25.0,16.6667,2,scheduled_duration_under_3h,Under 3 hours,,,,43.5492,1.3572,False
LFBH,244,14,-3.3583,4,245,28,4.0,4,489,42,5.7377,11.4286,8.589,4,scheduled_duration_under_3h,Under 3 hours,La Rochelle Île de Ré Airport,La Rochelle,France,46.1792,-1.1953,False
LFBI,242,19,1.35,4,241,27,3.0,4,483,46,7.8512,11.2033,9.5238,4,scheduled_duration_under_3h,Under 3 hours,Poitiers-Biard Airport,Poitiers/Biard,France,46.5875,0.3067,False
LFBL,456,45,-1.0083,4,458,53,2.0,4,914,98,9.8684,11.5721,10.7221,4,scheduled_duration_under_3h,Under 3 hours,Limoges Airport,Limoges/Bellegarde,France,45.8608,1.1803,True
LFBO,10639,1185,0.4,4,10689,1954,6.0,4,21328,3139,11.1383,18.2805,14.7177,4,scheduled_duration_under_3h,Under 3 hours,Toulouse-Blagnac Airport,Toulouse/Blagnac,France,43.635,1.3678,True
LFBP,789,188,6.1667,4,794,50,-2.0,4,1583,238,23.8276,6.2972,15.0347,4,scheduled_duration_under_3h,Under 3 hours,Pau Pyrénées Airport,Pau/Pyrénées (Uzein),France,43.38,-0.4186,True
LFBT,477,44,-0.3667,4,476,50,0.0,4,953,94,9.2243,10.5042,9.8636,4,scheduled_duration_under_3h,Under 3 hours,Tarbes-Lourdes-Pyrénées Airport,Tarbes/Lourdes/Pyrénées,France,43.1856,-0.0028,True
LFBZ,1282,299,6.675,4,1282,115,2.0,4,2564,414,23.3229,8.9704,16.1466,4,scheduled_duration_under_3h,Under 3 hours,Biarritz Pays Basque airport,Biarritz,France,43.4683,-1.5311,True
LFCK,213,31,5.3,4,212,22,-2.0,4,425,53,14.554,10.3774,12.4706,4,scheduled_duration_under_3h,Under 3 hours,Castres Mazamet Airport,Castres,France,43.555,2.2906,False
LFCR,220,34,1.8417,4,221,31,3.0,4,441,65,15.4545,14.0271,14.7392,4,scheduled_duration_under_3h,Under 3 hours,Rodez–Aveyron Airport,Rodez/Marcillac,France,44.4075,2.4833,False
LFEC,181,15,-2.25,4,181,16,-1.0,4,362,31,8.2873,8.8398,8.5635,4,scheduled_duration_under_3h,Under 3 hours,Ouessant Airport,Ushant,France,48.4633,-5.0636,False
LFFJ,1,1,139.7167,1,0,0,,0,1,1,100.0,,100.0,1,scheduled_duration_under_3h,Under 3 hours,,,,48.3853,5.1433,False
LFGJ,104,14,-0.7,4,81,18,9.0,4,185,32,13.4615,22.2222,17.2973,4,scheduled_duration_under_3h,Under 3 hours,Dole Tavaux Airport,Dole,France,47.0428,5.435,False
LFHP,103,17,6.45,4,103,8,2.0,4,206,25,16.5049,7.767,12.1359,4,scheduled_duration_under_3h,Under 3 hours,Le Puy-Loudes Airfield,"Chaspuzac, Haute-Loire",France,45.0797,3.7633,False
LFJL,256,20,-5.7083,4,253,31,2.0,4,509,51,7.8125,12.253,10.0196,4,scheduled_duration_under_3h,Under 3 hours,Metz-Nancy-Lorraine Airport,Goin,France,48.9783,6.2467,True
LFJR,3,0,2.0,1,3,2,31.0,1,6,2,0.0,66.6667,33.3333,1,scheduled_duration_under_3h,Under 3 hours,Angers Marcé airport,Angers,France,47.5603,-0.3122,False
LFKB,2047,292,1.8,4,2042,224,0.0,4,4089,516,14.2648,10.9696,12.6192,4,scheduled_duration_under_3h,Under 3 hours,Bastia Poretta airport,Bastia,France,42.55,9.4847,True
LFKC,571,56,-0.1667,4,573,36,-3.0,4,1144,92,9.8074,6.2827,8.042,4,scheduled_duration_under_3h,Under 3 hours,Calvi Sainte Catherine Airport,Calvi,France,42.5244,8.7931,True
LFKF,1137,169,-0.5333,4,1141,152,-1.0,4,2278,321,14.8637,13.3216,14.0913,4,scheduled_duration_under_3h,Under 3 hours,Figari Sud-Corse Airport,Figari,France,41.5022,9.0967,True
LFKJ,2221,198,-2.7833,4,2205,244,1.0,4,4426,442,8.9149,11.0658,9.9864,4,scheduled_duration_under_3h,Under 3 hours,Ajaccio Napoléon Bonaparte airport,Ajaccio,France,41.9239,8.8025,True
LFLB,173,54,6.4167,2,172,65,9.5,2,345,119,31.2139,37.7907,34.4928,2,scheduled_duration_under_3h,Under 3 hours,Chambéry Aix les Bains airport,Chambéry,France,45.6392,5.88,False
LFLC,422,121,7.5583,4,428,50,2.0,4,850,171,28.673,11.6822,20.1176,4,scheduled_duration_under_3h,Under 3 hours,Clermont-Ferrand Auvergne airport,Clermont-Ferrand,France,45.7861,3.1625,True
LFLL,12328,1718,1.7167,4,12631,2090,3.0,4,24959,3808,13.9358,16.5466,15.257,4,scheduled_duration_under_3h,Under 3 hours,Lyon Saint-Exupéry Airport,"Colombier-Saugnieu, Rhône",France,45.726,5.081,True
LFLS,239,29,-2.8,2,240,61,6.0,2,479,90,12.1339,25.4167,18.7891,2,scheduled_duration_under_3h,Under 3 hours,Grenoble Alpes Isère Airport,Grenoble,France,45.3631,5.3328,False
LFLU,1,0,7.9667,1,0,0,,0,1,0,0.0,,0.0,1,scheduled_duration_under_3h,Under 3 hours,Valence-Chabeuil Airport,"Chabeuil, Drôme",France,44.9156,4.9686,False
LFLW,183,27,3.6333,4,183,13,-5.0,4,366,40,14.7541,7.1038,10.929,4,scheduled_duration_under_3h,Under 3 hours,Aurillac airport,Aurillac,France,44.8975,2.4167,False
LFLX,4,0,-0.6,2,2,0,3.5,1,6,0,0.0,0.0,0.0,2,scheduled_duration_under_3h,Under 3 hours,Châteauroux Déols airport,Châteauroux,France,46.8603,1.7211,False
LFLY,2,1,10.9667,1,0,0,,0,2,1,50.0,,50.0,1,scheduled_duration_under_3h,Under 3 hours,Lyon Bron Airport,"Chassieu, Lyon",France,45.729,4.939,False
LFMI,1,0,-85.4667,1,1,0,-82.35,1,2,0,0.0,0.0,0.0,1,scheduled_duration_under_3h,Under 3 hours,,,,43.5225,4.9242,False
LFMK,312,55,2.1333,4,312,46,4.0,4,624,101,17.6282,14.7436,16.1859,4,scheduled_duration_under_3h,Under 3 hours,Carcassonne Salvaza Airport,Carcassonne,France,43.2158,2.3086,True
LFML,12801,2415,3.7,4,13169,2955,7.0,4,25970,5370,18.8657,22.4391,20.6777,4,scheduled_duration_under_3h,Under 3 hours,Marseille Provence Airport,"Marignane, Bouches-du-Rhône",France,43.4367,5.215,True
LFMN,14834,2180,0.45,4,15056,3976,6.0,4,29890,6156,14.696,26.4081,20.5955,4,scheduled_duration_under_3h,Under 3 hours,Nice-Côte d'Azur Airport,"Nice, Alpes-Maritimes",France,43.6653,7.215,True
LFMP,499,81,2.6667,4,500,56,3.0,4,999,137,16.2325,11.2,13.7137,4,scheduled_duration_under_3h,Under 3 hours,Perpignan-Rivesaltes (Llabanère) Airport,Perpignan/Rivesaltes,France,42.7408,2.8697,True
LFMT,2353,283,-0.4833,4,2381,274,1.0,4,4734,557,12.0272,11.5078,11.7659,4,scheduled_duration_under_3h,Under 3 hours,Montpellier-Méditerranée Airport,Montpellier/Méditerranée,France,43.5833,3.9614,True
LFMU,230,42,3.675,4,231,53,9.0,4,461,95,18.2609,22.9437,20.6074,4,scheduled_duration_under_3h,Under 3 hours,Béziers Vias airport,Béziers,France,43.3233,3.3533,False
LFMV,13,4,11.1667,2,13,4,10.0,2,26,8,30.7692,30.7692,30.7692,2,scheduled_duration_under_3h,Under 3 hours,Avignon Caumont airport,Avignon,France,43.9067,4.9019,False
LFOB,4295,691,0.9667,4,4477,732,3.0,4,8772,1423,16.0885,16.3502,16.2221,4,scheduled_duration_under_3h,Under 3 hours,Beauvais Tillé airport,Beauvais,France,49.4544,2.1128,True
LFOK,53,10,-3.2333,4,56,4,0.0,4,109,14,18.8679,7.1429,12.844,4,scheduled_duration_under_3h,Under 3 hours,Chalons Vatry airport,Chalons en Champagne,France,48.773,4.206,False
LFOT,190,62,5.9083,4,188,59,9.3167,4,378,121,32.6316,31.383,32.0106,4,scheduled_duration_under_3h,Under 3 hours,Tours Val de Loire Airport,"Tours, Indre-et-Loire",France,47.4319,0.7231,False
LFPB,11,3,0.5,4,9,1,4.0,4,20,4,27.2727,11.1111,20.0,4,scheduled_duration_under_3h,Under 3 hours,Paris-Le Bourget Airport,Paris,France,48.9694,2.4414,False
LFPG,47133,9039,5.2333,4,47358,11977,6.0,4,94491,21016,19.1776,25.2903,22.2413,4,scheduled_duration_under_3h,Under 3 hours,Charles de Gaulle International Airport,"Paris (Roissy-en-France, Val-d'Oise)",France,49.0097,2.5478,True
LFPM,0,0,,0,1,0,12.0,1,1,0,,0.0,0.0,1,scheduled_duration_under_3h,Under 3 hours,,,,48.605,2.671,False
LFPO,28309,4565,3.1167,4,28199,4733,3.0,4,56508,9298,16.1256,16.7843,16.4543,4,scheduled_duration_under_3h,Under 3 hours,Paris-Orly Airport,"Paris (Orly, Val-de-Marne)",France,48.7233,2.3794,True
LFQQ,2075,245,-0.4333,4,2112,420,5.0,4,4187,665,11.8072,19.8864,15.8825,4,scheduled_duration_under_3h,Under 3 hours,Lille Airport,Lesquin,France,50.5633,3.0869,True
LFQT,3,3,60.75,1,3,0,0.0,1,6,3,100.0,0.0,50.0,1,scheduled_duration_under_3h,Under 3 hours,Merville-Calonne Airport,"Merville, Nord",France,50.6167,2.64,False
LFRB,1490,252,2.9917,4,1481,138,2.0,4,2971,390,16.9128,9.318,13.1269,4,scheduled_duration_under_3h,Under 3 hours,Brest Bretagne airport,Brest,France,48.4472,-4.4217,True
LFRD,2,0,-4.0,1,4,0,-4.0,1,6,0,0.0,0.0,0.0,1,scheduled_duration_under_3h,Under 3 hours,Dinard Pleurtuit Saint-Malo airport,Dinard,France,48.5878,-2.08,False
LFRG,48,7,2.975,2,64,5,4.5,2,112,12,14.5833,7.8125,10.7143,2,scheduled_duration_under_3h,Under 3 hours,Deauville Normandie airport,Deauville,France,49.3633,0.16,False
LFRH,66,4,-5.8667,4,66,2,-9.5,4,132,6,6.0606,3.0303,4.5455,4,scheduled_duration_under_3h,Under 3 hours,Lorient South Brittany (Bretagne Sud) Airport,Lorient/Lann/Bihoué,France,47.7606,-3.44,False
LFRK,468,147,9.7833,4,470,58,3.0,4,938,205,31.4103,12.3404,21.855,4,scheduled_duration_under_3h,Under 3 hours,Caen Carpiquet airport,Caen,France,49.1733,-0.45,True
LFRM,2,0,-2.7,1,3,1,10.0,1,5,1,0.0,33.3333,20.0,1,scheduled_duration_under_3h,Under 3 hours,Le Mans-Arnage Airport,"Le Mans, Sarthe",France,47.9486,0.2017,False
LFRN,1279,215,2.65,4,1290,113,1.0,4,2569,328,16.81,8.7597,12.7676,4,scheduled_duration_under_3h,Under 3 hours,Rennes-Saint-Jacques Airport,"Saint-Jacques-de-la-Lande, Ille-et-Vilaine",France,48.0719,-1.7322,True
LFRQ,166,14,-0.9083,4,166,13,-3.0,4,332,27,8.4337,7.8313,8.1325,4,scheduled_duration_under_3h,Under 3 hours,Quimper-Cornouaille Airport,Quimper/Pluguffan,France,47.975,-4.1678,False
LFRS,6780,1013,2.6333,4,6781,566,1.0,4,13561,1579,14.941,8.3469,11.6437,4,scheduled_duration_under_3h,Under 3 hours,Nantes Atlantique Airport,Nantes,France,47.1569,-1.6078,True
LFRT,2,0,-5.6167,2,2,0,-5.0,2,4,0,0.0,0.0,0.0,2,scheduled_duration_under_3h,Under 3 hours,Saint-Brieuc-Armor Airport,"Trémuson, Côtes-d'Armor",France,48.5375,-2.8567,False
LFRV,1,1,54.95,1,0,0,,0,1,1,100.0,,100.0,1,scheduled_duration_under_3h,Under 3 hours,Vannes-Meucon Airport,Vannes/Meucon,France,47.7192,-2.7233,False
LFRZ,95,4,-9.65,4,93,3,-5.0,4,188,7,4.2105,3.2258,3.7234,4,scheduled_duration_under_3h,Under 3 hours,Saint-Nazaire-Montoir Airport,Saint-Nazaire/Montoir,France,47.3106,-2.1567,False
LFSB,7999,1087,-0.2,4,8507,1374,3.1333,4,16506,2461,13.5892,16.1514,14.9097,4,scheduled_duration_under_3h,Under 3 hours,EuroAirport Basel–Mulhouse–Freiburg,Bâle / Mulhouse,France,47.59,7.5292,True
LFSD,0,0,,0,1,0,2.0,1,1,0,,0.0,0.0,1,scheduled_duration_under_3h,Under 3 hours,Dijon Longvic airport,Dijon,France,47.2658,5.095,False
LFSL,276,40,4.6167,4,279,26,0.0,4,555,66,14.4928,9.319,11.8919,4,scheduled_duration_under_3h,Under 3 hours,Brive Souillac airport,Brive,France,45.0397,1.4856,True
LFST,1507,229,2.05,4,1548,187,2.0,4,3055,416,15.1958,12.0801,13.617,4,scheduled_duration_under_3h,Under 3 hours,Strasbourg Airport,Strasbourg,France,48.5419,7.6344,True
LFTH,550,111,5.0,4,551,84,3.0,4,1101,195,20.1818,15.245,17.7112,4,scheduled_duration_under_3h,Under 3 hours,Toulon-Hyères Airport,"Hyères, Var",France,43.0972,6.1461,True
LFTW,203,44,3.3333,4,202,56,9.0,4,405,100,21.6749,27.7228,24.6914,4,scheduled_duration_under_3h,Under 3 hours,Nîmes-Arles-Camargue Airport,Nîmes/Garons,France,43.7575,4.4164,False
LGAD,1,0,-34.7333,1,1,0,7.0,1,2,0,0.0,0.0,0.0,1,scheduled_duration_under_3h,Under 3 hours,,,,37.9253,21.2914,False
LGAL,585,6,-9.5333,4,585,28,0.3667,4,1170,34,1.0256,4.7863,2.906,4,scheduled_duration_under_3h,Under 3 hours,Alexandroupoli Democritus Airport,Alexandroupolis,Greece,40.8558,25.9561,True
LGAV,26761,3196,1.1,4,24270,719,-2.65,4,51031,3915,11.9428,2.9625,7.6718,4,scheduled_duration_under_3h,Under 3 hours,Athens Eleftherios Venizelos International Airport,Spata-Artemida,Greece,37.9367,23.9444,True
LGBL,24,4,2.75,2,26,5,3.5,2,50,9,16.6667,19.2308,18.0,2,scheduled_duration_under_3h,Under 3 hours,Nea Anchialos National Airport,Nea Anchialos,Greece,39.2194,22.7944,False
LGEL,6,1,-0.925,3,4,0,-1.9917,3,10,1,16.6667,0.0,10.0,3,scheduled_duration_under_3h,Under 3 hours,,,,38.069,23.554,False
LGHI,797,14,-7.2667,4,799,38,0.7,4,1596,52,1.7566,4.7559,3.2581,4,scheduled_duration_under_3h,Under 3 hours,Chios Island National Airport,Chios Island,Greece,38.3433,26.1406,True
LGIK,252,0,-15.425,4,251,4,-1.2333,4,503,4,0.0,1.5936,0.7952,4,scheduled_duration_under_3h,Under 3 hours,Ikaria Airport,Ikaria Island,Greece,37.6836,26.3478,True
LGIO,200,3,-4.525,4,196,24,5.0,4,396,27,1.5,12.2449,6.8182,4,scheduled_duration_under_3h,Under 3 hours,Ioannina King Pyrrhus National Airport,Ioannina,Greece,39.6972,20.8219,False
LGIR,3843,394,-0.35,4,3096,357,2.0,4,6939,751,10.2524,11.531,10.8229,4,scheduled_duration_under_3h,Under 3 hours,Heraklion International Nikos Kazantzakis Airport,Heraklion,Greece,35.3397,25.1803,True
LGKA,51,1,0.0,4,51,2,-1.2667,4,102,3,1.9608,3.9216,2.9412,4,scheduled_duration_under_3h,Under 3 hours,Kastoria National Airport Aristotle,Argos Orestiko,Greece,40.4464,21.2811,False
LGKC,148,5,-2.1083,4,149,13,3.0,4,297,18,3.3784,8.7248,6.0606,4,scheduled_duration_under_3h,Under 3 hours,Kithira Airport,Kithira Island,Greece,36.2742,23.0167,False
LGKF,566,122,3.2833,4,505,58,0.0,4,1071,180,21.5548,11.4851,16.8067,4,scheduled_duration_under_3h,Under 3 hours,Kefallinia Airport,Kefallinia Island,Greece,38.12,20.5006,True
LGKJ,75,0,-20.0,4,75,3,0.0,4,150,3,0.0,4.0,2.0,4,scheduled_duration_under_3h,Under 3 hours,Kastelorizo Airport,Kastelorizo Island,Greece,36.1417,29.5764,False
LGKL,319,83,5.05,4,261,29,3.0,4,580,112,26.0188,11.1111,19.3103,4,scheduled_duration_under_3h,Under 3 hours,Kalamata Airport,Kalamata,Greece,37.0683,22.0253,True
LGKO,1564,202,0.1083,4,1163,180,2.7,4,2727,382,12.9156,15.4772,14.0081,4,scheduled_duration_under_3h,Under 3 hours,Kos Airport,Kos Island,Greece,36.7947,27.0911,True
LGKP,460,18,-7.5583,4,484,28,0.0,4,944,46,3.913,5.7851,4.8729,4,scheduled_duration_under_3h,Under 3 hours,Karpathos Airport,Karpathos Island,Greece,35.4211,27.1458,True
LGKR,2999,635,4.6167,4,2744,522,4.0,4,5743,1157,21.1737,19.0233,20.1463,4,scheduled_duration_under_3h,Under 3 hours,Corfu Ioannis Kapodistrias International Airport,Kerkyra (Corfu),Greece,39.6019,19.9122,True
LGKS,78,1,0.0,4,76,0,0.0,4,154,1,1.2821,0.0,0.6494,4,scheduled_duration_under_3h,Under 3 hours,Kasos Airport,Kasos Island,Greece,35.4214,26.91,False
LGKV,287,65,3.7167,4,292,76,8.0,4,579,141,22.6481,26.0274,24.3523,4,scheduled_duration_under_3h,Under 3 hours,Kavala Alexander the Great International Airport,Kavala,Greece,40.9139,24.6197,True
LGKY,154,0,-8.6,4,152,4,0.0,4,306,4,0.0,2.6316,1.3072,4,scheduled_duration_under_3h,Under 3 hours,Kalymnos Airport,Kalymnos Island,Greece,36.9633,26.9406,False
LGKZ,52,4,-7.375,4,53,3,0.0,4,105,7,7.6923,5.6604,6.6667,4,scheduled_duration_under_3h,Under 3 hours,Kozani National Airport Filippos,Kozani,Greece,40.2858,21.8417,False
LGLE,176,1,-9.1333,4,173,4,0.0,4,349,5,0.5682,2.3121,1.4327,4,scheduled_duration_under_3h,Under 3 hours,Leros Airport,Leros Island,Greece,37.185,26.8,False
LGLM,449,12,-12.8833,4,450,19,-1.6583,4,899,31,2.6726,4.2222,3.4483,4,scheduled_duration_under_3h,Under 3 hours,Limnos Airport,Limnos Island,Greece,39.9172,25.2364,True
LGMG,5,1,-0.9833,2,6,1,-3.4167,3,11,2,20.0,16.6667,18.1818,3,scheduled_duration_under_3h,Under 3 hours,,,,37.9814,23.3661,False
LGMK,1708,242,1.1917,4,1579,62,-3.0,4,3287,304,14.1686,3.9265,9.2486,4,scheduled_duration_under_3h,Under 3 hours,Mykonos Island National Airport,Mykonos,Greece,37.4372,25.3472,True
LGML,406,4,-10.8,4,406,28,2.0,4,812,32,0.9852,6.8966,3.9409,4,scheduled_duration_under_3h,Under 3 hours,Milos Airport,Milos Island,Greece,36.6969,24.4769,True
LGMT,937,12,-7.6667,4,900,70,0.8583,4,1837,82,1.2807,7.7778,4.4638,4,scheduled_duration_under_3h,Under 3 hours,Mytilene International Airport,Mytilene,Greece,39.0578,26.5986,True
LGNX,532,0,-13.7833,4,536,21,0.0,4,1068,21,0.0,3.9179,1.9663,4,scheduled_duration_under_3h,Under 3 hours,Naxos Island National Airport,Naxos,Greece,37.0811,25.3681,True
LGPA,854,5,-8.0083,4,853,86,1.0,4,1707,91,0.5855,10.0821,5.331,4,scheduled_duration_under_3h,Under 3 hours,Paros National Airport,Paros,Greece,37.0208,25.1131,True
LGPL,148,1,-3.625,4,147,7,0.0,4,295,8,0.6757,4.7619,2.7119,4,scheduled_duration_under_3h,Under 3 hours,Astypalaia Airport,Astypalaia Island,Greece,36.58,26.3753,False
LGPZ,533,116,4.7333,4,500,90,3.3333,4,1033,206,21.7636,18.0,19.9419,4,scheduled_duration_under_3h,Under 3 hours,Aktion National Airport,Preveza,Greece,38.9256,20.765,True
LGRP,2590,192,-1.4333,4,2072,157,-2.0,4,4662,349,7.4131,7.5772,7.4861,4,scheduled_duration_under_3h,Under 3 hours,Diagoras Airport,Rhodes,Greece,36.4053,28.0861,True
LGRX,73,25,6.45,2,73,12,5.0,2,146,37,34.2466,16.4384,25.3425,2,scheduled_duration_under_3h,Under 3 hours,Patras Araxos Agamemnon Airport,Patras,Greece,38.1511,21.4256,False
LGSA,1816,301,0.3583,4,1568,97,-2.3167,4,3384,398,16.5749,6.1862,11.7612,4,scheduled_duration_under_3h,Under 3 hours,Chania International Airport,Souda,Greece,35.5314,24.1511,True
LGSK,374,46,0.175,4,360,40,0.3667,4,734,86,12.2995,11.1111,11.7166,4,scheduled_duration_under_3h,Under 3 hours,Skiathos Island National Airport,Skiathos,Greece,39.1775,23.5036,True
LGSM,666,18,-13.725,4,654,48,-0.975,4,1320,66,2.7027,7.3394,5.0,4,scheduled_duration_under_3h,Under 3 hours,Samos Airport,Samos Island,Greece,37.6892,26.9122,True
LGSO,80,2,-10.7,4,79,1,3.0,4,159,3,2.5,1.2658,1.8868,4,scheduled_duration_under_3h,Under 3 hours,Syros Airport,Syros Island,Greece,37.4231,24.95,False
LGSR,2786,249,-0.75,4,2529,92,-1.0,4,5315,341,8.9375,3.6378,6.4158,4,scheduled_duration_under_3h,Under 3 hours,Santorini Airport,Santorini Island,Greece,36.3992,25.4792,True
LGST,154,2,-13.3333,4,153,8,1.0,4,307,10,1.2987,5.2288,3.2573,4,scheduled_duration_under_3h,Under 3 hours,Sitia Airport,Crete Island,Greece,35.2161,26.1011,False
LGSY,119,4,-19.0,4,119,8,0.0,4,238,12,3.3613,6.7227,5.042,4,scheduled_duration_under_3h,Under 3 hours,Skiros Airport,Skiros Island,Greece,38.9675,24.4875,False
LGTG,3,1,-12.8167,2,3,0,-4.0,1,6,1,33.3333,0.0,16.6667,2,scheduled_duration_under_3h,Under 3 hours,,,,38.332,23.549,False
LGTS,6979,667,-2.5333,4,6687,694,0.0,4,13666,1361,9.5572,10.3783,9.959,4,scheduled_duration_under_3h,Under 3 hours,Thessaloniki Macedonia International Airport,Thessaloniki,Greece,40.5197,22.9708,True
LGZA,986,232,6.0917,4,826,114,1.0,4,1812,346,23.5294,13.8015,19.0949,4,scheduled_duration_under_3h,Under 3 hours,Zakynthos International Airport Dionysios Solomos,Zakynthos,Greece,37.751,20.884,True
LHBP,12414,2206,3.6667,4,12818,2289,4.0,4,25232,4495,17.7703,17.8577,17.8147,4,scheduled_duration_under_3h,Under 3 hours,Budapest Liszt Ferenc International Airport,Budapest,Hungary,47.4394,19.2619,True
LHDC,279,32,-4.1667,4,313,58,-0.3333,4,592,90,11.4695,18.5304,15.2027,4,scheduled_duration_under_3h,Under 3 hours,Debrecen International Airport,Debrecen,Hungary,47.4889,21.6153,True
LHPR,4,0,1.0333,2,2,0,4.5,1,6,0,0.0,0.0,0.0,2,scheduled_duration_under_3h,Under 3 hours,,,,47.627,17.808,False
LHSM,13,7,16.7,2,14,4,11.0,2,27,11,53.8462,28.5714,40.7407,2,scheduled_duration_under_3h,Under 3 hours,Hévíz–Balaton Airport,Sármellék,Hungary,46.6864,17.1592,False
LIBC,167,48,7.05,4,167,8,5.0,4,334,56,28.7425,4.7904,16.7665,4,scheduled_duration_under_3h,Under 3 hours,Crotone Sant'Anna Pythagoras Airport,Isola di Capo Rizzuto (KR),Italy,38.9967,17.0792,False
LIBD,7426,857,1.7,4,7405,649,1.0,4,14831,1506,11.5405,8.7643,10.1544,4,scheduled_duration_under_3h,Under 3 hours,Bari Karol Wojtyła International Airport,Bari,Italy,41.138,16.765,True
LIBF,37,7,6.7833,2,37,1,5.0,2,74,8,18.9189,2.7027,10.8108,2,scheduled_duration_under_3h,Under 3 hours,Foggia Gino Lisa Airport,Foggia (FG),Italy,41.4333,15.5347,False
LIBP,910,73,-2.15,4,917,93,2.0,4,1827,166,8.022,10.1418,9.0859,4,scheduled_duration_under_3h,Under 3 hours,Abruzzo Airport,Pescara,Italy,42.4372,14.1872,True
LIBR,3603,492,2.8667,4,3584,186,-2.0,4,7187,678,13.6553,5.1897,9.4337,4,scheduled_duration_under_3h,Under 3 hours,Brindisi Airport,Brindisi,Italy,40.6606,17.9481,True
LICA,3141,396,2.0333,4,3150,155,-2.0,4,6291,551,12.6074,4.9206,8.7585,4,scheduled_duration_under_3h,Under 3 hours,Lamezia Terme Sant'Eufemia International Airport,Lamezia Terme (CZ),Italy,38.9083,16.2417,True
LICB,406,69,6.35,4,404,19,3.0,4,810,88,16.9951,4.703,10.8642,4,scheduled_duration_under_3h,Under 3 hours,Comiso Airport,Comiso,Italy,36.996,14.609,True
LICC,10943,1366,0.3833,4,10913,709,-2.0,4,21856,2075,12.4829,6.4968,9.494,4,scheduled_duration_under_3h,Under 3 hours,Catania-Fontanarossa Airport,Catania,Italy,37.4667,15.0639,True
LICD,713,39,-9.7667,4,715,59,0.5833,4,1428,98,5.4698,8.2517,6.8627,4,scheduled_duration_under_3h,Under 3 hours,Lampedusa Airport,Lampedusa,Italy,35.4981,12.6183,True
LICG,631,10,-9.0167,4,632,3,-3.0,4,1263,13,1.5848,0.4747,1.0293,4,scheduled_duration_under_3h,Under 3 hours,Pantelleria Airport,Pantelleria (TP),Italy,36.8131,11.9608,True
LICJ,8432,829,0.9583,4,8428,369,-2.0,4,16860,1198,9.8316,4.3783,7.1056,4,scheduled_duration_under_3h,Under 3 hours,Falcone–Borsellino Airport,Palermo,Italy,38.1819,13.0994,True
LICK,1,0,11.0,1,1,0,0.0,1,2,0,0.0,0.0,0.0,1,scheduled_duration_under_3h,Under 3 hours,,,,39.7806,15.8167,False
LICR,384,21,0.625,4,384,9,-3.0,4,768,30,5.4688,2.3438,3.9062,4,scheduled_duration_under_3h,Under 3 hours,Reggio Calabria Airport,Reggio Calabria,Italy,38.0719,15.6536,True
LICT,1218,112,0.4167,4,1206,59,-3.0,4,2424,171,9.1954,4.8922,7.0545,4,scheduled_duration_under_3h,Under 3 hours,Vincenzo Florio Airport Trapani-Birgi,Trapani (TP),Italy,37.9119,12.4933,True
LICZ,9,7,51.9,3,8,5,19.0,2,17,12,77.7778,62.5,70.5882,3,scheduled_duration_under_3h,Under 3 hours,,,,37.4058,14.9239,False
LIEA,1849,146,-0.1667,4,1852,92,-0.4167,4,3701,238,7.8962,4.9676,6.4307,4,scheduled_duration_under_3h,Under 3 hours,Alghero-Fertilia Airport,Alghero,Italy,40.6311,8.2886,True
LIEE,5298,497,0.9,4,5302,322,-1.0,4,10600,819,9.3809,6.0732,7.7264,4,scheduled_duration_under_3h,Under 3 hours,Cagliari Elmas Airport,Cagliari,Italy,39.2472,9.0561,True
LIEO,3669,170,-6.4833,4,3697,326,-2.5167,4,7366,496,4.6334,8.818,6.7336,4,scheduled_duration_under_3h,Under 3 hours,Olbia Costa Smeralda Airport,Olbia (SS),Italy,40.8986,9.5178,True
LILE,0,0,,0,1,0,-40.85,1,1,0,,0.0,0.0,1,scheduled_duration_under_3h,Under 3 hours,,,,45.4958,8.1025,False
LIMC,24244,1067,-10.9333,4,24276,4202,4.0,4,48520,5269,4.4011,17.3093,10.8594,4,scheduled_duration_under_3h,Under 3 hours,Milan Malpensa International Airport,Ferno (VA),Italy,45.63,8.7231,True
LIME,13242,1127,-2.3333,4,13173,2274,5.0,4,26415,3401,8.5108,17.2626,12.8753,4,scheduled_duration_under_3h,Under 3 hours,Milan Bergamo Airport / Antonio Locatelli Air Base,Orio al Serio (BG),Italy,45.6689,9.7003,True
LIMF,5487,707,1.8667,4,5455,420,0.0,4,10942,1127,12.885,7.6994,10.2998,4,scheduled_duration_under_3h,Under 3 hours,Turin Airport,Caselle Torinese (TO),Italy,45.2025,7.6494,True
LIMJ,1571,180,1.7167,4,1570,143,1.0,4,3141,323,11.4577,9.1083,10.2833,4,scheduled_duration_under_3h,Under 3 hours,Genoa Cristoforo Colombo Airport,Genova (GE),Italy,44.4133,8.8375,True
LIML,13066,1608,1.2667,4,13075,2046,4.0,4,26141,3654,12.3068,15.6482,13.978,4,scheduled_duration_under_3h,Under 3 hours,Milano Linate Airport,Segrate (MI),Italy,45.4494,9.2783,True
LIMP,139,9,-3.8833,4,140,1,1.0,4,279,10,6.4748,0.7143,3.5842,4,scheduled_duration_under_3h,Under 3 hours,Parma Airport,Parma (PR),Italy,44.8222,10.2953,False
LIMZ,204,16,-1.75,4,194,8,-1.5,4,398,24,7.8431,4.1237,6.0302,4,scheduled_duration_under_3h,Under 3 hours,Cuneo International Airport,Levaldigi (CN),Italy,44.5475,7.6231,False
LIPB,264,33,3.175,4,270,12,1.0,4,534,45,12.5,4.4444,8.427,4,scheduled_duration_under_3h,Under 3 hours,Bolzano Airport,Bolzano (BZ),Italy,46.4603,11.3264,True
LIPE,10276,1514,2.5,4,10035,1052,1.0,4,20311,2566,14.7334,10.4833,12.6335,4,scheduled_duration_under_3h,Under 3 hours,Bologna Guglielmo Marconi Airport,Bologna,Italy,44.5308,11.2969,True
LIPH,2695,289,-1.8667,4,2713,333,2.0,4,5408,622,10.7236,12.2742,11.5015,4,scheduled_duration_under_3h,Under 3 hours,Treviso Antonio Canova Airport,Treviso (TV),Italy,45.6508,12.1978,True
LIPK,165,11,-3.8333,4,168,6,-2.0,4,333,17,6.6667,3.5714,5.1051,4,scheduled_duration_under_3h,Under 3 hours,Forlì Luigi Ridolfi Airport,Forlì (FC),Italy,44.1956,12.0697,False
LIPL,0,0,,0,1,1,16.8833,1,1,1,,100.0,100.0,1,scheduled_duration_under_3h,Under 3 hours,,,,45.436,10.27,False
LIPN,0,0,,0,1,1,40.0,1,1,1,,100.0,100.0,1,scheduled_duration_under_3h,Under 3 hours,,,,45.473,10.927,False
LIPO,775,26,-5.7167,4,772,28,1.0,4,1547,54,3.3548,3.6269,3.4906,4,scheduled_duration_under_3h,Under 3 hours,Brescia Gabriele d'Annunzio Airport,Montichiari (BS),Italy,45.4289,10.3306,True
LIPQ,951,97,2.4167,4,949,57,-1.0,4,1900,154,10.1998,6.0063,8.1053,4,scheduled_duration_under_3h,Under 3 hours,Trieste–Friuli Venezia Giulia Airport,Ronchi dei Legionari (GO),Italy,45.8275,13.4722,True
LIPR,213,27,-1.0,4,214,23,0.0,4,427,50,12.6761,10.7477,11.7096,4,scheduled_duration_under_3h,Under 3 hours,Federico Fellini International Airport,Rimini (RN),Italy,44.0194,12.6094,False
LIPX,3351,343,-1.05,4,3343,365,-1.0,4,6694,708,10.2358,10.9183,10.5766,4,scheduled_duration_under_3h,Under 3 hours,Verona Villafranca Valerio Catullo Airport,Caselle (VR),Italy,45.3964,10.8878,True
LIPY,797,95,0.8667,4,798,58,2.0,4,1595,153,11.9197,7.2682,9.5925,4,scheduled_duration_under_3h,Under 3 hours,Marche Airport,Falconara Marittima (AN),Italy,43.6167,13.3603,True
LIPZ,11205,724,-6.35,4,11073,1982,4.0,4,22278,2706,6.4614,17.8994,12.1465,4,scheduled_duration_under_3h,Under 3 hours,Venice Marco Polo Airport,Venezia (VE),Italy,45.5053,12.3519,True
LIRA,3546,538,1.4833,4,3467,441,1.0,4,7013,979,15.172,12.7199,13.9598,4,scheduled_duration_under_3h,Under 3 hours,Ciampino–G. B. Pastine International Airport,Rome,Italy,41.7994,12.5972,True
LIRF,30210,1711,-5.8333,4,30070,4739,4.0,4,60280,6450,5.6637,15.7599,10.7001,4,scheduled_duration_under_3h,Under 3 hours,Rome–Fiumicino Leonardo da Vinci International Airport,Rome,Italy,41.8003,12.2389,True
LIRJ,129,0,-17.65,4,129,3,2.0,4,258,3,0.0,2.3256,1.1628,4,scheduled_duration_under_3h,Under 3 hours,Marina di Campo Airport,Campo nell'Elba (LI),Italy,42.7611,10.2397,False
LIRN,11460,1255,-0.35,4,11417,2051,5.0,4,22877,3306,10.9511,17.9644,14.4512,4,scheduled_duration_under_3h,Under 3 hours,Naples International Airport,Napoli,Italy,40.8844,14.2908,True
LIRP,5015,755,1.4,4,5057,881,3.0,4,10072,1636,15.0548,17.4214,16.2431,4,scheduled_duration_under_3h,Under 3 hours,Pisa International Airport,Pisa (PI),Italy,43.6828,10.3956,True
LIRQ,3725,739,3.9667,4,3692,690,5.0,4,7417,1429,19.8389,18.6891,19.2665,4,scheduled_duration_under_3h,Under 3 hours,"Florence Airport, Peretola",Firenze (FI),Italy,43.8086,11.2028,True
LIRS,2,0,10.0917,1,2,1,11.0,1,4,1,0.0,50.0,25.0,1,scheduled_duration_under_3h,Under 3 hours,Grosseto Corrado Baccarini Air Base / Grosseto Airport,Grosseto (GR),Italy,42.7597,11.0719,False
LIRU,1,0,-0.75,1,0,0,,0,1,0,0.0,,0.0,1,scheduled_duration_under_3h,Under 3 hours,,,,41.9519,12.5008,False
LIRZ,433,62,0.5833,4,429,59,6.0,4,862,121,14.3187,13.7529,14.0371,4,scheduled_duration_under_3h,Under 3 hours,Perugia San Francesco d'Assisi – Umbria International Airport,Perugia (PG),Italy,43.0972,12.5103,True
LJBL,0,0,,0,1,0,-10.4333,1,1,0,,0.0,0.0,1,scheduled_duration_under_3h,Under 3 hours,,,,46.3564,14.1744,False
LJLJ,1808,409,5.5167,4,1830,254,2.0,4,3638,663,22.6217,13.8798,18.2243,4,scheduled_duration_under_3h,Under 3 hours,Ljubljana Jože Pučnik Airport,Zgornji Brnik,Slovenia,46.2244,14.4561,True
LKMT,327,36,-1.3167,4,335,41,1.0,4,662,77,11.0092,12.2388,11.6314,4,scheduled_duration_under_3h,Under 3 hours,Ostrava Leos Janáček Airport,Mošnov,Czechia,49.6961,18.1108,True
LKPD,20,10,15.7833,3,20,7,13.0,3,40,17,50.0,35.0,42.5,3,scheduled_duration_under_3h,Under 3 hours,Pardubice Airport,Pardubice,Czechia,50.0133,15.7386,False
LKPR,10507,1784,2.4333,4,10469,2569,5.0,4,20976,4353,16.9792,24.5391,20.7523,4,scheduled_duration_under_3h,Under 3 hours,Václav Havel Airport Prague,Prague,Czechia,50.1008,14.26,True
LKTB,354,44,-3.8,4,357,52,0.0,4,711,96,12.4294,14.5658,13.5021,4,scheduled_duration_under_3h,Under 3 hours,Brno-Tuřany Airport,Brno,Czechia,49.1514,16.6939,True
LLBG,7610,1453,3.45,4,7499,917,4.0,4,15109,2370,19.0933,12.2283,15.686,4,scheduled_duration_under_3h,Under 3 hours,Ben Gurion International Airport,Tel Aviv,Israel,32.0094,34.8856,True
LLER,897,156,3.0667,4,895,120,0.0,4,1792,276,17.3913,13.4078,15.4018,4,scheduled_duration_under_3h,Under 3 hours,Ramon International Airport,Eilat,Israel,29.7272,35.0142,True
LLHA,2,0,-9.6333,2,1,1,21.0167,1,3,1,0.0,100.0,33.3333,2,scheduled_duration_under_3h,Under 3 hours,Haifa International Airport,Haifa,Israel,32.8083,35.0428,False
LLOV,0,0,,0,1,0,-22.15,1,1,0,,0.0,0.0,1,scheduled_duration_under_3h,Under 3 hours,Ovda Airport,Eilat,Israel,29.935,34.9408,False
LMML,5379,857,2.8,4,5394,460,1.0,4,10773,1317,15.9323,8.528,12.225,4,scheduled_duration_under_3h,Under 3 hours,Malta International Airport,Valletta,Malta,35.8575,14.4775,True
LOAG,0,0,,0,1,0,-6.1833,1,1,0,,0.0,0.0,1,scheduled_duration_under_3h,Under 3 hours,,,,48.4464,15.6342,False
LOAV,1,0,-6.25,1,0,0,,0,1,0,0.0,,0.0,1,scheduled_duration_under_3h,Under 3 hours,,,,47.9644,16.2594,False
LOWG,1139,158,4.35,4,1152,67,-1.0,4,2291,225,13.8718,5.816,9.821,4,scheduled_duration_under_3h,Under 3 hours,Graz Airport,Feldkirchen bei Graz,Austria,46.9931,15.4392,True
LOWI,1322,211,3.75,4,1321,162,2.0,4,2643,373,15.9607,12.2634,14.1128,4,scheduled_duration_under_3h,Under 3 hours,Innsbruck Airport,Innsbruck,Austria,47.2603,11.3439,True
LOWK,234,29,2.2,4,230,15,-4.0,4,464,44,12.3932,6.5217,9.4828,4,scheduled_duration_under_3h,Under 3 hours,Klagenfurt Airport,Klagenfurt am Wörthersee,Austria,46.6428,14.3372,False
LOWL,484,72,2.7917,4,481,47,0.0,4,965,119,14.876,9.7713,12.3316,4,scheduled_duration_under_3h,Under 3 hours,Linz-Hörsching Airport / Vogler Air Base,Linz,Austria,48.2353,14.1881,True
LOWS,1910,175,-0.6833,4,1897,297,4.0,4,3807,472,9.1623,15.6563,12.3982,4,scheduled_duration_under_3h,Under 3 hours,Salzburg Airport,Salzburg,Austria,47.7944,13.0033,True
LOWW,27458,5665,6.15,4,27753,5318,4.0,4,55211,10983,20.6315,19.1619,19.8928,4,scheduled_duration_under_3h,Under 3 hours,Vienna International Airport,Vienna,Austria,48.1103,16.5697,True
LPAZ,317,29,1.4333,4,320,24,1.0,4,637,53,9.1483,7.5,8.3203,4,scheduled_duration_under_3h,Under 3 hours,Santa Maria Airport,Vila do Porto,Portugal,36.9739,-25.1711,True
LPBG,7,0,-1.3833,3,6,0,0.0,2,13,0,0.0,0.0,0.0,3,scheduled_duration_under_3h,Under 3 hours,Bragança Airport,Bragança,Portugal,41.8567,-6.7075,False
LPBJ,1,1,23.1333,1,0,0,,0,1,1,100.0,,100.0,1,scheduled_duration_under_3h,Under 3 hours,Beja Airport / Airbase,Beja,Portugal,38.0789,-7.9325,False
LPCR,138,5,-5.8667,4,133,6,-6.0,4,271,11,3.6232,4.5113,4.059,4,scheduled_duration_under_3h,Under 3 hours,Corvo Airport,Corvo,Portugal,39.6714,-31.1167,False
LPCS,283,14,-10.8667,4,283,4,-5.0,4,566,18,4.947,1.4134,3.1802,4,scheduled_duration_under_3h,Under 3 hours,Cascais Airport,Cascais,Portugal,38.7256,-9.3553,True
LPEV,1,0,-42.05,1,1,0,-29.2,1,2,0,0.0,0.0,0.0,1,scheduled_duration_under_3h,Under 3 hours,,,,38.53,-7.892,False
LPFL,330,27,-1.75,4,327,10,-6.0,4,657,37,8.1818,3.0581,5.6317,4,scheduled_duration_under_3h,Under 3 hours,Flores Airport,Santa Cruz das Flores,Portugal,39.4581,-31.1322,True
LPFR,6459,754,2.35,4,7158,623,2.0,4,13617,1377,11.6736,8.7035,10.1124,4,scheduled_duration_under_3h,Under 3 hours,Faro Airport,Faro,Portugal,37.0144,-7.9658,True
LPGR,259,34,3.6833,4,258,6,-5.5,4,517,40,13.1274,2.3256,7.7369,4,scheduled_duration_under_3h,Under 3 hours,Graciosa Airport,Santa Cruz da Graciosa,Portugal,39.0925,-28.0286,True
LPHR,839,87,-0.3,4,844,67,1.0,4,1683,154,10.3695,7.9384,9.1503,4,scheduled_duration_under_3h,Under 3 hours,Horta Airport,Horta,Portugal,38.52,-28.7164,True
LPLA,1982,216,0.625,4,1993,252,2.0,4,3975,468,10.8981,12.6443,11.7736,4,scheduled_duration_under_3h,Under 3 hours,Lajes Airport,Praia da Vitória,Portugal,38.7619,-27.0908,True
LPMA,2544,695,6.2917,4,2523,214,0.4,4,5067,909,27.3192,8.482,17.9396,4,scheduled_duration_under_3h,Under 3 hours,Madeira International Airport Cristiano Ronaldo,Funchal,Portugal,32.6942,-16.7781,True
LPPD,3256,492,1.075,4,3250,525,6.0,4,6506,1017,15.1106,16.1538,15.6317,4,scheduled_duration_under_3h,Under 3 hours,João Paulo II Airport,Ponta Delgada,Portugal,37.7419,-25.6978,True
LPPI,465,72,2.1833,4,457,25,-5.0,4,922,97,15.4839,5.4705,10.5206,4,scheduled_duration_under_3h,Under 3 hours,Pico Airport,Pico Island,Portugal,38.5544,-28.4414,True
LPPM,140,2,-11.0,4,140,5,-6.0,4,280,7,1.4286,3.5714,2.5,4,scheduled_duration_under_3h,Under 3 hours,Portimão Airport,Portimão,Portugal,37.1494,-8.5839,False
LPPR,13805,2618,4.7667,4,14054,1152,-0.7667,4,27859,3770,18.9641,8.197,13.5324,4,scheduled_duration_under_3h,Under 3 hours,Francisco de Sá Carneiro Airport,Porto,Portugal,41.2356,-8.6781,True
LPPS,358,56,-4.0917,4,365,19,-5.0,4,723,75,15.6425,5.2055,10.3734,4,scheduled_duration_under_3h,Under 3 hours,Porto Santo Airport,Vila Baleira,Portugal,33.0708,-16.3497,True
LPPT,23732,6812,7.5833,4,25099,6273,7.0,4,48831,13085,28.7039,24.993,26.7965,4,scheduled_duration_under_3h,Under 3 hours,Lisbon Humberto Delgado Airport,Lisbon,Portugal,38.7742,-9.1342,True
LPSJ,304,42,1.4667,4,304,3,-6.0,4,608,45,13.8158,0.9868,7.4013,4,scheduled_duration_under_3h,Under 3 hours,São Jorge Airport,Velas,Portugal,38.6653,-28.1747,True
LPVR,7,3,4.5667,3,10,0,-10.0,3,17,3,42.8571,0.0,17.6471,3,scheduled_duration_under_3h,Under 3 hours,Vila Real Airport,Vila Real,Portugal,41.2756,-7.72,False
LPVZ,131,32,-8.0,4,128,0,-15.3417,4,259,32,24.4275,0.0,12.3552,4,scheduled_duration_under_3h,Under 3 hours,Aerodromo Goncalves Lobato (Viseu Airport),Viseu,Portugal,40.7256,-7.8892,False
LQBK,421,75,4.2333,4,421,60,3.0,4,842,135,17.8147,14.2518,16.0333,4,scheduled_duration_under_3h,Under 3 hours,Banja Luka International Airport,Mahovljani,Bosnia and Herzegovina,44.9414,17.2975,True
LQJL,1,0,6.35,1,0,0,,0,1,0,0.0,,0.0,1,scheduled_duration_under_3h,Under 3 hours,,,,44.4583,18.8089,False
LQSA,1732,368,6.0,4,1740,188,1.0,4,3472,556,21.2471,10.8046,16.0138,4,scheduled_duration_under_3h,Under 3 hours,Sarajevo International Airport,Sarajevo,Bosnia and Herzegovina,43.8244,18.3317,True
LQTZ,558,124,6.2833,4,560,85,0.0,4,1118,209,22.2222,15.1786,18.6941,4,scheduled_duration_under_3h,Under 3 hours,Tuzla International Airport,Dubrave Gornje,Bosnia and Herzegovina,44.4586,18.7247,True
LRAR,15,2,-2.0667,4,7,0,10.0,2,22,2,13.3333,0.0,9.0909,4,scheduled_duration_under_3h,Under 3 hours,Arad International Airport,Arad,Romania,46.1767,21.2619,False
LRBC,417,131,9.7833,4,291,34,1.0,4,708,165,31.4149,11.6838,23.3051,4,scheduled_duration_under_3h,Under 3 hours,Bacău George Enescu International Airport,Bacău,Romania,46.5219,26.9103,True
LRBM,132,25,2.9833,4,131,8,-1.0,4,263,33,18.9394,6.1069,12.5475,4,scheduled_duration_under_3h,Under 3 hours,Maramureș International Airport,Tăuții-Măgherăuș,Romania,47.6583,23.4661,False
LRBS,10,1,-5.2167,3,9,0,-0.5167,3,19,1,10.0,0.0,5.2632,3,scheduled_duration_under_3h,Under 3 hours,Bucharest Băneasa Aurel Vlaicu International Airport,Bucharest,Romania,44.5036,26.1036,False
LRCK,48,4,0.6417,4,45,3,3.0,4,93,7,8.3333,6.6667,7.5269,4,scheduled_duration_under_3h,Under 3 hours,Mihail Kogălniceanu International Airport,Mihail Kogălniceanu,Romania,44.3622,28.4883,False
LRCL,3048,532,1.375,4,2949,330,2.0,4,5997,862,17.4541,11.1902,14.3739,4,scheduled_duration_under_3h,Under 3 hours,Cluj Avram Iancu International Airport,Cluj-Napoca,Romania,46.7892,23.6922,True
LRCV,466,145,9.55,4,371,54,2.0,4,837,199,31.1159,14.5553,23.7754,4,scheduled_duration_under_3h,Under 3 hours,Craiova International Airport,Craiova,Romania,44.3181,23.8886,True
LRIA,1496,273,5.7417,4,1304,90,1.0,4,2800,363,18.2487,6.9018,12.9643,4,scheduled_duration_under_3h,Under 3 hours,Iaşi Airport,Iaşi,Romania,47.1803,27.6208,True
LROD,372,81,6.2917,4,371,19,2.0,4,743,100,21.7742,5.1213,13.459,4,scheduled_duration_under_3h,Under 3 hours,Oradea International Airport,Oradea,Romania,47.0253,21.9025,True
LROP,12430,1215,-2.5667,4,11828,995,2.0,4,24258,2210,9.7747,8.4122,9.1104,4,scheduled_duration_under_3h,Under 3 hours,Bucharest Henri Coandă International Airport,Otopeni,Romania,44.5711,26.085,True
LRSB,797,166,6.1667,4,746,91,3.0,4,1543,257,20.8281,12.1984,16.6559,4,scheduled_duration_under_3h,Under 3 hours,Sibiu International Airport,Sibiu,Romania,45.7858,24.0856,True
LRSM,124,20,5.6,4,124,10,3.0,4,248,30,16.129,8.0645,12.0968,4,scheduled_duration_under_3h,Under 3 hours,Satu Mare International Airport,Satu Mare,Romania,47.7033,22.8856,False
LRSV,849,173,7.1833,4,772,62,3.0,4,1621,235,20.3769,8.0311,14.4972,4,scheduled_duration_under_3h,Under 3 hours,Suceava Stefan cel Mare Airport,Suceava,Romania,47.6864,26.3544,True
LRTC,1,0,13.8333,1,1,0,5.0,1,2,0,0.0,0.0,0.0,1,scheduled_duration_under_3h,Under 3 hours,Tulcea Danube Delta Airport,Mihail Kogălniceanu,Romania,45.0628,28.7144,False
LRTM,179,41,4.7333,4,173,18,4.0,4,352,59,22.905,10.4046,16.7614,4,scheduled_duration_under_3h,Under 3 hours,Târgu Mureş Transilvania International Airport,Recea,Romania,46.4678,24.4125,False
LRTR,1834,274,2.9667,4,1816,159,-1.0,4,3650,433,14.94,8.7555,11.863,4,scheduled_duration_under_3h,Under 3 hours,Timişoara Traian Vuia Airport,Timişoara,Romania,45.8097,21.3378,True
LSGG,17952,2238,0.0333,4,18305,3113,3.0,4,36257,5351,12.4666,17.0063,14.7585,4,scheduled_duration_under_3h,Under 3 hours,Geneva Cointrin International Airport,Geneva,Switzerland,46.2383,6.1094,True
LSGS,6,2,-3.4833,2,6,1,3.5,2,12,3,33.3333,16.6667,25.0,2,scheduled_duration_under_3h,Under 3 hours,Sion Airport,Sion,Switzerland,46.2192,7.3269,False
LSZA,12,0,0.5417,3,11,0,7.0,2,23,0,0.0,0.0,0.0,3,scheduled_duration_under_3h,Under 3 hours,Lugano Airport,Agno,Switzerland,46.0036,8.9103,False
LSZB,50,13,4.1417,2,73,11,5.0,3,123,24,26.0,15.0685,19.5122,3,scheduled_duration_under_3h,Under 3 hours,Bern Airport,Bern,Switzerland,46.9122,7.4992,False
LSZH,24008,3600,2.2833,4,24551,5484,7.0,4,48559,9084,14.995,22.3372,18.7071,4,scheduled_duration_under_3h,Under 3 hours,Zürich Airport,Zurich,Switzerland,47.4581,8.5481,True
LSZR,114,10,5.1,4,115,5,0.0,4,229,15,8.7719,4.3478,6.5502,4,scheduled_duration_under_3h,Under 3 hours,Sankt Gallen Altenrhein Airport,St. Gallen,Switzerland,47.485,9.5619,False
LSZS,1,0,4.85,1,2,0,-3.0,2,3,0,0.0,0.0,0.0,2,scheduled_duration_under_3h,Under 3 hours,Samedan Airport,Samedan,Switzerland,46.5344,9.8842,False
LTAC,8631,1836,4.2333,4,8482,1040,2.0,4,17113,2876,21.2722,12.2613,16.8059,4,scheduled_duration_under_3h,Under 3 hours,Esenboğa International Airport,Ankara,Turkey,40.1281,32.995,True
LTAF,3491,471,0.65,4,3490,552,5.0,4,6981,1023,13.4918,15.8166,14.6541,4,scheduled_duration_under_3h,Under 3 hours,Adana Şakirpaşa Airport,Seyhan,Turkey,36.9822,35.2803,True
LTAI,9765,2054,4.6167,4,8249,918,-2.0,4,18014,2972,21.0343,11.1286,16.4983,4,scheduled_duration_under_3h,Under 3 hours,Antalya International Airport,Antalya,Turkey,36.9003,30.7928,True
LTAJ,2114,356,3.175,4,2118,604,9.35,4,4232,960,16.8401,28.5175,22.6843,4,scheduled_duration_under_3h,Under 3 hours,Gaziantep International Airport,Gaziantep,Turkey,36.9478,37.4789,True
LTAL,80,12,3.525,4,81,23,8.0,4,161,35,15.0,28.3951,21.7391,4,scheduled_duration_under_3h,Under 3 hours,Kastamonu Airport,Kastamonu,Turkey,41.3169,33.7961,False
LTAN,825,225,7.6667,4,824,184,5.0,4,1649,409,27.2727,22.3301,24.8029,4,scheduled_duration_under_3h,Under 3 hours,Konya Airport,Konya,Turkey,37.9806,32.5625,True
LTAP,99,13,2.9167,4,100,21,5.6917,4,199,34,13.1313,21.0,17.0854,4,scheduled_duration_under_3h,Under 3 hours,Amasya Merzifon Airport,Amasya,Turkey,40.8314,35.5219,False
LTAR,391,77,4.5,4,390,71,5.1667,4,781,148,19.6931,18.2051,18.9501,4,scheduled_duration_under_3h,Under 3 hours,Sivas Nuri Demirağ Airport,Sivas,Turkey,39.8142,36.9025,True
LTAS,69,20,2.9333,4,41,0,-2.0,4,110,20,28.9855,0.0,18.1818,4,scheduled_duration_under_3h,Under 3 hours,Zonguldak Çaycuma Airport,Zonguldak,Turkey,41.5069,32.0897,False
LTAT,722,198,7.225,4,721,168,6.8333,4,1443,366,27.4238,23.301,25.3638,4,scheduled_duration_under_3h,Under 3 hours,Malatya Erhaç Airport,Malatya,Turkey,38.4322,38.0831,True
LTAU,1975,373,3.9667,4,1948,393,3.9,4,3923,766,18.8861,20.1745,19.5259,4,scheduled_duration_under_3h,Under 3 hours,Kayseri Erkilet Airport,Kayseri,Turkey,38.7703,35.4953,True
LTAW,103,10,1.3167,4,102,28,10.0,4,205,38,9.7087,27.451,18.5366,4,scheduled_duration_under_3h,Under 3 hours,Tokat Airport,Tokat,Turkey,40.325,36.391,False
LTAY,451,67,2.4,4,496,91,4.5917,4,947,158,14.8559,18.3468,16.6843,4,scheduled_duration_under_3h,Under 3 hours,Çardak Airport,Denizli,Turkey,37.7878,29.705,True
LTAZ,467,91,2.9,4,465,93,5.95,4,932,184,19.4861,20.0,19.7425,4,scheduled_duration_under_3h,Under 3 hours,Nevşehir Kapadokya Airport,Nevşehir,Turkey,38.7753,34.5267,True
LTBA,5,1,-10.75,4,2,1,5.6917,2,7,2,20.0,50.0,28.5714,4,scheduled_duration_under_3h,Under 3 hours,İstanbul Atatürk Airport,"Bakırköy, Istanbul",Turkey,40.9761,28.8142,False
LTBH,113,24,2.8667,4,112,6,-3.9417,4,225,30,21.2389,5.3571,13.3333,4,scheduled_duration_under_3h,Under 3 hours,Çanakkale Airport,Çanakkale,Turkey,40.1383,26.4278,False
LTBJ,7855,1198,2.0167,4,7386,803,1.0,4,15241,2001,15.2514,10.8719,13.1291,4,scheduled_duration_under_3h,Under 3 hours,Adnan Menderes International Airport,Gaziemir,Turkey,38.2892,27.155,True
LTBQ,1,0,-12.1167,1,0,0,,0,1,0,0.0,,0.0,1,scheduled_duration_under_3h,Under 3 hours,Cengiz Topel Airport,Kartepe,Turkey,40.735,30.0833,False
LTBR,105,29,8.8833,4,103,33,8.5,4,208,62,27.619,32.0388,29.8077,4,scheduled_duration_under_3h,Under 3 hours,Bursa Yenişehir Airport,Yenişehir,Turkey,40.2558,29.5619,False
LTBS,1876,387,5.2917,4,1837,361,5.0,4,3713,748,20.629,19.6516,20.1454,4,scheduled_duration_under_3h,Under 3 hours,Dalaman International Airport,Dalaman,Turkey,36.7125,28.7914,True
LTBU,53,4,5.3,4,57,4,0.0,4,110,8,7.5472,7.0175,7.2727,4,scheduled_duration_under_3h,Under 3 hours,Tekirdağ Çorlu Airport,Çorlu,Turkey,41.1294,27.9064,False
LTBY,3,2,18.1333,2,1,0,-17.0,1,4,2,66.6667,0.0,50.0,2,scheduled_duration_under_3h,Under 3 hours,Anadolu Airport,Eskişehir,Turkey,39.8125,30.5206,False
LTBZ,83,20,5.2833,4,71,2,2.0,4,154,22,24.0964,2.8169,14.2857,4,scheduled_duration_under_3h,Under 3 hours,Zafer Airport,Altıntaş,Turkey,39.1114,30.1303,False
LTCA,658,182,7.6667,4,655,101,3.8833,4,1313,283,27.6596,15.4198,21.5537,4,scheduled_duration_under_3h,Under 3 hours,Elazığ Airport,Elazığ,Turkey,38.5978,39.2814,True
LTCB,889,184,5.5,4,893,112,2.3833,4,1782,296,20.6974,12.542,16.6105,4,scheduled_duration_under_3h,Under 3 hours,Ordu–Giresun Airport,Ordu,Turkey,40.9672,38.0819,True
LTCC,1567,313,4.6,4,1566,592,11.0,4,3133,905,19.9745,37.8033,28.8861,4,scheduled_duration_under_3h,Under 3 hours,Diyarbakır Airport,Diyarbakır,Turkey,37.8925,40.2011,True
LTCD,332,156,13.925,4,330,82,5.0,4,662,238,46.988,24.8485,35.9517,4,scheduled_duration_under_3h,Under 3 hours,Erzincan Airport,Erzincan,Turkey,39.7131,39.5206,True
LTCE,909,155,2.45,4,913,184,6.0,4,1822,339,17.0517,20.1533,18.6059,4,scheduled_duration_under_3h,Under 3 hours,Erzurum International Airport,Erzurum,Turkey,39.9558,41.1706,True
LTCF,458,125,7.3167,4,457,140,8.0167,4,915,265,27.2926,30.6346,28.9617,4,scheduled_duration_under_3h,Under 3 hours,Kars Airport,Kars,Turkey,40.5622,43.1147,True
LTCG,2926,689,5.5333,4,2962,645,7.0,4,5888,1334,23.5475,21.7758,22.6562,4,scheduled_duration_under_3h,Under 3 hours,Trabzon International Airport,Trabzon,Turkey,40.9958,39.7853,True
LTCI,1360,308,6.1917,4,1362,309,6.0,4,2722,617,22.6471,22.6872,22.6672,4,scheduled_duration_under_3h,Under 3 hours,Van Ferit Melen Airport,Van,Turkey,38.4681,43.3322,True
LTCJ,434,56,2.3,4,433,93,6.0,4,867,149,12.9032,21.4781,17.1857,4,scheduled_duration_under_3h,Under 3 hours,Batman Airport,Batman,Turkey,37.9322,41.1164,True
LTCK,363,112,9.9833,4,364,94,7.8833,4,727,206,30.854,25.8242,28.3356,4,scheduled_duration_under_3h,Under 3 hours,Muş Airport,Muş,Turkey,38.7447,41.6689,True
LTCL,73,20,8.3167,4,72,5,2.5,4,145,25,27.3973,6.9444,17.2414,4,scheduled_duration_under_3h,Under 3 hours,Siirt Airport,Siirt,Turkey,37.9781,41.8392,False
LTCM,105,11,0.65,4,104,6,4.425,4,209,17,10.4762,5.7692,8.134,4,scheduled_duration_under_3h,Under 3 hours,Sinop Airport,Sinop,Turkey,42.0158,35.0664,False
LTCN,233,53,8.7333,4,234,38,6.0,4,467,91,22.7468,16.2393,19.4861,4,scheduled_duration_under_3h,Under 3 hours,Kahramanmaraş Airport,Kahramanmaraş,Turkey,37.5383,36.9519,False
LTCO,229,50,6.4,4,234,48,6.0,4,463,98,21.8341,20.5128,21.1663,4,scheduled_duration_under_3h,Under 3 hours,Ağrı Airport,Ağrı,Turkey,39.6475,43.0286,False
LTCP,215,37,5.2667,4,213,22,3.0,4,428,59,17.2093,10.3286,13.785,4,scheduled_duration_under_3h,Under 3 hours,Adıyaman Airport,Adıyaman,Turkey,37.7322,38.4692,False
LTCR,614,124,6.1917,4,617,128,6.0,4,1231,252,20.1954,20.7455,20.4712,4,scheduled_duration_under_3h,Under 3 hours,Mardin Airport,Mardin,Turkey,37.2328,40.6406,True
LTCS,728,137,4.5,4,725,158,8.0,4,1453,295,18.8187,21.7931,20.3028,4,scheduled_duration_under_3h,Under 3 hours,Şanlıurfa GAP Airport,Şanlıurfa,Turkey,37.4567,38.9083,True
LTCT,212,43,5.5917,4,217,65,10.0,4,429,108,20.283,29.9539,25.1748,4,scheduled_duration_under_3h,Under 3 hours,Iğdır Airport,Iğdır,Turkey,39.9831,43.8664,False
LTCU,175,90,16.2,4,174,42,6.525,4,349,132,51.4286,24.1379,37.8223,4,scheduled_duration_under_3h,Under 3 hours,Bingöl Airport,Bingöl,Turkey,38.861,40.593,False
LTCV,294,32,1.5167,4,297,49,7.0,4,591,81,10.8844,16.4983,13.7056,4,scheduled_duration_under_3h,Under 3 hours,Şırnak Şerafettin Elçi Airport,Şırnak,Turkey,37.3639,42.06,True
LTCW,145,27,4.5833,4,146,22,2.225,4,291,49,18.6207,15.0685,16.8385,4,scheduled_duration_under_3h,Under 3 hours,Hakkari Yüksekova Airport,Hakkari,Turkey,37.5497,44.2375,False
LTDA,978,196,3.8583,4,1006,220,6.0,4,1984,416,20.0409,21.8688,20.9677,4,scheduled_duration_under_3h,Under 3 hours,Hatay Airport,Antakya,Turkey,36.3722,36.2986,True
LTFC,78,30,12.075,4,84,16,5.9417,4,162,46,38.4615,19.0476,28.3951,4,scheduled_duration_under_3h,Under 3 hours,Süleyman Demirel International Airport,Isparta,Turkey,37.8558,30.3669,False
LTFD,252,53,5.0583,4,251,34,4.0,4,503,87,21.0317,13.5458,17.2962,4,scheduled_duration_under_3h,Under 3 hours,Balıkesir Koca Seyit Airport,Edremit,Turkey,39.5525,27.0103,True
LTFE,2313,396,3.15,4,2299,171,-1.0,4,4612,567,17.1206,7.438,12.294,4,scheduled_duration_under_3h,Under 3 hours,Milas Bodrum International Airport,Bodrum,Turkey,37.2494,27.6647,True
LTFG,549,79,2.1667,4,543,122,7.0,4,1092,201,14.3898,22.4678,18.4066,4,scheduled_duration_under_3h,Under 3 hours,Gazipaşa-Alanya Airport,Gazipaşa,Turkey,36.2994,32.3014,True
LTFH,1201,195,2.1167,4,1182,145,1.0917,4,2383,340,16.2365,12.2673,14.2677,4,scheduled_duration_under_3h,Under 3 hours,Samsun-Çarşamba Airport,Samsun,Turkey,41.2656,36.5486,True
LTFJ,23502,3147,-1.2833,4,22052,3654,4.0,4,45554,6801,13.3903,16.5699,14.9295,4,scheduled_duration_under_3h,Under 3 hours,Istanbul Sabiha Gökçen International Airport,"Pendik, Istanbul",Turkey,40.8983,29.3092,True
LTFM,39801,6022,1.3333,4,38446,4049,1.0,4,78247,10071,15.1303,10.5317,12.8708,4,scheduled_duration_under_3h,Under 3 hours,İstanbul Airport,"Arnavutköy, Istanbul",Turkey,41.2753,28.7519,True
LTFO,706,131,2.3667,3,708,183,8.0,3,1414,314,18.5552,25.8475,22.2065,3,scheduled_duration_under_3h,Under 3 hours,Rize–Artvin Airport,Rize,Turkey,41.1797,40.8489,True
LUKK,2325,321,0.8833,4,2162,189,-1.0,4,4487,510,13.8065,8.7419,11.3662,4,scheduled_duration_under_3h,Under 3 hours,Chişinău International Airport,Chişinău,Moldova,46.928,28.931,True
LWOH,227,100,13.2667,4,212,37,5.025,4,439,137,44.0529,17.4528,31.2073,4,scheduled_duration_under_3h,Under 3 hours,Ohrid St. Paul the Apostle Airport,Ohrid,North Macedonia,41.18,20.7422,False
LWSK,2662,642,5.1667,4,2583,358,2.0,4,5245,1000,24.1172,13.8599,19.0658,4,scheduled_duration_under_3h,Under 3 hours,Skopje International Airport,Ilinden,North Macedonia,41.9617,21.6214,True
LXGB,402,66,2.3667,4,448,99,6.0,4,850,165,16.4179,22.0982,19.4118,4,scheduled_duration_under_3h,Under 3 hours,Gibraltar Airport,Gibraltar,Gibraltar,36.1508,-5.3494,True
LYBE,8236,1366,2.4167,4,8292,1112,3.0,4,16528,2478,16.5857,13.4105,14.9927,4,scheduled_duration_under_3h,Under 3 hours,Belgrade Nikola Tesla Airport,Belgrade,Serbia,44.8194,20.3069,True
LYKV,51,9,-0.2,4,53,3,-5.0,4,104,12,17.6471,5.6604,11.5385,4,scheduled_duration_under_3h,Under 3 hours,Morava Airport,Kraljevo,Serbia,43.8181,20.5861,False
LYNI,569,104,2.8167,4,564,56,-1.0,4,1133,160,18.2777,9.9291,14.1218,4,scheduled_duration_under_3h,Under 3 hours,Niš Constantine the Great Airport,Niš,Serbia,43.3372,21.8536,True
LYPG,1727,252,1.9333,4,1715,215,0.0,4,3442,467,14.5918,12.5364,13.5677,4,scheduled_duration_under_3h,Under 3 hours,Podgorica Airport / Podgorica Golubovci Airbase,Podgorica,Montenegro,42.3594,19.2519,True
LYTV,870,83,-1.0,4,860,73,-3.0,4,1730,156,9.5402,8.4884,9.0173,4,scheduled_duration_under_3h,Under 3 hours,Tivat Airport,Tivat,Montenegro,42.4047,18.7233,True
LYVR,2,0,-23.475,2,2,0,-17.1167,2,4,0,0.0,0.0,0.0,2,scheduled_duration_under_3h,Under 3 hours,,,,45.1478,21.3097,False
LZIB,1155,185,0.3333,4,1184,111,-1.0,4,2339,296,16.0173,9.375,12.655,4,scheduled_duration_under_3h,Under 3 hours,M. R. Štefánik Airport,Bratislava,Slovakia,48.17,17.2128,True
LZKZ,578,83,1.0,4,579,55,-1.0,4,1157,138,14.3599,9.4991,11.9274,4,scheduled_duration_under_3h,Under 3 hours,Košice International Airport,Košice,Slovakia,48.6631,21.2411,True
LZTT,31,6,7.85,4,31,3,1.15,4,62,9,19.3548,9.6774,14.5161,4,scheduled_duration_under_3h,Under 3 hours,Poprad-Tatry Airport,Poprad,Slovakia,49.0736,20.2411,False
OAKB,2,1,25.3333,1,0,0,,0,2,1,50.0,,50.0,1,scheduled_duration_under_3h,Under 3 hours,Kabul International Airport,Kabul,Afghanistan,34.5658,69.2125,False
OBBI,183,46,6.25,4,118,24,2.2583,4,301,70,25.1366,20.339,23.2558,4,scheduled_duration_under_3h,Under 3 hours,Bahrain International Airport,Manama,Bahrain,26.3,50.6333,False
OEDF,31,11,5.9833,3,33,2,8.0,3,64,13,35.4839,6.0606,20.3125,3,scheduled_duration_under_3h,Under 3 hours,King Fahd International Airport,Ad Dammam,Saudi Arabia,26.4711,49.7978,False
OEGS,9,5,16.25,1,9,3,6.45,1,18,8,55.5556,33.3333,44.4444,1,scheduled_duration_under_3h,Under 3 hours,Gassim Airport,Buraidah,Saudi Arabia,26.3028,43.7742,False
OEJN,120,20,5.0333,4,133,101,20.0,4,253,121,16.6667,75.9398,47.8261,4,scheduled_duration_under_3h,Under 3 hours,King Abdulaziz International Airport,Jeddah,Saudi Arabia,21.6811,39.1561,False
OEMA,24,9,12.0083,2,40,17,11.875,3,64,26,37.5,42.5,40.625,3,scheduled_duration_under_3h,Under 3 hours,Prince Mohammad Bin Abdulaziz Airport,Medina,Saudi Arabia,24.5503,39.7058,False
OERK,94,43,13.6083,4,95,66,21.4667,3,189,109,45.7447,69.4737,57.672,4,scheduled_duration_under_3h,Under 3 hours,King Khaled International Airport,Riyadh,Saudi Arabia,24.9628,46.7081,False
OETF,13,4,8.85,4,13,5,-1.1,4,26,9,30.7692,38.4615,34.6154,4,scheduled_duration_under_3h,Under 3 hours,Ta’if Regional Airport,Ta’if,Saudi Arabia,21.4833,40.5444,False
OIFM,9,0,3.2167,3,0,0,,0,9,0,0.0,,0.0,3,scheduled_duration_under_3h,Under 3 hours,Isfahan Shahid Beheshti International Airport,Isfahan,Iran,32.7508,51.8628,False
OIGG,9,2,-2.0333,3,12,1,-3.4417,3,21,3,22.2222,8.3333,14.2857,3,scheduled_duration_under_3h,Under 3 hours,Sardar-e-Jangal Airport,Rasht,Iran,37.3233,49.6178,False
OIIE,2643,763,7.3667,4,701,144,5.05,4,3344,907,28.8687,20.5421,27.1232,4,scheduled_duration_under_3h,Under 3 hours,Imam Khomeini International Airport,Tehran,Iran,35.4161,51.1522,True
OIII,4,0,-10.4667,2,0,0,,0,4,0,0.0,,0.0,2,scheduled_duration_under_3h,Under 3 hours,Mehrabad International Airport,Tehran,Iran,35.6889,51.3147,False
OIMM,5,1,8.6333,1,5,1,5.1667,1,10,2,20.0,20.0,20.0,1,scheduled_duration_under_3h,Under 3 hours,Mashhad International Airport,Mashhad,Iran,36.2342,59.645,False
OISS,13,3,6.55,1,13,4,10.8167,1,26,7,23.0769,30.7692,26.9231,1,scheduled_duration_under_3h,Under 3 hours,Shiraz Shahid Dastghaib International Airport,Shiraz,Iran,29.5403,52.5886,False
OITR,38,11,11.2167,3,39,7,6.0333,4,77,18,28.9474,17.9487,23.3766,4,scheduled_duration_under_3h,Under 3 hours,Urmia Airport,Urmia,Iran,37.6714,45.0692,False
OITT,335,126,11.35,4,321,44,0.45,4,656,170,37.6119,13.7072,25.9146,4,scheduled_duration_under_3h,Under 3 hours,Tabriz International Airport,Tabriz,Iran,38.1339,46.235,True
OJAI,1569,249,2.3167,4,1464,217,1.7167,4,3033,466,15.87,14.8224,15.3643,4,scheduled_duration_under_3h,Under 3 hours,Queen Alia International Airport,Amman,Jordan,31.7242,35.9947,True
OJAM,1,0,7.4,1,0,0,,0,1,0,0.0,,0.0,1,scheduled_duration_under_3h,Under 3 hours,Amman Civil (Marka International) Airport,Amman,Jordan,31.9728,35.9917,False
OJAQ,73,12,5.3667,4,48,10,3.2917,4,121,22,16.4384,20.8333,18.1818,4,scheduled_duration_under_3h,Under 3 hours,Aqaba King Hussein International Airport,Aqaba,Jordan,29.6117,35.0181,False
OKBK,579,105,3.75,4,423,129,8.5167,4,1002,234,18.1347,30.4965,23.3533,4,scheduled_duration_under_3h,Under 3 hours,,,,29.2167,47.9667,True
OLBA,2443,507,3.85,4,2559,225,-1.4333,4,5002,732,20.7532,8.7925,14.6341,4,scheduled_duration_under_3h,Under 3 hours,Beirut Rafic Hariri International Airport,Beirut,Lebanon,33.8192,35.49,True
OMAA,277,51,3.8,4,106,27,10.0,4,383,78,18.4116,25.4717,20.3655,4,scheduled_duration_under_3h,Under 3 hours,Zayed International Airport,Abu Dhabi,United Arab Emirates,24.4333,54.65,False
OMDB,1391,559,11.75,4,668,315,15.0,4,2059,874,40.1869,47.1557,42.4478,4,scheduled_duration_under_3h,Under 3 hours,Dubai International Airport,Dubai,United Arab Emirates,25.2492,55.36,True
OMDW,46,29,16.6583,4,20,10,15.0,4,66,39,63.0435,50.0,59.0909,4,scheduled_duration_under_3h,Under 3 hours,Al Maktoum International Airport,Jebel Ali,United Arab Emirates,24.8861,55.1719,False
OMSJ,301,59,3.6333,4,265,72,7.9167,4,566,131,19.6013,27.1698,23.1449,4,scheduled_duration_under_3h,Under 3 hours,Sharjah International Airport,Sharjah,United Arab Emirates,25.3333,55.5167,True
OOMS,7,3,14.5167,2,2,0,0.9333,2,9,3,42.8571,0.0,33.3333,2,scheduled_duration_under_3h,Under 3 hours,Muscat International Airport,Muscat,Oman,23.5833,58.2667,False
OPKC,2,1,8.7167,1,0,0,,0,2,1,50.0,,50.0,1,scheduled_duration_under_3h,Under 3 hours,Jinnah International Airport,Karachi,Pakistan,24.9014,67.15,False
ORBI,1076,213,2.7083,4,1089,441,11.7167,4,2165,654,19.7955,40.4959,30.2079,4,scheduled_duration_under_3h,Under 3 hours,Baghdad International Airport / New Al Muthana Air Base,Baghdad,Iraq,33.2625,44.2344,True
ORER,780,296,11.1,4,775,316,12.0333,4,1555,612,37.9487,40.7742,39.3569,4,scheduled_duration_under_3h,Under 3 hours,Erbil International Airport,Arbil,Iraq,36.2381,43.9467,True
ORKK,20,4,6.1,1,21,12,16.7333,1,41,16,20.0,57.1429,39.0244,1,scheduled_duration_under_3h,Under 3 hours,,,,35.4694,44.3489,False
ORMM,77,22,8.4167,4,7,3,11.3167,3,84,25,28.5714,42.8571,29.7619,4,scheduled_duration_under_3h,Under 3 hours,Basra International Airport,Basra,Iraq,30.5489,47.6619,False
ORNI,87,23,3.4,4,72,41,20.0083,4,159,64,26.4368,56.9444,40.2516,4,scheduled_duration_under_3h,Under 3 hours,Al Najaf International Airport,Najaf,Iraq,31.9897,44.4042,False
ORSU,162,47,7.4667,4,161,93,18.25,4,323,140,29.0123,57.764,43.3437,4,scheduled_duration_under_3h,Under 3 hours,Sulaymaniyah International Airport,Sulaymaniyah,Iraq,35.5606,45.3144,False
OSAP,11,4,10.8333,3,11,8,21.7333,3,22,12,36.3636,72.7273,54.5455,3,scheduled_duration_under_3h,Under 3 hours,Aleppo International Airport,Aleppo,Syria,36.1806,37.2267,False
OSDI,56,30,16.9,4,53,24,13.9667,4,109,54,53.5714,45.283,49.5413,4,scheduled_duration_under_3h,Under 3 hours,Damascus International Airport,Damascus,Syria,33.4108,36.5133,False
OSLK,0,0,,0,3,0,-0.2,1,3,0,,0.0,0.0,1,scheduled_duration_under_3h,Under 3 hours,,,,35.41,35.948,False
OTHH,405,69,2.5167,4,356,87,7.0,4,761,156,17.037,24.4382,20.4993,4,scheduled_duration_under_3h,Under 3 hours,Hamad International Airport,Doha,Qatar,25.2744,51.6083,True
UAAA,87,26,9.1333,4,1,0,-4.0,1,88,26,29.8851,0.0,29.5455,4,scheduled_duration_under_3h,Under 3 hours,Almaty International Airport,Almaty,Kazakhstan,43.3556,77.0439,False
UACC,7,0,4.8833,2,0,0,,0,7,0,0.0,,0.0,2,scheduled_duration_under_3h,Under 3 hours,Nursultan Nazarbayev International Airport,Astana,Kazakhstan,51.0225,71.4661,False
UAII,7,1,-9.4667,2,0,0,,0,7,1,14.2857,,14.2857,2,scheduled_duration_under_3h,Under 3 hours,Shymkent Airport,Shymkent,Kazakhstan,42.365,69.4756,False
UATE,373,71,3.0167,4,336,105,10.0,4,709,176,19.0349,31.25,24.8237,4,scheduled_duration_under_3h,Under 3 hours,Aktau Airport,Aktau,Kazakhstan,43.86,51.0908,True
UATG,53,1,-6.7333,4,52,11,3.0,4,105,12,1.8868,21.1538,11.4286,4,scheduled_duration_under_3h,Under 3 hours,Atyrau International Airport,Atyrau,Kazakhstan,47.1219,51.82,False
UATT,37,4,-1.9167,4,38,14,10.6667,4,75,18,10.8108,36.8421,24.0,4,scheduled_duration_under_3h,Under 3 hours,Aktobe Airport,Aktobe,Kazakhstan,50.2461,57.2056,False
UBBB,4701,844,2.8,4,4456,415,1.0,4,9157,1259,17.9536,9.3133,13.749,4,scheduled_duration_under_3h,Under 3 hours,Heydar Aliyev International Airport,Baku,Azerbaijan,40.4697,50.0514,True
UBBF,6,3,16.3417,4,5,1,4.0,3,11,4,50.0,20.0,36.3636,4,scheduled_duration_under_3h,Under 3 hours,,,,39.5908,47.2019,False
UBBG,90,19,5.2667,4,96,4,-1.95,4,186,23,21.1111,4.1667,12.3656,4,scheduled_duration_under_3h,Under 3 hours,Ganja International Airport,Ganja,Azerbaijan,40.739,46.32,False
UBBN,993,47,1.0,4,992,103,5.0,4,1985,150,4.7331,10.3831,7.5567,4,scheduled_duration_under_3h,Under 3 hours,Nakhchivan Airport,Nakhchivan,Azerbaijan,39.1886,45.4572,True
UCFM,45,9,6.4833,4,4,1,3.2,2,49,10,20.0,25.0,20.4082,4,scheduled_duration_under_3h,Under 3 hours,,,,43.0614,74.4775,False
UDSG,1,1,139.75,1,0,0,,0,1,1,100.0,,100.0,1,scheduled_duration_under_3h,Under 3 hours,Shirak International Airport,Gyumri,Armenia,40.7506,43.8594,False
UDYZ,2089,679,7.8333,4,2070,423,3.0,4,4159,1102,32.5036,20.4348,26.4968,4,scheduled_duration_under_3h,Under 3 hours,Zvartnots International Airport,Yerevan,Armenia,40.1472,44.3958,True
UGKO,283,36,-0.2,4,217,4,-6.0,4,500,40,12.7208,1.8433,8.0,4,scheduled_duration_under_3h,Under 3 hours,David the Builder Kutaisi International Airport,Kopitnari,Georgia,42.1769,42.4828,True
UGSA,11,0,-4.9,1,0,0,,0,11,0,0.0,,0.0,1,scheduled_duration_under_3h,Under 3 hours,,,,41.9206,44.7194,False
UGSB,423,20,-4.0833,4,432,47,-3.0,4,855,67,4.7281,10.8796,7.8363,4,scheduled_duration_under_3h,Under 3 hours,Batumi International Airport,Batumi,Georgia,41.6103,41.5994,True
UGTB,2442,531,5.5167,4,2674,103,-3.8583,4,5116,634,21.7445,3.8519,12.3925,4,scheduled_duration_under_3h,Under 3 hours,Tbilisi International Airport,Tbilisi,Georgia,41.6692,44.9547,True
ULAA,19,0,-8.2,4,20,2,3.8083,4,39,2,0.0,10.0,5.1282,4,scheduled_duration_under_3h,Under 3 hours,Talagi Airport,Archangelsk,Russia,64.6003,40.7167,False
ULLI,1403,312,4.6333,4,1390,247,2.1833,4,2793,559,22.2381,17.7698,20.0143,4,scheduled_duration_under_3h,Under 3 hours,Pulkovo Airport,St. Petersburg,Russia,59.8003,30.2625,True
ULMM,15,0,-13.5,2,14,3,-1.825,2,29,3,0.0,21.4286,10.3448,2,scheduled_duration_under_3h,Under 3 hours,Murmansk Airport,Murmansk,Russia,68.7817,32.7511,False
ULOO,19,1,-13.3833,4,16,5,6.625,3,35,6,5.2632,31.25,17.1429,4,scheduled_duration_under_3h,Under 3 hours,Pskov Airport,Pskov,Russia,57.7819,28.3942,False
ULPB,12,1,0.8417,3,12,0,4.2083,3,24,1,8.3333,0.0,4.1667,3,scheduled_duration_under_3h,Under 3 hours,Petrozavodsk Airport,Petrozavodsk,Russia,61.8853,34.1547,False
ULWC,41,0,-3.7167,4,43,4,2.0,4,84,4,0.0,9.3023,4.7619,4,scheduled_duration_under_3h,Under 3 hours,Cherepovets Airport,Cherepovets,Russia,59.2761,38.0189,False
UMKK,3721,1092,6.75,4,3761,326,-2.0,4,7482,1418,29.3469,8.6679,18.9522,4,scheduled_duration_under_3h,Under 3 hours,Khrabrovo Airport,Kaliningrad,Russia,54.8917,20.5986,True
UMMS,67,2,-6.5,4,67,4,-5.0,4,134,6,2.9851,5.9701,4.4776,4,scheduled_duration_under_3h,Under 3 hours,Minsk National Airport,Minsk,Belarus,53.8825,28.0308,False
URMG,137,52,10.1667,4,137,45,8.6,4,274,97,37.9562,32.8467,35.4015,4,scheduled_duration_under_3h,Under 3 hours,Grozny Airport,Grozny,Russia,43.3883,45.7,False
URML,138,34,5.425,4,167,36,1.4,4,305,70,24.6377,21.5569,22.9508,4,scheduled_duration_under_3h,Under 3 hours,Makhachkala Uytash International Airport,Makhachkala,Russia,42.8169,47.6525,False
URMM,693,208,6.9667,4,658,248,11.2,4,1351,456,30.0144,37.69,33.7528,4,scheduled_duration_under_3h,Under 3 hours,Mineralnyye Vody Airport,Mineralnyye Vody,Russia,44.2269,43.0831,True
URMN,14,3,-3.325,2,14,2,8.5,2,28,5,21.4286,14.2857,17.8571,2,scheduled_duration_under_3h,Under 3 hours,Nalchik Airport,Nalchik,Russia,43.5131,43.6367,False
URMO,36,6,-3.9167,3,36,5,7.0,3,72,11,16.6667,13.8889,15.2778,3,scheduled_duration_under_3h,Under 3 hours,Vladikavkaz Beslan International Airport,Beslan,Russia,43.2053,44.6067,False
URMT,6,1,5.125,1,6,1,3.5,1,12,2,16.6667,16.6667,16.6667,1,scheduled_duration_under_3h,Under 3 hours,Stavropol Shpakovskoye Airport,Stavropol,Russia,45.1092,42.1128,False
URSS,1510,277,2.0583,4,1524,527,10.0,4,3034,804,18.3444,34.5801,26.4997,4,scheduled_duration_under_3h,Under 3 hours,Sochi International Airport,Sochi,Russia,43.4444,39.9469,True
URWA,49,3,4.0667,3,49,14,6.2667,3,98,17,6.1224,28.5714,17.3469,3,scheduled_duration_under_3h,Under 3 hours,Astrakhan Narimanovo Boris M. Kustodiev International Airport,Astrakhan,Russia,46.2833,48.0064,False
URWW,26,5,-4.7833,4,13,6,15.0,3,39,11,19.2308,46.1538,28.2051,4,scheduled_duration_under_3h,Under 3 hours,Volgograd International Airport,Volgograd,Russia,48.7803,44.3356,False
USCC,14,2,2.025,3,6,1,5.4333,1,20,3,14.2857,16.6667,15.0,3,scheduled_duration_under_3h,Under 3 hours,Chelyabinsk Balandino Airport,Chelyabinsk,Russia,55.3058,61.5036,False
USSS,17,5,9.1667,2,9,5,15.9167,1,26,10,29.4118,55.5556,38.4615,2,scheduled_duration_under_3h,Under 3 hours,Koltsovo Airport,Yekaterinburg,Russia,56.7431,60.8031,False
USTR,12,7,16.375,4,1,0,8.9333,1,13,7,58.3333,0.0,53.8462,4,scheduled_duration_under_3h,Under 3 hours,Roshchino International Airport,Tyumen,Russia,57.1683,65.3161,False
UTAK,20,3,7.0583,4,4,2,10.0,3,24,5,15.0,50.0,20.8333,4,scheduled_duration_under_3h,Under 3 hours,Turkmenbashi International Airport,Turkmenbashi,Turkmenistan,40.0633,53.0072,False
UTDD,1,0,-1.7333,1,2,0,0.9167,1,3,0,0.0,0.0,0.0,1,scheduled_duration_under_3h,Under 3 hours,Dushanbe International Airport,Dushanbe,Tajikistan,38.5436,68.8247,False
UTFF,3,3,16.6667,1,3,1,10.0,1,6,4,100.0,33.3333,66.6667,1,scheduled_duration_under_3h,Under 3 hours,,,,40.3583,71.7447,False
UTSB,8,2,8.6583,1,8,0,0.325,1,16,2,25.0,0.0,12.5,1,scheduled_duration_under_3h,Under 3 hours,Bukhara International Airport,Bukhara,Uzbekistan,39.7756,64.4822,False
UTSS,9,1,8.7833,1,9,0,2.0,1,18,1,11.1111,0.0,5.5556,1,scheduled_duration_under_3h,Under 3 hours,Samarkand Airport,Samarkand,Uzbekistan,39.7017,66.9825,False
UTTT,152,17,0.65,4,120,23,10.5,4,272,40,11.1842,19.1667,14.7059,4,scheduled_duration_under_3h,Under 3 hours,Tashkent International Airport,Tashkent,Uzbekistan,41.2567,69.2817,False
UUBI,16,0,-6.8667,2,16,0,-13.15,2,32,0,0.0,0.0,0.0,2,scheduled_duration_under_3h,Under 3 hours,Ivanovo South Airport,Ivanovo,Russia,56.9425,40.9322,False
UUBW,19,9,13.2667,3,19,11,19.1167,4,38,20,47.3684,57.8947,52.6316,4,scheduled_duration_under_3h,Under 3 hours,Zhukovsky International Airport,Moscow,Russia,55.5528,38.1497,False
UUDD,786,267,8.525,4,795,270,7.2833,4,1581,537,33.9695,33.9623,33.9658,4,scheduled_duration_under_3h,Under 3 hours,Domodedovo International Airport,Moscow,Russia,55.4086,37.9064,True
UUEE,1292,279,3.4417,4,1167,156,1.7833,4,2459,435,21.5944,13.3676,17.6901,4,scheduled_duration_under_3h,Under 3 hours,Sheremetyevo International Airport,Moscow,Russia,55.9725,37.4131,True
UUWW,465,124,8.5,4,486,233,14.7417,4,951,357,26.6667,47.9424,37.5394,4,scheduled_duration_under_3h,Under 3 hours,Vnukovo International Airport,Moscow,Russia,55.5992,37.2731,True
UWGG,6,0,-13.7333,3,4,0,-4.3917,1,10,0,0.0,0.0,0.0,3,scheduled_duration_under_3h,Under 3 hours,Nizhny Novgorod / Strigino International Airport,Nizhny Novgorod,Russia,56.23,43.7842,False
UWKD,29,4,2.85,4,30,13,13.925,4,59,17,13.7931,43.3333,28.8136,4,scheduled_duration_under_3h,Under 3 hours,Kazan International Airport,Kazan,Russia,55.6069,49.2803,False
UWSG,3,0,-6.6833,1,3,0,0.2333,1,6,0,0.0,0.0,0.0,1,scheduled_duration_under_3h,Under 3 hours,Gagarin International Airport,Saratov,Russia,51.7128,46.1711,False
UWUU,48,11,4.4167,4,47,18,14.0,4,95,29,22.9167,38.2979,30.5263,4,scheduled_duration_under_3h,Under 3 hours,Ufa International Airport,Ufa,Russia,54.5578,55.8739,False
UWWW,90,19,4.025,4,91,36,13.0,4,181,55,21.1111,39.5604,30.3867,4,scheduled_duration_under_3h,Under 3 hours,Kurumoch International Airport,Samara,Russia,53.5011,50.1539,False
ZZZZ,21,4,-6.75,4,38,8,-18.0333,4,59,12,19.0476,21.0526,20.339,4,scheduled_duration_under_3h,Under 3 hours,,,,0.0,0.0,False
AFIL,0,0,,0,1,0,0.0,1,1,0,,0.0,0.0,1,scheduled_duration_3h_or_more,3 hours or more,,,,,,False
BGBW,5,2,11.7333,2,5,0,-2.0,2,10,2,40.0,0.0,20.0,2,scheduled_duration_3h_or_more,3 hours or more,Narsarsuaq Airport,Narsarsuaq,Greenland,61.1608,-45.4256,False
BGSF,97,17,4.6333,4,101,62,18.0,4,198,79,17.5258,61.3861,39.899,4,scheduled_duration_3h_or_more,3 hours or more,Kangerlussuaq Airport,Kangerlussuaq,Greenland,67.0169,-50.6894,False
BGTL,4,1,10.6917,4,4,2,15.5,4,8,3,25.0,50.0,37.5,4,scheduled_duration_3h_or_more,3 hours or more,Pituffik Space Base,Pituffik,Greenland,76.5311,-68.703,False
BIAR,3,3,53.0833,2,1,0,13.0,1,4,3,100.0,0.0,75.0,2,scheduled_duration_3h_or_more,3 hours or more,Akureyri Airport,Akureyri,Iceland,65.6567,-18.0719,False
BIEG,1,1,28.5167,1,0,0,,0,1,1,100.0,,100.0,1,scheduled_duration_3h_or_more,3 hours or more,Egilsstaðir Airport,Egilsstaðir,Iceland,65.2833,-14.4014,False
BIKF,3308,902,8.5667,4,2540,630,7.0,4,5848,1532,27.2672,24.8031,26.197,4,scheduled_duration_3h_or_more,3 hours or more,Keflavik International Airport,Reykjavík,Iceland,63.985,-22.6056,True
BIRK,5,0,-32.9167,3,8,2,7.5,4,13,2,0.0,25.0,15.3846,4,scheduled_duration_3h_or_more,3 hours or more,Reykjavík Domestic Airport,Reykjavík,Iceland,64.13,-21.9406,False
BKPR,94,25,5.5667,4,147,26,4.0,4,241,51,26.5957,17.6871,21.1618,4,scheduled_duration_3h_or_more,3 hours or more,Priština Adem Jashari International Airport,Prishtina,Kosovo,42.5742,21.0358,False
CYEG,41,13,7.7333,4,50,43,26.5,4,91,56,31.7073,86.0,61.5385,4,scheduled_duration_3h_or_more,3 hours or more,Edmonton International Airport,Edmonton,Canada,53.31,-113.5794,False
CYHM,174,24,1.9083,4,36,26,28.0,4,210,50,13.7931,72.2222,23.8095,4,scheduled_duration_3h_or_more,3 hours or more,John C. Munro Hamilton International Airport,Hamilton,Canada,43.1736,-79.935,False
CYHZ,236,76,9.2833,3,380,246,22.5,4,616,322,32.2034,64.7368,52.2727,4,scheduled_duration_3h_or_more,3 hours or more,Halifax / Stanfield International Airport,Halifax,Canada,44.8797,-63.5103,True
CYMX,9,2,3.2,2,56,25,10.0,3,65,27,22.2222,44.6429,41.5385,3,scheduled_duration_3h_or_more,3 hours or more,Montreal International (Mirabel) Airport,Montréal,Canada,45.6797,-74.0386,False
CYOW,0,0,,0,1,1,18.0,1,1,1,,100.0,100.0,1,scheduled_duration_3h_or_more,3 hours or more,Ottawa Macdonald-Cartier International Airport,Ottawa,Canada,45.3225,-75.6672,False
CYQB,65,22,8.1167,3,65,24,12.0,3,130,46,33.8462,36.9231,35.3846,3,scheduled_duration_3h_or_more,3 hours or more,Quebec Jean Lesage International Airport,Quebec,Canada,46.7911,-71.3933,False
CYQM,0,0,,0,1,0,-73.9,1,1,0,,0.0,0.0,1,scheduled_duration_3h_or_more,3 hours or more,Greater Moncton Roméo LeBlanc International Airport,Moncton,Canada,46.1161,-64.6786,False
CYQX,14,8,29.5417,2,3,3,72.0,2,17,11,57.1429,100.0,64.7059,2,scheduled_duration_3h_or_more,3 hours or more,Gander International Airport / CFB Gander,Gander,Canada,48.9369,-54.5681,False
CYUL,3377,1308,11.2667,4,3379,3063,42.0,4,6756,4371,38.7326,90.6481,64.698,4,scheduled_duration_3h_or_more,3 hours or more,Montreal / Pierre Elliott Trudeau International Airport,Montréal,Canada,45.4706,-73.7408,True
CYVR,875,349,11.3167,4,979,816,28.0,4,1854,1165,39.8857,83.3504,62.8371,4,scheduled_duration_3h_or_more,3 hours or more,Vancouver International Airport,Vancouver,Canada,49.1947,-123.1839,True
CYWG,0,0,,0,1,1,114.0,1,1,1,,100.0,100.0,1,scheduled_duration_3h_or_more,3 hours or more,Winnipeg / James Armstrong Richardson International Airport,Winnipeg,Canada,49.91,-97.24,False
CYXY,6,4,18.0333,2,6,6,60.5,2,12,10,66.6667,100.0,83.3333,2,scheduled_duration_3h_or_more,3 hours or more,Whitehorse / Erik Nielsen International Airport,Whitehorse,Canada,60.7094,-135.0672,False
CYYC,570,190,9.1667,4,566,438,26.0,4,1136,628,33.3333,77.3852,55.2817,4,scheduled_duration_3h_or_more,3 hours or more,Calgary International Airport,Calgary,Canada,51.1225,-114.0133,True
CYYT,26,6,-2.2583,4,26,21,38.5,4,52,27,23.0769,80.7692,51.9231,4,scheduled_duration_3h_or_more,3 hours or more,St. John's International Airport,St. John's,Canada,47.6186,-52.7525,False
CYYZ,4869,1787,10.2833,4,4855,4152,34.0,4,9724,5939,36.7016,85.5201,61.0757,4,scheduled_duration_3h_or_more,3 hours or more,Toronto Lester B. Pearson International Airport,Toronto,Canada,43.6761,-79.6306,True
DAAE,2,0,8.775,1,0,0,,0,2,0,0.0,,0.0,1,scheduled_duration_3h_or_more,3 hours or more,Soummam–Abane Ramdane Airport,Béjaïa,Algeria,36.7119,5.0694,False
DAAG,1137,522,13.4833,4,865,195,7.05,4,2002,717,45.9103,22.5434,35.8142,4,scheduled_duration_3h_or_more,3 hours or more,Houari Boumediene Airport,Algiers,Algeria,36.6944,3.2169,True
DAAJ,3,0,8.6333,1,2,0,-6.3833,1,5,0,0.0,0.0,0.0,1,scheduled_duration_3h_or_more,3 hours or more,Djanet Inedbirene Airport,Djanet,Algeria,24.2931,9.4519,False
DAAK,2,0,-36.3083,1,0,0,,0,2,0,0.0,,0.0,1,scheduled_duration_3h_or_more,3 hours or more,,,,36.5458,2.8761,False
DAAT,0,0,,0,1,0,0.0,1,1,0,,0.0,0.0,1,scheduled_duration_3h_or_more,3 hours or more,Aguenar – Hadj Bey Akhamok Airport,Tamanrasset,Algeria,22.8111,5.4508,False
DABB,20,6,2.25,4,2,0,-9.5,1,22,6,30.0,0.0,27.2727,4,scheduled_duration_3h_or_more,3 hours or more,Annaba Rabah Bitat Airport,Annaba,Algeria,36.8222,7.8094,False
DABC,99,51,15.2333,4,25,3,5.0,2,124,54,51.5152,12.0,43.5484,4,scheduled_duration_3h_or_more,3 hours or more,Mohamed Boudiaf International Airport,Constantine,Algeria,36.2853,6.6192,False
DAOF,1,0,-9.5667,1,1,0,-7.0,1,2,0,0.0,0.0,0.0,1,scheduled_duration_3h_or_more,3 hours or more,Tindouf Airport,Tindouf,Algeria,27.6997,-8.1639,False
DAON,3,3,28.4167,2,0,0,,0,3,3,100.0,,100.0,2,scheduled_duration_3h_or_more,3 hours or more,Zenata – Messali El Hadj Airport,Zenata,Algeria,35.0153,-1.4508,False
DAOO,168,66,7.8083,4,144,10,6.0,3,312,76,39.2857,6.9444,24.359,4,scheduled_duration_3h_or_more,3 hours or more,Oran Es-Sénia (Ahmed Ben Bella) International Airport,Es-Sénia,Algeria,35.6272,-0.6114,False
DAUB,3,2,23.4167,1,0,0,,0,3,2,66.6667,,66.6667,1,scheduled_duration_3h_or_more,3 hours or more,Biskra - Mohamed Khider Airport,Biskra,Algeria,34.8017,5.7417,False
DAUE,0,0,,0,1,1,19.3833,1,1,1,,100.0,100.0,1,scheduled_duration_3h_or_more,3 hours or more,El Golea Airport,El Menia,Algeria,30.5689,2.8647,False
DAUG,2,2,31.975,1,1,0,6.0,1,3,2,100.0,0.0,66.6667,1,scheduled_duration_3h_or_more,3 hours or more,Noumérat - Moufdi Zakaria Airport,El Atteuf,Algeria,32.3817,3.7994,False
DAUO,6,5,19.7,1,4,0,-5.5,1,10,5,83.3333,0.0,50.0,1,scheduled_duration_3h_or_more,3 hours or more,Guemar Airport - مطار قمار بالوادي,Guemar,Algeria,33.5131,6.7825,False
DAUU,9,7,20.2,2,6,0,-9.5,1,15,7,77.7778,0.0,46.6667,2,scheduled_duration_3h_or_more,3 hours or more,Ain Beida Airport,Ouargla,Algeria,31.9314,5.4136,False
DBBB,225,67,8.3833,4,186,64,8.6,4,411,131,29.7778,34.4086,31.8735,4,scheduled_duration_3h_or_more,3 hours or more,Cadjehoun Airport,Cotonou,Benin,6.3564,2.3833,False
DFFD,284,88,8.875,4,247,94,9.9333,4,531,182,30.9859,38.0567,34.275,4,scheduled_duration_3h_or_more,3 hours or more,Ouagadougou Airport,Ouagadougou,Burkina Faso,12.3536,-1.5119,True
DGAA,827,275,7.6667,4,840,279,7.9167,4,1667,554,33.2527,33.2143,33.2334,4,scheduled_duration_3h_or_more,3 hours or more,Kotoka International Airport,Accra,Ghana,5.6044,-0.1675,True
DIAP,590,203,8.8833,4,639,295,13.0,4,1229,498,34.4068,46.1659,40.5207,4,scheduled_duration_3h_or_more,3 hours or more,Félix-Houphouët-Boigny International Airport,Abidjan,Ivory Coast,5.2544,-3.9286,True
DNAA,333,88,6.7,4,329,130,11.15,4,662,218,26.4264,39.5137,32.9305,4,scheduled_duration_3h_or_more,3 hours or more,Nnamdi Azikiwe International Airport,Abuja,Nigeria,9.005,7.265,True
DNMM,1160,336,6.6083,4,1082,383,8.6583,4,2242,719,28.9655,35.3974,32.0696,4,scheduled_duration_3h_or_more,3 hours or more,Murtala Muhammed International Airport,Lagos,Nigeria,6.575,3.3217,True
DNPO,2,0,-10.9333,2,2,1,66.0833,2,4,1,0.0,50.0,25.0,2,scheduled_duration_3h_or_more,3 hours or more,Port Harcourt International Airport,Port Harcourt,Nigeria,5.015,6.9467,False
DRRN,173,64,10.3167,4,162,58,8.2833,4,335,122,36.9942,35.8025,36.4179,4,scheduled_duration_3h_or_more,3 hours or more,Diori Hamani International Airport,Niamey,Niger,13.4817,2.1703,False
DTMB,52,26,14.3917,4,38,9,2.6833,4,90,35,50.0,23.6842,38.8889,4,scheduled_duration_3h_or_more,3 hours or more,Monastir Habib Bourguiba International Airport,Monastir,Tunisia,35.7581,10.7547,False
DTNH,152,18,-0.05,4,104,33,9.5,4,256,51,11.8421,31.7308,19.9219,4,scheduled_duration_3h_or_more,3 hours or more,Enfidha - Hammamet International Airport,Enfidha,Tunisia,36.0758,10.4386,False
DTTA,706,445,22.1833,4,609,109,5.0,4,1315,554,63.0312,17.8982,42.1293,4,scheduled_duration_3h_or_more,3 hours or more,Tunis Carthage International Airport,Tunis,Tunisia,36.8511,10.2269,True
DTTJ,42,13,10.5333,4,149,7,-5.0,4,191,20,30.9524,4.698,10.4712,4,scheduled_duration_3h_or_more,3 hours or more,Djerba Zarzis International Airport,Mellita,Tunisia,33.8756,10.7772,False
DTTX,1,1,47.95,1,4,0,-0.5,2,5,1,100.0,0.0,20.0,2,scheduled_duration_3h_or_more,3 hours or more,Sfax Thyna International Airport,Sfax,Tunisia,34.7206,10.6886,False
DXXX,227,114,15.55,4,226,88,10.7167,4,453,202,50.2203,38.9381,44.5916,4,scheduled_duration_3h_or_more,3 hours or more,Lomé–Tokoin International Airport,Lomé,Togo,6.1658,1.2542,False
EBAW,15,0,-16.4,3,13,2,-11.0,2,28,2,0.0,15.3846,7.1429,3,scheduled_duration_3h_or_more,3 hours or more,Antwerp International Airport (Deurne),Antwerp,Belgium,51.189,4.46,False
EBBR,6286,2445,9.8833,4,6242,1444,7.0,4,12528,3889,38.896,23.1336,31.0425,4,scheduled_duration_3h_or_more,3 hours or more,Brussels Airport,Zaventem,Belgium,50.9014,4.4844,True
EBCI,1153,239,3.9333,4,1090,212,4.5583,4,2243,451,20.7285,19.4495,20.107,4,scheduled_duration_3h_or_more,3 hours or more,Brussels South Charleroi Airport,Charleroi,Belgium,50.46,4.4528,True
EBLG,2542,1063,10.65,4,2270,401,2.0,4,4812,1464,41.8175,17.6652,30.4239,4,scheduled_duration_3h_or_more,3 hours or more,Liège Airport,Grâce-Hollogne,Belgium,50.6364,5.4428,True
EBMB,3,1,-9.5833,3,2,1,22.0,2,5,2,33.3333,50.0,40.0,3,scheduled_duration_3h_or_more,3 hours or more,,,,50.9012,4.4842,False
EBOS,351,100,4.1167,4,366,87,4.0,4,717,187,28.49,23.7705,26.0809,4,scheduled_duration_3h_or_more,3 hours or more,Oostende-Brugge International Airport,Oostende,Belgium,51.1989,2.8622,True
EDDB,3501,1050,7.6167,4,3472,1911,18.0,4,6973,2961,29.9914,55.0403,42.4638,4,scheduled_duration_3h_or_more,3 hours or more,Berlin Brandenburg Airport,Berlin,Germany,52.3622,13.5006,True
EDDC,126,32,2.4833,4,58,21,12.0,4,184,53,25.3968,36.2069,28.8043,4,scheduled_duration_3h_or_more,3 hours or more,Dresden Airport,Dresden,Germany,51.1344,13.7681,False
EDDE,2,2,51.4833,1,3,1,7.0,1,5,3,100.0,33.3333,60.0,1,scheduled_duration_3h_or_more,3 hours or more,Erfurt-Weimar Airport,Erfurt,Germany,50.9797,10.9581,False
EDDF,20997,6044,3.5167,4,19881,10143,16.0,4,40878,16187,28.7851,51.0186,39.5983,4,scheduled_duration_3h_or_more,3 hours or more,Frankfurt Airport,Frankfurt am Main,Germany,50.0333,8.5706,True
EDDG,230,76,5.7417,4,204,69,11.0,4,434,145,33.0435,33.8235,33.4101,4,scheduled_duration_3h_or_more,3 hours or more,Münster Osnabrück Airport,Greven,Germany,52.1347,7.6847,False
EDDH,2822,536,0.7667,4,2361,1193,16.0,4,5183,1729,18.9936,50.5294,33.3591,4,scheduled_duration_3h_or_more,3 hours or more,Hamburg Helmut Schmidt Airport,Hamburg,Germany,53.6303,9.9883,True
EDDK,4410,1654,9.3583,4,3753,554,1.0,4,8163,2208,37.5057,14.7615,27.0489,4,scheduled_duration_3h_or_more,3 hours or more,Cologne Bonn Airport,Köln (Cologne),Germany,50.8658,7.1428,True
EDDL,5821,1585,6.55,4,5327,2703,16.0,4,11148,4288,27.229,50.7415,38.4643,4,scheduled_duration_3h_or_more,3 hours or more,Düsseldorf Airport,Düsseldorf,Germany,51.2808,6.7572,True
EDDM,6439,2427,9.2167,4,6803,3302,15.0,4,13242,5729,37.6922,48.5374,43.2639,4,scheduled_duration_3h_or_more,3 hours or more,Munich Airport,Munich,Germany,48.3539,11.7861,True
EDDN,567,131,3.6167,4,246,54,6.0,4,813,185,23.1041,21.9512,22.7552,4,scheduled_duration_3h_or_more,3 hours or more,Nuremberg Airport,Nuremberg,Germany,49.4986,11.0781,True
EDDP,2486,498,-0.725,4,2362,306,-1.0,4,4848,804,20.0322,12.9551,16.5842,4,scheduled_duration_3h_or_more,3 hours or more,Leipzig/Halle Airport,Schkeuditz,Germany,51.4239,12.2364,True
EDDR,57,12,6.35,4,53,26,15.0,4,110,38,21.0526,49.0566,34.5455,4,scheduled_duration_3h_or_more,3 hours or more,Saarbrücken Airport,Saarbrücken,Germany,49.2144,7.1094,False
EDDS,1538,279,2.9,4,1015,341,10.0,4,2553,620,18.1404,33.5961,24.2852,4,scheduled_duration_3h_or_more,3 hours or more,Stuttgart Airport,Stuttgart,Germany,48.69,9.2219,True
EDDV,1590,400,5.1167,4,1125,226,7.6333,4,2715,626,25.1572,20.0889,23.0571,4,scheduled_duration_3h_or_more,3 hours or more,Hannover Airport,Hannover,Germany,52.4603,9.6836,True
EDDW,374,96,5.5917,4,263,83,9.0,4,637,179,25.6684,31.5589,28.1005,4,scheduled_duration_3h_or_more,3 hours or more,Bremen Airport,Bremen,Germany,53.0475,8.7867,True
EDFH,468,173,9.0083,4,469,62,4.0,4,937,235,36.9658,13.2196,25.08,4,scheduled_duration_3h_or_more,3 hours or more,Frankfurt-Hahn Airport,Frankfurt am Main (Lautzenhausen),Germany,49.9458,7.2611,True
EDHI,0,0,,0,2,0,1.0,1,2,0,,0.0,0.0,1,scheduled_duration_3h_or_more,3 hours or more,Hamburg-Finkenwerder Airport,Hamburg,Germany,53.5339,9.8322,False
EDHL,29,6,1.8333,2,24,7,7.6417,2,53,13,20.6897,29.1667,24.5283,2,scheduled_duration_3h_or_more,3 hours or more,Lübeck Blankensee Airport,Lübeck,Germany,53.8053,10.7192,False
EDJA,156,44,8.225,4,165,19,1.9333,4,321,63,28.2051,11.5152,19.6262,4,scheduled_duration_3h_or_more,3 hours or more,Memmingen Allgau Airport,Memmingen,Germany,47.9889,10.2394,False
EDLP,151,42,5.1167,4,145,32,5.0,4,296,74,27.8146,22.069,25.0,4,scheduled_duration_3h_or_more,3 hours or more,Paderborn Lippstadt Airport,Büren,Germany,51.6142,8.6164,False
EDLV,245,44,1.7667,4,251,41,0.9667,4,496,85,17.9592,16.3347,17.1371,4,scheduled_duration_3h_or_more,3 hours or more,Weeze Airport,Weeze,Germany,51.6025,6.1422,False
EDLW,150,38,6.25,4,110,42,11.0,4,260,80,25.3333,38.1818,30.7692,4,scheduled_duration_3h_or_more,3 hours or more,Dortmund Airport,Dortmund,Germany,51.5183,7.6122,False
EDRY,1,0,11.95,1,0,0,,0,1,0,0.0,,0.0,1,scheduled_duration_3h_or_more,3 hours or more,,,,49.302,8.452,False
EDSB,160,26,1.1583,4,232,22,-4.65,4,392,48,16.25,9.4828,12.2449,4,scheduled_duration_3h_or_more,3 hours or more,Karlsruhe Baden-Baden Airport,Rheinmünster,Germany,48.7794,8.0806,False
EDVK,77,14,2.6,4,60,17,10.0,4,137,31,18.1818,28.3333,22.6277,4,scheduled_duration_3h_or_more,3 hours or more,Kassel Airport,Calden,Germany,51.4208,9.3922,False
EEEI,0,0,,0,1,0,-2.0,1,1,0,,0.0,0.0,1,scheduled_duration_3h_or_more,3 hours or more,,,,59.262,24.219,False
EETN,419,64,1.8833,4,496,61,3.0,4,915,125,15.2745,12.2984,13.6612,4,scheduled_duration_3h_or_more,3 hours or more,Lennart Meri Tallinn Airport,Tallinn,Estonia,59.4133,24.8325,True
EFET,2,1,13.0167,1,3,0,-7.0,1,5,1,50.0,0.0,20.0,1,scheduled_duration_3h_or_more,3 hours or more,Enontekio Airport,Enontekio,Finland,68.3644,23.4275,False
EFHK,4106,1054,5.8667,4,4333,786,5.85,4,8439,1840,25.6698,18.1399,21.8035,4,scheduled_duration_3h_or_more,3 hours or more,Helsinki Vantaa Airport,Helsinki (Vantaa),Finland,60.3172,24.9633,True
EFIV,25,2,3.2333,2,27,1,-4.0,2,52,3,8.0,3.7037,5.7692,2,scheduled_duration_3h_or_more,3 hours or more,Ivalo Airport,Ivalo,Finland,68.6108,27.4139,False
EFKI,0,0,,0,1,0,12.0,1,1,0,,0.0,0.0,1,scheduled_duration_3h_or_more,3 hours or more,Kajaani Airport,Kajaani,Finland,64.2842,27.6875,False
EFKS,29,5,2.2333,2,35,1,2.0,2,64,6,17.2414,2.8571,9.375,2,scheduled_duration_3h_or_more,3 hours or more,Kuusamo Airport,Kuusamo,Finland,65.9903,29.2319,False
EFKT,117,8,2.05,4,135,4,1.0,4,252,12,6.8376,2.963,4.7619,4,scheduled_duration_3h_or_more,3 hours or more,Kittilä Airport,Kittilä,Finland,67.6986,24.8481,False
EFKU,1,0,8.5333,1,0,0,,0,1,0,0.0,,0.0,1,scheduled_duration_3h_or_more,3 hours or more,Kuopio Airport,Kuopio / Siilinjärvi,Finland,63.0086,27.7944,False
EFLP,16,6,10.2667,4,27,5,5.0,4,43,11,37.5,18.5185,25.5814,4,scheduled_duration_3h_or_more,3 hours or more,Lappeenranta Airport,Lappeenranta,Finland,61.0458,28.1486,False
EFRO,161,26,4.5167,2,179,16,1.0,2,340,42,16.1491,8.9385,12.3529,2,scheduled_duration_3h_or_more,3 hours or more,Rovaniemi Airport,Rovaniemi,Finland,66.5617,25.8308,False
EFTP,43,13,6.75,3,43,4,5.0,3,86,17,30.2326,9.3023,19.7674,3,scheduled_duration_3h_or_more,3 hours or more,Tampere-Pirkkala Airport,Tampere / Pirkkala,Finland,61.4153,23.5878,False
EFTU,19,4,-0.1,4,14,2,10.0,3,33,6,21.0526,14.2857,18.1818,4,scheduled_duration_3h_or_more,3 hours or more,Turku Airport,Turku,Finland,60.5147,22.2617,False
EGAA,547,109,4.4667,4,476,101,6.0,4,1023,210,19.9269,21.2185,20.5279,4,scheduled_duration_3h_or_more,3 hours or more,Belfast International Airport,Belfast,United Kingdom,54.6575,-6.2158,True
EGAC,6,0,-2.175,2,0,0,,0,6,0,0.0,,0.0,2,scheduled_duration_3h_or_more,3 hours or more,George Best Belfast City Airport,Belfast,United Kingdom,54.6181,-5.8725,False
EGBB,3449,950,5.55,4,3283,877,7.0,4,6732,1827,27.5442,26.7134,27.139,4,scheduled_duration_3h_or_more,3 hours or more,Birmingham Airport,"Birmingham, West Midlands",United Kingdom,52.4539,-1.7481,True
EGBP,1,1,33.95,1,0,0,,0,1,1,100.0,,100.0,1,scheduled_duration_3h_or_more,3 hours or more,Cotswold Airport,"Cirencester, Gloucestershire",United Kingdom,51.6681,-2.0569,False
EGCC,8606,3021,8.5,4,8557,2485,8.0,4,17163,5506,35.1034,29.0406,32.0806,4,scheduled_duration_3h_or_more,3 hours or more,Manchester Airport,"Manchester, Greater Manchester",United Kingdom,53.3539,-2.275,True
EGCN,415,110,3.9,3,380,96,5.0,3,795,206,26.506,25.2632,25.9119,3,scheduled_duration_3h_or_more,3 hours or more,,,,53.4753,-1.0042,True
EGFF,284,67,0.675,4,266,72,7.0,4,550,139,23.5915,27.0677,25.2727,4,scheduled_duration_3h_or_more,3 hours or more,Cardiff International Airport,Cardiff,United Kingdom,51.3967,-3.3433,True
EGGD,2199,657,6.8333,4,2104,670,8.0,4,4303,1327,29.8772,31.8441,30.8389,4,scheduled_duration_3h_or_more,3 hours or more,Bristol Airport,Bristol,United Kingdom,51.3828,-2.7192,True
EGGP,598,107,1.2,4,459,84,1.2,4,1057,191,17.893,18.3007,18.07,4,scheduled_duration_3h_or_more,3 hours or more,Liverpool John Lennon Airport,Liverpool,United Kingdom,53.3336,-2.8497,True
EGGW,4188,1159,5.725,4,2950,884,9.0,4,7138,2043,27.6743,29.9661,28.6215,4,scheduled_duration_3h_or_more,3 hours or more,London Luton Airport,"Luton, Bedfordshire",United Kingdom,51.8747,-0.3683,True
EGHH,180,26,-0.3417,4,156,26,1.0,4,336,52,14.4444,16.6667,15.4762,4,scheduled_duration_3h_or_more,3 hours or more,Bournemouth Airport,Bournemouth,United Kingdom,50.78,-1.8425,False
EGHI,9,5,19.4833,3,8,5,24.5,2,17,10,55.5556,62.5,58.8235,3,scheduled_duration_3h_or_more,3 hours or more,Southampton Airport,Southampton,United Kingdom,50.9503,-1.3567,False
EGJB,3,0,-2.0833,2,3,0,-2.0,2,6,0,0.0,0.0,0.0,2,scheduled_duration_3h_or_more,3 hours or more,Guernsey Airport,Saint Peter Port,Guernsey,49.435,-2.6028,False
EGJJ,3,0,-5.3167,2,4,0,-6.5,1,7,0,0.0,0.0,0.0,2,scheduled_duration_3h_or_more,3 hours or more,Jersey Airport,St. Peter,Jersey,49.2081,-2.1956,False
EGKB,2,0,-5.7167,1,0,0,,0,2,0,0.0,,0.0,1,scheduled_duration_3h_or_more,3 hours or more,London Biggin Hill Airport,London,United Kingdom,51.3308,0.0325,False
EGKK,9500,4259,12.5,4,9541,2011,5.0,4,19041,6270,44.8316,21.0775,32.9289,4,scheduled_duration_3h_or_more,3 hours or more,London Gatwick Airport,London,United Kingdom,51.1481,-0.1903,True
EGLC,59,32,15.5833,4,46,19,12.0,2,105,51,54.2373,41.3043,48.5714,4,scheduled_duration_3h_or_more,3 hours or more,London City Airport,London,United Kingdom,51.5053,0.0553,False
EGLF,3,1,-6.4,3,2,1,16.5,1,5,2,33.3333,50.0,40.0,3,scheduled_duration_3h_or_more,3 hours or more,Farnborough Airport,"Farnborough, Hampshire",United Kingdom,51.2753,-0.7775,False
EGLL,28988,17481,19.6167,4,28906,6959,4.4,4,57894,24440,60.3043,24.0746,42.2151,4,scheduled_duration_3h_or_more,3 hours or more,London Heathrow Airport,London,United Kingdom,51.4775,-0.4614,True
EGMC,3,0,-6.7333,2,5,0,-5.0,2,8,0,0.0,0.0,0.0,2,scheduled_duration_3h_or_more,3 hours or more,London Southend Airport,"Southend-on-Sea, Essex",United Kingdom,51.5703,0.6933,False
EGNJ,2,1,13.3083,1,0,0,,0,2,1,50.0,,50.0,1,scheduled_duration_3h_or_more,3 hours or more,Humberside Airport,"Grimsby, Lincolnshire",United Kingdom,53.5733,-0.3514,False
EGNM,1155,312,5.0833,4,1146,313,7.0,4,2301,625,27.013,27.3124,27.1621,4,scheduled_duration_3h_or_more,3 hours or more,Leeds Bradford Airport,"Leeds, West Yorkshire",United Kingdom,53.8661,-1.6608,True
EGNO,13,4,6.05,4,11,1,-4.0,4,24,5,30.7692,9.0909,20.8333,4,scheduled_duration_3h_or_more,3 hours or more,Warton Aerodrome,Warton,United Kingdom,53.745,-2.8833,False
EGNS,3,1,13.15,3,0,0,,0,3,1,33.3333,,33.3333,3,scheduled_duration_3h_or_more,3 hours or more,Isle of Man Airport,Castletown,Isle of Man,54.0833,-4.6233,False
EGNT,1561,469,6.6667,4,1509,450,9.0,4,3070,919,30.0448,29.8211,29.9349,4,scheduled_duration_3h_or_more,3 hours or more,Newcastle International Airport,"Newcastle upon Tyne, Tyne and Wear",United Kingdom,55.0381,-1.6897,True
EGNV,20,3,4.8917,3,19,4,5.0,2,39,7,15.0,21.0526,17.9487,3,scheduled_duration_3h_or_more,3 hours or more,Teesside International Airport,"Darlington, Durham",United Kingdom,54.509,-1.429,False
EGNX,1847,518,4.8333,4,1726,299,4.0,4,3573,817,28.0455,17.3233,22.8659,4,scheduled_duration_3h_or_more,3 hours or more,East Midlands Airport,Nottingham,United Kingdom,52.8311,-1.3278,True
EGPD,88,8,-0.0083,4,86,12,5.5,4,174,20,9.0909,13.9535,11.4943,4,scheduled_duration_3h_or_more,3 hours or more,Aberdeen International Airport,Aberdeen,United Kingdom,57.2025,-2.1981,False
EGPE,0,0,,0,2,1,26.5,2,2,1,,50.0,50.0,2,scheduled_duration_3h_or_more,3 hours or more,Inverness Airport,Inverness,United Kingdom,57.5425,-4.0475,False
EGPF,1694,468,5.1667,4,1662,363,6.0,4,3356,831,27.6269,21.8412,24.7616,4,scheduled_duration_3h_or_more,3 hours or more,Glasgow Airport,Glasgow,United Kingdom,55.8719,-4.4331,True
EGPH,2500,763,6.95,4,2668,557,6.0,4,5168,1320,30.52,20.8771,25.5418,4,scheduled_duration_3h_or_more,3 hours or more,Edinburgh Airport,Edinburgh,United Kingdom,55.95,-3.3725,True
EGPK,383,83,0.65,4,231,16,-3.0,4,614,99,21.671,6.9264,16.1238,4,scheduled_duration_3h_or_more,3 hours or more,Glasgow Prestwick Airport,"Prestwick, South Ayrshire",United Kingdom,55.5094,-4.5944,True
EGSH,19,0,-5.4833,3,18,1,-0.55,2,37,1,0.0,5.5556,2.7027,3,scheduled_duration_3h_or_more,3 hours or more,Norwich Airport,"Norwich, Norfolk",United Kingdom,52.6758,1.2828,False
EGSS,5381,2005,10.3167,4,4632,991,6.0,4,10013,2996,37.2607,21.3946,29.9211,4,scheduled_duration_3h_or_more,3 hours or more,London Stansted Airport,London,United Kingdom,51.885,0.235,True
EGTE,130,35,2.8583,4,129,35,5.5,4,259,70,26.9231,27.1318,27.027,4,scheduled_duration_3h_or_more,3 hours or more,Exeter International Airport,"Exeter, Devon",United Kingdom,50.7342,-3.4139,False
EGUL,0,0,,0,1,0,-13.0,1,1,0,,0.0,0.0,1,scheduled_duration_3h_or_more,3 hours or more,RAF Lakenheath,"Brandon, Suffolk",United Kingdom,52.4092,0.5608,False
EGUN,5,5,50.2,2,4,1,-1.0,3,9,6,100.0,25.0,66.6667,3,scheduled_duration_3h_or_more,3 hours or more,RAF Mildenhall,"Bury Saint Edmunds, Suffolk",United Kingdom,52.3619,0.4864,False
EGVA,7,0,-27.8833,1,6,0,-14.5,1,13,0,0.0,0.0,0.0,1,scheduled_duration_3h_or_more,3 hours or more,RAF Fairford,"Fairford, Gloucestershire",United Kingdom,51.6836,-1.79,False
EGVN,1,1,62.05,1,2,1,10.0,1,3,2,100.0,50.0,66.6667,1,scheduled_duration_3h_or_more,3 hours or more,RAF Brize Norton,"Carterton, Oxfordshire",United Kingdom,51.75,-1.5831,False
EGWU,0,0,,0,1,0,4.0,1,1,0,,0.0,0.0,1,scheduled_duration_3h_or_more,3 hours or more,RAF Northolt,London,United Kingdom,51.5528,-0.4197,False
EHAM,16341,7771,13.9833,4,16191,4994,8.0,4,32532,12765,47.5552,30.8443,39.2383,4,scheduled_duration_3h_or_more,3 hours or more,Amsterdam Airport Schiphol,Amsterdam,Netherlands,52.3081,4.7642,True
EHBK,302,99,5.55,4,200,30,3.0,4,502,129,32.7815,15.0,25.6972,4,scheduled_duration_3h_or_more,3 hours or more,Maastricht Aachen Airport,Maastricht,Netherlands,50.9158,5.7769,True
EHEH,811,120,1.5167,4,731,158,7.0,4,1542,278,14.7965,21.6142,18.0285,4,scheduled_duration_3h_or_more,3 hours or more,Eindhoven Airport,Eindhoven,Netherlands,51.45,5.3744,True
EHGG,34,6,5.6167,4,33,3,7.0,4,67,9,17.6471,9.0909,13.4328,4,scheduled_duration_3h_or_more,3 hours or more,Groningen Airport Eelde,Groningen,Netherlands,53.125,6.5833,False
EHLE,1,0,-37.7667,1,0,0,,0,1,0,0.0,,0.0,1,scheduled_duration_3h_or_more,3 hours or more,Lelystad Airport,Lelystad,Netherlands,52.4533,5.5139,False
EHRD,316,38,-1.075,4,374,54,3.0,4,690,92,12.0253,14.4385,13.3333,4,scheduled_duration_3h_or_more,3 hours or more,Rotterdam The Hague Airport,Rotterdam,Netherlands,51.9569,4.4372,True
EHTE,0,0,,0,1,1,102.5333,1,1,1,,100.0,100.0,1,scheduled_duration_3h_or_more,3 hours or more,,,,52.245,6.047,False
EHTW,1,0,-21.0333,1,0,0,,0,1,0,0.0,,0.0,1,scheduled_duration_3h_or_more,3 hours or more,Twente Airport,Enschede,Netherlands,52.2758,6.8892,False
EICK,214,26,3.35,4,159,15,2.0,4,373,41,12.1495,9.434,10.992,4,scheduled_duration_3h_or_more,3 hours or more,Cork Airport,Cork,Ireland,51.8414,-8.4911,False
EIDW,7210,2425,6.8667,4,6680,764,1.0,4,13890,3189,33.6338,11.4371,22.959,4,scheduled_duration_3h_or_more,3 hours or more,Dublin Airport,Dublin,Ireland,53.4214,-6.27,True
EIKN,8,3,8.0833,3,1,0,3.0,1,9,3,37.5,0.0,33.3333,3,scheduled_duration_3h_or_more,3 hours or more,Ireland West Knock Airport,Charlestown,Ireland,53.9103,-8.8186,False
EINN,585,106,-1.0167,4,470,22,-4.0,4,1055,128,18.1197,4.6809,12.1327,4,scheduled_duration_3h_or_more,3 hours or more,Shannon Airport,Shannon,Ireland,52.7019,-8.9247,True
EKAH,52,7,0.025,4,37,7,0.0,4,89,14,13.4615,18.9189,15.7303,4,scheduled_duration_3h_or_more,3 hours or more,Aarhus Airport,Aarhus,Denmark,56.3,10.6189,False
EKBI,547,90,3.85,4,562,87,5.0,4,1109,177,16.4534,15.4804,15.9603,4,scheduled_duration_3h_or_more,3 hours or more,Billund Airport,Billund,Denmark,55.7403,9.1517,True
EKCH,4914,1137,2.9667,4,4854,1214,7.0,4,9768,2351,23.138,25.0103,24.0684,4,scheduled_duration_3h_or_more,3 hours or more,Copenhagen Kastrup Airport,Copenhagen,Denmark,55.6181,12.6561,True
EKEB,0,0,,0,1,1,49.0,1,1,1,,100.0,100.0,1,scheduled_duration_3h_or_more,3 hours or more,Esbjerg Airport,Esbjerg,Denmark,55.5258,8.5533,False
EKOD,7,3,13.0333,2,8,1,0.0,2,15,4,42.8571,12.5,26.6667,2,scheduled_duration_3h_or_more,3 hours or more,Odense Hans Christian Andersen Airport,Odense,Denmark,55.4767,10.3308,False
EKRK,1,0,-8.3,1,0,0,,0,1,0,0.0,,0.0,1,scheduled_duration_3h_or_more,3 hours or more,Copenhagen Roskilde Airport,Roskilde,Denmark,55.5856,12.1314,False
EKSB,8,1,-6.9083,2,9,2,6.5333,2,17,3,12.5,22.2222,17.6471,2,scheduled_duration_3h_or_more,3 hours or more,Sønderborg Airport,Sønderborg,Denmark,54.9644,9.7917,False
EKVG,16,4,-2.8333,3,15,1,2.0,3,31,5,25.0,6.6667,16.129,3,scheduled_duration_3h_or_more,3 hours or more,Vágar Airport,Vágar,Faroe Islands,62.0636,-7.2772,False
EKYT,93,19,5.5167,4,87,13,4.05,4,180,32,20.4301,14.9425,17.7778,4,scheduled_duration_3h_or_more,3 hours or more,Aalborg Airport,Aalborg,Denmark,57.0928,9.8492,False
ELLX,2461,961,9.2833,4,2500,512,6.0,4,4961,1473,39.0492,20.48,29.6916,4,scheduled_duration_3h_or_more,3 hours or more,Luxembourg-Findel International Airport,Luxembourg,Luxembourg,49.6233,6.2044,True
ENAL,21,7,9.8333,3,21,8,9.0,3,42,15,33.3333,38.0952,35.7143,3,scheduled_duration_3h_or_more,3 hours or more,"Ålesund Airport, Vigra",Ålesund,Norway,62.5625,6.1197,False
ENBO,11,4,9.3333,3,11,3,3.0,2,22,7,36.3636,27.2727,31.8182,3,scheduled_duration_3h_or_more,3 hours or more,Bodø Airport,Bodø,Norway,67.2692,14.3653,False
ENBR,341,47,-0.2,4,340,57,0.7667,4,681,104,13.783,16.7647,15.2717,4,scheduled_duration_3h_or_more,3 hours or more,"Bergen Airport, Flesland",Bergen,Norway,60.2936,5.2181,True
ENCN,34,7,6.2417,4,34,15,10.25,4,68,22,20.5882,44.1176,32.3529,4,scheduled_duration_3h_or_more,3 hours or more,"Kristiansand Airport, Kjevik",Kjevik,Norway,58.2039,8.085,False
ENEV,10,8,23.3417,3,12,8,18.575,3,22,16,80.0,66.6667,72.7273,3,scheduled_duration_3h_or_more,3 hours or more,"Harstad/Narvik Airport, Evenes",Evenes,Norway,68.4889,16.6783,False
ENGM,3400,566,1.95,4,3558,663,5.2333,4,6958,1229,16.6471,18.6341,17.6631,4,scheduled_duration_3h_or_more,3 hours or more,"Oslo Airport, Gardermoen",Oslo (Gardermoen),Norway,60.2028,11.0839,True
ENHD,40,8,1.6083,3,41,8,8.0333,3,81,16,20.0,19.5122,19.7531,3,scheduled_duration_3h_or_more,3 hours or more,"Haugesund Airport, Karmøy",Karmøy,Norway,59.3433,5.2125,False
ENML,4,0,6.8,2,6,2,8.5,2,10,2,0.0,33.3333,20.0,2,scheduled_duration_3h_or_more,3 hours or more,"Molde Airport, Årø",Årø,Norway,62.7447,7.2625,False
ENSB,9,2,3.5,3,7,2,11.0167,2,16,4,22.2222,28.5714,25.0,3,scheduled_duration_3h_or_more,3 hours or more,"Svalbard Airport, Longyear",Longyearbyen,Norway,78.2461,15.4656,False
ENTC,108,42,12.475,4,124,23,2.725,4,232,65,38.8889,18.5484,28.0172,4,scheduled_duration_3h_or_more,3 hours or more,"Tromsø Airport, Langnes",Tromsø,Norway,69.6814,18.9178,False
ENTO,240,24,-3.3417,4,181,21,4.0,4,421,45,10.0,11.6022,10.6888,4,scheduled_duration_3h_or_more,3 hours or more,"Sandefjord Airport, Torp",Torp,Norway,59.1867,10.2586,False
ENVA,128,28,2.1833,4,132,22,3.05,4,260,50,21.875,16.6667,19.2308,4,scheduled_duration_3h_or_more,3 hours or more,"Trondheim Airport, Værnes",Trondheim,Norway,63.4575,10.9242,False
ENZV,209,20,-3.3667,4,192,28,4.3917,4,401,48,9.5694,14.5833,11.9701,4,scheduled_duration_3h_or_more,3 hours or more,"Stavanger Airport, Sola",Stavanger,Norway,58.8767,5.6378,False
EPBY,0,0,,0,1,0,-25.0,1,1,0,,0.0,0.0,1,scheduled_duration_3h_or_more,3 hours or more,Bydgoszcz Ignacy Jan Paderewski Airport,Bydgoszcz,Poland,53.0967,17.9778,False
EPGD,359,45,-1.6,4,282,53,5.0,4,641,98,12.5348,18.7943,15.2886,4,scheduled_duration_3h_or_more,3 hours or more,Gdańsk Lech Wałęsa Airport,Gdańsk,Poland,54.3775,18.4661,True
EPKK,706,205,6.975,4,745,120,5.0,4,1451,325,29.0368,16.1074,22.3983,4,scheduled_duration_3h_or_more,3 hours or more,Kraków John Paul II International Airport,Balice,Poland,50.0778,19.7847,True
EPKT,369,71,0.8167,4,373,40,2.4833,4,742,111,19.2412,10.7239,14.9596,4,scheduled_duration_3h_or_more,3 hours or more,Katowice Wojciech Korfanty International Airport,Katowice,Poland,50.4742,19.08,True
EPLB,6,3,16.9667,4,19,3,7.0,4,25,6,50.0,15.7895,24.0,4,scheduled_duration_3h_or_more,3 hours or more,Lublin Airport,Lublin,Poland,51.2403,22.7136,False
EPLL,10,2,-9.875,2,10,0,-6.35,1,20,2,20.0,0.0,10.0,2,scheduled_duration_3h_or_more,3 hours or more,Łódź Władysław Reymont Airport,Łódź,Poland,51.7219,19.3981,False
EPMB,0,0,,0,1,0,11.0,1,1,0,,0.0,0.0,1,scheduled_duration_3h_or_more,3 hours or more,,,,54.0267,19.1356,False
EPMO,501,85,0.6667,4,593,102,2.0,4,1094,187,16.9661,17.2007,17.0932,4,scheduled_duration_3h_or_more,3 hours or more,Modlin Airport,Nowy Dwór Mazowiecki,Poland,52.4511,20.6519,True
EPPO,108,17,-0.675,4,93,20,4.0,4,201,37,15.7407,21.5054,18.408,4,scheduled_duration_3h_or_more,3 hours or more,Poznań-Ławica Airport,Poznań,Poland,52.4211,16.8264,False
EPPW,0,0,,0,1,1,18.0,1,1,1,,100.0,100.0,1,scheduled_duration_3h_or_more,3 hours or more,,,,52.3792,17.8522,False
EPRZ,81,42,17.1833,4,77,8,6.0,4,158,50,51.8519,10.3896,31.6456,4,scheduled_duration_3h_or_more,3 hours or more,Rzeszów-Jasionka Airport,Jasionka,Poland,50.11,22.0189,False
EPWA,3002,964,6.1667,4,2845,758,8.0,4,5847,1722,32.1119,26.6432,29.451,4,scheduled_duration_3h_or_more,3 hours or more,Warsaw Chopin Airport,Warsaw,Poland,52.1658,20.9672,True
EPWR,213,35,0.5,4,180,49,6.0,4,393,84,16.4319,27.2222,21.374,4,scheduled_duration_3h_or_more,3 hours or more,Copernicus Wrocław Airport,Wrocław,Poland,51.1028,16.8858,False
EPZG,1,0,-9.1167,1,1,0,3.6,1,2,0,0.0,0.0,0.0,1,scheduled_duration_3h_or_more,3 hours or more,Zielona Góra-Babimost Airport,Nowe Kramsko,Poland,52.1386,15.7986,False
ESGG,987,176,2.55,4,951,133,4.0,4,1938,309,17.8318,13.9853,15.9443,4,scheduled_duration_3h_or_more,3 hours or more,Göteborg Landvetter Airport,Göteborg,Sweden,57.66,12.2911,True
ESGJ,33,0,-35.1167,3,0,0,,0,33,0,0.0,,0.0,3,scheduled_duration_3h_or_more,3 hours or more,Jönköping Airport,Jönköping,Sweden,57.7583,14.0692,False
ESGT,1,0,-7.9,1,0,0,,0,1,0,0.0,,0.0,1,scheduled_duration_3h_or_more,3 hours or more,Trollhättan-Vänersborg Airport,Trollhättan,Sweden,58.3181,12.345,False
ESKN,12,2,1.3833,4,0,0,,0,12,2,16.6667,,16.6667,4,scheduled_duration_3h_or_more,3 hours or more,Stockholm Skavsta Airport,Nyköping,Sweden,58.7886,16.9036,False
ESMS,17,0,-39.75,1,16,1,-6.0,2,33,1,0.0,6.25,3.0303,2,scheduled_duration_3h_or_more,3 hours or more,Malmö Sturup Airport,Malmö,Sweden,55.5483,13.3533,False
ESMX,20,6,2.6333,3,21,8,11.0,4,41,14,30.0,38.0952,34.1463,4,scheduled_duration_3h_or_more,3 hours or more,Växjö Kronoberg Airport,Växjö,Sweden,56.9303,14.7289,False
ESNQ,4,1,8.6417,1,6,0,2.5,2,10,1,25.0,0.0,10.0,2,scheduled_duration_3h_or_more,3 hours or more,Kiruna Airport,Kiruna,Sweden,67.8214,20.3356,False
ESNU,0,0,,0,1,0,14.0,1,1,0,,0.0,0.0,1,scheduled_duration_3h_or_more,3 hours or more,Umeå Airport,Umeå,Sweden,63.7931,20.28,False
ESNX,1,0,7.8667,1,0,0,,0,1,0,0.0,,0.0,1,scheduled_duration_3h_or_more,3 hours or more,Arvidsjaur Airport,Arvidsjaur,Sweden,65.5903,19.2819,False
ESOE,1,0,-5.3333,1,0,0,,0,1,0,0.0,,0.0,1,scheduled_duration_3h_or_more,3 hours or more,Örebro Airport,Örebro,Sweden,59.2281,15.04,False
ESOW,36,5,1.9917,3,36,6,5.7833,3,72,11,13.8889,16.6667,15.2778,3,scheduled_duration_3h_or_more,3 hours or more,Stockholm Västerås Airport,Stockholm / Västerås,Sweden,59.5894,16.6336,False
ESPA,1,0,-11.5,1,13,2,-4.0,2,14,2,0.0,15.3846,14.2857,2,scheduled_duration_3h_or_more,3 hours or more,Luleå Airport,Luleå,Sweden,65.5433,22.1236,False
ESSA,4746,1213,5.5667,4,5005,797,4.0,4,9751,2010,25.5584,15.9241,20.6133,4,scheduled_duration_3h_or_more,3 hours or more,Stockholm-Arlanda Airport,Stockholm,Sweden,59.6519,17.9186,True
ESSP,9,0,-6.9667,1,9,0,-11.0,1,18,0,0.0,0.0,0.0,1,scheduled_duration_3h_or_more,3 hours or more,Norrköping Airport,Norrköping,Sweden,58.5861,16.2464,False
ETAR,81,45,16.5667,4,86,8,1.2833,4,167,53,55.5556,9.3023,31.7365,4,scheduled_duration_3h_or_more,3 hours or more,,,,49.4361,7.6064,False
ETNG,3,2,26.1167,1,3,1,5.85,1,6,3,66.6667,33.3333,50.0,1,scheduled_duration_3h_or_more,3 hours or more,,,,50.9608,6.0417,False
ETNL,0,0,,0,1,0,6.0,1,1,0,,0.0,0.0,1,scheduled_duration_3h_or_more,3 hours or more,Rostock-Laage Airport,Laage,Germany,53.9181,12.2792,False
EVRA,959,182,4.5333,4,1053,183,3.0,4,2012,365,18.9781,17.3789,18.1412,4,scheduled_duration_3h_or_more,3 hours or more,Riga International Airport,Riga,Latvia,56.9236,23.9711,True
EYKA,216,17,-3.2,4,226,37,6.0,4,442,54,7.8704,16.3717,12.2172,4,scheduled_duration_3h_or_more,3 hours or more,Kaunas International Airport,Kaunas,Lithuania,54.9639,24.0847,False
EYPA,2,0,3.8083,2,3,0,4.0,1,5,0,0.0,0.0,0.0,2,scheduled_duration_3h_or_more,3 hours or more,Palanga International Airport,Palanga,Lithuania,55.9731,21.0939,False
EYVI,431,52,-0.9167,4,423,52,2.0,4,854,104,12.065,12.2931,12.178,4,scheduled_duration_3h_or_more,3 hours or more,Vilnius International Airport,Vilnius,Lithuania,54.6369,25.2878,True
FACT,637,148,6.2333,4,617,150,6.0,4,1254,298,23.2339,24.3112,23.764,4,scheduled_duration_3h_or_more,3 hours or more,Cape Town International Airport,Cape Town,South Africa,-33.9667,18.6,True
FAOR,1278,336,5.2667,4,1024,363,11.0,4,2302,699,26.2911,35.4492,30.3649,4,scheduled_duration_3h_or_more,3 hours or more,O.R. Tambo International Airport,Johannesburg,South Africa,,,True
FAUP,2,0,4.45,1,2,2,30.0,1,4,2,0.0,100.0,50.0,1,scheduled_duration_3h_or_more,3 hours or more,Pierre Van Ryneveld Airport,Upington,South Africa,-28.4783,21.3033,False
FCBB,92,38,10.6667,4,65,31,14.4833,4,157,69,41.3043,47.6923,43.949,4,scheduled_duration_3h_or_more,3 hours or more,Maya-Maya Airport,Brazzaville,Republic of the Congo,-4.2556,15.2483,False
FCPP,46,12,7.6417,3,60,22,8.8167,4,106,34,26.087,36.6667,32.0755,4,scheduled_duration_3h_or_more,3 hours or more,Antonio Agostinho-Neto International Airport,Pointe Noire,Republic of the Congo,-4.8147,11.8864,False
FEFF,25,15,16.95,4,23,8,0.55,2,48,23,60.0,34.7826,47.9167,4,scheduled_duration_3h_or_more,3 hours or more,Bangui M'Poko International Airport,Bangui,Central African Republic,4.3978,18.5197,False
FGSL,59,21,11.1667,4,54,28,15.6417,4,113,49,35.5932,51.8519,43.3628,4,scheduled_duration_3h_or_more,3 hours or more,Malabo Airport,Malabo,Equatorial Guinea,3.7553,8.7086,False
FIMP,617,156,6.8,4,620,151,7.0,4,1237,307,25.2836,24.3548,24.8181,4,scheduled_duration_3h_or_more,3 hours or more,Sir Seewoosagur Ramgoolam International Airport,Plaine Magnien,Mauritius,-20.43,57.6828,True
FKKD,335,100,6.8333,4,216,75,4.9417,4,551,175,29.8507,34.7222,31.7604,4,scheduled_duration_3h_or_more,3 hours or more,Douala International Airport,Douala,Cameroon,4.0117,9.7083,True
FKYS,145,51,8.6833,4,263,126,14.0,4,408,177,35.1724,47.9087,43.3824,4,scheduled_duration_3h_or_more,3 hours or more,Yaoundé Nsimalen International Airport,Yaoundé,Cameroon,3.7172,11.5525,False
FLKK,16,0,-1.475,4,0,0,,0,16,0,0.0,,0.0,4,scheduled_duration_3h_or_more,3 hours or more,,,,-15.3267,28.4567,False
FMCZ,80,41,16.3167,4,30,18,18.0333,3,110,59,51.25,60.0,53.6364,4,scheduled_duration_3h_or_more,3 hours or more,Dzaoudzi Pamandzi International Airport,Dzaoudzi,Mayotte,-12.8,45.2833,False
FMEE,678,236,9.7917,4,672,218,7.9083,4,1350,454,34.8083,32.4405,33.6296,4,scheduled_duration_3h_or_more,3 hours or more,Roland Garros Airport,Sainte-Marie,Reunion,-20.8833,55.5167,True
FMMI,101,51,15.2167,4,86,19,6.3083,4,187,70,50.495,22.093,37.4332,4,scheduled_duration_3h_or_more,3 hours or more,Ivato Airport,Antananarivo,Madagascar,-18.7964,47.4761,False
FMNN,19,0,6.1,3,14,2,-2.7833,3,33,2,0.0,14.2857,6.0606,3,scheduled_duration_3h_or_more,3 hours or more,Fascene Airport,Nosy Be,Madagascar,-13.3181,48.3092,False
FNLU,508,131,8.0333,4,450,143,6.575,4,958,274,25.7874,31.7778,28.6013,4,scheduled_duration_3h_or_more,3 hours or more,Quatro de Fevereiro International Airport,Luanda,Angola,-8.85,13.233,True
FOOL,191,52,8.1333,4,178,63,6.0083,4,369,115,27.2251,35.3933,31.1653,4,scheduled_duration_3h_or_more,3 hours or more,Libreville Leon M'ba International Airport,Libreville,Gabon,0.4583,9.4122,False
FPST,40,15,7.7,4,37,16,12.0,4,77,31,37.5,43.2432,40.2597,4,scheduled_duration_3h_or_more,3 hours or more,São Tomé International Airport,São Tomé,Sao Tome and Principe,0.3833,6.7167,False
FQMA,47,25,16.3,4,48,35,22.25,4,95,60,53.1915,72.9167,63.1579,4,scheduled_duration_3h_or_more,3 hours or more,Maputo Airport,Maputo,Mozambique,-25.9167,32.5667,False
FSIA,133,21,1.0667,4,133,21,0.5333,4,266,42,15.7895,15.7895,15.7895,4,scheduled_duration_3h_or_more,3 hours or more,Seychelles International Airport,Mahe Island,Seychelles,-4.6758,55.5272,False
FTTJ,65,21,9.0,4,74,44,19.55,4,139,65,32.3077,59.4595,46.7626,4,scheduled_duration_3h_or_more,3 hours or more,N'Djamena International Airport,N'Djamena,Chad,12.125,15.0247,False
FWKI,6,0,5.7,4,0,0,,0,6,0,0.0,,0.0,4,scheduled_duration_3h_or_more,3 hours or more,Kamuzu International Airport,Lumbadzi,Malawi,-13.7894,33.7811,False
FYWH,127,47,10.8667,4,125,26,6.0,4,252,73,37.0079,20.8,28.9683,4,scheduled_duration_3h_or_more,3 hours or more,Hosea Kutako International Airport,Windhoek,Namibia,-22.4833,17.4667,False
FZAA,243,58,3.5167,4,269,167,21.15,4,512,225,23.8683,62.0818,43.9453,4,scheduled_duration_3h_or_more,3 hours or more,Ndjili International Airport,Kinshasa,Democratic Republic of the Congo,-4.385,15.445,True
GABS,359,102,7.3,4,341,172,15.1333,4,700,274,28.4123,50.4399,39.1429,4,scheduled_duration_3h_or_more,3 hours or more,Modibo Keita International Airport,Bamako,Mali,12.5378,-7.9433,True
GAGO,7,1,-26.7333,3,0,0,,0,7,1,14.2857,,14.2857,3,scheduled_duration_3h_or_more,3 hours or more,Gao Airport,,Mali,16.2483,-0.0058,False
GBYD,290,81,7.4417,4,299,82,2.6333,4,589,163,27.931,27.4247,27.674,4,scheduled_duration_3h_or_more,3 hours or more,Banjul International Airport,Yundum,Gambia,13.3425,-16.6578,True
GCFV,3783,369,-2.8,4,3709,521,4.55,4,7492,890,9.7542,14.0469,11.8793,4,scheduled_duration_3h_or_more,3 hours or more,Fuerteventura Airport,El Matorral,Spain,28.4528,-13.8639,True
GCLA,294,57,4.95,4,200,18,4.0,4,494,75,19.3878,9.0,15.1822,4,scheduled_duration_3h_or_more,3 hours or more,La Palma Airport,"Sta Cruz de la Palma, La Palma Island",Spain,28.6267,-17.7556,False
GCLP,6313,1592,7.3333,4,5874,841,4.0,4,12187,2433,25.2178,14.3173,19.9639,4,scheduled_duration_3h_or_more,3 hours or more,Gran Canaria Airport,Gran Canaria Island,Spain,27.9319,-15.3867,True
GCRR,5065,598,-0.6833,4,4743,599,4.0,4,9808,1197,11.8065,12.6291,12.2043,4,scheduled_duration_3h_or_more,3 hours or more,César Manrique-Lanzarote Airport,San Bartolomé,Spain,28.9456,-13.6053,True
GCTS,9473,1139,-0.1667,4,9295,1155,4.0,4,18768,2294,12.0236,12.426,12.2229,4,scheduled_duration_3h_or_more,3 hours or more,Tenerife Sur Airport,Tenerife,Spain,28.0444,-16.5725,True
GCXO,828,84,1.7667,4,443,16,2.0,4,1271,100,10.1449,3.6117,7.8678,4,scheduled_duration_3h_or_more,3 hours or more,Tenerife Norte-Ciudad de La Laguna Airport,Tenerife,Spain,28.4828,-16.3417,True
GEML,7,0,-11.0,2,7,0,4.0,2,14,0,0.0,0.0,0.0,2,scheduled_duration_3h_or_more,3 hours or more,Melilla Airport,Melilla,Spain,35.2797,-2.9564,False
GFLL,170,51,5.8667,4,32,11,7.7583,3,202,62,30.0,34.375,30.6931,4,scheduled_duration_3h_or_more,3 hours or more,Lungi International Airport,Freetown (Lungi-Town),Sierra Leone,8.6164,-13.1956,False
GGOV,105,36,10.7333,4,111,35,3.55,4,216,71,34.2857,31.5315,32.8704,4,scheduled_duration_3h_or_more,3 hours or more,Osvaldo Vieira International Airport,Bissau,Guinea-Bissau,11.8886,-15.6556,False
GLRB,33,19,16.75,4,104,42,8.1083,4,137,61,57.5758,40.3846,44.5255,4,scheduled_duration_3h_or_more,3 hours or more,Roberts International Airport,Monrovia,Liberia,6.233,-10.367,False
GMAD,1442,184,1.275,4,1286,186,2.0,4,2728,370,12.7601,14.4635,13.563,4,scheduled_duration_3h_or_more,3 hours or more,Al Massira Airport,Agadir (Temsia),Morocco,30.3225,-9.4114,True
GMFB,3,0,-53.8333,1,0,0,,0,3,0,0.0,,0.0,1,scheduled_duration_3h_or_more,3 hours or more,Bouarfa Airport,Bouarfa,Morocco,32.5144,-1.9783,False
GMFF,288,64,5.1583,4,228,26,-1.5,4,516,90,22.2222,11.4035,17.4419,4,scheduled_duration_3h_or_more,3 hours or more,Fes Saïss International Airport,Saïss,Morocco,33.9272,-4.9778,True
GMFK,2,0,-9.425,1,2,0,8.1833,1,4,0,0.0,0.0,0.0,1,scheduled_duration_3h_or_more,3 hours or more,Moulay Ali Cherif Airport,Errachidia,Morocco,31.9481,-4.4006,False
GMFO,78,18,3.3917,4,80,14,1.0,4,158,32,23.0769,17.5,20.2532,4,scheduled_duration_3h_or_more,3 hours or more,Oujda Angads Airport,Ahl Angad,Morocco,34.7861,-1.9256,False
GMMA,0,0,,0,1,0,-58.8333,1,1,0,,0.0,0.0,1,scheduled_duration_3h_or_more,3 hours or more,Smara Airport,Smara,Western Sahara,26.7419,-11.6914,False
GMME,234,46,4.7667,4,85,18,4.0,4,319,64,19.6581,21.1765,20.0627,4,scheduled_duration_3h_or_more,3 hours or more,Rabat-Salé Airport,Rabat,Morocco,34.0514,-6.7517,False
GMMH,17,1,0.5833,4,17,0,-4.5833,4,34,1,5.8824,0.0,2.9412,4,scheduled_duration_3h_or_more,3 hours or more,Dakhla Airport,Dakhla,Western Sahara,23.7183,-15.9319,False
GMMI,94,21,5.8833,4,71,11,0.0,4,165,32,22.3404,15.493,19.3939,4,scheduled_duration_3h_or_more,3 hours or more,Essaouira-Mogador Airport,Essaouira,Morocco,31.3992,-9.6831,False
GMMN,5319,2012,9.4333,4,4125,870,7.0,4,9444,2882,37.8267,21.0909,30.5167,4,scheduled_duration_3h_or_more,3 hours or more,Mohammed V International Airport,Casablanca,Morocco,33.3642,-7.5817,True
GMMW,174,58,8.5917,4,151,25,-1.0,4,325,83,33.3333,16.5563,25.5385,4,scheduled_duration_3h_or_more,3 hours or more,Nador Al Aaroui International Airport,Al Aaroui,Morocco,34.9894,-3.0278,False
GMMX,3377,636,4.3167,4,2889,484,2.0,4,6266,1120,18.8333,16.7532,17.8742,4,scheduled_duration_3h_or_more,3 hours or more,Menara Airport,Marrakech,Morocco,31.6086,-8.0408,True
GMMZ,14,4,8.2417,3,10,0,-8.8667,3,24,4,28.5714,0.0,16.6667,3,scheduled_duration_3h_or_more,3 hours or more,Ouarzazate Airport,Ouarzazate,Morocco,30.9372,-6.9061,False
GMTA,14,2,6.6417,4,3,0,-10.0,2,17,2,14.2857,0.0,11.7647,4,scheduled_duration_3h_or_more,3 hours or more,Cherif Al Idrissi Airport,Al Hoceima,Morocco,35.1797,-3.84,False
GMTN,8,0,-0.8,3,3,0,-10.0,3,11,0,0.0,0.0,0.0,3,scheduled_duration_3h_or_more,3 hours or more,Sania Ramel Airport,Tétouan,Morocco,35.5944,-5.32,False
GMTT,286,57,2.5,4,92,10,-2.5833,4,378,67,19.9301,10.8696,17.7249,4,scheduled_duration_3h_or_more,3 hours or more,Tangier Ibn Battuta Airport,Tangier,Morocco,35.7317,-5.9211,False
GOBD,1341,505,10.5167,4,1267,592,12.8,4,2608,1097,37.6585,46.7245,42.0629,4,scheduled_duration_3h_or_more,3 hours or more,Blaise Diagne International Airport,Dakar,Senegal,14.6708,-17.0728,True
GOOY,1,1,173.0833,1,1,0,-22.65,1,2,1,100.0,0.0,50.0,1,scheduled_duration_3h_or_more,3 hours or more,Léopold Sédar Senghor International Airport,Dakar,Senegal,14.7439,-17.4794,False
GQNO,108,39,10.0417,4,136,60,11.3583,4,244,99,36.1111,44.1176,40.5738,4,scheduled_duration_3h_or_more,3 hours or more,Nouakchott–Oumtounsy International Airport,Nouakchott,Mauritania,18.31,-15.9697,False
GUCY,210,92,12.5833,4,257,92,8.4333,4,467,184,43.8095,35.7977,39.4004,4,scheduled_duration_3h_or_more,3 hours or more,Conakry International Airport,Conakry,Guinea,9.567,-13.617,False
GVAC,465,171,11.5167,4,671,101,1.0,4,1136,272,36.7742,15.0522,23.9437,4,scheduled_duration_3h_or_more,3 hours or more,Amílcar Cabral International Airport,Espargos,Cape Verde,16.7375,-22.95,True
GVBA,387,131,11.1,4,163,24,4.0,4,550,155,33.8501,14.7239,28.1818,4,scheduled_duration_3h_or_more,3 hours or more,Rabil Airport,Rabil,Cape Verde,16.1372,-22.8886,True
GVNP,345,150,13.95,4,332,70,4.85,4,677,220,43.4783,21.0843,32.4963,4,scheduled_duration_3h_or_more,3 hours or more,Nelson Mandela International Airport,Praia,Cape Verde,14.9411,-23.4847,True
GVSV,147,84,16.9667,4,130,34,7.0,4,277,118,57.1429,26.1538,42.5993,4,scheduled_duration_3h_or_more,3 hours or more,São Pedro Airport,São Pedro,Cape Verde,16.8336,-25.0544,False
HAAB,1814,509,6.5667,4,1998,929,14.0583,4,3812,1438,28.0595,46.4965,37.723,4,scheduled_duration_3h_or_more,3 hours or more,Addis Ababa Bole International Airport,Addis Ababa,Ethiopia,8.983,38.8,True
HBBA,29,5,3.25,4,0,0,,0,29,5,17.2414,,17.2414,4,scheduled_duration_3h_or_more,3 hours or more,Bujumbura Melchior Ndadaye International Airport,Bujumbura,Burundi,-3.325,29.3183,False
HCMM,89,3,-2.5,4,84,42,14.9417,4,173,45,3.3708,50.0,26.0116,4,scheduled_duration_3h_or_more,3 hours or more,Aden Adde International Airport,Mogadishu,Somalia,2.017,45.317,False
HDAM,99,17,3.1,4,113,65,17.4833,4,212,82,17.1717,57.5221,38.6792,4,scheduled_duration_3h_or_more,3 hours or more,Djibouti-Ambouli Airport,Djibouti City,Djibouti,11.55,43.167,False
HEBA,46,16,10.025,4,62,19,6.5,4,108,35,34.7826,30.6452,32.4074,4,scheduled_duration_3h_or_more,3 hours or more,Alexandria International Airport,Alexandria,Egypt,30.9181,29.6958,False
HECA,4118,1878,13.4417,4,4609,1636,9.45,4,8727,3514,45.6047,35.4958,40.2658,4,scheduled_duration_3h_or_more,3 hours or more,Cairo International Airport,Cairo,Egypt,30.1114,31.4139,True
HEGN,3062,932,8.9417,4,3187,440,0.0,4,6249,1372,30.4376,13.8061,21.9555,4,scheduled_duration_3h_or_more,3 hours or more,Hurghada International Airport,Hurghada,Egypt,27.1786,33.8008,True
HELX,148,21,5.4,4,57,20,6.9833,4,205,41,14.1892,35.0877,20.0,4,scheduled_duration_3h_or_more,3 hours or more,Luxor International Airport,Luxor,Egypt,25.6708,32.7064,False
HEMA,653,131,5.4833,4,523,56,-1.3333,4,1176,187,20.0613,10.7075,15.9014,4,scheduled_duration_3h_or_more,3 hours or more,Marsa Alam International Airport,Marsa Alam,Egypt,25.5581,34.5831,True
HEMM,4,3,18.1917,2,27,2,-6.0,2,31,5,75.0,7.4074,16.129,2,scheduled_duration_3h_or_more,3 hours or more,Marsa Matruh International Airport,Marsa Matruh,Egypt,31.3253,27.2217,False
HESG,1,1,23.1333,1,0,0,,0,1,1,100.0,,100.0,1,scheduled_duration_3h_or_more,3 hours or more,Sohag International Airport,Suhaj,Egypt,26.3428,31.7428,False
HESH,1374,388,6.7417,4,1480,150,-7.0,4,2854,538,28.2387,10.1351,18.8507,4,scheduled_duration_3h_or_more,3 hours or more,Sharm El Sheikh International Airport,Sharm El Sheikh,Egypt,27.9786,34.3933,True
HESN,2,0,7.0333,2,2,0,-7.125,2,4,0,0.0,0.0,0.0,2,scheduled_duration_3h_or_more,3 hours or more,Aswan International Airport,Aswan,Egypt,23.9644,32.82,False
HHAS,51,2,-2.8667,4,51,18,10.35,4,102,20,3.9216,35.2941,19.6078,4,scheduled_duration_3h_or_more,3 hours or more,Asmara International Airport,Asmara,Eritrea,15.3,38.917,False
HJJJ,35,2,-2.9667,3,35,22,25.85,3,70,24,5.7143,62.8571,34.2857,3,scheduled_duration_3h_or_more,3 hours or more,Juba International Airport,Juba,South Sudan,,,False
HKJK,948,371,10.6667,4,1507,633,12.0,4,2455,1004,39.135,42.004,40.8961,4,scheduled_duration_3h_or_more,3 hours or more,Jomo Kenyatta International Airport,Nairobi,Kenya,-1.3186,36.9258,True
HKMO,82,31,11.225,4,95,28,2.0,4,177,59,37.8049,29.4737,33.3333,4,scheduled_duration_3h_or_more,3 hours or more,Moi International Airport,Mombasa,Kenya,-4.025,39.597,False
HLLB,3,1,-6.2167,2,2,0,-25.3583,1,5,1,33.3333,0.0,20.0,2,scheduled_duration_3h_or_more,3 hours or more,Benina International Airport,Benina,Libya,32.0969,20.2694,False
HLLM,542,132,2.725,4,279,145,15.8333,4,821,277,24.3542,51.9713,33.7393,4,scheduled_duration_3h_or_more,3 hours or more,Mitiga International Airport,Tripoli,Libya,32.8944,13.2778,True
HLLQ,0,0,,0,1,0,-95.7667,1,1,0,,0.0,0.0,1,scheduled_duration_3h_or_more,3 hours or more,Al Abraq International Airport,Al Albraq,Libya,32.7886,21.9644,False
HLMS,86,13,1.6917,4,40,11,9.0833,4,126,24,15.1163,27.5,19.0476,4,scheduled_duration_3h_or_more,3 hours or more,Misrata International Airport,Misrata,Libya,32.3242,15.0619,False
HRYR,334,89,7.75,4,70,34,15.0,4,404,123,26.6467,48.5714,30.4455,4,scheduled_duration_3h_or_more,3 hours or more,Kigali International Airport,Kigali,Rwanda,-1.9667,30.1333,False
HSSK,240,32,2.55,4,225,53,4.4167,4,465,85,13.3333,23.5556,18.2796,4,scheduled_duration_3h_or_more,3 hours or more,Khartoum International Airport,Khartoum,Sudan,,,False
HTDA,54,3,3.7833,4,213,102,13.9333,4,267,105,5.5556,47.8873,39.3258,4,scheduled_duration_3h_or_more,3 hours or more,Julius Nyerere International Airport,Dar es Salaam,Tanzania,-6.8756,39.2033,False
HTKJ,138,34,10.175,4,1,0,-18.45,1,139,34,24.6377,0.0,24.4604,4,scheduled_duration_3h_or_more,3 hours or more,Kilimanjaro International Airport,Arusha,Tanzania,-3.4278,37.0722,False
HTZA,145,44,8.05,4,76,23,5.5,4,221,67,30.3448,30.2632,30.3167,4,scheduled_duration_3h_or_more,3 hours or more,Abeid Amani Karume International Airport,Zanzibar,Tanzania,-6.2217,39.2233,False
HUEN,3,1,5.65,2,357,138,8.7333,4,360,139,33.3333,38.6555,38.6111,4,scheduled_duration_3h_or_more,3 hours or more,Entebbe International Airport,Kampala,Uganda,0.0419,32.4378,False
KATL,3011,910,8.0333,4,3010,1653,18.0,4,6021,2563,30.2225,54.9169,42.5677,4,scheduled_duration_3h_or_more,3 hours or more,Hartsfield Jackson Atlanta International Airport,Atlanta,United States of America,33.6333,-84.4333,True
KAUS,233,62,7.1,4,235,192,34.0,4,468,254,26.6094,81.7021,54.2735,4,scheduled_duration_3h_or_more,3 hours or more,Austin Bergstrom International Airport,Austin,United States of America,30.1944,-97.67,False
KBDL,1,0,-5.3667,1,0,0,,0,1,0,0.0,,0.0,1,scheduled_duration_3h_or_more,3 hours or more,Bradley International Airport,Hartford,United States of America,41.9383,-72.6833,False
KBED,1,1,68.0,1,0,0,,0,1,1,100.0,,100.0,1,scheduled_duration_3h_or_more,3 hours or more,Laurence G Hanscom Field,Bedford,United States of America,42.47,-71.2883,False
KBFI,0,0,,0,1,0,14.0,1,1,0,,0.0,0.0,1,scheduled_duration_3h_or_more,3 hours or more,Boeing Field King County International Airport,Seattle,United States of America,47.53,-122.3017,False
KBGR,13,2,1.1833,4,3,2,18.9667,1,16,4,15.3846,66.6667,25.0,4,scheduled_duration_3h_or_more,3 hours or more,Bangor International Airport,Bangor,United States of America,44.8067,-68.8283,False
KBIF,0,0,,0,1,1,85.0,1,1,1,,100.0,100.0,1,scheduled_duration_3h_or_more,3 hours or more,Biggs Army Air Field (Fort Bliss),Fort Bliss/El Paso,United States of America,31.85,-106.38,False
KBNA,85,20,7.45,3,85,57,22.0,3,170,77,23.5294,67.0588,45.2941,3,scheduled_duration_3h_or_more,3 hours or more,Nashville International Airport,Nashville,United States of America,36.1333,-86.6833,False
KBOS,3347,964,7.3333,4,3343,1068,5.0,4,6690,2032,28.8019,31.9474,30.3737,4,scheduled_duration_3h_or_more,3 hours or more,Logan International Airport,Boston,United States of America,42.3642,-71.0056,True
KBWI,135,27,3.5333,4,126,45,9.3667,4,261,72,20.0,35.7143,27.5862,4,scheduled_duration_3h_or_more,3 hours or more,Baltimore/Washington International Thurgood Marshall Airport,Baltimore,United States of America,39.175,-76.6683,False
KCHS,5,0,6.1,3,6,1,-6.0,3,11,1,0.0,16.6667,9.0909,3,scheduled_duration_3h_or_more,3 hours or more,Charleston International Airport,Charleston,United States of America,32.9,-80.0333,False
KCLT,709,133,4.8833,4,708,236,8.0,4,1417,369,18.7588,33.3333,26.0409,4,scheduled_duration_3h_or_more,3 hours or more,Charlotte Douglas International Airport,Charlotte,United States of America,35.2167,-80.95,True
KCVG,765,120,3.2167,4,967,368,10.0,4,1732,488,15.6863,38.0558,28.1755,4,scheduled_duration_3h_or_more,3 hours or more,Cincinnati Northern Kentucky International Airport,Cincinnati / Covington,United States of America,39.0467,-84.66,True
KDEN,731,237,9.5333,4,733,475,23.0,4,1464,712,32.4213,64.8022,48.6339,4,scheduled_duration_3h_or_more,3 hours or more,Denver International Airport,Denver,United States of America,39.8583,-104.6667,True
KDFW,1754,649,10.15,4,1951,918,14.0,4,3705,1567,37.0011,47.0528,42.2942,4,scheduled_duration_3h_or_more,3 hours or more,Dallas Fort Worth International Airport,Dallas-Fort Worth,United States of America,32.9,-97.0333,True
KDOV,17,1,1.5833,4,55,31,25.0,4,72,32,5.8824,56.3636,44.4444,4,scheduled_duration_3h_or_more,3 hours or more,Dover Air Force Base,Dover,United States of America,39.13,-75.4667,False
KDTW,944,342,10.8583,4,955,207,-0.7167,4,1899,549,36.2288,21.6754,28.91,4,scheduled_duration_3h_or_more,3 hours or more,Detroit Metropolitan Wayne County Airport,Detroit,United States of America,42.215,-83.3483,True
KEWR,5972,1405,5.3583,4,6012,2716,13.0,4,11984,4121,23.5265,45.1763,34.3875,4,scheduled_duration_3h_or_more,3 hours or more,Newark Liberty International Airport,Newark,United States of America,40.6967,-74.1683,True
KFLL,37,6,6.8333,3,38,24,22.5,3,75,30,16.2162,63.1579,40.0,3,scheduled_duration_3h_or_more,3 hours or more,Fort Lauderdale Hollywood International Airport,Fort Lauderdale,United States of America,26.0667,-80.15,False
KFOE,1,0,-12.5,1,3,1,-3.0,1,4,1,0.0,33.3333,25.0,1,scheduled_duration_3h_or_more,3 hours or more,Topeka Regional Airport,Topeka,United States of America,38.9511,-95.6636,False
KGPT,0,0,,0,1,0,11.0,1,1,0,,0.0,0.0,1,scheduled_duration_3h_or_more,3 hours or more,Gulfport Biloxi International Airport,Gulfport,United States of America,30.4,-89.0667,False
KGRK,2,1,1.3083,2,2,2,90.0,2,4,3,50.0,100.0,75.0,2,scheduled_duration_3h_or_more,3 hours or more,Killeen Regional Airport / Robert Gray Army Airfield,Fort Cavazos,United States of America,31.0668,-97.8282,False
KGSP,127,26,3.7833,4,132,33,3.2333,4,259,59,20.4724,25.0,22.7799,4,scheduled_duration_3h_or_more,3 hours or more,Greenville Spartanburg International Airport,Greer,United States of America,34.9,-82.217,False
KGTB,5,0,-6.3833,1,1,1,97.0,1,6,1,0.0,100.0,16.6667,1,scheduled_duration_3h_or_more,3 hours or more,,,,44.0517,-75.7217,False
KHOP,0,0,,0,2,2,27.6083,2,2,2,,100.0,100.0,2,scheduled_duration_3h_or_more,3 hours or more,Campbell Army Airfield (Fort Campbell),Fort Campbell,United States of America,36.6717,-87.4933,False
KHOU,1,0,0.6667,1,0,0,,0,1,0,0.0,,0.0,1,scheduled_duration_3h_or_more,3 hours or more,William P Hobby Airport,Houston,United States of America,29.65,-95.2833,False
KHPN,0,0,,0,1,1,28.0,1,1,1,,100.0,100.0,1,scheduled_duration_3h_or_more,3 hours or more,Westchester County Airport,White Plains,United States of America,41.067,-73.717,False
KHSV,50,11,4.1917,4,52,18,6.0,4,102,29,22.0,34.6154,28.4314,4,scheduled_duration_3h_or_more,3 hours or more,Huntsville International Carl T Jones Field,Huntsville,United States of America,34.65,-86.767,False
KIAD,4108,1351,8.65,4,4146,1558,8.0,4,8254,2909,32.887,37.5784,35.2435,4,scheduled_duration_3h_or_more,3 hours or more,Washington Dulles International Airport,Dulles,United States of America,38.945,-77.4567,True
KIAH,1413,530,10.5167,4,1642,959,20.0,4,3055,1489,37.5088,58.4044,48.7398,4,scheduled_duration_3h_or_more,3 hours or more,George Bush Intercontinental Houston Airport,Houston,United States of America,29.9833,-95.35,True
KIND,331,47,3.0,4,382,225,20.0,4,713,272,14.1994,58.9005,38.1487,4,scheduled_duration_3h_or_more,3 hours or more,Indianapolis International Airport,Indianapolis,United States of America,39.72,-86.2867,True
KJFK,12287,3567,7.4167,4,12418,3842,3.0,4,24705,7409,29.0307,30.939,29.9899,4,scheduled_duration_3h_or_more,3 hours or more,John F Kennedy International Airport,New York,United States of America,40.6403,-73.7783,True
KLAS,436,113,6.4833,4,435,302,23.0,4,871,415,25.9174,69.4253,47.6464,4,scheduled_duration_3h_or_more,3 hours or more,Harry Reid International Airport,Las Vegas,United States of America,36.0833,-115.15,True
KLAX,3329,986,8.75,4,3666,1838,16.0,4,6995,2824,29.6185,50.1364,40.3717,4,scheduled_duration_3h_or_more,3 hours or more,Los Angeles International Airport,Los Angeles,United States of America,33.95,-118.4,True
KLCK,56,9,3.3333,4,58,20,1.0,4,114,29,16.0714,34.4828,25.4386,4,scheduled_duration_3h_or_more,3 hours or more,Rickenbacker International Airport,Columbus,United States of America,39.8133,-82.9283,False
KLIT,0,0,,0,1,0,9.0,1,1,0,,0.0,0.0,1,scheduled_duration_3h_or_more,3 hours or more,Bill & Hillary Clinton National Airport/Adams Field,Little Rock,United States of America,34.7283,-92.225,False
KMCO,999,214,4.1333,4,999,637,24.0,4,1998,851,21.4214,63.7638,42.5926,4,scheduled_duration_3h_or_more,3 hours or more,Orlando International Airport,Orlando,United States of America,28.4333,-81.3167,True
KMEM,612,107,4.1917,4,491,365,27.0,4,1103,472,17.4837,74.3381,42.7924,4,scheduled_duration_3h_or_more,3 hours or more,Memphis International Airport,Memphis,United States of America,35.05,-89.9833,True
KMIA,2906,889,8.4083,4,3258,1764,18.0,4,6164,2653,30.5919,54.1436,43.0402,4,scheduled_duration_3h_or_more,3 hours or more,Miami International Airport,Miami,United States of America,25.8,-80.2833,True
KMKE,1,1,90.1667,1,0,0,,0,1,1,100.0,,100.0,1,scheduled_duration_3h_or_more,3 hours or more,General Mitchell International Airport,Milwaukee,United States of America,42.9467,-87.8967,False
KMLB,139,11,2.7667,4,139,58,11.0,4,278,69,7.9137,41.7266,24.8201,4,scheduled_duration_3h_or_more,3 hours or more,Melbourne Orlando International Airport,Melbourne,United States of America,28.1,-80.6333,False
KMSP,568,212,10.8,4,581,229,9.0,4,1149,441,37.3239,39.4148,38.3812,4,scheduled_duration_3h_or_more,3 hours or more,Minneapolis–Saint Paul International Airport / Wold–Chamberlain Field,Minneapolis,United States of America,44.885,-93.215,True
KMSY,50,16,10.3167,3,48,27,18.5,3,98,43,32.0,56.25,43.8776,3,scheduled_duration_3h_or_more,3 hours or more,Louis Armstrong New Orleans International Airport,New Orleans,United States of America,30.0,-90.25,False
KMUO,0,0,,0,1,0,14.2667,1,1,0,,0.0,0.0,1,scheduled_duration_3h_or_more,3 hours or more,Mountain Home Air Force Base,Mountain Home,United States of America,43.0433,-115.87,False
KNGU,7,0,2.0333,1,7,5,25.55,2,14,5,0.0,71.4286,35.7143,2,scheduled_duration_3h_or_more,3 hours or more,Norfolk Naval Station (Chambers Field),Norfolk,United States of America,36.9383,-76.29,False
KNKT,1,0,-14.6,1,1,0,4.0,1,2,0,0.0,0.0,0.0,1,scheduled_duration_3h_or_more,3 hours or more,,,,34.9033,-76.8817,False
KNKX,0,0,,0,1,1,76.0,1,1,1,,100.0,100.0,1,scheduled_duration_3h_or_more,3 hours or more,Miramar Marine Corps Air Station - Mitscher Field,San Diego,United States of America,32.8683,-117.1425,False
KNTD,0,0,,0,3,1,-2.0,1,3,1,,33.3333,33.3333,1,scheduled_duration_3h_or_more,3 hours or more,Point Mugu Naval Air Station (Naval Base Ventura Co),Point Mugu,United States of America,34.12,-119.121,False
KNYL,0,0,,0,1,0,12.0,1,1,0,,0.0,0.0,1,scheduled_duration_3h_or_more,3 hours or more,Yuma International Airport / Marine Corps Air Station Yuma,Yuma,United States of America,32.6567,-114.6061,False
KOAK,3,2,16.0,2,2,1,10.5,2,5,3,66.6667,50.0,60.0,2,scheduled_duration_3h_or_more,3 hours or more,San Francisco Bay Oakland International Airport,Oakland,United States of America,37.7167,-122.2167,False
KORD,5665,1703,7.7833,4,5819,1593,2.0,4,11484,3296,30.0618,27.3758,28.7008,4,scheduled_duration_3h_or_more,3 hours or more,Chicago O'Hare International Airport,Chicago,United States of America,41.98,-87.905,True
KPAE,0,0,,0,1,1,68.0,1,1,1,,100.0,100.0,1,scheduled_duration_3h_or_more,3 hours or more,Seattle Paine Field International Airport,Everett,United States of America,47.917,-122.283,False
KPDX,167,49,9.6833,3,168,89,17.0,3,335,138,29.3413,52.9762,41.194,3,scheduled_duration_3h_or_more,3 hours or more,Portland International Airport,Portland,United States of America,45.5883,-122.5983,False
KPHL,1617,341,4.0,4,1789,201,-8.0,4,3406,542,21.0884,11.2353,15.9131,4,scheduled_duration_3h_or_more,3 hours or more,Philadelphia International Airport,Philadelphia,United States of America,39.87,-75.245,True
KPHX,226,56,6.675,4,223,139,24.0,4,449,195,24.7788,62.3318,43.4298,4,scheduled_duration_3h_or_more,3 hours or more,Phoenix Sky Harbor International Airport,Phoenix,United States of America,33.4333,-112.0167,False
KPIT,64,8,5.35,4,50,31,26.5,3,114,39,12.5,62.0,34.2105,4,scheduled_duration_3h_or_more,3 hours or more,Pittsburgh International Airport,Pittsburgh,United States of America,40.5,-80.2333,False
KPOB,0,0,,0,1,1,41.0,1,1,1,,100.0,100.0,1,scheduled_duration_3h_or_more,3 hours or more,Pope Field,Fort Bragg,United States of America,35.1708,-79.0144,False
KPSM,29,1,2.4333,4,21,4,2.0,4,50,5,3.4483,19.0476,10.0,4,scheduled_duration_3h_or_more,3 hours or more,Portsmouth International at Pease Airport,Portsmouth,United States of America,43.0783,-70.8233,False
KRDU,113,18,3.7833,3,112,37,8.0,3,225,55,15.9292,33.0357,24.4444,3,scheduled_duration_3h_or_more,3 hours or more,Raleigh Durham International Airport,Raleigh/Durham,United States of America,35.8667,-78.7833,False
KRFD,83,12,1.15,4,98,49,16.0,4,181,61,14.4578,50.0,33.7017,4,scheduled_duration_3h_or_more,3 hours or more,Chicago Rockford International Airport,Chicago/Rockford,United States of America,42.2,-89.1,False
KRSW,24,11,12.0917,4,24,18,25.5,4,48,29,45.8333,75.0,60.4167,4,scheduled_duration_3h_or_more,3 hours or more,Southwest Florida International Airport,Fort Myers,United States of America,26.5361,-81.7553,False
KSAN,171,43,8.8,4,171,59,10.0,4,342,102,25.1462,34.5029,29.8246,4,scheduled_duration_3h_or_more,3 hours or more,San Diego International Airport,San Diego,United States of America,32.7333,-117.1833,False
KSDF,426,24,-3.7417,4,425,199,13.0,4,851,223,5.6338,46.8235,26.2045,4,scheduled_duration_3h_or_more,3 hours or more,Louisville Muhammad Ali International Airport,Louisville,United States of America,38.1833,-85.7333,True
KSEA,1192,402,9.3917,4,1293,557,13.0,4,2485,959,33.7248,43.0781,38.5915,4,scheduled_duration_3h_or_more,3 hours or more,Seattle–Tacoma International Airport,Seattle,United States of America,47.45,-122.3,True
KSFB,0,0,,0,1,0,4.8,1,1,0,,0.0,0.0,1,scheduled_duration_3h_or_more,3 hours or more,Orlando Sanford International Airport,Orlando,United States of America,28.7783,-81.2383,False
KSFO,2689,803,8.4667,4,2927,1842,21.0,4,5616,2645,29.8624,62.9313,47.0976,4,scheduled_duration_3h_or_more,3 hours or more,San Francisco International Airport,San Francisco,United States of America,37.6167,-122.3833,True
KSJC,60,19,10.5833,3,58,25,12.5,3,118,44,31.6667,43.1034,37.2881,3,scheduled_duration_3h_or_more,3 hours or more,Norman Y. Mineta San Jose International Airport,San Jose,United States of America,37.3333,-121.9167,False
KSLC,360,124,10.3583,4,338,188,18.0,4,698,312,34.4444,55.6213,44.6991,4,scheduled_duration_3h_or_more,3 hours or more,Salt Lake City International Airport,Salt Lake City,United States of America,40.7867,-111.9683,True
KSTL,38,16,13.3333,3,38,30,35.5,3,76,46,42.1053,78.9474,60.5263,3,scheduled_duration_3h_or_more,3 hours or more,St. Louis Lambert International Airport,St Louis,United States of America,38.75,-90.3667,False
KSUU,0,0,,0,3,0,1.3333,1,3,0,,0.0,0.0,1,scheduled_duration_3h_or_more,3 hours or more,Travis Air Force Base,Fairfield,United States of America,38.2633,-121.9267,False
KSVN,0,0,,0,4,3,32.5,1,4,3,,75.0,75.0,1,scheduled_duration_3h_or_more,3 hours or more,Hunter Army Air Field,Savannah,United States of America,32.01,-81.1467,False
KTEB,1,0,7.75,1,0,0,,0,1,0,0.0,,0.0,1,scheduled_duration_3h_or_more,3 hours or more,Teterboro Airport,Teterboro,United States of America,40.85,-74.0667,False
KTPA,239,64,6.5667,4,235,129,17.0,4,474,193,26.7782,54.8936,40.7173,4,scheduled_duration_3h_or_more,3 hours or more,Tampa International Airport,Tampa,United States of America,27.9667,-82.5333,False
KVAD,0,0,,0,3,2,32.0,1,3,2,,66.6667,66.6667,1,scheduled_duration_3h_or_more,3 hours or more,Moody Air Force Base,Valdosta,United States of America,30.9686,-83.1931,False
KWRI,2,1,34.5,1,12,9,81.0,2,14,10,50.0,75.0,71.4286,2,scheduled_duration_3h_or_more,3 hours or more,Mc Guire Air Force Base,Wrightstown,United States of America,40.0167,-74.6,False
LATI,253,117,14.1333,4,430,59,1.0,4,683,176,46.2451,13.7209,25.7687,4,scheduled_duration_3h_or_more,3 hours or more,Tirana International Airport Mother Teresa,Rinas,Albania,41.4147,19.7206,True
LBBG,425,98,4.0667,4,406,103,9.0,4,831,201,23.0588,25.3695,24.1877,4,scheduled_duration_3h_or_more,3 hours or more,Burgas Airport,Burgas,Bulgaria,42.5703,27.5153,True
LBIA,0,0,,0,2,0,-3.8917,1,2,0,,0.0,0.0,1,scheduled_duration_3h_or_more,3 hours or more,,,,42.4547,26.3525,False
LBPD,72,26,9.925,4,133,44,10.2833,4,205,70,36.1111,33.0827,34.1463,4,scheduled_duration_3h_or_more,3 hours or more,Plovdiv International Airport,Plovdiv,Bulgaria,42.0678,24.8508,False
LBSF,933,216,4.15,4,1452,337,6.0,4,2385,553,23.1511,23.2094,23.1866,4,scheduled_duration_3h_or_more,3 hours or more,Sofia Airport,Sofia,Bulgaria,42.695,23.4083,True
LBWN,164,34,0.2917,4,194,53,6.0,4,358,87,20.7317,27.3196,24.3017,4,scheduled_duration_3h_or_more,3 hours or more,Varna Airport,Varna,Bulgaria,43.2319,27.8253,False
LCLK,2850,1003,10.0,4,3106,749,6.3333,4,5956,1752,35.193,24.1146,29.4157,4,scheduled_duration_3h_or_more,3 hours or more,Larnaca International Airport,Larnaca,Cyprus,34.8789,33.6303,True
LCPH,1964,668,8.225,4,2145,639,5.5833,4,4109,1307,34.0122,29.7902,31.8082,4,scheduled_duration_3h_or_more,3 hours or more,Paphos International Airport,Paphos,Cyprus,34.7183,32.485,True
LCRA,13,1,-3.75,4,15,2,5.0,4,28,3,7.6923,13.3333,10.7143,4,scheduled_duration_3h_or_more,3 hours or more,RAF Akrotiri,Akrotiri,Cyprus,34.595,32.9908,False
LDDU,205,81,9.5667,3,367,127,9.2667,3,572,208,39.5122,34.6049,36.3636,3,scheduled_duration_3h_or_more,3 hours or more,Dubrovnik Ruđer Bošković Airport,Čilipi,Croatia,42.5614,18.2683,True
LDPL,1,0,-19.3,1,0,0,,0,1,0,0.0,,0.0,1,scheduled_duration_3h_or_more,3 hours or more,Pula Airport,Pula,Croatia,44.8936,13.9222,False
LDRI,2,0,6.6917,1,0,0,,0,2,0,0.0,,0.0,1,scheduled_duration_3h_or_more,3 hours or more,Rijeka Airport,Omišalj,Croatia,45.2169,14.5703,False
LDSP,54,12,7.0417,3,77,17,4.8833,3,131,29,22.2222,22.0779,22.1374,3,scheduled_duration_3h_or_more,3 hours or more,Split Airport,Kaštel Štafilić,Croatia,43.5389,16.2981,False
LDZA,215,132,18.3333,4,229,34,4.0,4,444,166,61.3953,14.8472,37.3874,4,scheduled_duration_3h_or_more,3 hours or more,Zagreb Franjo Tuđman International Airport,Velika Gorica,Croatia,45.7431,16.0689,False
LDZD,6,3,14.125,3,2,1,7.6917,2,8,4,50.0,50.0,50.0,3,scheduled_duration_3h_or_more,3 hours or more,Zadar Airport,Zemunik Donji (Zadar),Croatia,44.1083,15.3467,False
LEAL,2656,522,5.5917,4,2552,281,2.0,4,5208,803,19.6536,11.011,15.4186,4,scheduled_duration_3h_or_more,3 hours or more,Alicante-Elche Miguel Hernández Airport,Alicante,Spain,38.2822,-0.5581,True
LEAM,82,8,2.0833,4,7,1,7.0,2,89,9,9.7561,14.2857,10.1124,4,scheduled_duration_3h_or_more,3 hours or more,Almería Airport,Almería,Spain,36.8439,-2.37,False
LEAS,13,0,-4.0,3,21,0,-1.0,4,34,0,0.0,0.0,0.0,4,scheduled_duration_3h_or_more,3 hours or more,Asturias Airport,Ranón,Spain,43.5636,-6.0347,False
LEBB,138,21,1.1167,4,237,18,0.0333,4,375,39,15.2174,7.5949,10.4,4,scheduled_duration_3h_or_more,3 hours or more,Bilbao Airport,Bilbao,Spain,43.3011,-2.9106,False
LEBL,5641,1642,6.4833,4,6343,1453,4.0,4,11984,3095,29.1083,22.9071,25.8261,4,scheduled_duration_3h_or_more,3 hours or more,Josep Tarradellas Barcelona-El Prat Airport,Barcelona,Spain,41.2969,2.0783,True
LEBZ,1,0,0.2,1,0,0,,0,1,0,0.0,,0.0,1,scheduled_duration_3h_or_more,3 hours or more,Badajoz Airport,Badajoz,Spain,38.8914,-6.8214,False
LECH,32,7,5.3667,4,17,1,2.1833,4,49,8,21.875,5.8824,16.3265,4,scheduled_duration_3h_or_more,3 hours or more,Castellón-Costa Azahar Airport,Castellón de la Plana,Spain,40.2142,0.0736,False
LECO,0,0,,0,1,0,3.0,1,1,0,,0.0,0.0,1,scheduled_duration_3h_or_more,3 hours or more,A Coruña Airport,Culleredo,Spain,43.3019,-8.3772,False
LEDA,4,2,10.7583,2,0,0,,0,4,2,50.0,,50.0,2,scheduled_duration_3h_or_more,3 hours or more,Lleida-Alguaire Airport,Lleida,Spain,41.7281,0.5353,False
LEGE,43,9,4.25,4,39,7,4.0,4,82,16,20.9302,17.9487,19.5122,4,scheduled_duration_3h_or_more,3 hours or more,Girona-Costa Brava Airport,Girona,Spain,41.9008,2.7606,False
LEGR,0,0,,0,1,0,-5.0,1,1,0,,0.0,0.0,1,scheduled_duration_3h_or_more,3 hours or more,F.G.L. Airport Granada-Jaén Airport,Granada,Spain,37.1886,-3.7772,False
LEIB,207,32,0.55,4,32,6,7.0,3,239,38,15.4589,18.75,15.8996,4,scheduled_duration_3h_or_more,3 hours or more,Ibiza Airport,Ibiza (Eivissa),Spain,38.8728,1.3731,False
LEJR,120,29,8.6,4,68,4,0.0,4,188,33,24.1667,5.8824,17.5532,4,scheduled_duration_3h_or_more,3 hours or more,Jerez Airport,Jerez de la Frontera,Spain,36.7447,-6.06,False
LELN,1,0,2.3333,1,1,0,-2.0,1,2,0,0.0,0.0,0.0,1,scheduled_duration_3h_or_more,3 hours or more,León Int'l Airport,La Virgen Del Camino,Spain,42.5886,-5.6561,False
LEMD,12035,3796,7.7667,4,11585,1764,4.0,4,23620,5560,31.5413,15.2266,23.5394,4,scheduled_duration_3h_or_more,3 hours or more,Adolfo Suárez Madrid–Barajas Airport,Madrid,Spain,40.4722,-3.5608,True
LEMG,5021,1034,5.6667,4,4435,670,3.0,4,9456,1704,20.5935,15.1071,18.0203,4,scheduled_duration_3h_or_more,3 hours or more,Málaga-Costa del Sol Airport,Málaga,Spain,36.675,-4.4992,True
LEMH,15,4,0.9667,2,11,4,8.0,2,26,8,26.6667,36.3636,30.7692,2,scheduled_duration_3h_or_more,3 hours or more,Menorca Airport,Mahón (Maó),Spain,39.8625,4.2186,False
LEMI,44,4,-11.0583,4,13,1,-3.9,3,57,5,9.0909,7.6923,8.7719,4,scheduled_duration_3h_or_more,3 hours or more,Región de Murcia International Airport,Corvera,Spain,37.8031,-1.1247,False
LEMO,2,2,27.425,1,0,0,,0,2,2,100.0,,100.0,1,scheduled_duration_3h_or_more,3 hours or more,,,,37.175,-5.6158,False
LEPA,1150,298,5.475,4,1733,1053,28.0,4,2883,1351,25.913,60.7617,46.8609,4,scheduled_duration_3h_or_more,3 hours or more,Palma de Mallorca Airport,Palma de Mallorca,Spain,39.5517,2.7389,True
LEPP,4,1,1.675,3,27,3,-0.4167,4,31,4,25.0,11.1111,12.9032,4,scheduled_duration_3h_or_more,3 hours or more,Pamplona Airport,Pamplona,Spain,42.77,-1.6464,False
LERJ,1,1,18.2333,1,0,0,,0,1,1,100.0,,100.0,1,scheduled_duration_3h_or_more,3 hours or more,,,,42.4606,-2.3206,False
LERS,13,4,8.6333,3,17,1,7.0,3,30,5,30.7692,5.8824,16.6667,3,scheduled_duration_3h_or_more,3 hours or more,Reus Airport,Reus,Spain,41.1475,1.1672,False
LERT,6,3,20.4667,1,7,1,3.0,1,13,4,50.0,14.2857,30.7692,1,scheduled_duration_3h_or_more,3 hours or more,Rota Naval Station Airport,Rota,Spain,36.6453,-6.3494,False
LESO,7,0,-4.4333,3,24,1,-6.5,4,31,1,0.0,4.1667,3.2258,4,scheduled_duration_3h_or_more,3 hours or more,San Sebastián Airport,Hondarribia,Spain,43.3564,-1.7906,False
LEST,15,3,8.7333,4,13,0,-6.0,4,28,3,20.0,0.0,10.7143,4,scheduled_duration_3h_or_more,3 hours or more,Santiago-Rosalía de Castro Airport,Santiago de Compostela,Spain,42.8964,-8.4153,False
LETL,1,1,27.6667,1,0,0,,0,1,1,100.0,,100.0,1,scheduled_duration_3h_or_more,3 hours or more,Teruel Airport,Teruel,Spain,40.4119,-1.2175,False
LETO,1,0,-30.6667,1,0,0,,0,1,0,0.0,,0.0,1,scheduled_duration_3h_or_more,3 hours or more,Madrid–Torrejón Airport / Torrejón Air Base,Madrid,Spain,40.4967,-3.4458,False
LEVC,507,110,5.5833,4,382,51,6.0,4,889,161,21.6963,13.3508,18.1102,4,scheduled_duration_3h_or_more,3 hours or more,Valencia Airport,Valencia,Spain,39.4894,-0.4817,True
LEVD,1,0,10.4667,1,1,0,-3.0,1,2,0,0.0,0.0,0.0,1,scheduled_duration_3h_or_more,3 hours or more,Valladolid Airport,Valladolid,Spain,41.7061,-4.8519,False
LEVT,6,1,-9.0333,2,15,2,0.0,4,21,3,16.6667,13.3333,14.2857,4,scheduled_duration_3h_or_more,3 hours or more,Vitoria Airport,Alava,Spain,42.8828,-2.7244,False
LEVX,3,0,-8.35,2,2,0,11.0,2,5,0,0.0,0.0,0.0,2,scheduled_duration_3h_or_more,3 hours or more,Vigo Airport,Vigo,Spain,42.2292,-8.6275,False
LEXJ,30,8,8.5083,4,46,1,2.0,4,76,9,26.6667,2.1739,11.8421,4,scheduled_duration_3h_or_more,3 hours or more,Seve Ballesteros-Santander Airport,Santander,Spain,43.4269,-3.82,False
LEZG,294,106,8.9417,4,467,20,0.0,4,761,126,36.0544,4.2827,16.5572,4,scheduled_duration_3h_or_more,3 hours or more,Zaragoza Airport,Zaragoza,Spain,41.6661,-1.0417,True
LEZL,302,57,3.95,4,133,14,2.0,4,435,71,18.8742,10.5263,16.3218,4,scheduled_duration_3h_or_more,3 hours or more,Sevilla Airport,Sevilla,Spain,37.4181,-5.8989,False
LFBD,303,73,4.4167,4,265,37,2.0,4,568,110,24.0924,13.9623,19.3662,4,scheduled_duration_3h_or_more,3 hours or more,Bordeaux–Mérignac Airport,Bordeaux,France,44.8286,-0.7153,True
LFBF,0,0,,0,3,1,-5.0,3,3,1,,33.3333,33.3333,3,scheduled_duration_3h_or_more,3 hours or more,,,,43.5492,1.3572,False
LFBG,0,0,,0,1,0,-10.85,1,1,0,,0.0,0.0,1,scheduled_duration_3h_or_more,3 hours or more,,,,45.6583,-0.3175,False
LFBO,303,51,0.6833,4,254,91,12.0,4,557,142,16.8317,35.8268,25.4937,4,scheduled_duration_3h_or_more,3 hours or more,Toulouse-Blagnac Airport,Toulouse/Blagnac,France,43.635,1.3678,True
LFBT,3,2,31.1333,2,0,0,,0,3,2,66.6667,,66.6667,2,scheduled_duration_3h_or_more,3 hours or more,Tarbes-Lourdes-Pyrénées Airport,Tarbes/Lourdes/Pyrénées,France,43.1856,-0.0028,False
LFBZ,6,0,-0.3667,2,1,0,4.0,1,7,0,0.0,0.0,0.0,2,scheduled_duration_3h_or_more,3 hours or more,Biarritz Pays Basque airport,Biarritz,France,43.4683,-1.5311,False
LFGJ,12,3,0.6667,4,36,7,7.5,4,48,10,25.0,19.4444,20.8333,4,scheduled_duration_3h_or_more,3 hours or more,Dole Tavaux Airport,Dole,France,47.0428,5.435,False
LFHO,0,0,,0,1,0,8.7833,1,1,0,,0.0,0.0,1,scheduled_duration_3h_or_more,3 hours or more,Aubenas-South Ardèche Airport,"Lanas, Ardèche",France,44.5394,4.3717,False
LFJL,23,1,0.5333,4,27,5,3.0,4,50,6,4.3478,18.5185,12.0,4,scheduled_duration_3h_or_more,3 hours or more,Metz-Nancy-Lorraine Airport,Goin,France,48.9783,6.2467,False
LFKB,3,0,3.9333,2,0,0,,0,3,0,0.0,,0.0,2,scheduled_duration_3h_or_more,3 hours or more,Bastia Poretta airport,Bastia,France,42.55,9.4847,False
LFKF,2,0,5.4667,1,0,0,,0,2,0,0.0,,0.0,1,scheduled_duration_3h_or_more,3 hours or more,Figari Sud-Corse Airport,Figari,France,41.5022,9.0967,False
LFKJ,2,0,8.5833,1,1,0,-8.0,1,3,0,0.0,0.0,0.0,1,scheduled_duration_3h_or_more,3 hours or more,Ajaccio Napoléon Bonaparte airport,Ajaccio,France,41.9239,8.8025,False
LFKS,1,0,0.0,1,1,0,-8.7167,1,2,0,0.0,0.0,0.0,1,scheduled_duration_3h_or_more,3 hours or more,,,,41.9264,9.4053,False
LFLC,1,0,7.0667,1,13,1,-11.0,4,14,1,0.0,7.6923,7.1429,4,scheduled_duration_3h_or_more,3 hours or more,Clermont-Ferrand Auvergne airport,Clermont-Ferrand,France,45.7861,3.1625,False
LFLL,1075,356,7.8667,4,761,258,8.0,4,1836,614,33.1163,33.9028,33.4423,4,scheduled_duration_3h_or_more,3 hours or more,Lyon Saint-Exupéry Airport,"Colombier-Saugnieu, Rhône",France,45.726,5.081,True
LFLS,18,5,11.875,2,16,8,16.5,2,34,13,27.7778,50.0,38.2353,2,scheduled_duration_3h_or_more,3 hours or more,Grenoble Alpes Isère Airport,Grenoble,France,45.3631,5.3328,False
LFLX,2,1,40.9417,1,5,0,4.0,3,7,1,50.0,0.0,14.2857,3,scheduled_duration_3h_or_more,3 hours or more,Châteauroux Déols airport,Châteauroux,France,46.8603,1.7211,False
LFLY,0,0,,0,2,0,4.5,2,2,0,,0.0,0.0,2,scheduled_duration_3h_or_more,3 hours or more,Lyon Bron Airport,"Chassieu, Lyon",France,45.7292,4.9389,False
LFMI,1,0,-5.0,1,1,0,12.0,1,2,0,0.0,0.0,0.0,1,scheduled_duration_3h_or_more,3 hours or more,,,,43.523,4.924,False
LFMK,0,0,,0,1,0,3.0,1,1,0,,0.0,0.0,1,scheduled_duration_3h_or_more,3 hours or more,Carcassonne Salvaza Airport,Carcassonne,France,43.2158,2.3086,False
LFML,741,284,10.6833,4,382,125,10.0,4,1123,409,38.3266,32.7225,36.4203,4,scheduled_duration_3h_or_more,3 hours or more,Marseille Provence Airport,"Marignane, Bouches-du-Rhône",France,43.4367,5.215,True
LFMN,837,253,2.3667,4,599,304,16.0,4,1436,557,30.227,50.7513,38.7883,4,scheduled_duration_3h_or_more,3 hours or more,Nice-Côte d'Azur Airport,"Nice, Alpes-Maritimes",France,43.6653,7.215,True
LFMP,1,1,33.7,1,2,0,9.5,2,3,1,100.0,0.0,33.3333,2,scheduled_duration_3h_or_more,3 hours or more,Perpignan-Rivesaltes (Llabanère) Airport,Perpignan/Rivesaltes,France,42.7408,2.8697,False
LFMT,32,5,0.2417,3,4,1,3.0,2,36,6,15.625,25.0,16.6667,3,scheduled_duration_3h_or_more,3 hours or more,Montpellier-Méditerranée Airport,Montpellier/Méditerranée,France,43.5833,3.9614,False
LFMU,12,3,9.4167,2,9,2,7.0,2,21,5,25.0,22.2222,23.8095,2,scheduled_duration_3h_or_more,3 hours or more,Béziers Vias airport,Béziers,France,43.3233,3.3533,False
LFOA,1,0,3.9667,1,1,0,1.2167,1,2,0,0.0,0.0,0.0,1,scheduled_duration_3h_or_more,3 hours or more,,,,47.057,2.639,False
LFOB,499,85,-0.4667,4,322,36,0.0,4,821,121,17.0341,11.1801,14.7381,4,scheduled_duration_3h_or_more,3 hours or more,Beauvais Tillé airport,Beauvais,France,49.4544,2.1128,True
LFOK,38,5,-4.8833,4,34,8,9.5833,4,72,13,13.1579,23.5294,18.0556,4,scheduled_duration_3h_or_more,3 hours or more,Chalons Vatry airport,Chalons en Champagne,France,48.773,4.206,False
LFOT,0,0,,0,3,1,7.0,2,3,1,,33.3333,33.3333,2,scheduled_duration_3h_or_more,3 hours or more,Tours Val de Loire Airport,"Tours, Indre-et-Loire",France,47.4319,0.7231,False
LFPB,9,2,-11.6333,4,3,1,11.0,2,12,3,22.2222,33.3333,25.0,4,scheduled_duration_3h_or_more,3 hours or more,Paris-Le Bourget Airport,Paris,France,48.9694,2.4414,False
LFPG,20577,10179,14.7667,4,20290,8802,13.0,4,40867,18981,49.4679,43.381,46.4458,4,scheduled_duration_3h_or_more,3 hours or more,Charles de Gaulle International Airport,"Paris (Roissy-en-France, Val-d'Oise)",France,49.0097,2.5478,True
LFPN,1,0,-39.6167,1,0,0,,0,1,0,0.0,,0.0,1,scheduled_duration_3h_or_more,3 hours or more,Toussus-le-Noble Airport,"Toussus-le-Noble, Yvelines",France,48.75,2.111,False
LFPO,4787,1504,7.9667,4,4972,1454,9.0,4,9759,2958,31.4184,29.2438,30.3105,4,scheduled_duration_3h_or_more,3 hours or more,Paris-Orly Airport,"Paris (Orly, Val-de-Marne)",France,48.7233,2.3794,True
LFQQ,237,24,0.55,4,213,52,8.0,4,450,76,10.1266,24.4131,16.8889,4,scheduled_duration_3h_or_more,3 hours or more,Lille Airport,Lesquin,France,50.5633,3.0869,False
LFRB,10,1,-4.6667,3,18,3,8.5,3,28,4,10.0,16.6667,14.2857,3,scheduled_duration_3h_or_more,3 hours or more,Brest Bretagne airport,Brest,France,48.4472,-4.4217,False
LFRG,25,5,4.3,2,8,2,8.6,2,33,7,20.0,25.0,21.2121,2,scheduled_duration_3h_or_more,3 hours or more,Deauville Normandie airport,Deauville,France,49.3633,0.16,False
LFRN,2,2,24.675,2,0,0,,0,2,2,100.0,,100.0,2,scheduled_duration_3h_or_more,3 hours or more,Rennes-Saint-Jacques Airport,"Saint-Jacques-de-la-Lande, Ille-et-Vilaine",France,48.0719,-1.7322,False
LFRS,502,89,4.1833,4,506,68,3.0,4,1008,157,17.7291,13.4387,15.5754,4,scheduled_duration_3h_or_more,3 hours or more,Nantes Atlantique Airport,Nantes,France,47.1569,-1.6078,True
LFSB,1104,226,2.65,4,628,129,5.0,4,1732,355,20.471,20.5414,20.4965,4,scheduled_duration_3h_or_more,3 hours or more,EuroAirport Basel–Mulhouse–Freiburg,Bâle / Mulhouse,France,47.59,7.5292,True
LFST,71,13,-0.3667,4,38,9,10.0,4,109,22,18.3099,23.6842,20.1835,4,scheduled_duration_3h_or_more,3 hours or more,Strasbourg Airport,Strasbourg,France,48.5419,7.6344,False
LFTW,1,0,7.0333,1,0,0,,0,1,0,0.0,,0.0,1,scheduled_duration_3h_or_more,3 hours or more,Nîmes-Arles-Camargue Airport,Nîmes/Garons,France,43.7575,4.4164,False
LFVP,3,2,19.0167,2,3,1,9.0,2,6,3,66.6667,33.3333,50.0,2,scheduled_duration_3h_or_more,3 hours or more,St Pierre Airport,Saint-Pierre,Saint Pierre and Miquelon,46.7631,-56.1742,False
LGAV,5102,1472,5.875,4,7585,1194,3.0,4,12687,2666,28.8514,15.7416,21.0136,4,scheduled_duration_3h_or_more,3 hours or more,Athens Eleftherios Venizelos International Airport,Spata-Artemida,Greece,37.9367,23.9444,True
LGBL,20,11,20.9167,3,20,13,24.5,3,40,24,55.0,65.0,60.0,3,scheduled_duration_3h_or_more,3 hours or more,Nea Anchialos National Airport,Nea Anchialos,Greece,39.2194,22.7944,False
LGEL,1,0,-16.25,1,3,1,-3.0,1,4,1,0.0,33.3333,25.0,1,scheduled_duration_3h_or_more,3 hours or more,,,,38.069,23.554,False
LGIO,1,0,1.6667,1,6,0,7.5,2,7,0,0.0,0.0,0.0,2,scheduled_duration_3h_or_more,3 hours or more,Ioannina King Pyrrhus National Airport,Ioannina,Greece,39.6972,20.8219,False
LGIR,2680,795,7.4,4,3422,1026,9.0,4,6102,1821,29.6642,29.9825,29.8427,4,scheduled_duration_3h_or_more,3 hours or more,Heraklion International Nikos Kazantzakis Airport,Heraklion,Greece,35.3397,25.1803,True
LGKF,498,234,13.8083,3,557,238,12.5667,3,1055,472,46.988,42.7289,44.7393,3,scheduled_duration_3h_or_more,3 hours or more,Kefallinia Airport,Kefallinia Island,Greece,38.12,20.5006,True
LGKL,161,59,8.5167,3,220,70,8.6917,3,381,129,36.646,31.8182,33.8583,3,scheduled_duration_3h_or_more,3 hours or more,Kalamata Airport,Kalamata,Greece,37.0683,22.0253,False
LGKO,1137,454,11.3333,3,1543,767,15.0,3,2680,1221,39.9296,49.7084,45.5597,3,scheduled_duration_3h_or_more,3 hours or more,Kos Airport,Kos Island,Greece,36.7947,27.0911,True
LGKP,83,27,9.7667,2,63,21,8.6667,2,146,48,32.5301,33.3333,32.8767,2,scheduled_duration_3h_or_more,3 hours or more,Karpathos Airport,Karpathos Island,Greece,35.4211,27.1458,False
LGKR,998,405,11.0917,3,1262,547,13.0,3,2260,952,40.5812,43.3439,42.1239,3,scheduled_duration_3h_or_more,3 hours or more,Corfu Ioannis Kapodistrias International Airport,Kerkyra (Corfu),Greece,39.6019,19.9122,True
LGKV,38,17,11.025,2,33,20,19.0,2,71,37,44.7368,60.6061,52.1127,2,scheduled_duration_3h_or_more,3 hours or more,Kavala Alexander the Great International Airport,Kavala,Greece,40.9139,24.6197,False
LGLM,13,2,-0.9667,2,13,5,9.0,2,26,7,15.3846,38.4615,26.9231,2,scheduled_duration_3h_or_more,3 hours or more,Limnos Airport,Limnos Island,Greece,39.9172,25.2364,False
LGLR,2,1,19.9667,1,2,0,0.8333,1,4,1,50.0,0.0,25.0,1,scheduled_duration_3h_or_more,3 hours or more,,,,39.6486,22.4486,False
LGMK,531,241,13.3833,3,662,200,7.1,3,1193,441,45.3861,30.2115,36.9656,3,scheduled_duration_3h_or_more,3 hours or more,Mykonos Island National Airport,Mykonos,Greece,37.4372,25.3472,True
LGMT,55,18,6.35,2,97,36,12.0,2,152,54,32.7273,37.1134,35.5263,2,scheduled_duration_3h_or_more,3 hours or more,Mytilene International Airport,Mytilene,Greece,39.0578,26.5986,False
LGPA,1,0,1.75,1,0,0,,0,1,0,0.0,,0.0,1,scheduled_duration_3h_or_more,3 hours or more,Paros National Airport,Paros,Greece,37.0208,25.1131,False
LGPZ,252,100,11.4917,3,290,118,12.0,3,542,218,39.6825,40.6897,40.2214,3,scheduled_duration_3h_or_more,3 hours or more,Aktion National Airport,Preveza,Greece,38.9256,20.765,True
LGRP,2240,773,9.2333,3,2751,902,8.3833,3,4991,1675,34.5089,32.7881,33.5604,3,scheduled_duration_3h_or_more,3 hours or more,Diagoras Airport,Rhodes,Greece,36.4053,28.0861,True
LGRX,1,1,32.5833,1,1,1,30.0,1,2,2,100.0,100.0,100.0,1,scheduled_duration_3h_or_more,3 hours or more,Patras Araxos Agamemnon Airport,Patras,Greece,38.1511,21.4256,False
LGSA,1187,547,13.35,3,1438,422,7.1833,4,2625,969,46.0826,29.3463,36.9143,4,scheduled_duration_3h_or_more,3 hours or more,Chania International Airport,Souda,Greece,35.5314,24.1511,True
LGSK,278,123,12.0917,2,294,113,11.0,2,572,236,44.2446,38.4354,41.2587,2,scheduled_duration_3h_or_more,3 hours or more,Skiathos Island National Airport,Skiathos,Greece,39.1775,23.5036,False
LGSM,133,34,8.9333,2,144,45,10.85,2,277,79,25.5639,31.25,28.5199,2,scheduled_duration_3h_or_more,3 hours or more,Samos Airport,Samos Island,Greece,37.6892,26.9122,False
LGSR,844,299,9.9583,3,1105,327,8.3667,3,1949,626,35.4265,29.5928,32.119,3,scheduled_duration_3h_or_more,3 hours or more,Santorini Airport,Santorini Island,Greece,36.3992,25.4792,True
LGTS,553,206,8.6,4,835,303,9.0,4,1388,509,37.2514,36.2874,36.6715,4,scheduled_duration_3h_or_more,3 hours or more,Thessaloniki Macedonia International Airport,Thessaloniki,Greece,40.5197,22.9708,True
LGZA,680,299,13.2333,3,847,336,12.0,3,1527,635,43.9706,39.6694,41.5848,3,scheduled_duration_3h_or_more,3 hours or more,Zakynthos International Airport Dionysios Solomos,Zakynthos,Greece,37.751,20.884,True
LHBP,1984,490,5.2333,4,1587,210,3.0,4,3571,700,24.6976,13.2325,19.6024,4,scheduled_duration_3h_or_more,3 hours or more,Budapest Liszt Ferenc International Airport,Budapest,Hungary,47.4394,19.2619,True
LHBS,1,0,-66.5667,1,0,0,,0,1,0,0.0,,0.0,1,scheduled_duration_3h_or_more,3 hours or more,,,,47.4492,18.9858,False
LHDC,35,2,-5.7833,4,0,0,,0,35,2,5.7143,,5.7143,4,scheduled_duration_3h_or_more,3 hours or more,Debrecen International Airport,Debrecen,Hungary,47.4889,21.6153,False
LHPR,1,0,5.7833,1,2,0,7.1167,2,3,0,0.0,0.0,0.0,2,scheduled_duration_3h_or_more,3 hours or more,,,,47.627,17.808,False
LIBD,101,29,5.4333,4,108,26,8.0,4,209,55,28.7129,24.0741,26.3158,4,scheduled_duration_3h_or_more,3 hours or more,Bari Karol Wojtyła International Airport,Bari,Italy,41.138,16.765,False
LIBG,5,1,-1.2833,3,5,1,5.0,3,10,2,20.0,20.0,20.0,3,scheduled_duration_3h_or_more,3 hours or more,Taranto-Grottaglie Marcello Arlotta Airport,Grottaglie,Italy,40.5172,17.3997,False
LIBP,1,0,-6.8667,1,0,0,,0,1,0,0.0,,0.0,1,scheduled_duration_3h_or_more,3 hours or more,Abruzzo Airport,Pescara,Italy,42.4372,14.1872,False
LIBR,39,15,5.6667,3,55,17,8.0,4,94,32,38.4615,30.9091,34.0426,4,scheduled_duration_3h_or_more,3 hours or more,Brindisi Airport,Brindisi,Italy,40.6606,17.9481,False
LIBV,1,0,-32.0,1,1,0,2.0,1,2,0,0.0,0.0,0.0,1,scheduled_duration_3h_or_more,3 hours or more,,,,40.7697,16.9331,False
LICA,28,13,8.825,4,26,9,10.0,3,54,22,46.4286,34.6154,40.7407,4,scheduled_duration_3h_or_more,3 hours or more,Lamezia Terme Sant'Eufemia International Airport,Lamezia Terme (CZ),Italy,38.9083,16.2417,False
LICB,0,0,,0,2,0,3.0,1,2,0,,0.0,0.0,1,scheduled_duration_3h_or_more,3 hours or more,Comiso Airport,Comiso,Italy,36.996,14.609,False
LICC,541,109,0.8333,4,562,120,5.0,4,1103,229,20.1479,21.3523,20.7616,4,scheduled_duration_3h_or_more,3 hours or more,Catania-Fontanarossa Airport,Catania,Italy,37.4667,15.0639,True
LICD,1,1,23.3833,1,0,0,,0,1,1,100.0,,100.0,1,scheduled_duration_3h_or_more,3 hours or more,Lampedusa Airport,Lampedusa,Italy,35.4981,12.6183,False
LICJ,132,21,-0.275,4,144,33,4.0,4,276,54,15.9091,22.9167,19.5652,4,scheduled_duration_3h_or_more,3 hours or more,Falcone–Borsellino Airport,Palermo,Italy,38.1819,13.0994,False
LICT,7,0,0.6667,2,20,5,5.5,3,27,5,0.0,25.0,18.5185,3,scheduled_duration_3h_or_more,3 hours or more,Vincenzo Florio Airport Trapani-Birgi,Trapani (TP),Italy,37.9119,12.4933,False
LICZ,13,2,-2.8167,4,12,5,8.3917,4,25,7,15.3846,41.6667,28.0,4,scheduled_duration_3h_or_more,3 hours or more,,,,37.4058,14.9239,False
LIEA,16,5,1.85,3,13,1,3.0,3,29,6,31.25,7.6923,20.6897,3,scheduled_duration_3h_or_more,3 hours or more,Alghero-Fertilia Airport,Alghero,Italy,40.6311,8.2886,False
LIEE,18,3,2.4583,4,19,3,4.0,3,37,6,16.6667,15.7895,16.2162,4,scheduled_duration_3h_or_more,3 hours or more,Cagliari Elmas Airport,Cagliari,Italy,39.2472,9.0561,False
LIEO,43,15,1.6,3,15,4,5.0,2,58,19,34.8837,26.6667,32.7586,3,scheduled_duration_3h_or_more,3 hours or more,Olbia Costa Smeralda Airport,Olbia (SS),Italy,40.8986,9.5178,False
LIMB,1,0,0.9333,1,0,0,,0,1,0,0.0,,0.0,1,scheduled_duration_3h_or_more,3 hours or more,,,,45.5414,9.2022,False
LIMC,5518,956,-4.2,4,5498,1293,6.0,4,11016,2249,17.3251,23.5176,20.4158,4,scheduled_duration_3h_or_more,3 hours or more,Milan Malpensa International Airport,Ferno (VA),Italy,45.63,8.7231,True
LIME,1034,136,-0.1833,4,1119,396,9.0,4,2153,532,13.1528,35.3887,24.7097,4,scheduled_duration_3h_or_more,3 hours or more,Milan Bergamo Airport / Antonio Locatelli Air Base,Orio al Serio (BG),Italy,45.6689,9.7003,True
LIMF,114,18,-4.2667,4,139,15,1.0,4,253,33,15.7895,10.7914,13.0435,4,scheduled_duration_3h_or_more,3 hours or more,Turin Airport,Caselle Torinese (TO),Italy,45.2025,7.6494,False
LIML,9,3,1.0667,4,14,13,110.5,4,23,16,33.3333,92.8571,69.5652,4,scheduled_duration_3h_or_more,3 hours or more,Milano Linate Airport,Segrate (MI),Italy,45.4494,9.2783,False
LIMP,1,0,-8.2167,1,1,0,1.0,1,2,0,0.0,0.0,0.0,1,scheduled_duration_3h_or_more,3 hours or more,Parma Airport,Parma (PR),Italy,44.8222,10.2953,False
LIMZ,0,0,,0,11,2,-4.0,4,11,2,,18.1818,18.1818,4,scheduled_duration_3h_or_more,3 hours or more,Cuneo International Airport,Levaldigi (CN),Italy,44.5475,7.6231,False
LIPB,1,0,13.5667,1,0,0,,0,1,0,0.0,,0.0,1,scheduled_duration_3h_or_more,3 hours or more,Bolzano Airport,Bolzano (BZ),Italy,46.4603,11.3264,False
LIPE,509,110,3.7333,4,739,91,2.0,4,1248,201,21.611,12.3139,16.1058,4,scheduled_duration_3h_or_more,3 hours or more,Bologna Guglielmo Marconi Airport,Bologna,Italy,44.5308,11.2969,True
LIPH,140,15,0.275,4,141,21,1.0,4,281,36,10.7143,14.8936,12.8114,4,scheduled_duration_3h_or_more,3 hours or more,Treviso Antonio Canova Airport,Treviso (TV),Italy,45.6508,12.1978,False
LIPO,4,0,-4.7917,2,0,0,,0,4,0,0.0,,0.0,2,scheduled_duration_3h_or_more,3 hours or more,Brescia Gabriele d'Annunzio Airport,Montichiari (BS),Italy,45.4289,10.3306,False
LIPQ,1,0,10.8,1,1,1,25.0,1,2,1,0.0,100.0,50.0,1,scheduled_duration_3h_or_more,3 hours or more,Trieste–Friuli Venezia Giulia Airport,Ronchi dei Legionari (GO),Italy,45.8275,13.4722,False
LIPR,3,0,7.4167,2,4,0,-1.0,2,7,0,0.0,0.0,0.0,2,scheduled_duration_3h_or_more,3 hours or more,Federico Fellini International Airport,Rimini (RN),Italy,44.0194,12.6094,False
LIPX,186,18,-6.0167,4,175,6,-8.0,4,361,24,9.6774,3.4286,6.6482,4,scheduled_duration_3h_or_more,3 hours or more,Verona Villafranca Valerio Catullo Airport,Caselle (VR),Italy,45.3964,10.8878,False
LIPZ,712,175,-0.025,4,816,337,10.1833,4,1528,512,24.5787,41.299,33.5079,4,scheduled_duration_3h_or_more,3 hours or more,Venice Marco Polo Airport,Venezia (VE),Italy,45.5053,12.3519,True
LIRA,176,15,-2.6833,4,268,51,4.0,4,444,66,8.5227,19.0299,14.8649,4,scheduled_duration_3h_or_more,3 hours or more,Ciampino–G. B. Pastine International Airport,Rome,Italy,41.7994,12.5972,False
LIRE,2,0,-25.0917,1,2,0,1.0,2,4,0,0.0,0.0,0.0,2,scheduled_duration_3h_or_more,3 hours or more,,,,41.6592,12.4451,False
LIRF,5495,1336,0.1,4,5621,1260,6.0,4,11116,2596,24.313,22.4159,23.3537,4,scheduled_duration_3h_or_more,3 hours or more,Rome–Fiumicino Leonardo da Vinci International Airport,Rome,Italy,41.8003,12.2389,True
LIRN,975,186,1.1333,4,1036,472,14.0,4,2011,658,19.0769,45.5598,32.72,4,scheduled_duration_3h_or_more,3 hours or more,Naples International Airport,Napoli,Italy,40.8844,14.2908,True
LIRP,209,42,-1.3167,4,198,39,5.0,4,407,81,20.0957,19.697,19.9017,4,scheduled_duration_3h_or_more,3 hours or more,Pisa International Airport,Pisa (PI),Italy,43.6828,10.3956,False
LIRQ,18,3,-3.2417,4,21,9,14.0,4,39,12,16.6667,42.8571,30.7692,4,scheduled_duration_3h_or_more,3 hours or more,"Florence Airport, Peretola",Firenze (FI),Italy,43.8086,11.2028,False
LJLJ,96,78,23.8583,4,91,27,10.0,4,187,105,81.25,29.6703,56.1497,4,scheduled_duration_3h_or_more,3 hours or more,Ljubljana Jože Pučnik Airport,Zgornji Brnik,Slovenia,46.2244,14.4561,False
LKHK,1,0,-29.6,1,1,0,0.0,1,2,0,0.0,0.0,0.0,1,scheduled_duration_3h_or_more,3 hours or more,,,,50.2533,15.8453,False
LKMT,48,3,-16.0417,2,49,7,5.0,3,97,10,6.25,14.2857,10.3093,3,scheduled_duration_3h_or_more,3 hours or more,Ostrava Leos Janáček Airport,Mošnov,Czechia,49.6961,18.1108,False
LKPD,0,0,,0,1,1,123.0,1,1,1,,100.0,100.0,1,scheduled_duration_3h_or_more,3 hours or more,Pardubice Airport,Pardubice,Czechia,50.0133,15.7386,False
LKPR,1777,460,4.6167,4,1824,636,8.0,4,3601,1096,25.8863,34.8684,30.436,4,scheduled_duration_3h_or_more,3 hours or more,Václav Havel Airport Prague,Prague,Czechia,50.1008,14.26,True
LKTB,76,3,-11.075,2,77,2,-2.0,2,153,5,3.9474,2.5974,3.268,2,scheduled_duration_3h_or_more,3 hours or more,Brno-Tuřany Airport,Brno,Czechia,49.1514,16.6939,False
LLBG,12037,3884,8.4333,4,12145,1880,5.0,4,24182,5764,32.2672,15.4796,23.8359,4,scheduled_duration_3h_or_more,3 hours or more,Ben Gurion International Airport,Tel Aviv,Israel,32.0094,34.8856,True
LLER,35,11,8.1833,2,34,2,1.5,1,69,13,31.4286,5.8824,18.8406,2,scheduled_duration_3h_or_more,3 hours or more,Ramon International Airport,Eilat,Israel,29.7272,35.0142,False
LLHA,0,0,,0,1,0,-13.25,1,1,0,,0.0,0.0,1,scheduled_duration_3h_or_more,3 hours or more,Haifa International Airport,Haifa,Israel,32.8083,35.0428,False
LMML,1406,203,1.8833,4,1394,259,4.0,4,2800,462,14.4381,18.5796,16.5,4,scheduled_duration_3h_or_more,3 hours or more,Malta International Airport,Valletta,Malta,35.8575,14.4775,True
LOAN,2,1,28.9083,1,0,0,,0,2,1,50.0,,50.0,1,scheduled_duration_3h_or_more,3 hours or more,,,,47.8433,16.2603,False
LOWI,2,2,17.3833,2,1,0,12.0,1,3,2,100.0,0.0,66.6667,2,scheduled_duration_3h_or_more,3 hours or more,Innsbruck Airport,Innsbruck,Austria,47.2603,11.3439,False
LOWK,0,0,,0,1,0,-4.0,1,1,0,,0.0,0.0,1,scheduled_duration_3h_or_more,3 hours or more,Klagenfurt Airport,Klagenfurt am Wörthersee,Austria,46.6428,14.3372,False
LOWL,2,0,7.4917,2,1,0,-14.0,1,3,0,0.0,0.0,0.0,2,scheduled_duration_3h_or_more,3 hours or more,Linz-Hörsching Airport / Vogler Air Base,Linz,Austria,48.2353,14.1881,False
LOWS,135,65,13.35,4,155,27,5.0,4,290,92,48.1481,17.4194,31.7241,4,scheduled_duration_3h_or_more,3 hours or more,Salzburg Airport,Salzburg,Austria,47.7944,13.0033,False
LOWW,4353,1755,11.2167,4,4100,1267,8.0,4,8453,3022,40.317,30.9024,35.7506,4,scheduled_duration_3h_or_more,3 hours or more,Vienna International Airport,Vienna,Austria,48.1103,16.5697,True
LOXZ,1,0,-44.1833,1,0,0,,0,1,0,0.0,,0.0,1,scheduled_duration_3h_or_more,3 hours or more,,,,47.2036,14.7458,False
LPAR,1,0,-27.3167,1,0,0,,0,1,0,0.0,,0.0,1,scheduled_duration_3h_or_more,3 hours or more,,,,38.8856,-9.0281,False
LPBJ,0,0,,0,1,1,17.0,1,1,1,,100.0,100.0,1,scheduled_duration_3h_or_more,3 hours or more,Beja Airport / Airbase,Beja,Portugal,38.0789,-7.9325,False
LPCS,6,1,-28.2167,2,0,0,,0,6,1,16.6667,,16.6667,2,scheduled_duration_3h_or_more,3 hours or more,Cascais Airport,Cascais,Portugal,38.7256,-9.3553,False
LPFR,1774,308,3.7667,4,1071,98,3.0,4,2845,406,17.3619,9.1503,14.2707,4,scheduled_duration_3h_or_more,3 hours or more,Faro Airport,Faro,Portugal,37.0144,-7.9658,True
LPHR,1,0,5.6667,1,0,0,,0,1,0,0.0,,0.0,1,scheduled_duration_3h_or_more,3 hours or more,Horta Airport,Horta,Portugal,38.52,-28.7164,False
LPLA,80,42,16.7333,4,71,24,7.0,4,151,66,52.5,33.8028,43.7086,4,scheduled_duration_3h_or_more,3 hours or more,Lajes Airport,Praia da Vitória,Portugal,38.7619,-27.0908,False
LPMA,1908,456,6.9833,4,1927,230,3.45,4,3835,686,23.8994,11.9357,17.8879,4,scheduled_duration_3h_or_more,3 hours or more,Madeira International Airport Cristiano Ronaldo,Funchal,Portugal,32.6942,-16.7781,True
LPPD,443,211,13.3333,4,440,114,8.0,4,883,325,47.6298,25.9091,36.8063,4,scheduled_duration_3h_or_more,3 hours or more,João Paulo II Airport,Ponta Delgada,Portugal,37.7419,-25.6978,True
LPPR,1016,337,8.4833,4,774,90,1.0,4,1790,427,33.1693,11.6279,23.8547,4,scheduled_duration_3h_or_more,3 hours or more,Francisco de Sá Carneiro Airport,Porto,Portugal,41.2356,-8.6781,True
LPPS,46,16,8.9917,4,35,5,2.0,3,81,21,34.7826,14.2857,25.9259,4,scheduled_duration_3h_or_more,3 hours or more,Porto Santo Airport,Vila Baleira,Portugal,33.0708,-16.3497,False
LPPT,9221,3776,11.5667,4,7976,2563,9.0,4,17197,6339,40.95,32.1339,36.8611,4,scheduled_duration_3h_or_more,3 hours or more,Lisbon Humberto Delgado Airport,Lisbon,Portugal,38.7742,-9.1342,True
LQBK,13,0,-6.2167,2,12,1,-0.5,2,25,1,0.0,8.3333,4.0,2,scheduled_duration_3h_or_more,3 hours or more,Banja Luka International Airport,Mahovljani,Bosnia and Herzegovina,44.9414,17.2975,False
LQSA,302,194,20.3833,4,303,40,5.0,4,605,234,64.2384,13.2013,38.6777,4,scheduled_duration_3h_or_more,3 hours or more,Sarajevo International Airport,Sarajevo,Bosnia and Herzegovina,43.8244,18.3317,True
LQTZ,2,2,49.2333,1,0,0,,0,2,2,100.0,,100.0,1,scheduled_duration_3h_or_more,3 hours or more,Tuzla International Airport,Dubrave Gornje,Bosnia and Herzegovina,44.4586,18.7247,False
LRAR,5,0,-12.45,1,11,0,1.0,2,16,0,0.0,0.0,0.0,2,scheduled_duration_3h_or_more,3 hours or more,Arad International Airport,Arad,Romania,46.1767,21.2619,False
LRBC,95,20,8.2,4,215,45,2.0,4,310,65,21.0526,20.9302,20.9677,4,scheduled_duration_3h_or_more,3 hours or more,Bacău George Enescu International Airport,Bacău,Romania,46.5219,26.9103,False
LRCK,28,13,12.025,4,27,5,5.0,4,55,18,46.4286,18.5185,32.7273,4,scheduled_duration_3h_or_more,3 hours or more,Mihail Kogălniceanu International Airport,Mihail Kogălniceanu,Romania,44.3622,28.4883,False
LRCL,269,54,4.1667,4,360,55,4.0,4,629,109,20.0743,15.2778,17.3291,4,scheduled_duration_3h_or_more,3 hours or more,Cluj Avram Iancu International Airport,Cluj-Napoca,Romania,46.7892,23.6922,True
LRCT,2,2,57.3583,1,2,0,-21.3833,1,4,2,100.0,0.0,50.0,1,scheduled_duration_3h_or_more,3 hours or more,,,,46.5025,23.8861,False
LRCV,41,9,5.6,4,145,15,0.0,4,186,24,21.9512,10.3448,12.9032,4,scheduled_duration_3h_or_more,3 hours or more,Craiova International Airport,Craiova,Romania,44.3181,23.8886,False
LRIA,176,54,5.85,4,379,73,4.4333,4,555,127,30.6818,19.2612,22.8829,4,scheduled_duration_3h_or_more,3 hours or more,Iaşi Airport,Iaşi,Romania,47.1803,27.6208,True
LROP,2616,614,2.85,4,3249,514,5.0,4,5865,1128,23.4709,15.8203,19.2327,4,scheduled_duration_3h_or_more,3 hours or more,Bucharest Henri Coandă International Airport,Otopeni,Romania,44.5711,26.085,True
LRSB,57,20,8.5667,4,110,20,4.7583,4,167,40,35.0877,18.1818,23.9521,4,scheduled_duration_3h_or_more,3 hours or more,Sibiu International Airport,Sibiu,Romania,45.7858,24.0856,False
LRSV,59,14,4.9833,4,122,11,3.5583,4,181,25,23.7288,9.0164,13.8122,4,scheduled_duration_3h_or_more,3 hours or more,Suceava Stefan cel Mare Airport,Suceava,Romania,47.6864,26.3544,False
LRTM,0,0,,0,6,0,-6.3667,1,6,0,,0.0,0.0,1,scheduled_duration_3h_or_more,3 hours or more,Târgu Mureş Transilvania International Airport,Recea,Romania,46.4678,24.4125,False
LRTR,38,3,1.3167,4,54,9,-1.0,4,92,12,7.8947,16.6667,13.0435,4,scheduled_duration_3h_or_more,3 hours or more,Timişoara Traian Vuia Airport,Timişoara,Romania,45.8097,21.3378,False
LSGC,1,0,-13.5667,1,0,0,,0,1,0,0.0,,0.0,1,scheduled_duration_3h_or_more,3 hours or more,,,,47.084,6.793,False
LSGG,2279,722,6.3833,4,1906,594,7.0,4,4185,1316,31.6806,31.1647,31.4456,4,scheduled_duration_3h_or_more,3 hours or more,Geneva Cointrin International Airport,Geneva,Switzerland,46.2383,6.1094,True
LSZB,24,4,-1.7,1,4,0,-2.0,1,28,4,16.6667,0.0,14.2857,1,scheduled_duration_3h_or_more,3 hours or more,Bern Airport,Bern,Switzerland,46.9122,7.4992,False
LSZC,1,0,-65.0,1,1,0,-4.0,1,2,0,0.0,0.0,0.0,1,scheduled_duration_3h_or_more,3 hours or more,Buochs Airport,Buochs,Switzerland,46.9744,8.3969,False
LSZH,6004,2156,8.2833,4,5539,1639,9.0,4,11543,3795,35.9094,29.5902,32.8771,4,scheduled_duration_3h_or_more,3 hours or more,Zürich Airport,Zurich,Switzerland,47.4581,8.5481,True
LSZS,1,0,13.55,1,0,0,,0,1,0,0.0,,0.0,1,scheduled_duration_3h_or_more,3 hours or more,Samedan Airport,Samedan,Switzerland,46.5344,9.8842,False
LTAC,882,343,10.9667,4,1035,189,5.0,4,1917,532,38.8889,18.2609,27.7517,4,scheduled_duration_3h_or_more,3 hours or more,Esenboğa International Airport,Ankara,Turkey,40.1281,32.995,True
LTAF,224,80,10.1167,4,229,37,4.0,4,453,117,35.7143,16.1572,25.8278,4,scheduled_duration_3h_or_more,3 hours or more,Adana Şakirpaşa Airport,Seyhan,Turkey,36.9822,35.2803,False
LTAG,4,1,5.225,2,5,1,-8.0,2,9,2,25.0,20.0,22.2222,2,scheduled_duration_3h_or_more,3 hours or more,,,,36.9989,35.4331,False
LTAI,11008,4549,11.75,4,12536,2948,5.0,4,23544,7497,41.3245,23.5163,31.8425,4,scheduled_duration_3h_or_more,3 hours or more,Antalya International Airport,Antalya,Turkey,36.9003,30.7928,True
LTAJ,194,95,14.2083,4,178,53,10.0,4,372,148,48.9691,29.7753,39.7849,4,scheduled_duration_3h_or_more,3 hours or more,Gaziantep International Airport,Gaziantep,Turkey,36.9478,37.4789,False
LTAN,97,49,15.45,4,102,33,7.7667,4,199,82,50.5155,32.3529,41.206,4,scheduled_duration_3h_or_more,3 hours or more,Konya Airport,Konya,Turkey,37.9806,32.5625,False
LTAS,42,9,9.2,4,69,21,9.0,4,111,30,21.4286,30.4348,27.027,4,scheduled_duration_3h_or_more,3 hours or more,Zonguldak Çaycuma Airport,Zonguldak,Turkey,41.5069,32.0897,False
LTAT,16,10,19.6,2,16,8,15.725,2,32,18,62.5,50.0,56.25,2,scheduled_duration_3h_or_more,3 hours or more,Malatya Erhaç Airport,Malatya,Turkey,38.4322,38.0831,False
LTAU,304,91,9.9417,4,318,74,7.0583,4,622,165,29.9342,23.2704,26.5273,4,scheduled_duration_3h_or_more,3 hours or more,Kayseri Erkilet Airport,Kayseri,Turkey,38.7703,35.4953,True
LTAY,52,5,-1.7667,3,1,1,21.6333,1,53,6,9.6154,100.0,11.3208,3,scheduled_duration_3h_or_more,3 hours or more,Çardak Airport,Denizli,Turkey,37.7878,29.705,False
LTAZ,1,1,45.6333,1,1,0,-12.6333,1,2,1,100.0,0.0,50.0,1,scheduled_duration_3h_or_more,3 hours or more,Nevşehir Kapadokya Airport,Nevşehir,Turkey,38.7753,34.5267,False
LTBA,1,1,38.8167,1,2,1,8.0,2,3,2,100.0,50.0,66.6667,2,scheduled_duration_3h_or_more,3 hours or more,İstanbul Atatürk Airport,"Bakırköy, Istanbul",Turkey,40.9761,28.8142,False
LTBD,1,0,-2.2167,1,0,0,,0,1,0,0.0,,0.0,1,scheduled_duration_3h_or_more,3 hours or more,Aydın Çıldır Airport,Aydın,Turkey,37.8153,27.8881,False
LTBJ,1585,525,8.4167,4,2064,532,7.0,4,3649,1057,33.123,25.7752,28.9668,4,scheduled_duration_3h_or_more,3 hours or more,Adnan Menderes International Airport,Gaziemir,Turkey,38.2892,27.155,True
LTBQ,1,1,85.75,1,0,0,,0,1,1,100.0,,100.0,1,scheduled_duration_3h_or_more,3 hours or more,Cengiz Topel Airport,Kartepe,Turkey,40.735,30.0833,False
LTBR,8,2,11.2333,2,8,2,0.5,2,16,4,25.0,25.0,25.0,2,scheduled_duration_3h_or_more,3 hours or more,Bursa Yenişehir Airport,Yenişehir,Turkey,40.2558,29.5619,False
LTBS,2290,1150,15.0667,4,2307,1088,15.0,4,4597,2238,50.2183,47.1608,48.6839,4,scheduled_duration_3h_or_more,3 hours or more,Dalaman International Airport,Dalaman,Turkey,36.7125,28.7914,True
LTBY,54,20,10.8,4,56,10,4.5,4,110,30,37.037,17.8571,27.2727,4,scheduled_duration_3h_or_more,3 hours or more,Anadolu Airport,Eskişehir,Turkey,39.8125,30.5206,False
LTBZ,18,10,15.7417,2,27,3,5.2833,2,45,13,55.5556,11.1111,28.8889,2,scheduled_duration_3h_or_more,3 hours or more,Zafer Airport,Altıntaş,Turkey,39.1114,30.1303,False
LTCA,57,28,14.25,4,57,15,4.9833,4,114,43,49.1228,26.3158,37.7193,4,scheduled_duration_3h_or_more,3 hours or more,Elazığ Airport,Elazığ,Turkey,38.5978,39.2814,False
LTCB,19,10,15.8,3,18,3,5.1417,3,37,13,52.6316,16.6667,35.1351,3,scheduled_duration_3h_or_more,3 hours or more,Ordu–Giresun Airport,Ordu,Turkey,40.9672,38.0819,False
LTCC,71,35,14.4833,4,69,24,9.0,4,140,59,49.2958,34.7826,42.1429,4,scheduled_duration_3h_or_more,3 hours or more,Diyarbakır Airport,Diyarbakır,Turkey,37.8925,40.2011,False
LTCE,3,1,12.4,2,1,1,18.0,1,4,2,33.3333,100.0,50.0,2,scheduled_duration_3h_or_more,3 hours or more,Erzurum International Airport,Erzurum,Turkey,39.9558,41.1706,False
LTCG,334,161,14.6167,4,306,51,4.0,4,640,212,48.2036,16.6667,33.125,4,scheduled_duration_3h_or_more,3 hours or more,Trabzon International Airport,Trabzon,Turkey,40.9958,39.7853,True
LTCS,1,1,34.6,1,0,0,,0,1,1,100.0,,100.0,1,scheduled_duration_3h_or_more,3 hours or more,Şanlıurfa GAP Airport,Şanlıurfa,Turkey,37.4567,38.9083,False
LTCT,2,2,22.9333,1,2,0,-7.0,1,4,2,100.0,0.0,50.0,1,scheduled_duration_3h_or_more,3 hours or more,Iğdır Airport,Iğdır,Turkey,39.9831,43.8664,False
LTDA,57,40,19.8833,3,29,6,6.0,3,86,46,70.1754,20.6897,53.4884,3,scheduled_duration_3h_or_more,3 hours or more,Hatay Airport,Antakya,Turkey,36.3722,36.2986,False
LTFC,14,5,1.5833,4,0,0,,0,14,5,35.7143,,35.7143,4,scheduled_duration_3h_or_more,3 hours or more,Süleyman Demirel International Airport,Isparta,Turkey,37.8558,30.3669,False
LTFD,3,1,7.5,2,5,4,23.0,2,8,5,33.3333,80.0,62.5,2,scheduled_duration_3h_or_more,3 hours or more,Balıkesir Koca Seyit Airport,Edremit,Turkey,39.5525,27.0103,False
LTFE,1109,496,12.8833,4,1121,378,9.0,4,2230,874,44.725,33.7199,39.1928,4,scheduled_duration_3h_or_more,3 hours or more,Milas Bodrum International Airport,Bodrum,Turkey,37.2494,27.6647,True
LTFG,131,18,4.25,4,129,25,6.0,4,260,43,13.7405,19.3798,16.5385,4,scheduled_duration_3h_or_more,3 hours or more,Gazipaşa-Alanya Airport,Gazipaşa,Turkey,36.2994,32.3014,False
LTFH,99,34,10.7167,4,120,26,4.7083,4,219,60,34.3434,21.6667,27.3973,4,scheduled_duration_3h_or_more,3 hours or more,Samsun-Çarşamba Airport,Samsun,Turkey,41.2656,36.5486,False
LTFJ,7661,1981,4.7,4,9151,2255,7.0,4,16812,4236,25.8582,24.6421,25.1963,4,scheduled_duration_3h_or_more,3 hours or more,Istanbul Sabiha Gökçen International Airport,"Pendik, Istanbul",Turkey,40.8983,29.3092,True
LTFM,29079,8289,4.9667,4,30550,5242,4.0,4,59629,13531,28.5051,17.1588,22.692,4,scheduled_duration_3h_or_more,3 hours or more,İstanbul Airport,"Arnavutköy, Istanbul",Turkey,41.2753,28.7519,True
LTFN,1,1,20.6333,1,0,0,,0,1,1,100.0,,100.0,1,scheduled_duration_3h_or_more,3 hours or more,,,,37.864,30.355,False
LUKK,270,63,4.7,4,437,74,3.0,4,707,137,23.3333,16.9336,19.3777,4,scheduled_duration_3h_or_more,3 hours or more,Chişinău International Airport,Chişinău,Moldova,46.928,28.931,True
LWOH,1,0,8.35,1,15,6,6.6833,3,16,6,0.0,40.0,37.5,3,scheduled_duration_3h_or_more,3 hours or more,Ohrid St. Paul the Apostle Airport,Ohrid,North Macedonia,41.18,20.7422,False
LWSK,28,6,5.65,4,105,24,7.0,4,133,30,21.4286,22.8571,22.5564,4,scheduled_duration_3h_or_more,3 hours or more,Skopje International Airport,Ilinden,North Macedonia,41.9617,21.6214,False
LXGB,72,6,-0.2667,4,26,1,-3.525,4,98,7,8.3333,3.8462,7.1429,4,scheduled_duration_3h_or_more,3 hours or more,Gibraltar Airport,Gibraltar,Gibraltar,36.1508,-5.3494,False
LYBE,669,345,15.5667,4,588,74,3.0,4,1257,419,51.5695,12.585,33.3333,4,scheduled_duration_3h_or_more,3 hours or more,Belgrade Nikola Tesla Airport,Belgrade,Serbia,44.8194,20.3069,True
LYNI,0,0,,0,3,0,2.0,3,3,0,,0.0,0.0,3,scheduled_duration_3h_or_more,3 hours or more,Niš Constantine the Great Airport,Niš,Serbia,43.3372,21.8536,False
LYPG,42,11,8.7167,4,56,7,1.0,3,98,18,26.1905,12.5,18.3673,4,scheduled_duration_3h_or_more,3 hours or more,Podgorica Airport / Podgorica Golubovci Airbase,Podgorica,Montenegro,42.3594,19.2519,False
LYTV,35,8,5.1667,3,49,7,3.0,3,84,15,22.8571,14.2857,17.8571,3,scheduled_duration_3h_or_more,3 hours or more,Tivat Airport,Tivat,Montenegro,42.4047,18.7233,False
LZIB,79,8,-1.6667,4,54,4,0.0,4,133,12,10.1266,7.4074,9.0226,4,scheduled_duration_3h_or_more,3 hours or more,M. R. Štefánik Airport,Bratislava,Slovakia,48.17,17.2128,False
LZKZ,17,1,-8.1167,4,19,3,-2.0,4,36,4,5.8824,15.7895,11.1111,4,scheduled_duration_3h_or_more,3 hours or more,Košice International Airport,Košice,Slovakia,48.6631,21.2411,False
MDCY,2,0,0.475,1,3,0,-0.6333,1,5,0,0.0,0.0,0.0,1,scheduled_duration_3h_or_more,3 hours or more,Samaná El Catey International Airport,Samana,Dominican Republic,19.27,-69.7375,False
MDLR,106,37,9.6667,4,100,22,3.0667,4,206,59,34.9057,22.0,28.6408,4,scheduled_duration_3h_or_more,3 hours or more,Casa De Campo International Airport,La Romana,Dominican Republic,18.4118,-68.9418,False
MDPC,928,287,7.9,4,833,311,10.4333,4,1761,598,30.9267,37.3349,33.958,4,scheduled_duration_3h_or_more,3 hours or more,Punta Cana International Airport,Punta Cana,Dominican Republic,18.5683,-68.3467,True
MDPP,54,28,15.375,4,20,11,20.1917,3,74,39,51.8519,55.0,52.7027,4,scheduled_duration_3h_or_more,3 hours or more,Gregorio Luperon International Airport,Puerto Plata,Dominican Republic,19.7578,-70.57,False
MDSD,335,79,6.5167,4,402,145,7.875,4,737,224,23.5821,36.0697,30.3935,4,scheduled_duration_3h_or_more,3 hours or more,Las Américas International Airport,Santo Domingo,Dominican Republic,18.4297,-69.6689,True
MDST,2,1,10.9,1,0,0,,0,2,1,50.0,,50.0,1,scheduled_duration_3h_or_more,3 hours or more,Cibao International Airport,Santiago,Dominican Republic,19.4061,-70.6047,False
MGGT,81,14,4.05,4,0,0,,0,81,14,17.284,,17.284,4,scheduled_duration_3h_or_more,3 hours or more,La Aurora Airport,Guatemala City,Guatemala,14.5667,-90.5333,False
MHLM,35,5,2.8833,4,36,10,3.4167,4,71,15,14.2857,27.7778,21.1268,4,scheduled_duration_3h_or_more,3 hours or more,Ramón Villeda Morales International Airport,San Pedro Sula,Honduras,15.5217,-87.865,False
MHPR,1,0,-0.95,1,1,1,31.3,1,2,1,0.0,100.0,50.0,1,scheduled_duration_3h_or_more,3 hours or more,,,,14.383,-87.571,False
MKJP,53,7,5.7167,4,55,48,30.4,4,108,55,13.2075,87.2727,50.9259,4,scheduled_duration_3h_or_more,3 hours or more,Norman Manley International Airport,Kingston,Jamaica,17.9333,-76.8,False
MKJS,255,50,4.95,4,287,111,10.45,4,542,161,19.6078,38.676,29.7048,4,scheduled_duration_3h_or_more,3 hours or more,Sangster International Airport,Montego Bay,Jamaica,18.4983,-77.925,True
MMGL,58,17,9.2333,4,121,54,13.2333,4,179,71,29.3103,44.6281,39.6648,4,scheduled_duration_3h_or_more,3 hours or more,Guadalajara International Airport,Guadalajara,Mexico,20.5167,-103.3167,False
MMMX,2085,511,6.9667,4,1656,1124,24.0083,4,3741,1635,24.5084,67.8744,43.7049,4,scheduled_duration_3h_or_more,3 hours or more,Benito Juárez International Airport,Ciudad de México,Mexico,19.435,-99.075,True
MMMY,60,5,5.8083,4,58,14,9.85,4,118,19,8.3333,24.1379,16.1017,4,scheduled_duration_3h_or_more,3 hours or more,Monterrey International Airport,Monterrey,Mexico,25.7758,-100.1069,False
MMPR,37,1,4.35,4,38,13,9.3417,4,75,14,2.7027,34.2105,18.6667,4,scheduled_duration_3h_or_more,3 hours or more,Puerto Vallarta International Airport,Puerto Vallarta,Mexico,20.6833,-105.25,False
MMQT,0,0,,0,1,0,10.5333,1,1,0,,0.0,0.0,1,scheduled_duration_3h_or_more,3 hours or more,Querétaro Intercontinental Airport,Querétaro,Mexico,20.6175,-100.1856,False
MMSD,1,1,18.1,1,1,0,13.25,1,2,1,100.0,0.0,50.0,1,scheduled_duration_3h_or_more,3 hours or more,Los Cabos International Airport,San José del Cabo,Mexico,23.1522,-109.7208,False
MMUN,1135,300,7.4333,4,1351,676,15.0167,4,2486,976,26.4317,50.037,39.2599,4,scheduled_duration_3h_or_more,3 hours or more,Cancún International Airport,Cancún,Mexico,21.0428,-86.8733,True
MPTO,413,140,9.75,4,645,336,16.0,4,1058,476,33.8983,52.093,44.9905,4,scheduled_duration_3h_or_more,3 hours or more,Tocumen International Airport,Tocumen,Panama,9.0714,-79.3833,True
MRLB,18,2,3.0833,4,75,15,-1.5,4,93,17,11.1111,20.0,18.2796,4,scheduled_duration_3h_or_more,3 hours or more,Guanacaste Airport,Liberia,Costa Rica,10.5967,-85.5467,False
MROC,352,92,8.0667,4,293,166,18.3667,4,645,258,26.1364,56.6553,40.0,4,scheduled_duration_3h_or_more,3 hours or more,Juan Santamaría International Airport,San José (Alajuela),Costa Rica,9.9939,-84.2089,True
MSLP,0,0,,0,81,9,-4.2667,4,81,9,,11.1111,11.1111,4,scheduled_duration_3h_or_more,3 hours or more,Monseñor Óscar Arnulfo Romero International Airport,San Salvador (San Luis Talpa),El Salvador,13.4417,-89.0583,False
MTPP,19,12,17.9,4,0,0,,0,19,12,63.1579,,63.1579,4,scheduled_duration_3h_or_more,3 hours or more,Toussaint Louverture International Airport,Port-au-Prince,Haiti,18.58,-72.2933,False
MUCC,3,3,38.9667,1,5,2,3.6167,2,8,5,100.0,40.0,62.5,2,scheduled_duration_3h_or_more,3 hours or more,Jardines Del Rey Airport,Cayo Coco,Cuba,22.4667,-78.3333,False
MUCL,0,0,,0,4,0,-11.9583,1,4,0,,0.0,0.0,1,scheduled_duration_3h_or_more,3 hours or more,Vilo Acuña International Airport,Cayo Largo del Sur,Cuba,21.6167,-81.5417,False
MUCU,21,11,15.9667,4,11,5,10.8333,2,32,16,52.381,45.4545,50.0,4,scheduled_duration_3h_or_more,3 hours or more,Antonio Maceo International Airport,Santiago,Cuba,20.0,-75.8167,False
MUHA,489,161,9.8833,4,382,162,10.8167,4,871,323,32.9243,42.4084,37.0838,4,scheduled_duration_3h_or_more,3 hours or more,José Martí International Airport,Havana,Cuba,23.0,-82.4167,True
MUHG,18,14,26.6,4,29,20,30.75,4,47,34,77.7778,68.9655,72.3404,4,scheduled_duration_3h_or_more,3 hours or more,Frank Pais International Airport,Holguin,Cuba,20.7867,-76.315,False
MUVR,145,51,10.2167,4,95,55,18.6833,4,240,106,35.1724,57.8947,44.1667,4,scheduled_duration_3h_or_more,3 hours or more,Juan Gualberto Gomez International Airport,Matanzas,Cuba,23.0333,-81.435,False
MYNN,126,24,5.8167,4,117,23,2.0,4,243,47,19.0476,19.6581,19.3416,4,scheduled_duration_3h_or_more,3 hours or more,Lynden Pindling International Airport,Nassau,Bahamas,25.0417,-77.4717,False
MYSM,5,0,3.05,1,0,0,,0,5,0,0.0,,0.0,1,scheduled_duration_3h_or_more,3 hours or more,San Salvador Airport,San Salvador,Bahamas,24.06,-74.5333,False
OAHR,3,1,2.9833,3,12,5,9.1083,3,15,6,33.3333,41.6667,40.0,3,scheduled_duration_3h_or_more,3 hours or more,Herat - Khwaja Abdullah Ansari International Airport,Guzara,Afghanistan,34.21,62.2283,False
OAKB,93,21,3.5667,4,89,41,11.35,4,182,62,22.5806,46.0674,34.0659,4,scheduled_duration_3h_or_more,3 hours or more,Kabul International Airport,Kabul,Afghanistan,34.5658,69.2125,False
OBBI,2051,722,9.3167,4,2243,556,5.25,4,4294,1278,35.2023,24.7882,29.7625,4,scheduled_duration_3h_or_more,3 hours or more,Bahrain International Airport,Manama,Bahrain,26.3,50.6333,True
OBBS,0,0,,0,1,0,-6.15,1,1,0,,0.0,0.0,1,scheduled_duration_3h_or_more,3 hours or more,,,,25.918,50.59,False
OEAO,6,5,22.1917,2,0,0,,0,6,5,83.3333,,83.3333,2,scheduled_duration_3h_or_more,3 hours or more,Majeed Bin Abdulaziz Airport,Al Ula,Saudi Arabia,26.4831,38.1186,False
OEDF,351,87,5.8833,4,294,98,10.5,4,645,185,24.7863,33.3333,28.6822,4,scheduled_duration_3h_or_more,3 hours or more,King Fahd International Airport,Ad Dammam,Saudi Arabia,26.4711,49.7978,True
OEGS,11,0,-37.0333,1,10,2,0.775,1,21,2,0.0,20.0,9.5238,1,scheduled_duration_3h_or_more,3 hours or more,Gassim Airport,Buraidah,Saudi Arabia,26.3028,43.7742,False
OEJN,2366,1135,14.4,4,2501,1677,20.0,4,4867,2812,47.9713,67.0532,57.7769,4,scheduled_duration_3h_or_more,3 hours or more,King Abdulaziz International Airport,Jeddah,Saudi Arabia,21.6811,39.1561,True
OEMA,386,141,10.4917,4,308,94,7.0167,4,694,235,36.5285,30.5195,33.8617,4,scheduled_duration_3h_or_more,3 hours or more,Prince Mohammad Bin Abdulaziz Airport,Medina,Saudi Arabia,24.5503,39.7058,True
OENN,3,1,9.4,1,5,1,3.6333,1,8,2,33.3333,20.0,25.0,1,scheduled_duration_3h_or_more,3 hours or more,Neom Bay Airport,Sharma,Saudi Arabia,27.9239,35.2939,False
OERK,2196,812,10.0667,4,2053,1151,17.0,4,4249,1963,36.9763,56.0643,46.1991,4,scheduled_duration_3h_or_more,3 hours or more,King Khaled International Airport,Riyadh,Saudi Arabia,24.9628,46.7081,True
OETF,0,0,,0,1,0,-52.1833,1,1,0,,0.0,0.0,1,scheduled_duration_3h_or_more,3 hours or more,Ta’if Regional Airport,Ta’if,Saudi Arabia,21.4833,40.5444,False
OEYN,1,0,1.0167,1,1,1,46.8333,1,2,1,0.0,100.0,50.0,1,scheduled_duration_3h_or_more,3 hours or more,Prince Abdul Mohsin bin Abdulaziz International Airport / Yanbu Airport,Yanbu,Saudi Arabia,24.144,38.064,False
OIAW,3,1,1.5167,1,3,2,16.4667,1,6,3,33.3333,66.6667,50.0,1,scheduled_duration_3h_or_more,3 hours or more,Lieutenant General Qasem Soleimani International Airport,Ahvaz,Iran,31.3375,48.7603,False
OIBK,1,0,-0.9,1,0,0,,0,1,0,0.0,,0.0,1,scheduled_duration_3h_or_more,3 hours or more,Kish International Airport,Kish Island,Iran,26.5275,53.9792,False
OIFM,84,10,4.7583,4,93,30,9.3167,4,177,40,11.9048,32.2581,22.5989,4,scheduled_duration_3h_or_more,3 hours or more,Isfahan Shahid Beheshti International Airport,Isfahan,Iran,32.7508,51.8628,False
OIGG,4,0,0.0,1,2,0,0.0,1,6,0,0.0,0.0,0.0,1,scheduled_duration_3h_or_more,3 hours or more,Sardar-e-Jangal Airport,Rasht,Iran,37.3233,49.6178,False
OIIE,680,281,11.8417,4,2656,429,3.6167,4,3336,710,41.3235,16.1521,21.283,4,scheduled_duration_3h_or_more,3 hours or more,Imam Khomeini International Airport,Tehran,Iran,35.4161,51.1522,True
OIII,1,1,19.3167,1,3,2,17.35,2,4,3,100.0,66.6667,75.0,2,scheduled_duration_3h_or_more,3 hours or more,Mehrabad International Airport,Tehran,Iran,35.6889,51.3147,False
OIMM,160,67,12.025,4,180,50,6.4,4,340,117,41.875,27.7778,34.4118,4,scheduled_duration_3h_or_more,3 hours or more,Mashhad International Airport,Mashhad,Iran,36.2342,59.645,False
OISS,143,50,10.6333,4,140,29,5.0333,4,283,79,34.965,20.7143,27.9152,4,scheduled_duration_3h_or_more,3 hours or more,Shiraz Shahid Dastghaib International Airport,Shiraz,Iran,29.5403,52.5886,False
OJAI,1940,638,9.1917,4,1954,488,6.0,4,3894,1126,32.8866,24.9744,28.9163,4,scheduled_duration_3h_or_more,3 hours or more,Queen Alia International Airport,Amman,Jordan,31.7242,35.9947,True
OJAQ,151,26,2.1833,4,174,26,-0.5,3,325,52,17.2185,14.9425,16.0,4,scheduled_duration_3h_or_more,3 hours or more,Aqaba King Hussein International Airport,Aqaba,Jordan,29.6117,35.0181,False
OJMS,2,1,18.625,1,1,0,-10.0,1,3,1,50.0,0.0,33.3333,1,scheduled_duration_3h_or_more,3 hours or more,,,,31.8256,36.7819,False
OKBK,2442,786,8.825,4,2483,648,7.05,4,4925,1434,32.1867,26.0975,29.1168,4,scheduled_duration_3h_or_more,3 hours or more,,,,29.2167,47.9667,True
OLBA,3090,969,7.8333,4,2978,496,3.0,4,6068,1465,31.3592,16.6555,24.143,4,scheduled_duration_3h_or_more,3 hours or more,Beirut Rafic Hariri International Airport,Beirut,Lebanon,33.8192,35.49,True
OMAA,4032,1009,6.1333,4,4134,875,7.0,4,8166,1884,25.0248,21.1659,23.0713,4,scheduled_duration_3h_or_more,3 hours or more,Zayed International Airport,Abu Dhabi,United Arab Emirates,24.4333,54.65,True
OMAD,0,0,,0,5,0,-41.9167,2,5,0,,0.0,0.0,2,scheduled_duration_3h_or_more,3 hours or more,Al Bateen Executive Airport,Abu Dhabi,United Arab Emirates,24.4333,54.4667,False
OMAM,0,0,,0,1,0,-53.0,1,1,0,,0.0,0.0,1,scheduled_duration_3h_or_more,3 hours or more,,,,24.2481,54.5475,False
OMDB,15090,7535,14.9833,4,15371,8408,17.0,4,30461,15943,49.9337,54.7004,52.3391,4,scheduled_duration_3h_or_more,3 hours or more,Dubai International Airport,Dubai,United Arab Emirates,25.2492,55.36,True
OMDW,807,294,9.2167,4,1305,338,6.0,4,2112,632,36.4312,25.9004,29.9242,4,scheduled_duration_3h_or_more,3 hours or more,Al Maktoum International Airport,Jebel Ali,United Arab Emirates,24.8861,55.1719,True
OMSJ,1195,449,10.0833,4,1237,239,5.0,4,2432,688,37.5732,19.3209,28.2895,4,scheduled_duration_3h_or_more,3 hours or more,Sharjah International Airport,Sharjah,United Arab Emirates,25.3333,55.5167,True
OOMS,1016,244,5.8,4,988,227,6.3,4,2004,471,24.0157,22.9757,23.503,4,scheduled_duration_3h_or_more,3 hours or more,Muscat International Airport,Muscat,Oman,23.5833,58.2667,True
OOSA,10,2,4.675,1,9,0,-12.2833,1,19,2,20.0,0.0,10.5263,1,scheduled_duration_3h_or_more,3 hours or more,Salalah Airport,Salalah,Oman,17.05,54.1,False
OPIS,303,65,2.0,4,304,95,7.0,4,607,160,21.4521,31.25,26.3591,4,scheduled_duration_3h_or_more,3 hours or more,Islamabad International Airport,Attock,Pakistan,33.5489,72.8256,True
OPKC,224,61,2.2,4,252,51,1.65,4,476,112,27.2321,20.2381,23.5294,4,scheduled_duration_3h_or_more,3 hours or more,Jinnah International Airport,Karachi,Pakistan,24.9014,67.15,False
OPLA,251,60,2.1667,4,247,101,11.0,4,498,161,23.9044,40.8907,32.3293,4,scheduled_duration_3h_or_more,3 hours or more,Allama Iqbal International Airport,Lahore,Pakistan,31.5667,74.3667,False
ORBI,64,13,-3.8833,4,52,21,11.2833,4,116,34,20.3125,40.3846,29.3103,4,scheduled_duration_3h_or_more,3 hours or more,Baghdad International Airport / New Al Muthana Air Base,Baghdad,Iraq,33.2625,44.2344,False
ORER,165,100,17.6167,4,166,90,16.2167,4,331,190,60.6061,54.2169,57.4018,4,scheduled_duration_3h_or_more,3 hours or more,Erbil International Airport,Arbil,Iraq,36.2381,43.9467,False
ORMM,108,18,-0.325,4,173,71,12.3333,4,281,89,16.6667,41.0405,31.6726,4,scheduled_duration_3h_or_more,3 hours or more,Basra International Airport,Basra,Iraq,30.5489,47.6619,False
ORNI,13,5,11.1833,3,29,15,16.6667,4,42,20,38.4615,51.7241,47.619,4,scheduled_duration_3h_or_more,3 hours or more,Al Najaf International Airport,Najaf,Iraq,31.9897,44.4042,False
ORSU,50,37,19.3167,4,51,14,10.2833,4,101,51,74.0,27.451,50.495,4,scheduled_duration_3h_or_more,3 hours or more,Sulaymaniyah International Airport,Sulaymaniyah,Iraq,35.5606,45.3144,False
OSAP,1,1,55.8833,1,0,0,,0,1,1,100.0,,100.0,1,scheduled_duration_3h_or_more,3 hours or more,Aleppo International Airport,Aleppo,Syria,36.1806,37.2267,False
OSDI,26,17,27.8083,4,21,10,10.8,4,47,27,65.3846,47.619,57.4468,4,scheduled_duration_3h_or_more,3 hours or more,Damascus International Airport,Damascus,Syria,33.4108,36.5133,False
OSLK,0,0,,0,1,0,7.5,1,1,0,,0.0,0.0,1,scheduled_duration_3h_or_more,3 hours or more,,,,35.41,35.948,False
OTBD,71,44,17.5,4,70,6,0.5,3,141,50,61.9718,8.5714,35.461,4,scheduled_duration_3h_or_more,3 hours or more,Doha International Airport,Doha,Qatar,25.2667,51.5667,False
OTBH,8,5,28.5667,2,1,1,47.1,1,9,6,62.5,100.0,66.6667,2,scheduled_duration_3h_or_more,3 hours or more,,,,25.1172,51.3147,False
OTHH,11533,4401,10.35,4,11272,5470,15.0,4,22805,9871,38.1601,48.5273,43.2844,4,scheduled_duration_3h_or_more,3 hours or more,Hamad International Airport,Doha,Qatar,25.2744,51.6083,True
PAFA,0,0,,0,5,4,23.05,2,5,4,,80.0,80.0,2,scheduled_duration_3h_or_more,3 hours or more,Fairbanks International Airport,Fairbanks,United States of America,64.8153,-147.8564,False
PANC,97,49,15.6333,4,91,39,10.35,4,188,88,50.5155,42.8571,46.8085,4,scheduled_duration_3h_or_more,3 hours or more,Ted Stevens Anchorage International Airport,Anchorage,United States of America,61.1742,-149.9981,False
RCTP,724,291,10.1083,4,643,187,8.0,4,1367,478,40.1934,29.0824,34.9671,4,scheduled_duration_3h_or_more,3 hours or more,Taiwan Taoyuan International Airport,Taoyuan,Taiwan,25.0803,121.2322,True
RJAA,843,189,4.6833,4,544,121,7.0,4,1387,310,22.4199,22.2426,22.3504,4,scheduled_duration_3h_or_more,3 hours or more,Narita International Airport,Narita,Japan,35.7583,140.3783,True
RJBB,197,73,10.0,4,75,25,9.0,4,272,98,37.0558,33.3333,36.0294,4,scheduled_duration_3h_or_more,3 hours or more,Kansai International Airport,Osaka,Japan,34.4283,135.2433,False
RJCJ,1,0,-16.7333,1,0,0,,0,1,0,0.0,,0.0,1,scheduled_duration_3h_or_more,3 hours or more,,,,42.795,141.6667,False
RJGG,2,0,-0.925,1,0,0,,0,2,0,0.0,,0.0,1,scheduled_duration_3h_or_more,3 hours or more,Chubu Centrair International Airport,Tokoname,Japan,34.8583,136.8053,False
RJNK,13,1,-9.4833,3,0,0,,0,13,1,7.6923,,7.6923,3,scheduled_duration_3h_or_more,3 hours or more,Komatsu Airport / JASDF Komatsu Air Base,Kanazawa,Japan,36.3933,136.4083,False
RJTT,945,233,5.5,4,947,462,15.0,4,1892,695,24.6561,48.7856,36.7336,4,scheduled_duration_3h_or_more,3 hours or more,Tokyo Haneda International Airport,Tokyo,Japan,35.5567,139.7667,True
RKSI,2696,754,7.3,4,2518,804,9.0,4,5214,1558,27.9674,31.9301,29.8811,4,scheduled_duration_3h_or_more,3 hours or more,Incheon International Airport,Seoul,South Korea,37.4625,126.4392,True
RPLC,0,0,,0,1,0,0.0,1,1,0,,0.0,0.0,1,scheduled_duration_3h_or_more,3 hours or more,Clark International Airport / Clark Air Base,Mabalacat,Philippines,15.1861,120.5603,False
RPLL,195,27,1.1333,4,172,134,24.5,4,367,161,13.8462,77.907,43.8692,4,scheduled_duration_3h_or_more,3 hours or more,Ninoy Aquino International Airport,Manila (Pasay),Philippines,14.51,121.0136,False
SAEZ,1004,206,5.925,4,1012,150,2.0,4,2016,356,20.5179,14.8221,17.6587,4,scheduled_duration_3h_or_more,3 hours or more,Minister Pistarini International Airport,Buenos Aires (Ezeiza),Argentina,-34.8222,-58.5358,True
SBBE,44,17,11.0083,4,43,7,0.0,4,87,24,38.6364,16.2791,27.5862,4,scheduled_duration_3h_or_more,3 hours or more,Val de Cans/Júlio Cezar Ribeiro International Airport,Belém,Brazil,-1.45,-48.4833,False
SBBR,79,41,16.4833,4,78,52,20.9417,4,157,93,51.8987,66.6667,59.2357,4,scheduled_duration_3h_or_more,3 hours or more,Presidente Juscelino Kubitschek International Airport,Brasília,Brazil,-15.8633,-47.9133,False
SBCB,0,0,,0,1,0,-8.2,1,1,0,,0.0,0.0,1,scheduled_duration_3h_or_more,3 hours or more,Cabo Frio Airport,Cabo Frio,Brazil,-22.9217,-42.0742,False
SBCF,95,55,19.3333,4,98,43,13.7833,4,193,98,57.8947,43.8776,50.7772,4,scheduled_duration_3h_or_more,3 hours or more,Tancredo Neves International Airport,Belo Horizonte,Brazil,-19.6244,-43.9719,False
SBCT,16,3,1.4417,4,0,0,,0,16,3,18.75,,18.75,4,scheduled_duration_3h_or_more,3 hours or more,Afonso Pena Airport,Curitiba,Brazil,-25.53,-49.1767,False
SBFZ,159,63,12.3333,4,161,19,2.45,4,320,82,39.6226,11.8012,25.625,4,scheduled_duration_3h_or_more,3 hours or more,Pinto Martins International Airport,Fortaleza,Brazil,-3.783,-38.533,False
SBGL,614,194,9.5083,4,591,233,12.0833,4,1205,427,31.5961,39.4247,35.4357,4,scheduled_duration_3h_or_more,3 hours or more,Rio Galeão – Tom Jobim International Airport,Rio De Janeiro,Brazil,-22.8083,-43.2433,True
SBGO,0,0,,0,1,0,-5.3,1,1,0,,0.0,0.0,1,scheduled_duration_3h_or_more,3 hours or more,Santa Genoveva Airport,Goiânia,Brazil,-16.7167,-49.25,False
SBGR,2255,513,6.3667,4,2176,677,9.0,4,4431,1190,22.7494,31.1121,26.8562,4,scheduled_duration_3h_or_more,3 hours or more,Guarulhos - Governador André Franco Montoro International Airport,São Paulo,Brazil,-23.4333,-46.47,True
SBJH,0,0,,0,4,0,-9.55,2,4,0,,0.0,0.0,2,scheduled_duration_3h_or_more,3 hours or more,São Paulo Catarina Executive Airport,São Roque,Brazil,-23.4269,-47.1658,False
SBKP,434,157,9.2417,4,352,134,10.2083,4,786,291,36.1751,38.0682,37.0229,4,scheduled_duration_3h_or_more,3 hours or more,Viracopos International Airport,Campinas,Brazil,-23.005,-47.1383,True
SBPA,40,23,15.5917,4,39,23,20.4333,4,79,46,57.5,58.9744,58.2278,4,scheduled_duration_3h_or_more,3 hours or more,Salgado Filho International Airport,Porto Alegre,Brazil,-29.995,-51.1717,False
SBRF,116,45,11.125,4,135,65,14.4333,4,251,110,38.7931,48.1481,43.8247,4,scheduled_duration_3h_or_more,3 hours or more,Recife/Guararapes - Gilberto Freyre International Airport,Recife,Brazil,-8.1333,-34.9167,False
SBSG,80,39,14.775,4,79,12,-0.6833,4,159,51,48.75,15.1899,32.0755,4,scheduled_duration_3h_or_more,3 hours or more,São Gonçalo do Amarante - Governador Aluízio Alves International Airport,Natal,Brazil,-5.7689,-35.3664,False
SBSV,91,25,8.6167,4,91,34,9.4833,4,182,59,27.4725,37.3626,32.4176,4,scheduled_duration_3h_or_more,3 hours or more,Deputado Luiz Eduardo Magalhães International Airport,Salvador,Brazil,-12.9167,-38.3333,False
SCEL,421,63,4.4333,4,419,139,10.8667,4,840,202,14.9644,33.1742,24.0476,4,scheduled_duration_3h_or_more,3 hours or more,Comodoro Arturo Merino Benítez International Airport,Santiago,Chile,-33.3883,-70.7883,True
SEGU,53,1,0.5667,4,239,42,3.0,4,292,43,1.8868,17.5732,14.726,4,scheduled_duration_3h_or_more,3 hours or more,José Joaquín de Olmedo International Airport,Guayaquil,Ecuador,-2.125,-79.865,False
SEQM,268,89,11.0667,4,90,32,10.0,4,358,121,33.209,35.5556,33.7989,4,scheduled_duration_3h_or_more,3 hours or more,Mariscal Sucre International Airport,Quito,Ecuador,-0.1242,-78.3544,False
SGAS,98,34,8.975,4,95,4,-18.4667,4,193,38,34.6939,4.2105,19.6891,4,scheduled_duration_3h_or_more,3 hours or more,Aeropuerto Internacional Silvio Pettirossi,Asunción,Paraguay,-25.24,-57.52,False
SKBO,1383,288,5.7333,4,1118,515,13.9,4,2501,803,20.8243,46.0644,32.1072,4,scheduled_duration_3h_or_more,3 hours or more,El Dorado International Airport,Bogota,Colombia,4.7,-74.15,True
SKCG,0,0,,0,144,63,12.2083,4,144,63,,43.75,43.75,4,scheduled_duration_3h_or_more,3 hours or more,Rafael Nuñez International Airport,Cartagena,Colombia,10.45,-75.5167,False
SKCL,64,13,6.5917,4,65,14,5.0,4,129,27,20.3125,21.5385,20.9302,4,scheduled_duration_3h_or_more,3 hours or more,Alfonso Bonilla Aragon International Airport,Cali,Colombia,3.55,-76.3833,False
SKRG,108,25,7.6583,4,104,46,12.925,4,212,71,23.1481,44.2308,33.4906,4,scheduled_duration_3h_or_more,3 hours or more,Jose Maria Córdova International Airport,Medellín,Colombia,6.1644,-75.4231,False
SLCB,16,0,4.6833,4,0,0,,0,16,0,0.0,,0.0,4,scheduled_duration_3h_or_more,3 hours or more,Jorge Wilsterman International Airport,Cochabamba,Bolivia,-17.4,-66.2,False
SLVR,109,40,10.0167,4,122,32,3.125,4,231,72,36.6972,26.2295,31.1688,4,scheduled_duration_3h_or_more,3 hours or more,Viru Viru International Airport,Santa Cruz,Bolivia,-17.6333,-63.1333,False
SMJP,126,42,10.8583,4,127,43,8.0333,4,253,85,33.3333,33.8583,33.5968,4,scheduled_duration_3h_or_more,3 hours or more,Johan Adolf Pengel International Airport,Zandery,Suriname,5.4667,-55.2,False
SOCA,233,132,17.6333,4,230,62,6.0333,4,463,194,56.6524,26.9565,41.9006,4,scheduled_duration_3h_or_more,3 hours or more,Cayenne – Félix Eboué Airport,Matoury,French Guiana,4.8197,-52.3619,False
SPJC,620,151,6.65,4,621,210,11.0,4,1241,361,24.3548,33.8164,29.0894,4,scheduled_duration_3h_or_more,3 hours or more,,,,-12.0167,-77.1167,True
SUMU,144,19,4.7583,4,145,6,-9.6833,4,289,25,13.1944,4.1379,8.6505,4,scheduled_duration_3h_or_more,3 hours or more,Carrasco General Cesáreo L. Berisso International Airport,Ciudad de la Costa,Uruguay,-34.8383,-56.03,False
SVMG,4,1,2.2417,2,0,0,,0,4,1,25.0,,25.0,2,scheduled_duration_3h_or_more,3 hours or more,Del Caribe Santiago Mariño International Airport,Isla Margarita,Venezuela,10.9167,-63.95,False
SVMI,214,97,12.2583,4,218,53,-2.0,4,432,150,45.3271,24.3119,34.7222,4,scheduled_duration_3h_or_more,3 hours or more,Maiquetía Simón Bolívar International Airport,Maiquetía,Venezuela,10.6,-66.9833,False
TAPA,184,11,-0.7583,4,182,31,-0.5833,4,366,42,5.9783,17.033,11.4754,4,scheduled_duration_3h_or_more,3 hours or more,V C Bird International Airport,Osbourn,Antigua and Barbuda,17.1339,-61.7847,False
TBPB,532,82,2.8417,4,512,228,12.0,4,1044,310,15.4135,44.5312,29.6935,4,scheduled_duration_3h_or_more,3 hours or more,Grantley Adams International Airport,Bridgetown,Barbados,13.0667,-59.5,True
TFFF,532,236,13.1917,4,512,229,13.0583,4,1044,465,44.3609,44.7266,44.5402,4,scheduled_duration_3h_or_more,3 hours or more,Martinique Aimé Césaire International Airport,Fort-de-France,Martinique,14.5833,-61.0,True
TFFR,550,264,14.1583,4,582,253,13.0,4,1132,517,48.0,43.4708,45.6714,4,scheduled_duration_3h_or_more,3 hours or more,Guadeloupe - Maryse Condé International Airport,Pointe-à-Pitre,Guadeloupe,16.267,-61.519,True
TGPY,4,4,25.6,1,2,0,6.1667,1,6,4,100.0,0.0,66.6667,1,scheduled_duration_3h_or_more,3 hours or more,Maurice Bishop International Airport,Saint George's,Grenada,12.0008,-61.7839,False
TJBQ,0,0,,0,68,4,-11.7083,4,68,4,,5.8824,5.8824,4,scheduled_duration_3h_or_more,3 hours or more,Rafael Hernández International Airport,Aguadilla,Puerto Rico,18.5,-67.1014,False
TJSJ,87,21,6.4,4,79,23,6.75,4,166,44,24.1379,29.1139,26.506,4,scheduled_duration_3h_or_more,3 hours or more,Luis Munoz Marin International Airport,San Juan,Puerto Rico,18.44,-66.0017,False
TLPL,165,14,2.4,4,164,57,9.0167,4,329,71,8.4848,34.7561,21.5805,4,scheduled_duration_3h_or_more,3 hours or more,Hewanorra International Airport,Vieux Fort,Saint Lucia,13.7333,-60.9508,False
TNCA,174,30,7.0417,4,22,9,9.6583,3,196,39,17.2414,40.9091,19.898,4,scheduled_duration_3h_or_more,3 hours or more,Queen Beatrix International Airport,Oranjestad,Aruba,12.5003,-70.0025,False
TNCB,3,0,8.7167,2,239,29,-3.8167,4,242,29,0.0,12.1339,11.9835,4,scheduled_duration_3h_or_more,3 hours or more,Flamingo International Airport,Kralendijk,Caribbean Netherlands,12.1333,-68.2833,False
TNCC,317,90,9.4333,4,309,81,4.1833,4,626,171,28.3912,26.2136,27.3163,4,scheduled_duration_3h_or_more,3 hours or more,Hato International Airport,Willemstad,Curacao,12.2,-68.95,True
TNCM,182,67,10.8667,4,146,41,4.25,4,328,108,36.8132,28.0822,32.9268,4,scheduled_duration_3h_or_more,3 hours or more,Princess Juliana International Airport,Sint Maarten,Sint Maarten,18.0347,-63.1017,False
TTCP,0,0,,0,4,3,92.725,1,4,3,,75.0,75.0,1,scheduled_duration_3h_or_more,3 hours or more,A.N.R. Robinson International Airport,Scarborough,Trinidad and Tobago,11.15,-60.8333,False
TTPP,0,0,,0,54,9,-7.8417,4,54,9,,16.6667,16.6667,4,scheduled_duration_3h_or_more,3 hours or more,Piarco International Airport,Port of Spain,Trinidad and Tobago,10.585,-61.3358,False
TXKF,82,16,6.6417,4,84,32,12.0,4,166,48,19.5122,38.0952,28.9157,4,scheduled_duration_3h_or_more,3 hours or more,L.F. Wade International Airport,Hamilton,Bermuda,32.3639,-64.6953,False
UAAA,1368,183,0.1917,4,1505,926,20.0,4,2873,1109,13.3772,61.5282,38.6008,4,scheduled_duration_3h_or_more,3 hours or more,Almaty International Airport,Almaty,Kazakhstan,43.3556,77.0439,True
UACC,809,184,3.85,4,895,522,19.0,4,1704,706,22.7441,58.324,41.4319,4,scheduled_duration_3h_or_more,3 hours or more,Nursultan Nazarbayev International Airport,Astana,Kazakhstan,51.0225,71.4661,True
UAII,86,27,8.2917,4,92,42,14.5,4,178,69,31.3953,45.6522,38.764,4,scheduled_duration_3h_or_more,3 hours or more,Shymkent Airport,Shymkent,Kazakhstan,42.365,69.4756,False
UAIT,89,6,-2.2167,4,90,7,-1.5,4,179,13,6.7416,7.7778,7.2626,4,scheduled_duration_3h_or_more,3 hours or more,Hazrat Sultan International Airport,Turkıstan,Kazakhstan,43.3111,68.5503,False
UAKK,31,1,-5.3,3,23,12,16.0,2,54,13,3.2258,52.1739,24.0741,3,scheduled_duration_3h_or_more,3 hours or more,Sary-Arka Airport,Karaganda,Kazakhstan,49.6717,73.3353,False
UARR,20,6,11.775,4,19,11,17.0,4,39,17,30.0,57.8947,43.5897,4,scheduled_duration_3h_or_more,3 hours or more,Uralsk Airport,Uralsk,Kazakhstan,51.1519,51.5439,False
UATE,59,15,8.7833,4,109,42,12.0,4,168,57,25.4237,38.5321,33.9286,4,scheduled_duration_3h_or_more,3 hours or more,Aktau Airport,Aktau,Kazakhstan,43.86,51.0908,False
UATG,101,17,5.6,4,101,23,8.0,4,202,40,16.8317,22.7723,19.802,4,scheduled_duration_3h_or_more,3 hours or more,Atyrau International Airport,Atyrau,Kazakhstan,47.1219,51.82,False
UATT,37,14,8.2167,4,36,25,25.0,4,73,39,37.8378,69.4444,53.4247,4,scheduled_duration_3h_or_more,3 hours or more,Aktobe Airport,Aktobe,Kazakhstan,50.2461,57.2056,False
UAUU,5,0,-30.9833,3,6,0,4.6917,2,11,0,0.0,0.0,0.0,3,scheduled_duration_3h_or_more,3 hours or more,Kostanay West Airport,Kostanay,Kazakhstan,53.2086,63.5481,False
UBBB,2835,802,5.5833,4,3090,454,3.0,4,5925,1256,28.2892,14.6926,21.1983,4,scheduled_duration_3h_or_more,3 hours or more,Heydar Aliyev International Airport,Baku,Azerbaijan,40.4697,50.0514,True
UBBG,77,52,21.8333,4,73,9,2.0,4,150,61,67.5325,12.3288,40.6667,4,scheduled_duration_3h_or_more,3 hours or more,Ganja International Airport,Ganja,Azerbaijan,40.739,46.32,False
UBBN,13,3,9.9833,4,13,7,16.0,4,26,10,23.0769,53.8462,38.4615,4,scheduled_duration_3h_or_more,3 hours or more,Nakhchivan Airport,Nakhchivan,Azerbaijan,39.1886,45.4572,False
UCFM,622,85,-0.1417,4,702,366,17.0,4,1324,451,13.6656,52.1368,34.0634,4,scheduled_duration_3h_or_more,3 hours or more,,,,43.0614,74.4775,True
UCFO,54,18,7.65,4,53,29,18.0333,4,107,47,33.3333,54.717,43.9252,4,scheduled_duration_3h_or_more,3 hours or more,,,,40.6089,72.7933,False
UDSG,8,5,21.9833,1,6,0,1.5,1,14,5,62.5,0.0,35.7143,1,scheduled_duration_3h_or_more,3 hours or more,Shirak International Airport,Gyumri,Armenia,40.7506,43.8594,False
UDYZ,2645,950,9.3,4,2639,525,3.0,4,5284,1475,35.9168,19.8939,27.9145,4,scheduled_duration_3h_or_more,3 hours or more,Zvartnots International Airport,Yerevan,Armenia,40.1472,44.3958,True
UGKO,760,174,4.2083,4,807,55,-3.0,4,1567,229,22.8947,6.8154,14.6139,4,scheduled_duration_3h_or_more,3 hours or more,David the Builder Kutaisi International Airport,Kopitnari,Georgia,42.1769,42.4828,True
UGSB,227,39,0.7167,4,225,2,-10.0,4,452,41,17.1806,0.8889,9.0708,4,scheduled_duration_3h_or_more,3 hours or more,Batumi International Airport,Batumi,Georgia,41.6103,41.5994,False
UGTB,1323,481,9.7,4,1083,84,-3.0,4,2406,565,36.3568,7.7562,23.483,4,scheduled_duration_3h_or_more,3 hours or more,Tbilisi International Airport,Tbilisi,Georgia,41.6692,44.9547,True
UIII,2,0,-6.9333,1,1,0,-0.95,1,3,0,0.0,0.0,0.0,1,scheduled_duration_3h_or_more,3 hours or more,Irkutsk International Airport,Irkutsk,Russia,52.2667,104.395,False
ULAA,2,1,13.7667,1,2,2,42.5417,1,4,3,50.0,100.0,75.0,1,scheduled_duration_3h_or_more,3 hours or more,Talagi Airport,Archangelsk,Russia,64.6003,40.7167,False
ULLI,1052,326,8.075,4,1105,392,9.75,4,2157,718,30.9886,35.4751,33.287,4,scheduled_duration_3h_or_more,3 hours or more,Pulkovo Airport,St. Petersburg,Russia,59.8003,30.2625,True
UMKK,211,115,17.4167,4,215,34,-1.0,4,426,149,54.5024,15.814,34.9765,4,scheduled_duration_3h_or_more,3 hours or more,Khrabrovo Airport,Kaliningrad,Russia,54.8917,20.5986,False
UMMS,791,99,-3.5,4,791,123,4.0,4,1582,222,12.5158,15.5499,14.0329,4,scheduled_duration_3h_or_more,3 hours or more,Minsk National Airport,Minsk,Belarus,53.8825,28.0308,True
UNEE,1,0,0.7333,1,1,1,24.0667,1,2,1,0.0,100.0,50.0,1,scheduled_duration_3h_or_more,3 hours or more,Kemerovo Airport,Kemerovo,Russia,55.27,86.1075,False
UNKL,19,2,1.5167,3,18,4,12.5167,3,37,6,10.5263,22.2222,16.2162,3,scheduled_duration_3h_or_more,3 hours or more,Krasnoyarsk International Airport,Krasnoyarsk,Russia,56.1731,92.4933,False
UNNT,149,21,0.2833,4,144,59,12.1083,4,293,80,14.094,40.9722,27.3038,4,scheduled_duration_3h_or_more,3 hours or more,Novosibirsk Tolmachevo Airport,Novosibirsk,Russia,55.0333,82.5992,False
UNOO,44,3,-4.2667,3,44,21,15.0,3,88,24,6.8182,47.7273,27.2727,3,scheduled_duration_3h_or_more,3 hours or more,Omsk Central Airport,Omsk,Russia,54.9672,73.3103,False
UNTT,1,0,-2.85,1,1,1,30.0,1,2,1,0.0,100.0,50.0,1,scheduled_duration_3h_or_more,3 hours or more,Bogashevo Airport,Tomsk,Russia,56.3831,85.2106,False
UNWW,1,1,15.6333,1,1,0,-5.5,1,2,1,100.0,0.0,50.0,1,scheduled_duration_3h_or_more,3 hours or more,Spichenkovo Airport,Novokuznetsk,Russia,53.8119,86.8783,False
URMG,10,7,22.125,2,10,3,4.8667,2,20,10,70.0,30.0,50.0,2,scheduled_duration_3h_or_more,3 hours or more,Grozny Airport,Grozny,Russia,43.3883,45.7,False
URML,73,24,9.3667,4,43,9,1.0167,4,116,33,32.8767,20.9302,28.4483,4,scheduled_duration_3h_or_more,3 hours or more,Makhachkala Uytash International Airport,Makhachkala,Russia,42.8169,47.6525,False
URMM,197,60,8.0167,4,216,75,9.0,4,413,135,30.4569,34.7222,32.6877,4,scheduled_duration_3h_or_more,3 hours or more,Mineralnyye Vody Airport,Mineralnyye Vody,Russia,44.2269,43.0831,False
URSS,176,51,6.4,3,175,39,7.0,4,351,90,28.9773,22.2857,25.641,4,scheduled_duration_3h_or_more,3 hours or more,Sochi International Airport,Sochi,Russia,43.4444,39.9469,False
URWW,21,1,-7.4667,3,33,12,14.0,3,54,13,4.7619,36.3636,24.0741,3,scheduled_duration_3h_or_more,3 hours or more,Volgograd International Airport,Volgograd,Russia,48.7803,44.3356,False
USCC,100,7,-7.9,4,106,34,8.125,4,206,41,7.0,32.0755,19.9029,4,scheduled_duration_3h_or_more,3 hours or more,Chelyabinsk Balandino Airport,Chelyabinsk,Russia,55.3058,61.5036,False
USPP,77,4,-8.1833,4,75,53,22.7,4,152,57,5.1948,70.6667,37.5,4,scheduled_duration_3h_or_more,3 hours or more,Perm International Airport,Perm,Russia,57.9144,56.0214,False
USRR,54,17,7.6833,4,53,24,13.0,4,107,41,31.4815,45.283,38.3178,4,scheduled_duration_3h_or_more,3 hours or more,Surgut Airport,Surgut,Russia,61.3439,73.4022,False
USSS,410,58,-1.9917,4,416,154,10.9833,4,826,212,14.1463,37.0192,25.6659,4,scheduled_duration_3h_or_more,3 hours or more,Koltsovo Airport,Yekaterinburg,Russia,56.7431,60.8031,True
USTR,60,8,-3.4667,4,71,46,18.7333,4,131,54,13.3333,64.7887,41.2214,4,scheduled_duration_3h_or_more,3 hours or more,Roshchino International Airport,Tyumen,Russia,57.1683,65.3161,False
UTAA,116,55,13.825,4,74,10,0.5,4,190,65,47.4138,13.5135,34.2105,4,scheduled_duration_3h_or_more,3 hours or more,Ashgabat International Airport,Ashgabat,Turkmenistan,37.9867,58.3583,False
UTAK,7,0,-2.9167,3,25,4,-2.0,4,32,4,0.0,16.0,12.5,4,scheduled_duration_3h_or_more,3 hours or more,Turkmenbashi International Airport,Turkmenbashi,Turkmenistan,40.0633,53.0072,False
UTAM,1,0,-7.9333,1,1,1,32.7833,1,2,1,0.0,100.0,50.0,1,scheduled_duration_3h_or_more,3 hours or more,Mary International Airport,Mary,Turkmenistan,37.6217,61.8964,False
UTAV,36,23,21.6667,3,8,0,-0.5,3,44,23,63.8889,0.0,52.2727,3,scheduled_duration_3h_or_more,3 hours or more,Türkmenabat International Airport,Türkmenabat,Turkmenistan,38.9308,63.5639,False
UTDD,104,16,3.5667,4,104,51,15.0,4,208,67,15.3846,49.0385,32.2115,4,scheduled_duration_3h_or_more,3 hours or more,Dushanbe International Airport,Dushanbe,Tajikistan,38.5436,68.8247,False
UTFF,83,19,3.7167,4,84,18,10.0,4,167,37,22.8916,21.4286,22.1557,4,scheduled_duration_3h_or_more,3 hours or more,,,,40.3583,71.7447,False
UTNU,65,14,4.3167,4,62,8,11.0,4,127,22,21.5385,12.9032,17.3228,4,scheduled_duration_3h_or_more,3 hours or more,Urgench Airport,Urgench,Uzbekistan,41.5825,60.6436,False
UTSA,33,5,-0.5667,4,6,3,12.5,3,39,8,15.1515,50.0,20.5128,4,scheduled_duration_3h_or_more,3 hours or more,Navoi Airport,Navoi,Uzbekistan,40.1172,65.1711,False
UTSB,52,15,8.5167,3,51,13,10.0,3,103,28,28.8462,25.4902,27.1845,3,scheduled_duration_3h_or_more,3 hours or more,Bukhara International Airport,Bukhara,Uzbekistan,39.7756,64.4822,False
UTSS,114,19,3.8167,4,116,22,10.0,4,230,41,16.6667,18.9655,17.8261,4,scheduled_duration_3h_or_more,3 hours or more,Samarkand Airport,Samarkand,Uzbekistan,39.7017,66.9825,False
UTTT,860,210,5.3167,4,850,263,12.0,4,1710,473,24.4186,30.9412,27.6608,4,scheduled_duration_3h_or_more,3 hours or more,Tashkent International Airport,Tashkent,Uzbekistan,41.2567,69.2817,True
UUBC,14,1,2.225,4,14,5,6.65,4,28,6,7.1429,35.7143,21.4286,4,scheduled_duration_3h_or_more,3 hours or more,Grabtsevo Airport,Kaluga,Russia,54.5486,36.3714,False
UUBW,297,33,-4.5333,4,304,123,12.9583,4,601,156,11.1111,40.4605,25.9567,4,scheduled_duration_3h_or_more,3 hours or more,Zhukovsky International Airport,Moscow,Russia,55.5528,38.1497,True
UUDD,2208,719,8.15,4,2367,1046,12.4333,4,4575,1765,32.5634,44.191,38.5792,4,scheduled_duration_3h_or_more,3 hours or more,Domodedovo International Airport,Moscow,Russia,55.4086,37.9064,True
UUEE,2357,650,3.4667,4,2568,724,7.0,4,4925,1374,27.5774,28.1931,27.8985,4,scheduled_duration_3h_or_more,3 hours or more,Sheremetyevo International Airport,Moscow,Russia,55.9725,37.4131,True
UUWW,3885,1283,8.3167,4,3855,2730,22.0,4,7740,4013,33.0245,70.8171,51.8475,4,scheduled_duration_3h_or_more,3 hours or more,Vnukovo International Airport,Moscow,Russia,55.5992,37.2731,True
UWGG,63,2,-4.9333,4,67,15,5.0,4,130,17,3.1746,22.3881,13.0769,4,scheduled_duration_3h_or_more,3 hours or more,Nizhny Novgorod / Strigino International Airport,Nizhny Novgorod,Russia,56.23,43.7842,False
UWKD,563,121,3.3667,4,565,370,23.05,4,1128,491,21.492,65.4867,43.5284,4,scheduled_duration_3h_or_more,3 hours or more,Kazan International Airport,Kazan,Russia,55.6069,49.2803,True
UWKE,7,2,-5.0,2,5,0,11.0,2,12,2,28.5714,0.0,16.6667,2,scheduled_duration_3h_or_more,3 hours or more,Begishevo Airport,Nizhnekamsk,Russia,55.5647,52.0925,False
UWUU,113,20,-2.2667,4,101,46,14.0,4,214,66,17.6991,45.5446,30.8411,4,scheduled_duration_3h_or_more,3 hours or more,Ufa International Airport,Ufa,Russia,54.5578,55.8739,False
UWWW,172,47,0.8833,4,165,76,14.0,4,337,123,27.3256,46.0606,36.4985,4,scheduled_duration_3h_or_more,3 hours or more,Kurumoch International Airport,Samara,Russia,53.5011,50.1539,False
VAAH,54,19,6.6167,4,70,24,4.5167,4,124,43,35.1852,34.2857,34.6774,4,scheduled_duration_3h_or_more,3 hours or more,Sardar Vallabh Bhai Patel International Airport,Ahmedabad,India,23.05,72.6667,False
VABB,1362,451,8.4,4,1310,527,12.0,4,2672,978,33.1131,40.229,36.6018,4,scheduled_duration_3h_or_more,3 hours or more,Chhatrapati Shivaji International Airport,Mumbai,India,19.0908,72.8333,True
VCBI,241,112,12.9,4,293,92,8.0,4,534,204,46.473,31.3993,38.2022,4,scheduled_duration_3h_or_more,3 hours or more,Bandaranaike International Colombo Airport,Colombo,Sri Lanka,7.1692,79.8842,True
VCRI,1,0,9.2833,1,1,0,5.0,1,2,0,0.0,0.0,0.0,1,scheduled_duration_3h_or_more,3 hours or more,Mattala Rajapaksa International Airport,Mattala,Sri Lanka,6.2847,81.1242,False
VDPP,0,0,,0,5,2,-15.0,2,5,2,,40.0,40.0,2,scheduled_duration_3h_or_more,3 hours or more,Phnom Penh International Airport,Phnom Penh (Pou Senchey),Cambodia,11.5467,104.85,False
VECC,4,0,1.2667,1,4,1,12.2833,2,8,1,0.0,25.0,12.5,2,scheduled_duration_3h_or_more,3 hours or more,Netaji Subhash Chandra Bose International Airport,Kolkata,India,22.6539,88.4467,False
VGHS,225,19,-0.15,4,285,165,18.1333,4,510,184,8.4444,57.8947,36.0784,4,scheduled_duration_3h_or_more,3 hours or more,Hazrat Shahjalal International Airport,Dhaka,Bangladesh,23.835,90.4083,True
VGSY,115,45,10.1833,4,117,36,4.3667,4,232,81,39.1304,30.7692,34.9138,4,scheduled_duration_3h_or_more,3 hours or more,Osmany International Airport,Sylhet,Bangladesh,24.8833,91.85,False
VHHH,1361,408,7.55,4,1274,440,10.0,4,2635,848,29.978,34.5369,32.1822,4,scheduled_duration_3h_or_more,3 hours or more,Hong Kong International Airport,Hong Kong,Hong Kong,22.3089,113.9147,True
VIAR,96,25,4.9083,4,109,35,6.1667,4,205,60,26.0417,32.1101,29.2683,4,scheduled_duration_3h_or_more,3 hours or more,Sri Guru Ram Dass Jee International Airport,Amritsar,India,31.7047,74.8019,False
VIDP,3457,1368,9.8833,4,3256,1645,15.9083,4,6713,3013,39.5719,50.5221,44.8831,4,scheduled_duration_3h_or_more,3 hours or more,Indira Gandhi International Airport,New Delhi,India,28.5686,77.1133,True
VNKT,63,2,-3.6,4,64,21,10.0,4,127,23,3.1746,32.8125,18.1102,4,scheduled_duration_3h_or_more,3 hours or more,Tribhuvan International Airport,Kathmandu,Nepal,27.7,85.3667,False
VOBL,442,178,10.7,4,570,276,15.0,4,1012,454,40.2715,48.4211,44.8617,4,scheduled_duration_3h_or_more,3 hours or more,Kempegowda International Airport,Bangalore,India,13.1978,77.7061,True
VOCI,54,17,10.35,4,52,6,-0.5,4,106,23,31.4815,11.5385,21.6981,4,scheduled_duration_3h_or_more,3 hours or more,Cochin International Airport,Kochi,India,10.1539,76.4069,False
VOGO,52,17,4.2083,4,52,22,10.2,4,104,39,32.6923,42.3077,37.5,4,scheduled_duration_3h_or_more,3 hours or more,Dabolim Airport,Vasco da Gama,India,15.3808,73.8269,False
VOHS,137,55,11.5167,4,199,76,11.6333,4,336,131,40.146,38.191,38.9881,4,scheduled_duration_3h_or_more,3 hours or more,Rajiv Gandhi International Airport,Hyderabad,India,17.25,78.4167,False
VOMM,242,82,9.2,4,240,101,12.3833,4,482,183,33.8843,42.0833,37.9668,4,scheduled_duration_3h_or_more,3 hours or more,Chennai International Airport,Chennai,India,12.9936,80.1769,False
VOTV,0,0,,0,6,4,18.4083,1,6,4,,66.6667,66.6667,1,scheduled_duration_3h_or_more,3 hours or more,Thiruvananthapuram International Airport,Thiruvananthapuram,India,8.4778,76.9208,False
VRMM,526,108,4.3333,4,504,197,9.5667,4,1030,305,20.5323,39.0873,29.6117,4,scheduled_duration_3h_or_more,3 hours or more,Malé International Airport,Malé,Maldives,4.1914,73.5331,True
VTBD,2,1,0.5583,1,0,0,,0,2,1,50.0,,50.0,1,scheduled_duration_3h_or_more,3 hours or more,Don Mueang International Airport,Bangkok,Thailand,13.9019,100.6014,False
VTBS,2325,605,5.9167,4,2043,1540,23.0,4,4368,2145,26.0215,75.3793,49.1071,4,scheduled_duration_3h_or_more,3 hours or more,Suvarnabhumi Airport,Bangkok,Thailand,13.6811,100.7472,True
VTSG,13,5,10.6833,1,13,5,14.0,1,26,10,38.4615,38.4615,38.4615,1,scheduled_duration_3h_or_more,3 hours or more,Krabi Airport,Krabi,Thailand,8.091,98.977,False
VTSP,249,36,1.6,4,221,45,3.0,4,470,81,14.4578,20.362,17.234,4,scheduled_duration_3h_or_more,3 hours or more,Phuket International Airport,Phuket,Thailand,8.1133,98.3167,False
VVNB,312,134,10.8083,4,333,81,8.0,4,645,215,42.9487,24.3243,33.3333,4,scheduled_duration_3h_or_more,3 hours or more,Noi Bai International Airport,Hanoi (Soc Son),Vietnam,21.225,105.8092,True
VVTS,174,58,7.6083,4,169,60,10.0,4,343,118,33.3333,35.503,34.4023,4,scheduled_duration_3h_or_more,3 hours or more,Tan Son Nhat International Airport,Ho Chi Minh City,Vietnam,10.8167,106.65,False
VYYY,1,0,-18.55,1,0,0,,0,1,0,0.0,,0.0,1,scheduled_duration_3h_or_more,3 hours or more,Yangon International Airport,Yangon,Myanmar,16.9072,96.1333,False
WADD,49,5,4.2,4,50,3,-6.5833,4,99,8,10.2041,6.0,8.0808,4,scheduled_duration_3h_or_more,3 hours or more,Denpasar I Gusti Ngurah Rai International Airport,"Kuta, Badung",Indonesia,-8.7483,115.1672,False
WBGG,0,0,,0,1,1,58.4833,1,1,1,,100.0,100.0,1,scheduled_duration_3h_or_more,3 hours or more,Kuching International Airport,Kuching,Malaysia,1.485,110.343,False
WBSB,25,9,8.8,4,26,8,12.5,4,51,17,36.0,30.7692,33.3333,4,scheduled_duration_3h_or_more,3 hours or more,Brunei International Airport,Bandar Seri Begawan,Brunei,4.9444,114.9253,False
WIII,140,24,2.575,4,138,26,4.1667,4,278,50,17.1429,18.8406,17.9856,4,scheduled_duration_3h_or_more,3 hours or more,Soekarno-Hatta International Airport,Jakarta,Indonesia,-6.125,106.6567,False
WMKK,444,94,5.575,4,355,149,12.0,4,799,243,21.1712,41.9718,30.413,4,scheduled_duration_3h_or_more,3 hours or more,Kuala Lumpur International Airport,Sepang,Malaysia,2.7433,101.6981,True
WMKP,1,0,4.2667,1,0,0,,0,1,0,0.0,,0.0,1,scheduled_duration_3h_or_more,3 hours or more,Penang International Airport,Penang,Malaysia,5.2972,100.2767,False
WSSS,3163,920,8.05,4,2695,1695,20.0,4,5858,2615,29.0863,62.8942,44.6398,4,scheduled_duration_3h_or_more,3 hours or more,Singapore Changi Airport,Singapore,Singapore,1.3592,103.9892,True
YPDN,78,10,5.5167,2,77,24,5.2167,2,155,34,12.8205,31.1688,21.9355,2,scheduled_duration_3h_or_more,3 hours or more,Darwin International Airport / RAAF Darwin,Darwin,Australia,-12.4117,130.87,False
YPPH,108,52,13.9667,3,108,54,14.4083,3,216,106,48.1481,50.0,49.0741,3,scheduled_duration_3h_or_more,3 hours or more,Perth International Airport,Perth,Australia,-31.94,115.9667,False
YSSY,0,0,,0,1,1,57.2333,1,1,1,,100.0,100.0,1,scheduled_duration_3h_or_more,3 hours or more,Sydney Kingsford Smith International Airport,Sydney (Mascot),Australia,-33.94,151.1717,False
ZBAA,781,170,4.4333,4,877,131,-1.0,4,1658,301,21.767,14.9373,18.1544,4,scheduled_duration_3h_or_more,3 hours or more,Beijing Capital International Airport,Beijing,China,40.0667,116.6,True
ZBHH,4,3,19.3833,2,0,0,,0,4,3,75.0,,75.0,2,scheduled_duration_3h_or_more,3 hours or more,Hohhot Baita International Airport,Hohhot,China,40.8483,111.8233,False
ZBTJ,40,9,5.95,4,25,20,56.0,4,65,29,22.5,80.0,44.6154,4,scheduled_duration_3h_or_more,3 hours or more,Tianjin Binhai International Airport,Tianjin,China,39.1233,117.345,False
ZBYN,1,0,-0.9,1,0,0,,0,1,0,0.0,,0.0,1,scheduled_duration_3h_or_more,3 hours or more,Taiyuan Wusu International Airport,Taiyuan,China,37.7483,112.63,False
ZGGG,542,172,6.8583,4,395,109,5.0,4,937,281,31.7343,27.5949,29.9893,4,scheduled_duration_3h_or_more,3 hours or more,Guangzhou Baiyun International Airport,Guangzhou (Huadu),China,23.3933,113.3083,True
ZGSZ,124,32,4.9583,4,63,32,16.0,4,187,64,25.8065,50.7937,34.2246,4,scheduled_duration_3h_or_more,3 hours or more,Shenzhen Bao'an International Airport,Shenzhen (Bao'an),China,22.64,113.8117,False
ZHCC,252,52,2.15,4,217,116,17.0,4,469,168,20.6349,53.4562,35.8209,4,scheduled_duration_3h_or_more,3 hours or more,Zhengzhou Xinzheng International Airport,Zhengzhou,China,34.5183,113.84,False
ZHHH,116,13,-3.2833,4,68,11,0.5,4,184,24,11.2069,16.1765,13.0435,4,scheduled_duration_3h_or_more,3 hours or more,Wuhan Tianhe International Airport,Wuhan (Huangpi),China,30.785,114.207,False
ZLXY,99,28,1.6167,4,4,1,8.5,2,103,29,28.2828,25.0,28.1553,4,scheduled_duration_3h_or_more,3 hours or more,Xi'an Xianyang International Airport,Xianyang (Weicheng),China,34.445,108.75,False
ZMCK,122,31,4.6833,4,125,36,8.0,4,247,67,25.4098,28.8,27.1255,4,scheduled_duration_3h_or_more,3 hours or more,Ulaanbaatar Chinggis Khaan International Airport,Ulaanbaatar (Sergelen),Mongolia,47.647,106.82,False
ZSAM,18,7,12.4667,4,44,27,23.5,4,62,34,38.8889,61.3636,54.8387,4,scheduled_duration_3h_or_more,3 hours or more,Xiamen Gaoqi International Airport,Xiamen,China,24.4667,118.0833,False
ZSHC,188,81,11.9917,4,123,30,2.0,4,311,111,43.0851,24.3902,35.6913,4,scheduled_duration_3h_or_more,3 hours or more,Hangzhou Xiaoshan International Airport,Hangzhou,China,30.2283,120.4333,False
ZSJN,90,23,2.95,4,49,22,6.0,3,139,45,25.5556,44.898,32.3741,4,scheduled_duration_3h_or_more,3 hours or more,Jinan Yaoqiang International Airport,Jinan (Licheng),China,36.8583,117.215,False
ZSNJ,81,27,7.4833,4,92,44,13.4833,4,173,71,33.3333,47.8261,41.0405,4,scheduled_duration_3h_or_more,3 hours or more,Nanjing Lukou International Airport,Nanjing,China,29.8267,121.4633,False
ZSOF,3,0,4.8,1,4,3,52.0,1,7,3,0.0,75.0,42.8571,1,scheduled_duration_3h_or_more,3 hours or more,Hefei Xinqiao International Airport,Hefei,China,31.9867,116.975,False
ZSPD,1555,402,4.7,4,1540,491,6.0,4,3095,893,25.8521,31.8831,28.853,4,scheduled_duration_3h_or_more,3 hours or more,Shanghai Pudong International Airport,Shanghai (Pudong),China,31.1333,121.7833,True
ZSQD,18,11,17.9333,3,23,8,13.0,4,41,19,61.1111,34.7826,46.3415,4,scheduled_duration_3h_or_more,3 hours or more,Qingdao Jiaodong International Airport,Qingdao (Jiaozhou),China,36.265,120.373,False
ZSWZ,9,6,21.6833,1,9,0,2.0,1,18,6,66.6667,0.0,33.3333,1,scheduled_duration_3h_or_more,3 hours or more,Wenzhou Longwan International Airport,Wenzhou (Longwan),China,27.91,120.8533,False
ZSYT,9,0,-6.7667,2,7,4,15.9667,1,16,4,0.0,57.1429,25.0,2,scheduled_duration_3h_or_more,3 hours or more,Yantai Penglai International Airport,Yantai,China,37.662,120.978,False
ZUCK,80,11,-0.5917,4,105,29,2.0,4,185,40,13.75,27.619,21.6216,4,scheduled_duration_3h_or_more,3 hours or more,Chongqing Jiangbei International Airport,Chongqing,China,29.72,106.64,False
ZUUU,143,43,5.2167,4,139,31,2.0,4,282,74,30.0699,22.3022,26.2411,4,scheduled_duration_3h_or_more,3 hours or more,Chengdu Shuangliu International Airport,Chengdu (Shuangliu),China,30.58,103.9483,False
ZYCC,1,0,9.9667,1,1,0,-4.0,1,2,0,0.0,0.0,0.0,1,scheduled_duration_3h_or_more,3 hours or more,Changchun Longjia International Airport,Changchun,China,43.9983,125.6883,False
ZYTL,25,8,8.9333,2,0,0,,0,25,8,32.0,,32.0,2,scheduled_duration_3h_or_more,3 hours or more,Dalian Zhoushuizi International Airport,Dalian (Ganjingzi),China,38.883,121.617,False
ZYTX,17,2,5.3167,3,0,0,,0,17,2,11.7647,,11.7647,3,scheduled_duration_3h_or_more,3 hours or more,Shenyang Taoxian International Airport,"Hunnan, Shenyang",China,41.6417,123.485,False
ZZZZ,7,0,4.2833,2,9,3,1.0333,3,16,3,0.0,33.3333,18.75,3,scheduled_duration_3h_or_more,3 hours or more,,,,0.0,0.0,False
